"m_p38a","m_p38b","m_p38c","m_p38d","m_p38d_1","m_p39_1","m_p39_4","m_p32","m_p33","m_p34_1","m_p34_2","m_p35","m_p36_2","niv","sexo","edad"
2,2,2,2,NA,1,1,4,3,2,1,1,3,2,2,66
2,2,2,1,1,1,1,2,1,2,1,1,3,3,2,15
1,2,1,1,1,1,1,2,2,2,1,2,3,3,2,20
2,1,1,1,1,2,2,3,3,2,1,2,3,8,2,68
2,2,2,2,NA,1,2,NA,NA,NA,NA,NA,NA,6,1,38
1,2,1,2,NA,2,2,4,3,2,1,1,3,8,1,46
2,2,1,1,1,1,1,2,3,2,1,2,3,6,1,16
2,1,2,1,5,1,1,2,4,1,1,1,3,8,1,29
1,1,2,1,1,1,2,NA,NA,NA,NA,NA,NA,8,2,31
2,2,2,2,NA,2,2,2,4,2,1,1,3,8,2,23
2,1,1,1,4,1,1,3,3,2,1,2,3,10,1,48
2,1,1,1,5,2,2,3,3,2,1,2,3,10,1,45
1,2,2,1,5,2,1,4,4,1,1,2,3,10,1,47
2,2,2,2,NA,1,1,2,1,2,2,3,3,2,2,75
2,1,2,1,1,2,9,1,3,1,2,3,3,5,2,82
1,1,1,1,2,1,1,3,3,2,1,2,3,10,2,62
2,2,2,2,NA,2,2,NA,NA,NA,NA,NA,NA,2,2,58
2,2,2,2,NA,2,1,3,3,2,1,1,3,5,1,57
2,1,2,2,NA,2,1,NA,NA,NA,NA,NA,NA,2,2,53
2,2,2,2,NA,2,2,NA,NA,NA,NA,NA,NA,2,2,73
1,1,1,1,1,1,1,3,3,2,1,1,3,6,2,32
1,1,1,1,2,2,2,1,2,2,1,2,3,6,2,50
2,2,2,2,NA,1,1,NA,NA,NA,NA,NA,NA,6,2,40
2,1,2,1,1,1,1,2,3,1,1,2,3,10,1,53
2,2,2,2,NA,2,2,NA,NA,NA,NA,NA,NA,3,2,30
2,2,2,2,NA,2,2,2,2,2,1,2,3,6,2,39
2,2,2,2,NA,2,2,2,2,2,2,3,1,3,2,62
2,1,2,1,1,1,1,3,3,2,1,1,2,6,2,36
2,1,1,1,1,1,1,3,3,2,1,3,3,6,2,17
2,2,2,2,NA,2,2,2,3,2,1,3,3,6,1,25
2,1,1,1,1,2,1,2,3,1,2,1,3,2,2,12
2,1,2,1,1,2,2,1,1,2,1,2,3,6,1,54
2,1,2,1,2,1,2,2,3,2,1,2,3,7,1,27
1,2,2,1,1,1,1,4,2,2,1,1,3,8,2,19
2,1,2,1,1,1,1,2,3,1,2,3,3,3,2,72
1,1,2,1,1,1,2,4,3,2,1,1,3,7,1,25
2,2,2,2,NA,2,2,2,3,1,2,2,3,3,2,64
2,1,2,1,1,1,2,4,3,2,1,2,3,8,1,52
2,2,2,1,5,1,2,1,4,2,1,1,3,8,2,21
2,1,1,1,5,1,1,2,3,2,1,2,3,6,2,20
2,2,2,2,NA,2,2,NA,NA,NA,NA,NA,NA,5,1,59
1,1,2,1,5,2,2,2,3,2,1,1,3,10,1,26
2,2,2,1,1,1,1,2,3,2,1,1,3,6,1,24
2,2,1,1,1,1,1,3,3,2,1,2,3,3,1,14
2,2,2,2,NA,2,2,1,2,2,2,2,3,2,2,73
1,2,2,2,NA,2,1,2,2,2,1,3,1,3,2,17
2,1,1,1,1,1,1,NA,NA,NA,NA,NA,NA,2,2,75
2,1,2,1,2,2,9,3,2,2,1,2,3,2,1,52
2,2,2,1,1,1,1,3,4,2,1,3,3,6,2,32
2,1,1,1,1,1,2,2,2,2,1,2,3,2,2,52
2,2,2,2,NA,1,1,2,3,2,1,1,3,3,1,38
1,1,1,1,1,1,1,NA,NA,NA,NA,NA,NA,6,2,31
2,2,2,2,NA,2,1,2,2,2,2,1,3,3,2,44
2,1,1,1,1,1,1,2,2,2,1,1,3,8,2,38
2,1,2,1,5,9,2,NA,NA,NA,NA,NA,NA,2,2,57
2,2,2,2,NA,2,2,2,2,1,1,3,3,6,2,34
1,1,1,1,2,1,1,3,3,2,1,2,3,8,2,22
2,2,2,2,NA,1,1,2,2,2,1,2,3,8,2,35
2,2,2,2,NA,1,1,2,2,2,1,3,3,6,2,34
1,1,2,1,1,1,1,2,3,2,1,1,3,3,1,52
2,1,2,2,NA,1,2,2,3,2,1,1,3,6,2,66
2,2,2,2,NA,1,1,NA,NA,NA,NA,NA,NA,3,2,50
2,2,2,2,NA,1,2,NA,NA,NA,NA,NA,NA,8,2,34
2,2,2,2,NA,1,1,2,3,2,1,2,3,6,2,30
2,2,2,1,1,1,1,NA,NA,NA,NA,NA,NA,3,1,29
1,1,1,1,2,1,1,4,4,2,1,2,3,6,1,29
2,2,2,2,NA,2,2,NA,NA,NA,NA,NA,NA,3,2,50
NA,NA,NA,NA,NA,NA,NA,NA,NA,NA,NA,NA,NA,2,2,80
2,2,2,2,NA,2,2,NA,NA,NA,NA,NA,NA,2,2,89
1,2,2,1,1,1,2,3,4,1,1,2,3,8,2,27
2,2,2,2,NA,1,1,NA,NA,NA,NA,NA,NA,2,1,48
2,1,2,1,5,1,1,4,3,2,1,2,3,6,2,52
2,2,2,2,NA,1,1,2,3,1,2,1,3,2,2,62
2,2,2,1,1,1,1,2,3,2,1,1,3,8,2,44
1,1,1,1,1,1,1,4,3,2,1,1,3,3,1,15
2,2,2,2,NA,1,1,2,3,2,1,1,3,3,2,25
2,1,1,1,2,1,1,2,3,1,1,1,3,8,1,42
2,2,2,1,1,1,1,2,4,2,1,1,3,3,2,25
2,2,2,2,NA,1,1,NA,NA,NA,NA,NA,NA,3,2,26
2,2,2,2,NA,1,1,2,2,2,1,1,3,3,2,26
2,1,2,2,NA,1,1,1,3,1,2,3,3,3,1,46
2,2,2,2,NA,1,1,NA,NA,NA,NA,NA,NA,3,1,28
2,2,2,2,NA,1,2,NA,NA,NA,NA,NA,NA,3,2,45
2,1,1,1,1,1,1,2,2,2,2,3,3,3,2,59
2,2,2,1,4,2,1,NA,NA,NA,NA,NA,NA,2,2,37
2,1,2,1,5,2,1,3,3,2,1,1,3,6,1,40
2,2,2,1,1,1,1,1,3,2,2,2,3,2,1,46
NA,NA,NA,NA,NA,NA,NA,NA,NA,NA,NA,NA,NA,0,1,83
2,1,1,1,1,1,1,4,4,2,1,2,3,6,2,19
2,2,2,2,NA,2,2,NA,NA,NA,NA,NA,NA,2,1,59
2,2,2,2,NA,2,2,NA,NA,NA,NA,NA,NA,2,1,89
2,2,2,2,NA,1,2,NA,NA,NA,NA,NA,NA,2,2,73
1,1,1,2,NA,2,1,2,3,2,1,1,3,2,2,29
1,1,2,2,NA,1,1,NA,NA,NA,NA,NA,NA,3,2,37
2,2,2,2,NA,1,1,NA,NA,NA,NA,NA,NA,2,1,83
NA,NA,NA,NA,NA,NA,NA,NA,NA,NA,NA,NA,NA,0,1,84
2,1,2,1,1,9,9,NA,NA,NA,NA,NA,NA,2,2,45
NA,NA,NA,NA,NA,NA,NA,NA,NA,NA,NA,NA,NA,0,1,72
2,1,1,1,1,1,1,NA,NA,NA,NA,NA,NA,2,1,23
1,1,2,2,NA,1,1,2,2,2,1,1,3,8,2,48
2,1,2,2,NA,1,1,2,4,2,1,3,3,6,1,18
2,2,2,2,NA,2,2,NA,NA,NA,NA,NA,NA,99,1,78
1,2,2,2,NA,1,1,NA,NA,NA,NA,NA,NA,3,1,52
1,1,1,1,1,1,1,4,4,1,1,2,3,6,1,22
1,1,1,1,1,1,1,1,1,1,2,3,3,3,1,45
2,1,1,1,1,1,2,2,3,2,1,2,1,3,2,13
2,2,2,2,NA,2,2,3,3,2,1,2,3,8,2,26
2,2,2,2,NA,1,1,3,3,1,1,1,3,6,1,25
2,2,2,1,1,1,1,2,3,1,1,2,3,3,2,43
2,1,1,1,4,2,2,2,2,2,2,2,3,3,2,53
2,1,2,2,NA,1,1,NA,NA,NA,NA,NA,NA,3,2,39
2,2,2,2,NA,2,1,NA,NA,NA,NA,NA,NA,3,2,28
2,1,2,2,NA,2,2,2,2,1,1,1,3,3,2,47
2,2,1,2,NA,1,1,2,2,2,1,2,3,3,2,36
2,2,2,2,NA,1,1,NA,NA,NA,NA,NA,NA,3,1,16
2,2,2,2,NA,1,1,NA,NA,NA,NA,NA,NA,3,1,32
2,2,2,1,1,2,1,1,3,2,2,1,3,3,2,59
1,1,1,1,1,1,1,1,3,2,1,1,3,2,1,47
2,2,2,2,NA,2,2,NA,NA,NA,NA,NA,NA,3,1,28
2,2,2,1,1,1,1,NA,NA,NA,NA,NA,NA,2,1,52
NA,NA,NA,NA,NA,NA,NA,NA,NA,NA,NA,NA,NA,0,1,43
2,2,2,1,1,1,1,3,4,2,1,2,3,6,1,27
2,1,2,1,1,2,2,1,1,2,2,3,1,2,2,63
2,1,1,2,NA,2,2,3,2,2,1,2,3,3,1,14
1,1,2,1,1,1,1,1,2,1,1,2,3,3,2,54
2,2,2,1,2,1,1,2,4,1,1,1,3,8,2,25
1,1,1,1,1,1,1,NA,NA,NA,NA,NA,NA,3,2,29
1,1,1,1,2,9,1,3,3,2,1,1,3,8,2,45
1,1,1,1,3,1,1,NA,NA,NA,NA,NA,NA,6,1,22
2,1,2,2,NA,1,2,4,3,2,1,2,3,6,2,16
2,1,1,1,1,1,1,2,3,2,2,2,1,6,1,36
2,1,1,1,1,1,1,2,2,2,1,3,1,6,1,17
1,2,2,2,NA,1,1,NA,NA,NA,NA,NA,NA,3,2,49
1,1,2,2,NA,2,2,4,2,2,1,3,2,3,1,50
2,2,2,2,NA,1,1,1,4,2,1,1,3,3,2,46
2,2,1,1,1,2,2,NA,NA,NA,NA,NA,NA,3,1,29
2,1,1,1,1,1,1,NA,NA,NA,NA,NA,NA,2,1,18
2,1,1,1,1,1,1,2,4,2,1,1,3,6,2,45
1,2,2,2,NA,1,2,2,3,2,1,2,2,3,1,42
2,2,2,2,NA,2,2,2,4,1,1,1,3,8,2,37
2,2,2,2,NA,9,9,2,3,1,2,2,3,5,2,73
2,1,1,2,NA,2,2,1,1,2,1,2,3,3,2,44
2,2,2,2,NA,2,2,NA,NA,NA,NA,NA,NA,6,1,43
2,2,2,2,NA,1,2,NA,NA,NA,NA,NA,NA,6,1,47
2,2,1,1,1,1,1,4,4,2,1,2,3,3,2,12
1,1,2,2,NA,2,2,NA,NA,NA,NA,NA,NA,3,1,48
2,2,1,1,1,1,1,4,4,2,1,1,3,6,1,29
1,1,1,1,1,2,1,4,4,2,2,2,1,3,1,45
2,1,1,1,1,1,2,2,4,2,1,2,3,10,1,41
2,1,1,1,1,2,2,2,3,2,1,2,3,8,1,50
2,1,1,1,1,9,9,2,3,2,2,3,3,6,2,54
2,2,2,2,NA,2,2,2,3,2,1,2,3,8,2,35
1,1,1,1,4,1,1,NA,NA,NA,NA,NA,NA,10,2,65
2,2,1,1,1,2,2,NA,NA,NA,NA,NA,NA,9,2,61
2,1,2,1,1,2,2,2,1,1,2,2,1,3,2,69
2,2,2,2,NA,2,2,2,3,1,2,3,3,2,2,75
2,2,2,2,NA,1,1,2,3,2,2,2,3,6,2,19
1,1,1,2,NA,1,1,4,2,2,1,1,3,8,1,28
2,2,2,2,NA,1,2,3,2,2,2,2,2,6,1,31
2,2,1,1,1,1,2,2,4,2,1,2,1,8,1,30
2,2,2,2,NA,1,2,2,2,2,2,1,1,8,2,23
1,1,1,1,2,1,2,2,2,2,1,2,1,6,2,19
2,1,1,1,1,2,1,3,4,2,1,3,3,8,1,41
2,2,2,1,1,2,1,1,2,2,1,1,1,6,2,18
2,2,2,2,NA,9,9,2,3,2,1,2,3,8,2,26
2,1,2,1,2,2,2,3,1,2,1,1,1,2,2,54
2,2,2,2,NA,2,2,4,3,1,1,3,3,5,1,62
2,2,2,2,NA,2,2,3,3,1,1,2,3,3,2,43
1,1,1,1,1,1,1,2,2,2,1,1,3,6,1,42
2,2,1,1,1,1,1,3,1,1,1,1,3,2,1,13
1,1,1,1,5,9,1,2,3,2,1,2,3,9,2,46
2,2,2,1,1,2,2,2,4,2,1,3,1,8,1,37
2,2,2,2,NA,2,9,NA,NA,NA,NA,NA,NA,8,1,78
2,2,2,2,NA,9,9,4,4,2,2,2,3,2,2,88
2,2,2,2,NA,2,1,4,4,2,1,1,3,6,2,33
2,2,2,1,1,1,2,4,4,2,1,1,3,8,2,20
2,2,2,2,NA,2,2,NA,NA,NA,NA,NA,NA,2,1,57
2,2,2,2,NA,2,2,NA,NA,NA,NA,NA,NA,6,2,21
2,2,2,2,NA,2,2,1,3,2,2,2,1,6,2,69
2,2,2,2,NA,2,2,4,4,1,2,2,3,2,2,75
2,2,2,2,NA,1,2,3,3,2,1,2,1,3,2,28
2,1,1,1,1,1,2,2,3,2,1,3,3,8,2,22
2,2,2,2,NA,2,2,3,2,2,1,2,3,6,1,33
2,1,1,1,2,2,2,3,2,2,1,2,1,3,2,18
2,2,2,2,NA,2,2,NA,NA,NA,NA,NA,NA,6,2,30
1,1,1,1,2,1,1,2,4,2,1,1,2,8,2,37
2,2,2,2,NA,1,2,NA,NA,NA,NA,NA,NA,3,2,29
2,2,2,2,NA,2,2,NA,NA,NA,NA,NA,NA,3,1,64
2,1,1,1,1,2,2,2,3,1,2,1,3,8,1,33
1,1,2,1,2,1,2,2,3,2,1,1,3,3,1,15
2,2,1,1,1,1,1,3,2,2,1,3,3,6,1,17
2,2,2,1,1,2,1,2,3,2,1,2,1,8,2,23
2,1,1,1,2,1,1,2,4,2,1,1,1,8,1,22
1,1,1,1,2,2,1,2,2,2,1,1,3,8,1,40
1,2,2,1,1,2,1,2,3,2,1,2,3,3,2,15
1,1,1,1,4,1,1,4,4,1,1,1,3,8,2,61
1,1,1,1,5,2,1,4,4,2,2,2,3,8,1,39
1,2,2,1,2,1,1,3,3,2,1,3,3,6,1,31
2,1,1,1,1,2,2,3,3,1,2,2,3,3,1,65
2,2,2,1,1,1,2,NA,NA,NA,NA,NA,NA,6,2,17
2,1,1,2,NA,2,2,2,2,2,1,2,3,3,2,32
2,1,1,1,1,2,2,NA,NA,NA,NA,NA,NA,3,1,25
2,1,1,1,1,1,1,NA,NA,NA,NA,NA,NA,3,2,37
1,1,1,1,1,1,1,4,3,2,1,3,3,3,2,39
2,1,1,1,1,9,1,3,3,1,1,3,3,3,2,40
1,2,2,1,1,1,1,2,3,2,1,2,3,6,1,33
2,1,2,2,NA,2,1,NA,NA,NA,NA,NA,NA,3,2,58
2,2,2,2,NA,1,2,2,3,2,1,1,3,8,2,47
1,1,1,1,1,2,1,2,2,2,1,1,3,10,2,33
2,2,2,2,NA,2,2,NA,NA,NA,NA,NA,NA,3,1,45
2,2,2,2,NA,2,1,2,4,2,1,2,3,3,2,13
2,2,2,2,NA,2,2,1,1,2,2,3,1,2,1,66
1,1,1,1,1,1,1,NA,NA,NA,NA,NA,NA,6,1,59
2,2,2,2,NA,1,1,2,4,2,2,2,3,3,1,70
2,1,1,2,NA,2,2,NA,NA,NA,NA,NA,NA,2,1,69
2,2,2,2,NA,1,2,4,4,2,2,2,3,3,1,64
2,1,2,1,2,2,1,2,2,2,2,1,3,8,2,43
1,1,1,1,2,1,1,2,4,1,1,3,3,8,1,65
1,1,1,1,3,1,1,4,4,2,1,2,3,8,2,28
1,2,2,1,1,1,1,2,4,1,2,2,3,8,2,56
2,2,1,1,1,1,1,4,4,1,1,1,3,3,2,15
2,2,2,2,NA,2,2,2,2,1,1,3,3,6,1,57
2,2,2,2,NA,2,2,2,2,2,1,1,1,3,2,44
2,2,2,2,NA,1,2,4,4,2,1,2,3,3,2,54
1,1,2,1,1,1,1,2,3,2,1,3,1,6,1,38
1,2,2,1,1,1,1,2,3,1,1,2,3,3,1,37
2,2,2,2,NA,1,2,NA,NA,NA,NA,NA,NA,2,1,48
2,1,2,2,NA,1,2,NA,NA,NA,NA,NA,NA,2,1,43
2,2,1,2,NA,1,1,2,1,2,1,2,1,6,1,46
2,2,2,2,NA,2,2,NA,NA,NA,NA,NA,NA,3,1,61
1,1,1,1,2,1,1,3,3,1,1,2,3,8,2,57
2,2,2,2,NA,1,1,2,2,2,1,3,1,8,2,26
2,1,1,1,1,1,1,2,3,2,1,2,3,3,2,26
1,1,2,1,1,1,1,NA,NA,NA,NA,NA,NA,2,1,53
2,2,2,2,NA,2,2,2,3,2,1,2,3,7,1,45
2,1,1,1,2,1,1,2,2,2,1,2,3,9,1,48
2,1,2,1,3,2,2,2,3,2,1,2,3,10,2,52
1,1,2,1,1,1,1,4,3,2,1,3,3,6,2,51
2,1,2,2,NA,2,2,2,2,2,2,3,1,3,1,58
2,1,2,2,NA,1,1,1,2,2,1,3,3,99,1,30
2,2,1,1,1,1,1,3,3,2,1,2,3,8,1,35
1,1,1,1,1,1,1,4,3,1,1,2,3,8,2,38
2,1,2,1,1,1,1,NA,NA,NA,NA,NA,NA,3,1,52
2,2,2,1,1,1,1,3,4,2,1,1,3,8,2,36
2,2,2,1,1,1,1,NA,NA,NA,NA,NA,NA,3,1,32
2,1,1,2,NA,1,2,2,3,2,1,2,1,6,1,22
1,2,2,1,1,1,1,3,4,2,1,2,3,7,2,44
2,1,2,1,1,1,1,4,4,2,1,3,2,3,2,40
2,2,2,2,NA,1,1,2,3,2,1,2,2,3,1,44
1,1,1,1,1,1,1,3,3,2,1,2,3,8,2,32
2,1,1,1,1,1,1,3,3,2,1,1,3,6,2,29
2,2,2,2,NA,9,1,2,3,2,1,1,3,8,2,34
2,2,2,2,NA,1,1,4,3,2,1,1,1,3,2,41
2,1,2,1,1,1,1,3,3,2,1,2,3,6,2,25
2,1,2,1,4,2,2,NA,NA,NA,NA,NA,NA,3,1,36
2,2,2,2,NA,1,1,2,1,2,1,3,1,3,2,45
2,1,2,1,3,2,2,2,3,2,1,1,2,8,2,44
2,2,2,2,NA,2,2,2,2,2,1,1,3,8,1,35
1,1,1,1,1,1,1,2,3,2,1,2,3,8,2,52
2,1,1,1,1,1,1,2,3,2,1,2,3,6,2,27
2,2,1,1,1,1,1,3,2,2,1,1,3,6,1,18
2,1,2,1,5,9,9,3,3,1,1,2,1,8,2,66
2,1,2,1,4,9,1,3,3,2,1,3,3,8,2,47
2,1,2,1,1,2,2,2,3,2,1,2,2,10,1,65
2,2,2,2,NA,1,1,NA,NA,NA,NA,NA,NA,7,2,72
1,1,1,1,2,1,1,2,2,1,1,2,3,10,1,52
1,1,1,1,1,1,1,1,2,2,1,3,1,3,2,16
2,1,2,1,3,1,1,2,2,1,1,3,1,3,1,27
NA,NA,NA,NA,NA,NA,NA,NA,NA,NA,NA,NA,NA,0,2,71
NA,NA,NA,NA,NA,NA,NA,NA,NA,NA,NA,NA,NA,0,2,70
2,1,1,1,3,1,2,2,3,2,2,3,1,8,2,26
2,1,1,1,2,1,1,2,3,2,1,1,3,8,1,43
2,2,2,1,1,1,1,3,4,1,1,2,3,6,2,33
2,2,2,1,5,9,9,2,4,1,2,3,3,8,1,54
2,1,2,1,1,1,1,2,3,2,1,2,1,8,1,48
2,1,1,1,2,9,1,4,4,2,1,2,3,10,2,41
2,1,2,2,NA,1,2,2,3,2,1,3,3,8,1,68
2,2,2,2,NA,1,1,2,3,2,2,3,3,3,1,59
2,2,1,1,1,1,1,2,3,1,2,3,3,8,2,74
2,2,2,1,1,1,1,2,3,1,1,3,3,6,2,62
2,2,2,2,NA,2,2,NA,NA,NA,NA,NA,NA,2,2,59
1,1,2,1,1,2,1,2,2,2,2,2,3,3,2,45
2,1,1,1,1,1,1,NA,NA,NA,NA,NA,NA,3,1,50
1,1,1,1,2,1,1,4,4,2,1,3,3,8,1,29
1,1,2,1,4,1,1,3,4,2,2,3,3,8,1,50
1,1,1,1,4,1,1,2,3,1,1,1,3,7,2,50
2,1,2,2,NA,1,2,2,3,2,1,2,3,7,2,63
2,2,2,2,NA,9,9,2,4,2,1,1,3,3,2,61
2,1,1,1,3,1,2,4,4,1,1,2,3,8,2,26
2,2,2,2,NA,2,2,2,3,2,1,2,3,3,2,43
1,2,2,1,1,1,1,1,2,2,2,2,1,3,1,27
2,1,2,2,NA,9,1,2,3,1,1,2,3,3,2,46
2,2,1,1,2,1,1,4,4,1,1,3,3,10,2,41
2,1,1,1,1,1,2,2,2,1,1,2,3,6,2,17
2,2,2,2,NA,2,2,NA,NA,NA,NA,NA,NA,3,2,33
2,2,2,1,1,2,2,1,2,2,2,3,1,2,2,45
2,2,2,2,NA,9,9,NA,NA,NA,NA,NA,NA,2,2,32
2,2,2,2,NA,2,2,2,2,2,1,2,3,3,2,27
1,1,1,1,1,1,1,3,4,2,1,2,3,6,1,57
2,1,1,1,4,1,1,2,1,1,1,1,1,6,1,45
2,2,2,2,NA,1,1,4,2,2,1,1,3,3,2,36
2,1,2,1,1,1,2,3,2,1,2,3,1,2,2,12
1,1,1,1,1,1,1,2,3,1,1,3,3,6,2,31
2,2,2,2,NA,1,1,2,3,2,1,3,3,6,2,46
1,1,1,1,2,1,1,2,3,2,1,2,3,8,1,41
2,2,2,2,NA,2,1,2,2,2,2,3,1,2,1,39
2,2,2,1,1,1,2,1,1,2,2,1,3,2,2,12
2,2,2,2,NA,2,2,2,3,2,1,2,3,8,2,23
1,1,1,1,1,1,1,4,4,1,2,1,3,2,2,64
2,2,2,1,1,1,1,2,3,2,1,2,3,3,2,65
1,1,1,1,1,1,2,NA,NA,NA,NA,NA,NA,6,1,27
2,2,2,2,NA,2,2,3,2,2,1,1,1,3,2,57
2,1,2,2,NA,1,1,2,3,2,1,1,3,8,2,23
2,1,2,1,1,9,2,3,4,2,1,3,1,6,2,17
1,1,1,1,1,1,1,3,3,2,1,3,3,8,2,49
2,2,2,2,NA,2,2,2,1,2,1,3,1,6,1,54
2,2,2,1,1,1,1,2,4,1,1,1,3,6,1,17
1,1,1,1,1,2,2,2,3,2,1,1,3,8,2,76
1,1,1,1,2,1,1,4,4,2,1,3,3,8,1,35
2,2,2,2,NA,1,1,NA,NA,NA,NA,NA,NA,2,1,71
2,2,2,2,NA,2,2,3,3,2,1,2,1,2,1,55
1,1,1,1,1,1,1,3,3,2,1,3,3,3,2,50
2,2,2,2,NA,2,2,NA,NA,NA,NA,NA,NA,3,2,38
2,1,1,2,NA,2,2,2,2,2,1,2,3,8,2,19
1,1,1,1,1,2,1,4,4,2,1,1,1,3,1,45
2,1,2,2,NA,2,2,1,3,2,2,2,1,2,1,83
2,2,2,2,NA,2,2,NA,NA,NA,NA,NA,NA,2,2,49
2,2,2,2,NA,2,2,2,3,2,1,2,3,8,2,53
NA,NA,NA,NA,NA,NA,NA,NA,NA,NA,NA,NA,NA,0,2,51
2,1,2,1,2,2,2,2,4,1,2,2,3,3,1,64
2,1,1,1,1,1,1,4,3,2,1,2,1,6,2,15
2,2,2,2,NA,2,2,4,3,2,1,1,3,11,1,56
2,2,1,2,NA,2,1,2,2,1,1,1,3,3,1,59
2,1,2,1,1,2,1,NA,NA,NA,NA,NA,NA,3,2,38
1,1,2,1,1,1,1,2,3,2,1,1,3,8,2,61
2,2,1,1,1,1,1,2,3,2,1,1,3,3,1,15
2,2,2,2,NA,2,2,2,3,2,2,3,3,5,2,71
2,1,2,2,NA,2,2,1,4,2,2,3,1,6,2,58
2,2,2,1,1,2,2,2,4,2,1,2,3,2,1,50
1,1,1,1,1,1,1,3,3,2,1,1,3,6,1,19
1,2,1,1,1,1,1,2,3,2,1,3,3,6,2,25
2,2,2,2,NA,1,1,2,1,2,1,1,3,6,2,58
1,1,1,1,3,1,1,2,4,1,1,1,3,8,2,43
1,1,1,1,4,2,2,3,3,2,1,1,3,8,1,30
2,1,2,2,NA,1,1,4,3,2,1,3,3,10,1,43
2,1,1,1,1,1,2,2,3,2,1,2,3,6,2,16
2,2,2,2,NA,2,2,NA,NA,NA,NA,NA,NA,2,2,54
2,2,1,1,1,2,1,3,2,1,2,2,3,3,2,54
2,1,2,2,NA,1,2,4,3,1,1,2,3,6,2,42
2,2,2,1,1,1,1,3,3,2,1,2,3,6,2,24
2,1,1,1,1,1,1,2,3,2,2,1,3,6,2,16
2,2,2,2,NA,2,1,3,2,2,1,2,3,2,2,57
1,2,2,2,NA,2,1,2,4,2,1,2,3,6,1,59
2,2,1,1,1,2,2,NA,NA,NA,NA,NA,NA,6,2,43
NA,NA,NA,NA,NA,NA,NA,NA,NA,NA,NA,NA,NA,2,2,64
2,1,2,1,1,1,2,3,3,1,1,3,3,8,2,36
2,1,2,1,1,1,1,4,4,1,1,1,3,6,2,26
2,1,1,1,1,1,1,2,4,2,1,3,3,8,2,30
1,1,1,1,5,1,1,2,4,2,1,2,3,8,2,55
1,1,1,1,2,9,1,4,4,2,1,2,3,10,1,42
2,2,2,1,1,9,1,3,3,2,1,2,3,8,2,69
2,1,2,1,5,1,1,2,3,2,2,2,3,7,2,49
2,2,2,2,NA,2,1,1,1,1,1,3,3,2,2,40
2,2,2,2,NA,2,2,NA,NA,NA,NA,NA,NA,3,1,59
2,1,2,1,1,1,1,1,1,1,1,3,1,6,2,17
2,2,2,1,1,1,1,3,3,2,1,1,3,6,1,44
2,2,2,2,NA,1,1,2,3,2,2,2,3,3,1,49
2,1,1,1,1,1,1,1,2,1,1,3,1,5,2,59
NA,NA,NA,NA,NA,NA,NA,NA,NA,NA,NA,NA,NA,0,1,34
2,2,2,2,NA,2,1,2,4,2,1,2,3,7,2,35
1,1,1,1,3,1,1,2,4,2,1,3,3,8,2,21
2,2,2,2,NA,2,2,3,3,2,1,2,3,8,2,32
2,2,2,2,NA,1,1,2,3,2,1,1,3,3,1,15
1,2,2,2,NA,1,1,4,4,2,1,1,3,6,2,48
1,1,1,2,NA,1,1,2,4,2,1,3,3,6,1,41
2,1,2,1,2,2,1,2,3,1,1,1,3,8,1,44
2,2,1,1,1,2,2,3,3,2,1,2,3,6,1,18
2,2,2,1,1,2,2,2,4,2,1,2,3,6,2,18
1,1,1,1,1,2,1,2,2,2,1,1,3,6,2,35
NA,NA,NA,NA,NA,NA,NA,NA,NA,NA,NA,NA,NA,0,1,63
2,1,1,2,NA,2,1,1,1,2,1,2,3,3,2,56
2,2,2,2,NA,1,1,3,3,2,1,3,3,3,2,30
2,2,2,2,NA,2,2,NA,NA,NA,NA,NA,NA,2,2,53
2,2,2,2,NA,1,1,1,1,2,2,1,3,3,2,46
2,2,2,2,NA,2,2,1,4,2,1,3,3,6,2,33
2,2,2,2,NA,2,2,1,1,2,2,1,3,2,2,75
NA,NA,NA,NA,NA,NA,NA,NA,NA,NA,NA,NA,NA,0,1,45
1,2,2,1,1,1,1,2,2,2,1,3,1,99,1,31
2,1,2,2,NA,1,2,NA,NA,NA,NA,NA,NA,2,1,48
2,1,1,2,NA,2,1,1,1,2,2,1,2,2,1,16
NA,NA,NA,NA,NA,NA,NA,NA,NA,NA,NA,NA,NA,0,1,83
2,2,2,2,NA,2,1,2,1,2,2,2,1,3,2,39
1,1,1,1,2,2,1,1,4,2,1,2,3,8,1,48
2,2,1,2,NA,2,2,1,2,2,2,2,1,3,1,49
2,1,2,1,1,1,1,2,2,1,1,2,3,2,1,50
1,2,2,2,NA,2,2,1,1,1,2,3,3,3,2,54
1,1,1,1,1,1,1,NA,NA,NA,NA,NA,NA,6,1,54
2,2,2,2,NA,1,1,2,4,1,2,2,3,6,1,48
2,2,2,2,NA,2,2,4,2,2,2,3,3,3,2,53
1,1,1,1,1,1,1,1,3,1,2,3,3,2,1,34
2,1,2,2,NA,1,1,1,2,2,2,3,2,3,2,27
2,2,2,1,2,1,1,2,2,2,1,2,3,8,1,30
2,1,2,2,NA,1,1,2,3,2,1,1,3,8,1,26
2,2,2,2,NA,2,1,NA,NA,NA,NA,NA,NA,6,2,40
2,2,2,2,NA,1,1,4,4,2,1,3,3,6,2,55
1,2,2,2,NA,1,1,4,4,1,2,2,3,2,1,15
2,2,2,2,NA,1,2,2,2,2,1,2,1,3,1,35
NA,NA,NA,NA,NA,NA,NA,NA,NA,NA,NA,NA,NA,2,1,49
2,2,2,2,NA,1,1,2,2,2,1,1,3,3,2,31
2,2,2,2,NA,2,2,NA,NA,NA,NA,NA,NA,2,2,68
2,2,2,1,1,2,2,3,3,2,2,3,3,8,2,20
2,1,2,1,1,2,2,1,3,2,1,1,3,3,2,20
NA,NA,NA,NA,NA,NA,NA,NA,NA,NA,NA,NA,NA,0,2,76
2,2,2,2,NA,2,2,NA,NA,NA,NA,NA,NA,2,1,52
2,2,2,2,NA,NA,NA,NA,NA,NA,NA,NA,NA,0,2,84
2,2,1,1,1,2,2,3,3,1,1,3,3,6,2,35
2,2,2,1,1,2,1,2,3,2,1,3,3,3,2,32
NA,NA,NA,NA,NA,NA,NA,NA,NA,NA,NA,NA,NA,0,1,81
2,2,1,1,1,1,2,2,2,2,1,1,3,6,1,16
2,2,2,2,NA,2,2,NA,NA,NA,NA,NA,NA,2,1,52
2,2,2,2,NA,1,2,2,1,2,2,2,3,3,2,43
1,1,1,2,NA,2,2,2,3,2,2,2,3,2,2,30
2,1,1,1,1,2,1,3,3,1,2,2,1,3,1,61
1,1,1,1,1,1,1,2,3,1,2,2,3,3,2,21
2,1,2,2,NA,2,2,1,1,2,2,2,1,3,1,66
2,2,1,1,1,2,1,4,3,2,1,1,3,8,1,35
2,1,1,1,1,1,1,2,3,2,1,3,3,3,2,30
2,2,2,2,NA,2,1,2,3,2,1,3,3,8,1,34
2,2,2,2,NA,2,2,4,4,2,2,3,3,3,2,61
2,2,1,2,NA,2,2,NA,NA,NA,NA,NA,NA,3,1,35
NA,NA,NA,NA,NA,NA,NA,NA,NA,NA,NA,NA,NA,0,1,63
2,1,1,1,1,2,1,3,4,2,1,2,3,8,2,38
2,2,2,1,1,2,2,2,4,2,2,2,3,2,1,49
1,1,1,1,3,2,1,2,4,2,1,2,3,6,2,49
1,1,1,2,NA,2,1,4,3,1,2,3,3,3,1,46
2,1,2,2,NA,2,2,NA,NA,NA,NA,NA,NA,2,2,78
1,1,1,1,1,1,1,2,4,1,1,3,3,8,2,59
2,2,2,1,1,1,1,1,4,2,2,1,3,6,2,59
2,2,2,2,NA,1,2,NA,NA,NA,NA,NA,NA,2,1,67
2,2,2,1,2,2,1,4,3,2,2,2,3,6,1,62
1,2,2,2,NA,2,2,2,3,2,2,3,3,2,1,12
2,2,2,1,1,2,9,2,3,2,2,2,3,3,2,47
2,2,2,2,NA,2,1,2,4,2,2,3,3,2,2,41
2,2,2,2,NA,1,2,NA,NA,NA,NA,NA,NA,3,2,32
2,2,2,1,1,2,2,2,3,2,1,2,3,8,1,36
2,1,1,1,1,2,1,2,2,1,1,2,3,3,1,15
1,1,2,1,1,1,1,3,3,2,1,2,3,3,1,19
2,1,1,2,NA,2,1,2,4,2,1,3,3,2,2,44
2,1,1,1,2,1,1,2,3,2,1,2,3,6,1,45
1,1,1,1,1,1,1,3,3,2,1,3,3,8,2,30
2,1,2,1,1,2,1,2,1,2,1,2,3,5,2,67
1,1,1,1,1,1,1,2,4,2,1,2,3,8,1,50
1,1,2,2,NA,2,1,1,1,2,2,2,3,5,2,69
2,2,2,2,NA,2,1,3,3,2,2,2,3,6,2,43
2,2,1,1,1,2,2,2,3,2,1,2,3,3,1,27
2,2,2,2,NA,1,2,2,3,1,1,3,1,3,1,15
2,1,1,1,1,2,1,2,2,2,1,3,3,6,1,49
1,1,1,1,3,2,1,4,3,2,1,3,3,8,1,37
2,1,1,1,1,1,1,2,3,1,1,2,3,3,2,16
2,2,2,2,NA,1,1,2,3,2,1,2,3,8,1,52
2,2,1,1,2,1,1,2,4,2,2,2,3,6,1,70
2,2,2,2,NA,2,2,NA,NA,NA,NA,NA,NA,6,1,28
2,1,1,1,1,1,1,2,4,2,1,3,3,10,1,48
1,1,2,1,1,1,1,2,2,1,1,3,3,8,1,39
1,1,1,1,1,2,1,2,4,2,2,3,3,8,1,51
2,1,2,1,2,1,2,3,3,2,1,2,3,8,1,19
1,2,2,1,1,1,1,2,3,2,1,2,3,8,1,37
2,1,2,1,1,1,1,1,2,2,2,2,1,8,1,98
2,2,2,1,1,2,1,2,3,2,1,2,3,3,1,23
2,2,2,2,NA,2,2,NA,NA,NA,NA,NA,NA,6,1,28
2,2,1,2,NA,1,9,2,1,2,2,2,3,6,1,30
2,1,1,1,1,2,2,2,1,2,2,2,3,2,2,54
1,1,1,1,2,1,1,2,3,2,1,2,3,8,1,46
2,2,2,1,9,9,2,3,4,2,2,3,3,6,1,42
1,1,1,1,1,1,1,2,4,2,1,3,1,8,1,73
2,1,2,1,1,1,1,2,4,2,1,1,1,3,2,60
1,2,2,1,1,1,1,4,4,2,1,1,3,6,1,29
2,1,1,1,1,2,2,3,4,2,2,2,3,2,1,59
1,2,2,1,1,1,1,2,3,2,2,2,3,2,2,74
1,1,1,1,1,1,1,2,4,2,1,3,1,3,2,15
1,2,2,1,1,1,1,3,4,1,1,3,3,6,2,42
2,2,2,2,NA,NA,NA,1,4,2,2,1,3,0,2,60
2,2,1,1,1,2,1,1,1,2,2,3,1,3,1,45
2,2,2,2,NA,2,2,3,1,2,2,3,1,3,2,59
2,2,2,2,NA,1,1,2,3,2,2,2,3,8,1,25
2,1,1,1,1,1,2,4,3,2,1,3,3,8,1,27
2,2,2,1,1,2,2,1,4,2,1,2,2,8,1,27
1,1,1,1,1,2,1,4,3,2,1,2,3,3,2,31
2,2,2,1,1,2,2,3,4,2,1,1,3,8,1,25
2,2,2,2,NA,1,2,NA,NA,NA,NA,NA,NA,6,2,16
2,2,2,2,NA,1,2,1,2,2,2,3,3,3,1,16
2,2,2,2,NA,1,2,NA,NA,NA,NA,NA,NA,5,2,40
2,2,1,1,1,1,1,2,3,1,1,1,1,3,1,13
2,2,2,2,NA,1,1,NA,NA,NA,NA,NA,NA,6,1,20
2,2,2,2,NA,2,2,4,4,2,1,3,3,6,2,32
NA,NA,NA,NA,NA,NA,NA,NA,NA,NA,NA,NA,NA,0,1,25
2,1,1,1,1,2,2,4,3,2,1,3,3,3,2,27
2,1,2,1,1,1,1,2,4,2,1,1,3,3,1,22
1,1,1,1,2,1,1,2,4,1,1,1,3,3,2,58
2,2,2,1,2,1,2,3,4,2,1,2,1,2,2,12
2,1,2,1,1,1,2,1,1,2,2,2,1,6,1,56
2,2,1,2,NA,1,2,NA,NA,NA,NA,NA,NA,6,1,20
2,1,1,1,1,1,1,2,4,2,2,1,3,3,1,54
1,1,2,1,1,1,1,3,3,2,1,2,3,3,1,45
1,1,1,1,1,1,1,2,4,2,1,3,1,8,1,19
2,2,2,2,NA,1,1,2,3,2,2,2,3,3,2,53
2,1,2,1,2,1,1,NA,NA,NA,NA,NA,NA,3,1,41
1,1,2,1,1,2,1,2,3,2,2,2,3,8,1,62
2,1,1,1,1,1,1,4,3,1,2,2,3,2,2,73
1,1,1,1,2,2,1,3,3,2,1,1,3,8,1,27
2,2,1,1,1,1,1,NA,NA,NA,NA,NA,NA,3,2,14
2,1,1,1,1,1,2,3,3,2,2,3,3,3,2,16
2,1,1,1,1,1,1,2,3,2,1,2,2,8,1,37
2,2,2,2,NA,2,1,2,1,2,1,2,3,3,1,32
2,2,2,2,NA,2,2,NA,NA,NA,NA,NA,NA,6,2,51
2,1,2,1,1,1,1,3,3,2,1,3,3,6,2,45
2,2,1,1,1,1,2,2,2,1,1,3,1,2,1,12
2,2,2,2,NA,2,2,2,4,2,2,1,3,6,1,28
2,2,2,2,NA,2,2,2,4,2,2,2,3,5,2,74
2,2,1,1,1,1,1,3,3,2,1,1,3,3,1,13
1,2,2,2,NA,1,2,NA,NA,NA,NA,NA,NA,8,1,50
2,2,2,2,NA,2,2,3,1,2,2,2,1,6,1,58
2,1,1,1,1,2,1,2,4,2,2,3,3,8,2,61
2,1,2,1,1,1,2,2,4,2,1,2,3,8,1,22
1,1,1,2,NA,9,1,1,3,2,1,3,3,8,2,86
2,2,1,1,3,1,1,4,3,2,1,2,3,8,1,27
1,1,1,1,1,1,1,3,3,1,1,1,3,10,2,42
2,2,1,2,NA,1,1,3,3,2,1,2,3,8,2,18
2,1,2,1,2,2,2,2,2,2,1,2,3,8,1,40
1,1,1,1,2,1,1,3,4,1,1,2,3,8,1,44
2,2,2,1,1,1,1,4,3,2,1,2,3,6,1,17
2,1,1,1,1,1,2,4,3,1,1,2,3,6,1,39
2,1,1,1,1,1,1,3,4,2,1,2,1,6,1,57
2,2,2,2,NA,9,9,NA,NA,NA,NA,NA,NA,5,2,48
1,1,2,1,1,1,2,2,3,2,2,3,3,6,2,19
1,2,2,1,1,9,1,NA,NA,NA,NA,NA,NA,5,2,48
2,2,1,1,1,2,2,NA,NA,NA,NA,NA,NA,8,2,42
1,1,1,1,1,1,1,4,4,2,1,1,3,6,2,34
1,1,1,1,1,2,1,2,2,2,2,3,3,3,2,62
1,1,1,1,1,1,1,2,3,1,1,2,3,8,1,29
2,2,2,1,1,1,1,4,4,2,1,1,3,8,1,47
1,1,1,1,2,1,1,2,4,1,2,2,3,6,2,68
NA,NA,NA,NA,NA,NA,NA,NA,NA,NA,NA,NA,NA,0,1,25
2,1,2,1,1,1,2,2,3,2,1,2,1,3,1,14
2,1,1,2,NA,2,1,NA,NA,NA,NA,NA,NA,2,2,60
2,2,2,2,NA,2,2,4,4,1,2,1,3,3,2,63
1,1,1,1,1,1,1,2,4,1,1,1,3,7,1,43
2,1,1,1,1,2,2,2,3,1,2,3,3,3,1,51
1,1,1,1,1,2,1,4,3,1,1,2,3,6,2,36
2,2,1,1,1,1,1,2,2,2,1,1,3,3,2,14
2,2,2,2,NA,2,2,NA,NA,NA,NA,NA,NA,2,1,49
2,2,2,2,NA,2,2,NA,NA,NA,NA,NA,NA,2,2,48
1,2,1,1,1,1,1,2,2,2,2,3,3,6,2,23
2,1,2,2,NA,1,1,4,4,1,1,2,3,3,2,28
2,2,2,1,1,2,2,2,4,2,1,1,3,6,1,58
2,2,1,2,NA,1,2,2,2,2,1,2,3,6,1,18
2,1,1,2,NA,2,2,4,4,1,2,3,3,2,2,58
2,2,2,2,NA,2,2,NA,NA,NA,NA,NA,NA,2,1,76
2,2,2,2,NA,2,2,4,4,2,1,1,3,3,1,15
1,1,1,1,1,1,1,2,1,2,1,1,3,3,1,13
2,1,1,1,1,1,2,NA,NA,NA,NA,NA,NA,2,1,70
2,2,2,2,NA,NA,NA,NA,NA,NA,NA,NA,NA,0,2,72
2,2,1,1,4,1,1,2,4,2,1,1,2,6,2,30
1,1,1,1,4,1,1,3,4,2,2,2,3,8,1,25
1,1,1,1,2,1,1,3,3,1,1,3,1,6,1,18
2,2,2,1,1,2,2,3,3,1,1,2,1,8,1,43
2,2,1,1,1,1,1,3,4,1,1,1,3,3,2,14
2,2,2,2,NA,1,1,2,2,2,2,2,3,8,2,21
1,1,2,1,1,1,1,2,3,2,2,3,1,3,2,72
2,1,1,1,1,1,2,NA,NA,NA,NA,NA,NA,2,2,81
2,2,2,2,NA,1,1,NA,NA,NA,NA,NA,NA,8,2,28
1,1,1,1,1,1,1,2,3,2,1,1,2,8,2,20
2,2,2,2,NA,2,2,NA,NA,NA,NA,NA,NA,2,1,59
NA,NA,NA,NA,NA,NA,NA,NA,NA,NA,NA,NA,NA,0,2,56
2,1,1,1,1,1,2,1,3,2,2,1,1,2,2,72
2,1,2,2,NA,1,2,NA,NA,NA,NA,NA,NA,6,2,23
2,2,2,2,NA,1,2,2,2,2,2,2,3,3,2,66
1,1,1,1,2,1,1,3,2,2,1,2,2,6,1,31
2,2,2,2,NA,2,2,2,1,2,2,3,3,2,2,67
1,1,1,1,2,1,1,2,2,1,1,2,1,3,1,55
1,1,1,1,1,2,2,NA,NA,NA,NA,NA,NA,6,1,18
2,2,2,2,NA,1,1,NA,NA,NA,NA,NA,NA,3,2,25
2,2,2,2,NA,1,1,2,2,1,1,1,3,10,2,27
2,2,2,2,NA,1,1,NA,NA,NA,NA,NA,NA,6,2,33
2,1,1,2,NA,2,2,2,2,1,2,1,1,8,2,65
2,2,1,2,NA,1,2,3,1,2,2,2,3,3,1,46
2,2,2,2,NA,2,2,NA,NA,NA,NA,NA,NA,2,1,71
2,2,2,2,NA,1,2,2,3,2,2,1,2,8,1,62
2,2,1,1,1,1,2,NA,NA,NA,NA,NA,NA,6,1,34
2,2,2,2,NA,1,1,NA,NA,NA,NA,NA,NA,6,2,31
2,2,2,2,NA,2,2,NA,NA,NA,NA,NA,NA,3,1,15
2,2,2,2,NA,2,2,2,4,2,2,3,3,6,1,48
2,1,1,1,2,1,1,3,4,2,1,2,3,8,1,24
1,1,1,1,1,1,1,2,3,2,1,3,1,6,2,20
2,1,1,1,1,1,2,NA,NA,NA,NA,NA,NA,6,1,20
2,2,2,2,NA,2,2,NA,NA,NA,NA,NA,NA,2,2,70
2,2,1,1,1,1,1,2,2,1,1,1,3,6,1,47
2,2,2,2,NA,NA,NA,1,2,2,2,2,1,0,1,91
2,2,2,2,NA,1,2,2,3,2,2,3,1,3,2,82
2,2,2,1,1,1,1,3,3,2,2,2,3,6,2,31
2,2,2,1,1,2,2,3,4,1,1,3,3,6,2,44
2,2,2,2,NA,2,2,2,3,2,1,2,3,3,2,38
2,2,2,2,NA,9,9,NA,NA,NA,NA,NA,NA,6,1,44
2,2,2,2,NA,1,2,NA,NA,NA,NA,NA,NA,3,2,46
2,2,2,2,NA,1,2,2,3,1,1,3,2,8,1,49
2,2,2,1,1,2,1,2,3,1,1,2,3,6,2,29
2,2,2,2,NA,1,1,3,3,1,1,2,3,3,1,48
2,1,2,1,1,1,1,2,3,2,1,1,3,6,1,26
2,2,1,1,1,2,2,1,2,2,1,3,1,3,1,15
2,2,2,2,NA,2,2,NA,NA,NA,NA,NA,NA,3,2,48
1,1,1,1,3,1,1,2,3,2,1,1,3,8,2,25
1,1,1,1,1,9,9,NA,NA,NA,NA,NA,NA,3,2,51
1,2,2,2,NA,1,1,2,3,2,1,2,3,8,1,18
2,2,2,2,NA,2,2,2,3,2,1,3,3,6,2,16
2,2,2,2,NA,9,2,NA,NA,NA,NA,NA,NA,2,1,59
2,2,2,2,NA,2,2,NA,NA,NA,NA,NA,NA,6,1,32
2,2,2,2,NA,2,2,2,4,2,1,1,3,3,2,33
2,2,2,2,NA,1,1,4,3,1,1,1,3,8,2,34
2,1,2,1,2,1,1,4,3,1,1,1,1,3,1,37
2,2,2,2,NA,1,2,NA,NA,NA,NA,NA,NA,3,1,47
2,1,1,2,NA,1,2,NA,NA,NA,NA,NA,NA,2,1,15
1,1,1,1,2,1,1,4,4,2,1,2,3,3,1,47
2,2,2,2,NA,9,2,NA,NA,NA,NA,NA,NA,6,2,18
2,2,2,2,NA,2,2,3,3,1,1,1,3,8,1,61
2,2,2,2,NA,2,2,2,3,2,1,2,3,6,1,46
2,2,2,1,2,2,2,2,3,2,1,3,3,8,1,41
1,1,2,1,1,2,2,2,2,2,2,3,3,3,1,30
2,2,2,2,NA,9,9,3,3,2,1,2,3,8,1,53
2,1,1,1,1,2,1,3,3,2,1,2,3,3,1,16
2,2,2,2,NA,2,2,NA,NA,NA,NA,NA,NA,6,1,48
1,1,1,1,2,2,2,2,3,2,1,2,3,6,1,39
2,2,2,2,NA,2,2,2,3,2,2,3,3,6,2,29
1,1,2,2,NA,2,2,3,3,2,1,1,3,6,2,32
2,2,2,2,NA,2,2,NA,NA,NA,NA,NA,NA,3,1,46
1,1,1,1,4,1,1,4,3,2,1,2,3,10,1,39
1,1,1,1,1,1,1,2,3,2,1,1,2,8,1,41
1,1,1,1,1,1,1,NA,NA,NA,NA,NA,NA,8,1,25
2,1,1,2,NA,2,2,NA,NA,NA,NA,NA,NA,6,1,21
1,1,1,2,NA,2,1,3,3,2,1,3,3,8,2,35
1,1,1,1,5,2,2,2,3,1,1,1,3,8,2,61
2,2,2,2,NA,1,1,2,3,2,2,2,1,6,1,15
2,2,2,1,2,1,9,2,3,2,1,3,3,3,2,17
1,1,2,1,3,1,1,3,3,2,1,3,3,8,1,45
2,2,2,2,NA,2,2,NA,NA,NA,NA,NA,NA,6,2,42
1,1,2,1,1,1,1,2,3,2,1,2,3,8,2,34
2,1,1,1,2,2,2,NA,NA,NA,NA,NA,NA,6,1,25
2,2,2,2,NA,2,2,2,3,2,1,2,3,6,1,60
2,2,2,2,NA,1,2,NA,NA,NA,NA,NA,NA,3,1,56
NA,NA,NA,NA,NA,NA,NA,NA,NA,NA,NA,NA,NA,0,2,98
2,2,2,2,NA,1,2,NA,NA,NA,NA,NA,NA,2,1,53
2,2,2,2,NA,NA,NA,1,2,2,2,3,1,0,1,75
2,1,1,1,1,1,1,2,3,2,1,2,3,3,2,22
NA,NA,NA,NA,NA,NA,NA,NA,NA,NA,NA,NA,NA,0,1,57
1,2,1,1,1,1,1,2,4,1,1,1,3,8,1,27
NA,NA,NA,NA,NA,NA,NA,NA,NA,NA,NA,NA,NA,2,1,64
2,1,1,1,1,2,2,2,2,2,2,2,3,2,2,73
2,1,2,2,NA,1,1,3,3,1,1,3,1,6,2,42
1,1,2,2,NA,1,2,4,4,1,1,1,3,8,2,50
2,2,2,2,NA,2,2,NA,NA,NA,NA,NA,NA,2,1,94
NA,NA,NA,NA,NA,NA,NA,NA,NA,NA,NA,NA,NA,2,2,61
2,2,2,2,NA,1,2,4,4,2,2,2,3,2,2,79
2,1,1,1,1,2,2,2,1,2,2,1,3,6,1,67
2,2,2,2,NA,1,2,NA,NA,NA,NA,NA,NA,2,1,52
2,1,1,2,NA,2,1,2,1,2,1,1,1,8,1,40
1,1,1,1,1,2,2,4,3,2,1,1,3,3,2,44
2,2,2,2,NA,2,2,2,2,2,2,3,3,2,2,50
2,2,2,2,NA,2,2,NA,NA,NA,NA,NA,NA,6,2,65
2,2,2,2,NA,2,1,2,3,1,2,3,3,2,1,62
NA,NA,NA,NA,NA,NA,NA,NA,NA,NA,NA,NA,NA,0,2,48
2,1,2,2,NA,1,1,2,2,1,2,3,3,6,2,40
NA,NA,NA,NA,NA,NA,NA,NA,NA,NA,NA,NA,NA,2,2,70
2,2,1,1,1,2,2,NA,NA,NA,NA,NA,NA,2,1,12
2,2,2,1,1,1,2,1,1,2,1,1,3,3,2,15
NA,NA,NA,NA,NA,NA,NA,NA,NA,NA,NA,NA,NA,0,2,60
2,2,1,2,NA,1,1,1,1,1,1,2,1,3,1,13
1,2,1,1,2,1,1,2,3,1,1,3,3,8,2,30
2,1,1,1,1,1,1,3,3,1,1,3,3,8,2,41
2,1,2,2,NA,1,2,1,3,1,2,3,1,2,2,48
2,2,2,2,NA,1,1,NA,NA,NA,NA,NA,NA,3,1,58
NA,NA,NA,NA,NA,NA,NA,NA,NA,NA,NA,NA,NA,0,2,45
1,2,1,1,2,1,1,3,2,1,1,1,3,8,1,27
2,1,1,1,1,2,1,2,3,1,1,2,3,6,1,18
2,2,2,2,NA,2,1,2,3,1,1,2,3,3,1,35
2,1,1,1,1,2,2,1,1,1,1,2,3,6,1,34
1,1,2,1,1,2,1,2,2,2,2,2,3,2,2,47
2,2,2,2,NA,2,1,2,2,1,2,3,1,3,2,45
2,2,2,2,NA,2,1,NA,NA,NA,NA,NA,NA,8,2,59
1,1,1,1,4,1,1,4,3,1,1,1,3,6,1,28
2,2,2,1,1,1,1,2,3,2,1,1,3,6,2,18
2,2,2,1,1,2,1,1,3,1,1,1,3,8,2,43
2,2,2,2,NA,2,2,1,1,1,2,2,1,3,2,67
2,1,2,1,1,1,1,2,2,2,1,2,3,6,1,17
1,2,2,1,1,1,1,3,3,2,1,3,3,8,2,40
NA,NA,NA,NA,NA,NA,NA,NA,NA,NA,NA,NA,NA,2,1,65
2,1,2,1,2,2,2,3,2,1,1,3,3,8,1,51
1,1,1,1,1,2,1,1,3,2,1,1,3,8,2,22
2,1,1,1,1,1,1,2,2,1,2,2,1,6,2,19
1,1,1,1,2,2,2,3,2,2,1,3,3,8,1,21
2,2,2,1,1,1,2,2,3,1,2,2,3,3,1,43
2,2,2,2,NA,1,1,NA,NA,NA,NA,NA,NA,6,2,34
NA,NA,NA,NA,NA,NA,NA,NA,NA,NA,NA,NA,NA,2,2,61
2,2,1,1,1,2,1,NA,NA,NA,NA,NA,NA,3,2,60
1,2,2,1,1,1,1,3,3,2,1,1,3,8,1,32
2,2,2,2,NA,2,2,2,3,1,2,3,1,3,1,61
2,1,1,1,1,2,2,2,2,2,1,2,3,8,1,33
2,2,1,1,1,2,2,2,1,1,2,2,3,2,1,12
NA,NA,NA,NA,NA,NA,NA,NA,NA,NA,NA,NA,NA,0,2,66
1,2,1,1,1,1,1,2,3,2,1,3,3,8,1,20
2,2,1,2,NA,2,2,2,1,2,2,2,1,2,2,72
1,2,1,2,NA,1,1,2,1,2,1,2,1,2,2,26
1,2,2,1,1,2,2,3,3,2,1,1,3,8,2,28
2,2,2,1,1,2,1,3,3,2,1,1,1,8,1,58
2,1,2,1,1,1,2,2,3,1,2,3,3,6,2,57
2,1,1,1,1,2,1,3,3,2,1,1,3,6,1,27
2,1,1,2,NA,2,2,1,3,2,2,1,3,8,1,74
2,2,2,2,NA,2,2,2,3,1,1,2,3,5,2,57
2,2,2,2,NA,2,2,2,3,2,1,3,3,8,2,56
1,1,2,1,4,1,1,3,3,2,1,3,3,8,1,33
1,1,2,1,3,1,1,2,4,2,1,2,3,7,2,50
1,1,1,1,1,1,1,2,3,2,1,3,3,8,2,28
2,2,2,2,NA,1,1,3,4,2,1,3,3,8,2,29
2,2,2,2,NA,2,2,NA,NA,NA,NA,NA,NA,5,1,51
2,1,2,2,NA,2,2,2,2,2,2,2,3,3,1,71
2,2,2,1,1,1,2,2,3,2,1,1,1,8,1,32
1,1,1,1,3,2,2,2,3,2,1,2,3,8,2,25
2,2,2,2,NA,1,1,NA,NA,NA,NA,NA,NA,3,2,27
2,1,1,1,1,1,1,3,3,2,1,1,3,2,2,13
2,2,2,2,NA,1,1,2,2,2,1,3,3,3,2,44
2,2,2,2,NA,1,1,NA,NA,NA,NA,NA,NA,2,2,35
1,1,1,1,5,1,1,1,1,2,2,3,3,8,2,58
1,1,1,1,1,1,1,2,3,1,2,3,3,6,2,18
2,2,1,2,NA,1,1,NA,NA,NA,NA,NA,NA,3,1,23
2,2,2,2,NA,1,1,NA,NA,NA,NA,NA,NA,6,2,24
2,2,2,2,NA,2,1,NA,NA,NA,NA,NA,NA,2,1,33
2,1,1,1,1,2,2,3,2,2,2,2,3,3,1,14
2,2,2,2,NA,2,2,2,2,2,1,3,1,2,1,49
2,1,1,1,1,1,1,NA,NA,NA,NA,NA,NA,3,2,44
2,1,1,1,1,1,1,2,4,2,1,1,3,6,2,24
2,1,1,1,1,1,1,2,4,2,2,2,3,2,2,26
2,2,2,2,NA,2,2,2,2,1,2,2,1,3,2,28
2,2,2,2,NA,2,2,NA,NA,NA,NA,NA,NA,2,1,54
2,1,1,2,NA,2,2,1,3,2,1,3,3,2,2,13
2,1,1,2,NA,1,2,2,2,2,1,3,1,3,2,20
2,2,2,2,NA,2,2,NA,NA,NA,NA,NA,NA,3,1,25
2,1,2,2,NA,1,2,NA,NA,NA,NA,NA,NA,2,1,37
2,2,2,2,NA,2,2,2,2,2,2,3,3,2,1,64
NA,NA,NA,NA,NA,NA,NA,NA,NA,NA,NA,NA,NA,2,2,67
NA,NA,NA,NA,NA,NA,NA,NA,NA,NA,NA,NA,NA,0,2,64
2,2,2,2,NA,2,1,1,2,2,1,2,1,2,2,29
2,2,2,2,NA,2,2,NA,NA,NA,NA,NA,NA,2,2,45
2,2,2,2,NA,2,2,1,2,2,1,3,2,3,2,38
2,2,1,2,NA,2,2,NA,NA,NA,NA,NA,NA,2,2,24
2,1,1,2,NA,1,2,2,2,2,1,2,1,3,1,29
2,2,2,2,NA,1,2,1,2,2,2,3,1,6,1,16
2,1,1,2,NA,1,2,1,1,2,2,3,3,2,1,37
2,2,1,2,NA,2,2,2,1,2,2,3,3,3,2,33
2,1,1,1,1,2,2,2,3,1,1,2,3,2,1,48
2,2,2,1,1,1,1,2,2,2,1,2,3,3,2,27
2,1,2,2,NA,NA,NA,NA,NA,NA,NA,NA,NA,0,1,92
1,1,1,1,1,1,1,2,2,1,2,1,1,3,2,28
1,1,1,1,1,1,1,2,3,1,1,1,3,6,2,36
2,2,2,2,NA,1,2,NA,NA,NA,NA,NA,NA,2,1,32
2,1,1,1,2,1,1,1,4,2,1,1,1,3,2,17
2,1,2,2,NA,1,2,2,2,2,1,2,3,3,2,38
2,1,1,2,NA,2,1,1,1,1,2,3,1,2,1,13
NA,NA,NA,NA,NA,NA,NA,NA,NA,NA,NA,NA,NA,2,2,50
2,1,1,2,NA,2,2,2,2,2,1,2,2,2,1,42
2,2,1,2,NA,2,1,2,3,1,1,2,3,6,1,29
2,2,2,2,NA,1,1,1,1,2,2,3,3,2,2,45
1,2,2,1,1,1,1,4,2,1,2,1,3,2,1,70
2,2,2,2,NA,1,2,NA,NA,NA,NA,NA,NA,3,2,26
2,2,2,2,NA,2,1,2,2,2,1,1,1,6,2,30
1,1,1,1,1,1,1,1,1,2,2,3,3,2,1,64
2,2,2,2,NA,1,2,2,2,2,2,3,3,2,1,59
2,1,2,2,NA,2,2,NA,NA,NA,NA,NA,NA,6,2,26
2,1,1,1,1,1,2,2,2,1,2,3,1,2,1,26
2,1,1,1,1,1,2,2,2,1,2,1,3,3,1,13
2,2,2,2,NA,2,2,1,3,2,1,2,1,2,1,62
2,2,2,2,NA,2,2,1,2,2,1,2,1,2,2,82
NA,NA,NA,NA,NA,NA,NA,NA,NA,NA,NA,NA,NA,2,1,68
2,1,2,2,NA,1,1,NA,NA,NA,NA,NA,NA,2,2,23
NA,NA,NA,NA,NA,NA,NA,NA,NA,NA,NA,NA,NA,0,1,34
2,1,2,2,NA,1,2,2,2,2,1,3,3,6,1,29
NA,NA,NA,NA,NA,NA,NA,NA,NA,NA,NA,NA,NA,0,2,74
2,1,2,1,1,2,2,4,4,2,1,2,3,8,2,46
2,2,2,1,1,2,2,2,3,2,1,1,1,10,2,38
1,1,1,1,2,1,1,2,3,2,1,1,3,10,1,48
2,2,2,1,2,1,1,1,3,2,1,3,3,8,2,22
2,2,2,2,NA,2,2,NA,NA,NA,NA,NA,NA,8,2,20
2,2,2,2,NA,2,2,NA,NA,NA,NA,NA,NA,2,2,82
2,2,2,2,NA,2,2,2,3,2,2,2,3,8,2,56
2,1,1,1,1,1,2,2,2,2,1,2,3,8,2,23
1,1,1,1,2,1,1,2,3,1,1,2,3,10,1,45
2,2,1,1,3,1,1,3,3,2,1,1,3,8,2,22
2,2,2,1,1,1,9,2,3,2,2,1,3,5,2,53
2,2,2,2,NA,2,2,NA,NA,NA,NA,NA,NA,2,2,82
2,1,1,1,9,2,2,4,4,1,1,2,3,6,2,51
2,1,2,1,1,2,2,NA,NA,NA,NA,NA,NA,3,2,51
1,1,1,1,4,1,1,2,3,1,1,2,3,11,1,63
2,2,2,2,NA,1,1,2,2,2,1,2,3,6,2,41
1,1,1,1,1,1,1,2,2,2,1,2,3,3,2,35
2,2,2,2,NA,1,1,1,3,2,2,2,3,2,2,72
1,1,2,1,1,1,2,2,3,2,1,1,1,8,2,28
2,2,2,2,NA,1,2,2,2,2,2,1,2,6,1,19
2,1,2,2,NA,1,1,2,4,2,1,1,1,2,2,26
2,1,2,2,NA,2,2,NA,NA,NA,NA,NA,NA,2,2,58
1,1,1,1,1,2,2,NA,NA,NA,NA,NA,NA,3,2,57
1,1,2,1,2,1,2,2,3,2,1,1,3,6,2,29
1,1,2,1,1,1,1,4,3,2,2,1,3,8,2,27
2,2,2,2,NA,1,1,4,4,1,1,2,3,3,1,27
2,2,2,2,NA,1,2,1,1,1,2,3,1,2,1,78
2,2,2,1,1,2,1,2,3,2,1,2,3,3,1,41
2,1,1,1,3,2,1,3,3,2,1,3,2,8,2,35
1,1,1,1,3,1,1,2,4,2,1,2,3,8,2,42
1,1,1,1,1,1,1,2,4,2,2,2,3,3,1,62
2,2,2,2,NA,1,2,4,2,2,1,3,1,6,2,16
1,1,1,1,1,1,1,2,4,1,1,1,3,3,2,28
1,1,1,1,2,1,1,4,4,2,1,1,3,6,2,27
2,2,2,1,9,1,2,3,2,2,1,1,3,6,2,35
1,2,2,1,2,1,1,2,4,2,2,2,3,3,1,49
2,2,2,1,9,2,1,4,4,1,1,3,3,3,2,50
2,2,2,2,NA,1,2,2,3,2,1,2,1,3,2,20
2,1,1,1,1,1,1,3,4,2,2,2,3,3,2,32
1,1,1,1,2,1,1,2,4,1,1,1,3,6,2,30
2,2,2,1,1,1,2,2,2,2,1,2,3,2,2,12
2,1,1,2,NA,1,2,NA,NA,NA,NA,NA,NA,3,2,42
2,1,2,1,1,1,1,2,4,2,1,1,3,6,1,16
2,2,2,2,NA,1,1,3,2,1,1,2,3,6,2,38
2,1,1,2,NA,1,1,1,3,2,2,3,3,6,2,21
2,2,2,2,NA,2,1,2,2,2,1,1,3,3,1,17
NA,NA,NA,NA,NA,NA,NA,NA,NA,NA,NA,NA,NA,0,2,45
2,2,2,1,1,1,1,2,3,1,1,1,3,3,1,54
1,2,1,1,1,1,1,2,3,2,1,1,3,10,2,32
2,2,2,2,NA,2,2,2,4,2,2,3,3,3,2,25
2,2,2,2,NA,2,2,3,3,2,1,1,3,8,1,22
2,2,2,2,NA,1,1,2,2,2,2,2,3,3,2,20
2,1,2,2,NA,1,1,3,3,2,1,3,3,6,1,47
1,1,2,1,1,1,1,2,3,2,1,2,1,3,1,18
2,2,2,2,NA,1,1,2,2,2,2,2,3,6,1,54
2,1,2,1,2,1,1,2,1,1,1,1,1,3,2,15
1,1,2,1,1,1,1,2,3,1,1,3,3,6,2,24
1,1,1,1,2,1,1,2,2,2,1,2,3,6,1,21
2,2,2,2,NA,2,2,3,2,2,1,3,3,3,1,18
1,1,1,1,1,9,1,4,4,2,1,1,3,3,2,61
2,1,2,1,5,2,2,2,3,2,1,2,3,6,1,36
2,1,2,2,NA,NA,NA,NA,NA,NA,NA,NA,NA,0,2,83
2,2,1,2,NA,2,2,3,2,2,2,3,3,2,2,49
2,2,1,2,NA,2,2,2,2,2,2,1,3,3,1,21
2,1,1,1,1,1,1,2,2,2,1,3,1,6,2,34
2,2,2,2,NA,2,2,2,3,2,1,3,3,6,1,38
2,1,2,1,1,2,1,3,4,1,2,1,3,8,2,72
2,2,2,1,1,1,2,4,4,2,2,2,3,8,2,31
1,1,1,1,1,1,1,2,3,2,2,2,3,3,2,66
2,2,2,2,NA,1,1,4,3,2,2,3,3,5,2,17
2,2,2,2,NA,2,2,NA,NA,NA,NA,NA,NA,2,1,70
2,2,2,2,NA,2,2,NA,NA,NA,NA,NA,NA,2,1,73
2,2,2,2,NA,2,2,1,2,2,2,3,1,2,1,63
2,1,1,2,NA,2,2,NA,NA,NA,NA,NA,NA,3,1,52
2,1,2,1,2,1,1,3,3,2,1,2,3,6,2,60
2,1,2,2,NA,2,2,NA,NA,NA,NA,NA,NA,3,2,46
1,1,2,1,1,1,1,2,3,2,2,1,3,8,1,27
2,2,2,2,NA,1,2,1,3,2,2,2,1,2,2,51
2,1,2,1,5,1,2,4,4,2,1,3,3,6,1,43
2,1,1,1,5,2,1,4,4,2,1,2,3,6,2,54
2,2,2,2,NA,1,2,3,3,2,2,3,3,5,1,73
NA,NA,NA,NA,NA,NA,NA,NA,NA,NA,NA,NA,NA,2,2,63
2,2,2,2,NA,1,1,NA,NA,NA,NA,NA,NA,3,2,62
1,1,1,1,1,1,1,3,3,2,1,3,3,6,2,32
2,1,2,1,1,1,1,2,3,2,2,2,3,8,2,30
1,1,2,1,1,1,1,4,1,1,1,2,3,6,2,36
2,1,2,1,2,2,1,2,3,2,1,1,3,8,2,48
2,1,1,1,2,1,1,2,3,2,2,1,3,6,1,15
2,2,2,2,NA,2,1,NA,NA,NA,NA,NA,NA,3,1,57
2,2,2,2,NA,2,2,NA,NA,NA,NA,NA,NA,2,2,67
2,1,2,2,NA,1,1,1,3,2,2,2,3,2,1,68
1,1,1,1,2,1,1,3,3,2,1,2,1,8,1,29
2,1,1,1,1,1,1,2,3,2,1,1,3,6,2,19
1,2,1,1,1,1,1,2,2,1,1,1,3,2,2,13
2,2,2,2,NA,2,2,NA,NA,NA,NA,NA,NA,8,1,28
2,1,2,1,5,9,2,4,2,2,2,3,3,2,2,82
2,1,2,1,1,2,1,NA,NA,NA,NA,NA,NA,3,1,35
2,2,1,1,1,1,1,2,3,2,1,2,3,6,2,27
2,1,1,1,1,1,2,2,3,2,2,2,3,6,1,17
2,2,2,1,1,1,1,2,1,1,1,1,3,3,1,30
NA,NA,NA,NA,NA,NA,NA,NA,NA,NA,NA,NA,NA,0,2,64
NA,NA,NA,NA,NA,NA,NA,NA,NA,NA,NA,NA,NA,0,1,57
2,1,1,1,1,2,2,1,1,2,2,2,1,2,1,12
1,2,1,2,NA,2,2,NA,NA,NA,NA,NA,NA,3,1,74
2,2,2,2,NA,2,2,NA,NA,NA,NA,NA,NA,2,1,66
2,1,1,2,NA,1,9,2,2,2,2,3,1,2,2,76
2,2,2,1,1,2,2,1,2,2,2,3,1,3,2,48
1,1,1,1,4,2,1,2,3,1,1,2,3,8,2,72
1,1,1,1,4,1,1,2,3,1,1,2,3,8,2,74
1,1,1,1,4,1,2,4,4,1,1,2,3,8,1,54
1,1,1,1,2,1,1,1,4,1,1,1,3,8,1,37
1,1,1,1,1,2,2,4,3,2,1,3,1,7,2,70
2,2,2,1,1,1,1,3,3,1,2,2,3,2,1,76
2,2,2,2,NA,1,1,4,4,2,1,3,3,8,1,58
2,1,2,2,NA,2,1,1,3,2,2,2,3,5,2,82
1,1,2,1,1,1,1,2,4,1,2,1,3,2,2,13
2,1,2,1,1,1,1,2,3,1,1,1,3,10,2,38
2,2,1,1,1,1,1,3,3,2,1,2,3,6,2,22
2,2,2,1,3,2,2,4,3,2,1,2,3,6,2,50
2,1,2,1,1,2,2,2,3,2,1,2,3,8,2,53
1,2,2,1,1,1,1,1,4,2,1,2,3,3,2,43
2,1,2,1,1,1,1,3,3,2,2,2,3,8,1,75
2,1,2,2,NA,2,1,NA,NA,NA,NA,NA,NA,6,2,67
1,1,1,1,2,2,1,2,3,2,2,2,3,8,1,73
2,2,2,1,5,9,9,3,3,2,2,3,3,9,2,64
2,1,1,1,1,1,1,1,1,2,1,2,1,3,2,25
1,1,2,1,5,1,1,1,3,1,1,1,3,8,1,43
2,1,2,1,2,1,1,3,2,2,1,1,3,8,1,51
1,1,1,1,5,1,1,4,4,2,1,3,3,10,2,34
1,1,2,1,5,1,1,4,4,2,2,1,3,10,2,45
2,1,2,1,5,1,1,2,4,2,2,2,3,8,2,58
1,1,1,1,3,1,1,3,3,2,2,3,3,8,2,63
2,2,2,2,NA,1,1,2,2,2,2,2,3,6,2,32
1,2,2,1,1,1,1,NA,NA,NA,NA,NA,NA,3,2,62
1,1,1,1,1,2,1,4,4,1,1,2,3,3,1,15
2,1,2,1,2,1,2,3,3,2,1,3,3,8,1,50
1,1,1,1,3,1,1,3,3,2,1,2,3,7,2,43
2,2,2,1,1,2,1,4,4,2,1,3,3,8,2,50
1,1,1,1,1,1,1,1,2,2,2,3,3,3,2,64
1,1,1,2,NA,2,1,3,2,2,1,2,3,6,2,56
1,1,1,1,2,1,2,4,4,1,2,3,3,8,2,36
2,2,2,2,NA,2,2,2,2,2,2,2,3,6,1,54
2,2,2,2,NA,2,2,1,2,1,2,3,1,2,2,80
1,1,1,1,1,2,1,NA,NA,NA,NA,NA,NA,6,1,26
1,1,1,1,1,1,1,2,2,2,1,1,1,6,2,17
1,1,1,1,1,1,1,2,4,2,1,2,3,3,1,31
2,2,2,2,NA,2,2,2,2,2,2,3,3,3,1,58
2,2,2,1,1,1,1,2,4,2,1,2,3,6,1,32
2,1,1,1,2,1,2,4,4,2,1,2,3,6,1,31
1,1,1,1,1,1,1,4,2,2,1,2,3,3,1,38
2,1,1,2,NA,1,2,1,2,2,1,2,3,2,2,75
2,2,2,2,NA,2,2,NA,NA,NA,NA,NA,NA,2,2,79
2,2,2,2,NA,2,2,1,2,2,2,3,1,2,1,67
2,2,2,2,NA,2,2,2,2,2,1,2,3,6,1,45
1,2,2,1,1,2,1,4,4,2,1,1,3,8,1,39
1,2,2,1,1,1,1,2,2,1,2,1,3,6,2,27
2,1,1,2,NA,1,1,2,3,2,1,1,3,6,1,26
2,2,2,2,NA,1,2,1,2,1,2,3,1,2,2,68
2,1,1,2,NA,NA,NA,1,1,2,1,3,1,0,2,72
2,2,2,2,NA,2,2,3,4,2,2,2,3,3,1,60
1,2,2,1,1,2,1,2,3,2,2,2,1,6,2,66
1,1,1,1,1,1,1,3,3,2,1,2,3,3,2,59
1,1,1,1,5,2,9,4,4,2,1,3,3,8,2,28
2,2,2,1,1,1,1,NA,NA,NA,NA,NA,NA,6,2,39
2,1,1,1,1,1,2,1,2,2,1,3,3,8,1,46
2,1,1,1,1,1,1,4,4,2,2,2,3,3,1,36
2,2,2,2,NA,2,2,1,2,2,2,3,1,2,2,72
2,2,1,2,NA,1,2,3,3,2,1,2,3,3,1,20
2,2,2,1,1,1,1,NA,NA,NA,NA,NA,NA,3,2,53
1,2,2,1,1,1,1,2,3,2,1,3,3,3,2,32
1,1,1,1,3,1,2,3,3,2,1,1,3,6,2,16
1,1,1,1,5,1,1,2,3,2,1,1,3,6,1,51
1,1,1,1,1,1,1,2,3,2,1,2,3,10,2,39
2,1,2,1,1,1,1,3,3,2,1,3,3,8,1,37
2,2,2,2,NA,9,2,1,2,2,2,2,3,2,2,76
2,2,2,1,1,1,1,2,2,2,2,2,3,3,2,74
1,2,1,1,4,1,1,2,2,2,1,1,3,6,2,40
2,2,2,2,NA,1,2,2,3,1,1,2,3,6,1,63
1,1,1,1,1,1,1,3,3,2,1,2,3,8,1,41
2,2,2,2,NA,1,2,2,3,2,1,2,3,6,1,46
2,1,2,1,1,2,2,NA,NA,NA,NA,NA,NA,6,1,45
2,2,2,1,2,1,1,3,3,2,1,2,3,8,1,66
2,2,1,1,1,1,2,2,4,2,1,2,3,6,1,34
2,2,2,2,NA,1,1,1,2,2,2,3,1,2,1,69
1,1,1,1,5,2,2,2,3,2,1,3,3,6,1,33
1,1,2,1,3,2,2,4,3,2,1,2,3,8,2,51
1,1,1,1,5,1,1,3,3,2,1,3,3,8,2,36
1,1,1,1,3,1,1,3,3,2,1,2,3,8,2,50
2,1,1,2,NA,2,2,NA,NA,NA,NA,NA,NA,2,2,72
2,1,1,1,1,2,2,3,2,2,1,3,3,3,1,16
1,1,1,1,1,2,1,2,4,2,1,2,3,6,1,46
2,2,2,2,NA,1,1,3,4,2,2,3,3,6,2,57
1,1,1,1,5,1,1,2,3,2,1,2,3,8,1,48
2,2,2,1,2,1,1,3,4,1,1,2,3,6,1,54
2,2,2,1,1,1,1,3,3,1,1,2,3,6,2,37
2,2,2,2,NA,2,2,1,2,2,2,3,3,2,2,83
1,2,2,2,NA,1,2,4,3,2,1,2,3,6,2,20
2,1,1,1,1,2,2,2,2,2,2,3,3,3,2,67
1,1,1,1,1,1,1,4,3,2,1,2,3,8,1,36
2,1,1,1,1,2,2,2,4,2,1,3,3,3,2,43
2,1,1,1,1,2,1,2,2,2,1,3,3,6,2,25
1,1,1,1,1,1,1,1,3,1,2,2,3,3,1,81
1,1,1,1,4,2,1,NA,NA,NA,NA,NA,NA,3,2,49
1,2,2,1,1,2,1,2,4,2,1,1,3,8,1,26
2,1,1,2,NA,2,9,2,3,2,2,3,3,3,2,65
1,1,1,1,2,2,2,3,3,2,1,3,3,6,2,18
2,2,1,1,2,1,2,4,4,2,1,1,3,3,1,15
1,2,2,2,NA,2,2,NA,NA,NA,NA,NA,NA,3,1,72
2,1,1,2,NA,2,2,3,3,2,1,2,1,2,2,44
2,2,2,2,NA,1,1,3,3,1,1,3,3,6,2,27
1,1,1,1,1,1,1,4,2,2,1,3,3,7,2,24
2,2,2,2,NA,2,2,2,2,2,2,2,3,3,1,67
2,2,2,2,NA,1,1,2,3,2,1,1,3,6,2,61
2,1,1,1,3,2,2,3,3,2,1,3,3,8,1,33
NA,NA,NA,NA,NA,NA,NA,NA,NA,NA,NA,NA,NA,0,2,78
2,2,2,1,1,2,2,2,2,1,2,1,3,8,1,56
2,1,2,1,4,1,2,3,3,1,1,2,3,6,2,17
1,1,2,1,1,1,1,2,3,1,1,1,3,3,1,15
2,2,2,1,1,1,1,2,3,2,1,3,3,8,1,43
1,2,2,2,NA,1,1,2,2,1,1,2,3,3,2,40
1,1,1,1,1,2,1,3,4,2,1,1,3,8,2,33
2,2,2,1,2,2,2,NA,NA,NA,NA,NA,NA,3,1,59
2,2,2,2,NA,2,2,2,2,2,2,1,3,3,2,69
1,1,1,1,2,1,1,3,3,1,2,2,3,6,1,28
2,1,2,1,5,2,2,3,4,2,1,3,3,8,1,56
2,2,2,2,NA,2,1,3,4,2,1,1,3,3,2,36
2,1,1,1,5,1,2,NA,NA,NA,NA,NA,NA,8,2,76
1,1,1,1,9,1,9,3,3,1,1,3,3,8,2,28
2,1,2,1,4,2,2,2,3,2,2,2,3,8,1,37
2,1,2,1,1,2,2,3,3,2,2,2,3,6,2,80
1,1,1,1,2,1,1,2,3,2,2,3,3,8,2,64
2,1,2,1,4,1,1,4,3,1,1,1,3,8,1,35
2,2,2,2,NA,1,2,4,3,2,1,1,3,8,2,42
1,1,2,1,1,1,1,2,2,1,1,3,3,3,1,45
1,1,1,1,4,1,1,3,3,2,1,2,3,8,1,62
2,2,2,1,1,1,1,2,2,1,1,1,3,8,1,38
2,1,2,2,NA,9,1,2,3,2,1,2,3,3,2,65
1,1,1,1,5,2,1,2,4,2,1,1,3,8,1,36
1,1,1,1,5,1,1,2,4,2,1,2,3,6,1,20
1,1,2,1,2,1,1,3,3,2,1,1,3,8,2,27
2,1,2,1,1,1,1,2,3,1,1,2,3,8,1,65
2,2,2,1,1,1,1,2,3,2,1,1,1,8,2,22
1,1,1,1,1,2,1,2,2,1,1,2,3,7,2,73
2,2,2,1,2,1,1,NA,NA,NA,NA,NA,NA,3,1,22
1,1,1,1,2,1,1,3,3,1,2,3,3,8,1,36
2,2,2,2,NA,1,1,NA,NA,NA,NA,NA,NA,3,1,57
2,1,1,1,1,1,1,2,4,2,1,2,3,3,2,47
1,2,1,2,NA,1,1,2,3,1,2,2,3,6,2,45
1,1,1,1,2,1,1,3,3,1,1,1,3,8,2,37
1,1,1,1,3,2,2,4,4,1,1,2,3,8,1,47
1,1,1,1,2,1,1,1,1,1,2,3,1,3,1,53
1,1,1,1,2,1,1,4,4,1,1,2,3,6,1,47
2,1,1,1,3,1,2,1,3,2,1,2,1,6,1,45
1,1,1,1,2,1,1,3,4,1,1,3,3,10,1,41
2,1,1,1,1,1,1,2,4,2,1,2,3,8,2,26
2,1,1,1,1,2,2,1,3,2,1,1,3,8,2,48
2,2,2,2,NA,2,1,2,3,2,1,2,3,8,2,30
1,2,2,2,NA,1,1,3,4,2,1,3,3,6,2,54
2,2,2,2,NA,1,1,2,1,2,1,2,1,6,1,59
1,1,2,2,NA,1,2,2,3,2,1,3,1,2,2,43
1,1,1,1,1,1,1,1,1,1,2,3,1,3,2,55
1,1,1,1,1,1,1,4,4,2,1,3,3,7,2,28
2,2,2,2,NA,2,1,2,1,2,1,2,3,2,2,69
2,1,1,2,NA,1,1,4,4,1,1,2,3,8,2,40
2,2,2,1,1,1,1,2,3,2,2,2,3,2,2,97
1,1,1,1,1,1,1,1,2,2,1,3,1,8,1,36
2,2,2,2,NA,1,2,3,3,2,1,2,3,3,1,30
1,1,1,1,1,1,1,2,3,1,1,2,3,3,1,61
2,2,2,1,1,1,1,NA,NA,NA,NA,NA,NA,8,2,45
1,1,1,1,2,1,1,3,4,1,1,3,3,8,2,48
1,1,2,1,1,1,1,NA,NA,NA,NA,NA,NA,2,1,74
2,1,2,2,NA,9,9,3,4,2,2,1,3,8,2,63
2,2,2,2,NA,2,2,2,3,2,2,1,3,6,1,44
2,2,2,2,NA,2,2,1,2,2,1,1,1,6,1,66
1,1,1,1,4,1,1,3,3,1,1,2,3,8,1,40
1,1,1,1,2,1,1,3,3,1,1,2,3,8,2,43
2,2,2,1,1,2,2,2,4,2,1,2,3,10,1,43
1,1,2,1,1,1,1,2,3,1,1,1,3,3,2,48
1,1,1,1,2,1,1,2,4,2,1,2,1,3,1,35
1,1,1,1,5,1,1,3,4,1,1,1,3,7,2,47
NA,NA,NA,NA,NA,NA,NA,NA,NA,NA,NA,NA,NA,2,1,41
2,2,2,1,1,1,1,3,4,1,1,1,3,3,2,35
2,2,2,1,1,1,1,1,2,1,1,3,1,3,2,30
1,1,1,1,1,2,1,NA,NA,NA,NA,NA,NA,3,2,27
2,2,2,2,NA,2,2,NA,NA,NA,NA,NA,NA,2,2,63
1,1,2,1,1,1,1,4,2,2,1,1,3,6,2,33
1,1,1,1,1,1,1,2,2,1,1,1,3,3,2,17
NA,NA,NA,NA,NA,NA,NA,NA,NA,NA,NA,NA,NA,99,2,59
1,2,2,2,NA,1,1,1,3,1,1,2,3,3,2,42
2,2,1,2,NA,1,1,2,1,2,2,2,1,3,1,31
2,2,2,2,NA,1,1,NA,NA,NA,NA,NA,NA,3,2,36
2,1,1,2,NA,2,2,2,2,1,2,1,3,2,1,58
1,1,1,1,3,1,1,4,4,2,1,2,3,3,2,17
2,2,2,2,NA,1,2,NA,NA,NA,NA,NA,NA,6,1,25
2,2,2,2,NA,2,2,NA,NA,NA,NA,NA,NA,2,1,38
2,2,2,2,NA,1,2,1,3,2,2,1,3,3,2,34
2,1,2,1,1,1,1,2,3,2,1,2,3,3,1,28
2,1,1,1,1,1,1,4,4,2,1,1,3,8,1,29
2,2,2,2,NA,2,2,1,2,2,2,2,1,2,1,57
1,1,1,1,1,1,1,2,3,2,1,3,3,6,1,31
2,2,2,1,1,2,2,1,2,2,1,2,1,2,1,59
2,2,2,1,1,1,1,4,4,2,1,3,3,6,2,22
2,1,1,1,2,1,1,2,2,2,1,3,3,3,1,98
2,2,1,1,1,2,2,4,2,2,1,3,3,6,2,32
1,1,2,1,1,1,1,2,3,2,1,2,3,6,1,61
2,2,1,1,1,1,1,2,4,2,1,3,3,3,1,19
2,1,1,1,1,1,1,1,2,2,1,3,3,6,2,19
2,2,2,2,NA,2,2,3,3,2,2,2,3,3,1,57
1,1,1,1,1,1,1,3,3,2,1,1,3,3,2,15
2,2,2,1,2,1,1,2,3,2,1,1,3,3,1,27
2,1,1,1,1,2,2,1,1,2,2,2,3,2,2,77
2,1,1,1,2,2,2,2,2,2,2,2,3,2,2,65
2,1,2,1,1,1,1,2,3,2,1,1,3,2,1,13
2,2,2,2,NA,1,2,2,3,2,2,1,3,3,2,40
2,2,2,2,NA,1,1,NA,NA,NA,NA,NA,NA,2,2,72
1,2,2,2,NA,1,1,3,3,2,1,1,3,10,2,44
1,1,1,1,1,1,1,4,3,1,1,1,3,8,1,30
2,2,1,1,1,1,2,3,3,2,1,3,3,6,2,63
1,1,1,1,5,1,2,3,4,2,1,1,3,8,1,36
2,2,2,2,NA,2,2,1,2,2,1,3,1,3,2,55
2,2,2,2,NA,1,1,NA,NA,NA,NA,NA,NA,2,2,69
1,1,1,1,3,9,1,3,4,2,1,2,3,7,1,54
2,2,2,2,NA,2,2,1,2,1,2,1,1,3,1,54
NA,NA,NA,NA,NA,NA,NA,NA,NA,NA,NA,NA,NA,0,2,71
2,2,2,2,NA,1,1,2,2,1,1,2,3,2,2,33
2,1,2,2,NA,2,2,2,3,1,1,3,3,2,2,68
2,2,2,2,NA,1,2,2,3,2,1,3,1,6,2,32
2,2,2,2,NA,2,2,1,3,2,2,3,1,2,1,75
1,2,1,1,1,1,1,NA,NA,NA,NA,NA,NA,3,1,14
2,1,2,2,NA,1,1,2,3,2,1,2,3,7,2,38
2,2,2,2,NA,2,2,NA,NA,NA,NA,NA,NA,2,1,76
2,2,2,1,1,2,1,2,1,2,1,3,3,6,1,25
2,2,2,2,NA,2,2,NA,NA,NA,NA,NA,NA,3,2,52
2,2,2,1,1,1,2,2,4,2,2,1,3,6,2,24
2,2,2,2,NA,2,2,4,3,2,1,1,3,8,2,51
2,2,2,1,1,9,9,3,3,2,1,2,3,8,1,36
1,1,1,1,1,1,1,NA,NA,NA,NA,NA,NA,3,1,44
2,2,2,1,1,2,1,3,3,2,1,2,3,8,2,26
1,1,1,1,5,1,1,4,3,1,1,1,3,8,2,26
2,2,2,2,NA,1,2,3,3,2,1,1,1,10,2,25
1,1,1,1,2,1,1,2,3,2,1,1,3,8,1,24
2,1,1,1,3,1,1,3,2,2,1,2,3,8,1,78
2,1,1,1,1,1,1,2,3,1,1,1,3,6,1,15
2,2,2,2,NA,2,2,2,2,2,2,1,1,2,2,73
2,1,2,1,1,2,2,3,3,2,1,2,3,6,2,50
1,2,1,1,1,1,1,2,2,2,1,3,3,8,1,40
2,1,1,1,1,1,1,3,2,2,2,1,3,6,2,25
NA,NA,NA,NA,NA,NA,NA,NA,NA,NA,NA,NA,NA,2,2,76
2,2,2,2,NA,1,1,2,3,2,1,2,3,7,1,27
2,2,2,1,1,1,2,2,3,2,2,1,3,3,1,13
2,2,2,2,NA,2,2,NA,NA,NA,NA,NA,NA,3,2,69
2,2,2,1,1,1,2,4,3,2,1,1,1,2,1,12
2,2,2,1,1,1,1,3,3,2,1,1,3,6,1,34
2,1,2,1,1,1,1,2,4,2,1,2,3,10,2,32
1,1,2,1,5,1,1,4,4,2,1,1,3,3,1,13
1,2,2,1,5,1,9,3,4,2,1,2,3,8,2,28
2,1,1,1,1,1,1,NA,NA,NA,NA,NA,NA,8,1,73
2,1,2,1,3,2,2,1,1,2,2,3,1,8,1,62
2,1,1,1,5,1,1,3,3,1,1,2,3,10,2,44
2,2,2,2,NA,1,9,4,4,2,2,1,3,8,1,76
1,1,2,1,2,2,2,2,1,2,1,3,1,8,1,28
2,1,2,1,1,1,1,NA,NA,NA,NA,NA,NA,8,2,35
2,1,1,1,5,2,2,1,3,1,1,3,3,8,1,18
1,2,1,1,1,1,2,4,4,2,1,3,3,8,2,22
2,2,2,2,NA,1,2,3,4,2,1,2,3,6,1,69
2,2,2,2,NA,2,1,3,3,2,2,1,3,3,2,65
2,1,1,1,5,1,2,3,2,2,1,1,3,3,1,26
2,2,1,1,1,2,2,2,4,2,1,1,3,99,2,26
2,2,2,2,NA,2,2,NA,NA,NA,NA,NA,NA,3,2,36
1,2,2,1,1,1,1,2,2,2,1,2,3,3,2,15
2,2,2,2,NA,2,1,2,3,2,1,1,3,6,1,65
2,2,2,1,1,2,2,2,3,2,2,1,3,6,1,26
2,2,2,2,NA,2,1,4,2,2,1,2,3,8,1,36
1,1,1,1,1,1,1,2,3,1,1,1,3,8,1,26
2,1,2,2,NA,1,1,NA,NA,NA,NA,NA,NA,4,2,60
1,1,1,1,1,2,2,4,3,2,1,1,3,6,2,23
2,1,2,2,NA,1,2,2,3,2,1,1,2,10,2,35
1,1,1,1,2,1,1,2,4,2,1,1,3,3,2,20
1,1,1,1,1,1,1,3,3,2,1,3,3,3,2,14
2,2,2,1,1,1,2,2,3,2,1,1,3,6,2,19
2,2,2,1,1,1,1,4,3,2,1,3,3,3,2,14
1,1,1,1,1,1,1,3,3,2,1,2,3,6,2,40
2,2,2,2,NA,9,9,4,3,2,1,2,3,8,2,32
1,1,1,1,1,1,1,NA,NA,NA,NA,NA,NA,3,1,37
2,2,2,2,NA,2,2,2,2,2,1,1,3,6,2,46
2,1,2,1,3,1,1,4,3,1,2,1,3,3,1,15
1,1,1,1,3,2,1,4,3,1,1,2,3,3,1,14
2,1,1,1,2,1,1,2,3,2,1,3,3,2,2,12
1,1,1,1,5,1,1,4,3,2,1,2,3,8,1,35
2,1,1,2,NA,2,2,2,3,2,1,3,1,2,1,61
2,1,1,1,1,2,1,2,1,2,1,3,3,3,2,21
2,2,2,2,NA,2,2,NA,NA,NA,NA,NA,NA,2,1,66
NA,NA,NA,NA,NA,NA,NA,NA,NA,NA,NA,NA,NA,0,1,87
2,1,1,1,1,NA,NA,2,4,2,2,2,3,0,2,79
2,2,2,1,1,2,1,4,3,2,1,3,3,3,2,49
1,1,1,1,1,1,1,2,3,2,1,3,3,8,2,55
2,2,2,2,NA,2,1,NA,NA,NA,NA,NA,NA,3,2,40
1,2,1,1,1,2,1,2,4,2,2,2,3,3,1,19
2,2,2,2,NA,2,2,NA,NA,NA,NA,NA,NA,2,2,57
1,1,1,1,2,1,1,3,4,2,1,1,3,8,2,40
2,1,1,1,1,1,1,4,4,1,1,1,3,8,2,38
2,1,1,2,NA,1,2,2,2,2,2,2,2,6,1,18
2,2,2,2,NA,2,2,NA,NA,NA,NA,NA,NA,2,1,52
2,2,2,2,NA,2,1,2,3,2,1,3,3,3,2,20
1,1,1,1,1,2,1,NA,NA,NA,NA,NA,NA,3,2,51
2,2,2,2,NA,2,2,2,2,2,1,2,3,6,1,47
NA,NA,NA,NA,NA,NA,NA,NA,NA,NA,NA,NA,NA,2,1,64
1,2,2,1,1,1,1,2,2,2,1,2,3,3,2,28
2,1,2,1,2,2,2,NA,NA,NA,NA,NA,NA,3,2,44
1,1,2,1,1,1,1,2,2,1,1,1,3,3,2,35
2,2,2,1,5,1,1,2,3,2,1,1,3,6,1,16
2,2,2,1,1,1,1,2,4,2,1,1,3,7,2,29
2,2,1,1,1,1,1,1,2,2,1,3,3,5,2,60
2,2,2,2,NA,1,2,NA,NA,NA,NA,NA,NA,2,2,78
1,1,1,1,1,1,1,3,4,2,1,2,3,3,2,31
2,1,2,1,1,1,1,NA,NA,NA,NA,NA,NA,2,1,57
2,2,2,2,NA,9,9,NA,NA,NA,NA,NA,NA,2,2,70
2,1,1,2,NA,2,2,3,2,1,2,1,1,2,2,12
2,2,2,1,1,1,2,2,2,2,1,2,3,6,1,27
2,2,2,2,NA,2,2,NA,NA,NA,NA,NA,NA,3,1,35
2,2,2,1,1,2,2,2,1,2,2,2,3,3,2,41
2,2,1,1,1,2,1,4,4,2,2,2,3,2,2,33
2,2,2,2,NA,1,2,2,2,1,2,3,1,6,1,17
2,2,2,2,NA,2,2,NA,NA,NA,NA,NA,NA,2,2,41
2,2,2,2,NA,2,2,NA,NA,NA,NA,NA,NA,2,1,86
2,2,2,1,2,2,2,1,4,2,2,2,3,3,1,60
2,2,2,2,NA,2,2,1,2,2,2,2,1,2,1,74
2,2,2,1,1,2,1,NA,NA,NA,NA,NA,NA,2,1,58
2,2,2,2,NA,2,2,NA,NA,NA,NA,NA,NA,3,2,54
2,1,1,1,1,1,1,2,1,2,1,3,1,3,2,14
2,1,2,1,2,2,1,4,3,2,2,2,3,3,1,29
2,2,2,2,NA,2,2,NA,NA,NA,NA,NA,NA,2,1,65
2,2,2,2,NA,1,2,2,1,2,2,1,1,2,2,69
2,2,2,2,NA,2,2,NA,NA,NA,NA,NA,NA,3,1,73
2,1,1,1,1,2,2,3,3,2,1,3,3,3,2,34
2,1,1,1,1,1,1,2,2,2,1,1,3,3,1,14
2,2,2,1,1,1,2,4,3,2,1,2,3,6,1,16
2,2,2,2,NA,1,2,2,3,2,1,1,3,3,2,30
2,1,1,1,1,2,2,3,4,2,2,1,1,3,2,14
2,1,2,2,NA,2,2,2,3,2,2,2,3,2,1,63
2,1,1,1,1,1,2,3,2,1,2,3,3,2,1,22
2,2,1,1,1,1,2,4,3,2,1,3,3,3,2,16
2,1,1,1,5,1,2,2,4,2,1,2,3,8,1,26
1,2,2,1,1,1,1,2,3,1,1,3,3,6,2,55
1,1,1,1,1,1,1,3,3,2,1,3,3,6,2,18
2,1,2,1,2,9,1,3,2,2,1,2,3,8,2,72
1,1,2,2,NA,1,1,4,4,1,2,1,3,99,2,50
2,1,2,1,1,1,1,3,3,2,1,2,3,8,2,40
2,2,2,2,NA,NA,NA,2,3,1,2,3,3,0,1,61
2,2,2,1,1,2,1,1,4,2,1,2,1,3,1,62
1,1,2,1,1,2,1,1,2,2,1,2,3,6,1,64
2,2,2,2,NA,2,2,2,2,2,1,3,3,3,1,74
1,2,2,1,1,2,2,NA,NA,NA,NA,NA,NA,3,2,34
2,2,2,2,NA,2,2,1,1,2,1,3,3,2,1,64
1,1,1,1,1,1,1,3,4,2,1,3,3,6,2,52
2,1,1,2,NA,1,2,4,4,1,1,1,3,3,2,27
1,2,2,2,NA,1,2,4,3,2,1,3,3,8,2,55
2,1,1,1,1,1,2,2,1,2,1,2,3,3,2,27
1,2,2,2,NA,1,1,3,2,2,1,2,3,6,2,21
2,2,2,1,1,1,1,NA,NA,NA,NA,NA,NA,6,1,21
2,1,2,1,1,1,2,2,3,1,1,3,3,6,1,31
2,1,2,1,1,2,2,NA,NA,NA,NA,NA,NA,2,2,65
2,2,2,2,NA,2,2,NA,NA,NA,NA,NA,NA,2,1,73
1,1,1,1,2,1,1,2,3,2,1,2,3,8,2,46
1,2,2,2,NA,2,1,2,2,1,1,3,3,6,2,61
2,2,1,2,NA,9,2,NA,NA,NA,NA,NA,NA,3,2,33
2,2,2,2,NA,1,1,NA,NA,NA,NA,NA,NA,3,2,39
2,1,1,2,NA,1,2,2,3,2,1,2,3,3,1,13
2,1,2,1,1,9,9,NA,NA,NA,NA,NA,NA,3,1,43
2,2,2,1,1,1,9,2,2,2,1,2,1,2,1,64
NA,NA,NA,NA,NA,NA,NA,NA,NA,NA,NA,NA,NA,2,2,89
2,2,2,2,NA,2,2,2,3,2,1,2,3,3,2,69
2,2,1,1,1,1,1,4,4,2,1,2,3,8,2,24
2,1,1,1,1,1,1,NA,NA,NA,NA,NA,NA,7,2,44
2,2,2,2,NA,1,1,4,4,2,1,2,3,6,1,52
1,2,1,1,1,2,1,4,3,1,1,2,3,6,1,42
2,1,1,2,NA,1,1,NA,NA,NA,NA,NA,NA,3,1,30
2,2,1,1,1,1,1,2,1,2,1,2,1,6,2,17
1,1,2,1,1,1,1,2,1,2,1,3,3,6,1,23
1,1,1,1,1,1,1,2,3,2,1,2,3,3,1,18
1,1,2,1,1,1,1,2,4,1,1,1,3,6,1,24
2,2,2,1,1,1,1,2,4,2,1,2,3,6,1,24
2,2,2,2,NA,2,2,NA,NA,NA,NA,NA,NA,3,2,53
1,1,2,1,2,1,1,4,4,2,1,3,3,6,1,57
2,2,2,1,1,2,2,NA,NA,NA,NA,NA,NA,6,2,25
2,1,1,1,1,1,1,2,4,1,1,1,3,3,1,40
1,1,1,1,1,1,1,3,3,2,1,1,3,3,1,26
1,1,1,1,1,1,1,3,4,2,1,2,3,7,1,48
2,2,2,2,NA,2,2,3,3,1,2,2,3,3,1,32
2,1,2,1,1,1,2,3,3,2,2,2,3,3,1,14
2,1,2,2,NA,1,2,4,4,2,1,2,3,2,1,19
1,1,1,1,3,1,1,3,3,1,1,2,3,8,1,57
2,2,2,1,2,2,2,1,1,2,2,3,1,6,2,55
1,1,2,1,5,1,1,2,3,1,1,1,3,8,2,35
1,1,1,1,3,1,1,3,3,2,1,2,3,8,2,34
2,2,2,1,1,1,1,2,2,1,1,1,1,6,2,25
1,1,2,2,NA,1,1,2,2,2,1,1,3,2,2,35
2,1,1,2,NA,2,2,2,2,2,1,1,3,3,1,15
1,1,1,1,1,1,1,1,1,2,1,3,3,3,1,21
2,1,2,1,1,1,2,NA,NA,NA,NA,NA,NA,3,2,14
2,1,1,1,1,2,1,2,4,2,1,1,3,6,1,35
2,2,2,2,NA,2,2,1,3,2,1,2,3,7,1,42
2,1,1,1,1,2,9,4,2,2,2,3,3,6,2,47
2,2,2,1,1,1,1,3,4,2,1,2,3,3,1,57
1,1,1,1,1,1,1,2,2,2,1,2,3,3,1,27
1,1,1,1,1,1,1,3,3,2,1,1,3,6,2,19
2,2,1,2,NA,1,1,2,2,2,2,3,3,2,2,36
2,2,2,2,NA,2,2,NA,NA,NA,NA,NA,NA,2,1,49
2,1,2,1,1,2,2,NA,NA,NA,NA,NA,NA,3,2,24
2,2,2,1,1,1,1,2,3,2,1,1,3,3,2,40
2,2,2,2,NA,2,2,NA,NA,NA,NA,NA,NA,2,1,59
2,1,1,1,1,9,1,3,3,1,1,2,3,6,1,26
2,2,2,1,1,1,1,3,3,2,1,2,3,3,2,43
1,1,1,1,2,1,1,4,3,1,1,3,3,8,2,25
2,2,2,2,NA,1,2,NA,NA,NA,NA,NA,NA,3,2,69
2,1,2,1,1,2,2,2,4,2,1,2,3,8,1,72
2,2,2,2,NA,2,1,3,3,1,1,1,3,3,1,52
2,1,1,1,1,1,9,NA,NA,NA,NA,NA,NA,3,2,43
1,1,1,1,2,1,1,3,4,1,1,1,3,8,2,52
2,1,2,1,1,2,2,2,3,2,1,2,3,3,2,53
NA,NA,NA,NA,NA,NA,NA,NA,NA,NA,NA,NA,NA,0,2,68
2,2,2,1,1,1,1,2,4,2,1,1,3,6,2,30
2,1,2,1,1,1,2,NA,NA,NA,NA,NA,NA,6,1,18
2,2,2,2,NA,2,2,2,3,2,2,3,3,8,1,66
2,2,2,2,NA,2,2,1,2,1,2,3,1,2,2,75
2,1,1,1,1,1,9,2,3,2,1,2,2,10,2,29
2,1,1,1,5,1,2,2,4,2,1,2,3,8,2,27
2,1,1,1,1,1,1,1,3,1,2,3,3,2,2,65
2,2,2,2,NA,2,2,NA,NA,NA,NA,NA,NA,3,2,54
1,2,1,1,1,1,1,4,4,2,1,1,3,8,1,32
1,1,1,1,1,1,1,2,3,2,1,3,3,8,2,28
1,1,1,1,1,2,1,NA,NA,NA,NA,NA,NA,3,1,15
2,2,2,1,1,2,2,NA,NA,NA,NA,NA,NA,3,2,22
2,2,1,2,NA,1,2,2,3,2,1,2,1,3,1,14
1,1,1,1,1,1,1,3,1,1,1,1,3,6,1,30
2,2,2,1,1,1,1,2,4,1,1,1,3,3,2,14
2,1,2,1,1,2,2,2,3,2,1,3,3,3,1,46
2,1,1,1,1,2,2,2,3,2,2,2,3,2,1,44
2,2,2,1,1,1,1,NA,NA,NA,NA,NA,NA,6,1,37
2,1,2,2,NA,2,2,3,4,1,1,1,3,8,1,22
2,2,2,2,NA,1,1,NA,NA,NA,NA,NA,NA,3,2,28
2,2,2,2,NA,1,2,NA,NA,NA,NA,NA,NA,6,1,17
2,1,1,1,1,1,2,2,3,2,2,2,3,3,1,54
2,2,2,2,NA,2,1,4,3,2,1,1,3,2,2,31
2,2,1,1,1,2,1,2,2,2,1,2,1,3,2,36
2,1,2,2,NA,1,1,3,3,2,1,2,3,3,1,53
NA,NA,NA,NA,NA,NA,NA,NA,NA,NA,NA,NA,NA,0,2,67
2,1,1,1,1,1,1,3,3,1,1,1,3,3,1,43
2,2,2,2,NA,2,2,NA,NA,NA,NA,NA,NA,2,1,61
2,1,1,1,2,2,2,3,3,1,2,3,3,8,1,67
2,2,2,1,1,1,1,2,3,2,1,3,3,8,1,47
1,2,1,1,2,1,1,2,3,1,1,2,3,8,2,48
1,1,1,1,1,1,1,2,3,2,1,2,3,8,2,34
2,2,2,2,NA,9,1,2,3,2,2,2,3,3,2,65
1,1,2,1,3,2,2,1,3,2,1,3,2,8,1,80
2,1,2,2,NA,1,1,2,3,2,1,3,3,3,2,27
2,2,2,2,NA,1,1,3,3,2,1,1,3,3,1,25
2,2,2,1,1,2,2,NA,NA,NA,NA,NA,NA,3,2,22
2,1,1,2,NA,1,2,2,4,2,1,3,3,2,2,38
2,2,1,2,NA,1,1,2,3,1,1,2,3,3,1,42
2,1,1,1,2,1,2,3,3,2,1,1,3,8,1,57
1,2,2,1,2,1,1,2,3,2,1,2,3,8,1,45
1,2,2,1,1,1,1,2,3,2,1,2,3,6,1,21
2,2,2,2,NA,1,2,2,3,2,1,1,3,6,2,26
2,2,2,2,NA,1,1,2,3,1,2,3,3,3,1,81
NA,NA,NA,NA,NA,NA,NA,NA,NA,NA,NA,NA,NA,0,1,83
2,1,1,1,1,2,1,2,3,1,2,2,3,6,1,58
2,1,1,1,1,1,1,NA,NA,NA,NA,NA,NA,6,2,55
2,1,1,2,NA,1,2,2,2,1,1,1,3,6,1,23
2,2,2,1,2,1,1,3,3,2,1,1,3,8,1,31
1,2,2,1,1,1,1,2,3,1,2,1,3,2,1,12
2,2,2,1,2,2,2,NA,NA,NA,NA,NA,NA,6,2,47
2,2,2,2,NA,2,2,NA,NA,NA,NA,NA,NA,3,2,58
2,2,2,1,1,2,1,2,2,2,2,1,3,3,1,24
2,2,2,2,NA,1,2,3,3,2,1,2,3,3,2,38
2,1,2,1,1,1,1,2,4,2,1,2,3,3,2,14
1,2,1,1,1,1,2,3,3,2,1,1,3,8,1,19
NA,NA,NA,NA,NA,NA,NA,NA,NA,NA,NA,NA,NA,0,2,64
2,2,2,1,1,1,2,2,2,2,1,2,2,3,1,34
2,2,2,2,NA,2,2,NA,NA,NA,NA,NA,NA,2,2,59
2,1,1,2,NA,2,2,2,1,1,2,2,3,2,1,77
2,1,1,2,NA,2,2,2,2,2,1,3,1,3,1,33
2,1,1,1,1,1,2,2,4,2,1,2,3,2,1,50
2,2,1,1,1,1,1,2,2,2,1,1,3,6,1,18
2,2,2,2,NA,2,2,NA,NA,NA,NA,NA,NA,2,1,73
1,1,1,2,NA,1,2,NA,NA,NA,NA,NA,NA,6,2,19
2,2,2,2,NA,1,1,NA,NA,NA,NA,NA,NA,2,2,48
2,2,2,2,NA,1,2,NA,NA,NA,NA,NA,NA,3,2,37
2,2,1,2,NA,1,2,2,3,2,1,1,3,2,2,21
2,2,2,1,1,1,2,NA,NA,NA,NA,NA,NA,2,1,46
2,2,2,2,NA,1,1,2,2,2,1,1,3,3,2,38
2,1,2,1,1,1,2,3,3,2,1,1,3,8,1,26
2,2,1,1,1,1,2,1,3,1,1,1,1,2,2,13
2,2,1,1,1,1,1,NA,NA,NA,NA,NA,NA,6,1,24
2,2,2,1,1,1,1,2,4,2,1,1,3,3,2,26
1,2,2,2,NA,1,1,3,3,1,1,2,3,8,1,40
2,2,2,2,NA,1,2,NA,NA,NA,NA,NA,NA,2,2,12
2,2,2,2,NA,NA,NA,NA,NA,NA,NA,NA,NA,0,2,47
2,1,2,1,1,2,1,4,3,2,1,3,3,6,1,59
NA,NA,NA,NA,NA,NA,NA,NA,NA,NA,NA,NA,NA,0,2,84
2,2,2,2,NA,2,1,3,3,1,2,3,1,3,1,60
2,2,2,2,NA,1,2,3,4,2,2,1,3,3,1,52
2,2,2,1,1,1,1,2,3,1,1,2,3,3,1,35
2,1,2,2,NA,2,2,2,1,2,1,3,3,6,1,28
2,2,2,2,NA,2,2,NA,NA,NA,NA,NA,NA,2,2,82
1,1,1,1,1,1,1,1,2,2,1,1,3,3,2,37
2,1,2,2,NA,2,2,3,1,2,1,3,3,3,1,37
2,2,2,2,NA,2,2,NA,NA,NA,NA,NA,NA,2,2,68
2,2,2,1,1,2,2,3,2,2,1,1,3,2,2,35
2,2,2,2,NA,2,2,4,3,1,1,2,3,3,2,38
2,2,2,1,1,2,2,2,4,2,1,2,3,3,1,30
2,2,1,1,1,2,1,2,2,1,1,2,3,3,1,32
2,2,2,2,NA,2,1,2,3,2,1,1,3,3,2,32
1,1,1,1,1,1,1,4,4,1,1,1,3,6,2,45
2,1,1,2,NA,2,1,3,3,2,1,2,3,6,2,37
2,2,1,1,1,1,1,3,2,2,1,1,3,8,2,52
2,1,2,1,1,2,1,2,3,1,1,2,3,8,1,38
2,1,1,1,1,2,1,2,4,2,1,2,3,6,2,23
2,2,2,2,NA,1,2,3,3,2,2,3,3,3,2,16
2,1,1,2,NA,2,1,2,3,2,1,1,3,3,2,36
1,1,1,1,1,2,2,1,4,2,1,3,3,10,2,65
2,2,2,2,NA,1,2,NA,NA,NA,NA,NA,NA,6,2,36
2,1,1,1,1,1,1,4,1,2,1,2,1,6,1,19
2,2,2,1,1,2,2,2,3,1,1,2,3,8,2,57
2,1,2,1,1,9,1,2,4,1,1,1,3,6,1,65
2,2,2,1,1,1,2,4,3,2,1,1,3,8,1,24
2,1,1,1,1,2,1,2,2,2,2,2,3,3,2,77
2,2,2,2,NA,2,1,NA,NA,NA,NA,NA,NA,2,2,53
2,2,1,1,1,1,1,2,4,2,1,2,3,6,1,28
1,1,1,1,1,1,1,2,2,2,1,1,3,6,2,22
2,2,2,2,NA,9,2,NA,NA,NA,NA,NA,NA,3,1,63
1,2,2,1,1,1,1,2,3,2,1,1,3,8,2,21
1,2,2,2,NA,1,1,2,3,2,1,3,3,8,2,47
2,2,2,2,NA,1,1,4,3,1,1,1,3,8,2,49
1,1,2,2,NA,1,1,1,2,2,1,1,1,3,2,15
2,2,2,2,NA,2,2,NA,NA,NA,NA,NA,NA,2,2,49
2,2,2,2,NA,2,2,NA,NA,NA,NA,NA,NA,6,2,35
2,2,2,2,NA,2,2,2,1,2,1,2,3,3,2,56
2,2,2,2,NA,1,1,2,2,2,1,2,3,3,2,54
2,2,1,1,2,2,2,3,3,2,1,3,3,8,1,34
2,2,2,2,NA,2,2,NA,NA,NA,NA,NA,NA,2,2,52
2,2,2,2,NA,2,1,1,4,2,1,2,3,3,1,35
2,2,2,2,NA,1,1,2,4,2,1,1,3,6,1,23
1,1,1,1,1,1,1,4,3,2,1,1,3,6,1,17
NA,NA,NA,NA,NA,NA,NA,NA,NA,NA,NA,NA,NA,0,2,84
NA,NA,NA,NA,NA,NA,NA,NA,NA,NA,NA,NA,NA,2,2,46
2,2,2,2,NA,2,1,NA,NA,NA,NA,NA,NA,2,2,47
1,2,1,1,1,1,1,2,3,1,1,1,3,6,1,22
2,2,2,2,NA,2,2,NA,NA,NA,NA,NA,NA,6,1,48
2,1,2,1,1,NA,NA,NA,NA,NA,NA,NA,NA,0,1,77
2,2,2,2,NA,2,2,2,1,2,2,2,3,2,1,73
2,1,1,1,1,1,2,2,3,1,2,1,3,2,1,17
1,2,2,2,NA,2,1,2,1,2,2,2,3,3,2,36
2,1,2,2,NA,1,1,NA,NA,NA,NA,NA,NA,3,2,31
2,1,1,1,2,1,1,2,3,2,1,2,3,8,2,39
2,1,1,1,1,2,2,NA,NA,NA,NA,NA,NA,3,2,42
2,1,2,1,1,2,2,NA,NA,NA,NA,NA,NA,8,2,66
1,2,1,1,1,1,1,2,4,2,1,1,3,3,1,26
1,1,1,1,1,1,1,1,4,2,1,1,3,6,2,31
2,2,1,1,1,2,2,4,3,1,1,1,3,6,2,17
2,1,1,1,1,1,1,2,1,2,1,3,1,8,1,22
2,2,2,2,NA,2,2,1,2,2,2,2,1,2,2,50
2,2,2,1,1,2,1,2,3,2,1,1,3,3,2,15
NA,NA,NA,NA,NA,NA,NA,NA,NA,NA,NA,NA,NA,2,1,50
1,2,2,2,NA,1,2,2,1,1,2,2,3,6,1,47
1,1,1,1,1,1,1,3,2,1,2,1,3,3,1,15
NA,NA,NA,NA,NA,NA,NA,NA,NA,NA,NA,NA,NA,0,2,30
2,2,2,2,NA,1,2,NA,NA,NA,NA,NA,NA,2,1,14
2,2,2,2,NA,2,1,2,2,1,2,3,1,3,1,43
2,1,1,1,1,2,1,2,2,2,2,2,3,3,2,38
2,2,2,1,1,2,1,1,2,2,1,2,1,6,1,25
2,2,2,2,NA,2,2,1,4,2,2,2,3,2,2,77
2,1,1,1,1,2,2,1,1,2,2,2,3,6,2,65
1,1,1,1,1,1,1,1,4,2,1,2,3,3,2,16
2,2,2,2,NA,1,2,2,4,2,1,1,3,3,2,42
2,2,2,2,NA,1,2,NA,NA,NA,NA,NA,NA,2,1,12
NA,NA,NA,NA,NA,NA,NA,NA,NA,NA,NA,NA,NA,0,2,62
NA,NA,NA,NA,NA,NA,NA,NA,NA,NA,NA,NA,NA,0,2,62
2,2,2,2,NA,1,2,2,2,2,1,2,3,3,2,31
NA,NA,NA,NA,NA,NA,NA,NA,NA,NA,NA,NA,NA,0,2,82
2,1,2,1,1,1,2,2,2,2,1,2,3,3,2,13
2,1,1,2,NA,1,2,2,1,2,1,3,3,6,2,27
2,2,2,2,NA,1,1,2,4,2,2,1,1,2,2,26
NA,NA,NA,NA,NA,NA,NA,NA,NA,NA,NA,NA,NA,2,2,63
1,1,1,1,1,1,1,2,1,1,1,1,3,6,2,24
2,2,2,1,1,2,1,1,2,2,2,1,1,2,1,55
2,1,1,1,1,1,2,3,1,1,2,1,1,3,2,13
2,2,2,2,NA,1,1,1,2,1,1,1,1,2,1,15
NA,NA,NA,NA,NA,NA,NA,NA,NA,NA,NA,NA,NA,0,2,63
2,2,2,1,1,1,2,2,2,2,1,2,3,2,2,48
2,2,2,2,NA,2,2,NA,NA,NA,NA,NA,NA,2,2,64
2,1,1,1,1,1,2,1,1,1,2,3,1,6,2,48
2,2,2,2,NA,1,2,3,3,1,2,2,3,8,2,58
2,1,1,1,1,1,2,2,1,2,1,2,3,2,1,12
2,2,2,2,NA,1,1,NA,NA,NA,NA,NA,NA,3,2,26
NA,NA,NA,NA,NA,NA,NA,NA,NA,NA,NA,NA,NA,0,2,45
2,2,2,1,1,1,2,NA,NA,NA,NA,NA,NA,3,1,37
NA,NA,NA,NA,NA,NA,NA,NA,NA,NA,NA,NA,NA,0,1,78
NA,NA,NA,NA,NA,NA,NA,NA,NA,NA,NA,NA,NA,0,1,60
NA,NA,NA,NA,NA,NA,NA,NA,NA,NA,NA,NA,NA,2,1,73
2,2,2,2,NA,NA,NA,NA,NA,NA,NA,NA,NA,0,1,78
2,2,1,1,1,1,2,2,4,2,2,3,1,2,1,44
2,1,2,1,1,1,1,2,2,2,1,3,3,3,2,32
NA,NA,NA,NA,NA,NA,NA,NA,NA,NA,NA,NA,NA,2,1,54
NA,NA,NA,NA,NA,NA,NA,NA,NA,NA,NA,NA,NA,0,1,36
1,1,1,1,1,1,1,3,3,2,1,1,3,10,2,43
2,2,2,2,NA,NA,NA,NA,NA,NA,NA,NA,NA,0,2,77
1,1,1,1,1,1,1,1,4,2,1,2,3,6,1,16
1,1,1,1,1,2,2,4,3,1,1,1,1,3,1,13
2,2,2,2,NA,2,2,1,3,2,2,3,3,2,1,60
NA,NA,NA,NA,NA,NA,NA,NA,NA,NA,NA,NA,NA,2,2,49
1,2,2,1,2,1,2,2,3,2,1,1,3,8,1,50
2,1,2,1,1,2,1,2,2,2,2,2,3,6,1,45
2,2,2,1,2,1,2,2,2,2,1,2,3,2,1,12
NA,NA,NA,NA,NA,NA,NA,NA,NA,NA,NA,NA,NA,0,1,82
2,2,2,1,1,2,2,2,2,1,1,2,3,6,1,55
2,1,2,2,NA,2,2,NA,NA,NA,NA,NA,NA,3,2,67
2,1,1,1,1,2,1,2,3,2,2,1,3,6,2,70
2,2,1,2,NA,2,2,NA,NA,NA,NA,NA,NA,2,1,86
2,1,2,1,2,2,2,1,4,1,2,1,1,3,2,80
1,1,1,1,1,1,1,2,3,1,1,2,3,11,1,57
2,1,1,1,2,1,1,2,3,2,1,1,3,8,1,46
2,1,1,1,3,2,2,2,3,1,2,3,3,8,2,62
2,2,2,2,NA,1,2,1,2,1,2,3,1,3,2,57
1,1,2,1,4,1,1,2,3,2,1,2,3,8,1,28
1,1,1,2,NA,1,1,1,1,2,1,3,1,8,1,60
1,1,1,1,5,1,1,4,4,1,1,2,3,10,2,37
2,1,1,1,2,1,1,2,3,1,1,1,3,9,1,34
1,1,1,1,4,1,1,1,3,1,1,3,3,3,2,81
2,2,2,2,NA,2,2,2,3,2,1,3,3,5,2,72
2,1,1,1,1,2,1,NA,NA,NA,NA,NA,NA,3,2,59
1,1,2,2,NA,1,1,2,3,2,2,3,3,3,2,40
1,1,2,1,1,2,1,1,3,2,2,2,3,8,2,45
2,2,2,2,NA,2,2,2,4,2,2,1,3,7,1,43
NA,NA,NA,NA,NA,NA,NA,NA,NA,NA,NA,NA,NA,2,2,98
1,2,1,1,1,1,1,3,3,2,1,3,3,8,2,33
1,1,1,1,3,1,1,3,3,2,1,2,3,8,2,29
2,2,2,2,NA,2,2,NA,NA,NA,NA,NA,NA,3,1,69
1,1,2,1,1,1,1,4,3,2,1,1,3,3,1,33
2,2,2,2,NA,2,2,1,2,2,1,2,1,2,1,65
1,1,1,1,1,1,1,1,4,2,1,1,1,3,2,59
2,2,1,1,1,1,1,3,3,2,1,3,3,8,1,25
2,2,2,2,NA,9,1,2,2,2,2,2,3,8,1,36
2,2,2,2,NA,2,2,4,4,2,2,3,3,6,1,39
2,1,2,1,4,1,1,3,3,2,1,1,3,8,2,58
2,2,2,2,NA,2,2,3,3,2,1,2,3,10,2,59
2,1,2,1,1,1,1,2,1,1,1,1,3,3,1,74
2,2,2,2,NA,1,1,2,4,1,1,1,3,3,1,44
2,1,1,1,5,2,2,2,2,2,1,1,3,2,1,12
2,2,2,2,NA,1,1,4,4,2,1,2,3,3,2,23
1,1,1,1,2,2,1,2,4,1,2,2,3,7,1,67
1,2,2,2,NA,1,2,NA,NA,NA,NA,NA,NA,5,2,59
2,2,2,1,1,1,2,2,3,2,1,3,3,6,2,22
2,1,1,1,1,2,2,2,3,2,1,2,1,8,1,20
1,1,1,1,3,1,2,2,2,2,1,2,1,3,2,12
1,2,1,1,5,1,1,2,3,2,1,1,3,3,1,14
2,1,2,1,1,1,1,NA,NA,NA,NA,NA,NA,6,1,45
2,1,2,1,4,2,1,2,3,1,2,3,3,2,2,80
2,2,1,2,NA,1,1,3,3,2,1,1,3,3,2,18
2,2,2,1,1,1,1,2,3,2,2,2,3,3,2,59
2,1,1,1,1,2,1,2,2,2,1,2,1,2,1,30
2,1,1,1,1,2,1,2,2,2,1,2,3,8,2,40
2,2,2,2,NA,2,2,NA,NA,NA,NA,NA,NA,3,1,58
NA,NA,NA,NA,NA,NA,NA,NA,NA,NA,NA,NA,NA,0,2,66
1,2,2,2,NA,1,1,NA,NA,NA,NA,NA,NA,2,2,29
2,2,2,2,NA,2,2,1,1,2,2,3,1,2,2,70
2,2,2,1,1,1,1,2,3,2,1,3,3,6,2,36
2,2,2,2,NA,2,9,2,2,2,1,2,1,2,1,61
1,1,2,1,1,1,1,2,3,2,2,3,3,3,2,56
2,1,2,2,NA,2,1,2,3,2,1,2,3,6,2,35
2,2,1,2,NA,2,2,3,2,2,1,2,3,3,1,61
1,1,2,1,1,1,1,NA,NA,NA,NA,NA,NA,6,2,39
2,1,2,1,1,1,1,2,3,1,1,1,3,6,1,17
1,1,1,1,1,1,1,4,4,2,1,2,3,5,2,65
2,2,2,2,NA,2,2,NA,NA,NA,NA,NA,NA,3,1,47
2,1,2,1,1,1,1,3,3,1,1,1,3,8,2,42
2,1,1,1,1,2,2,2,2,1,1,1,3,2,1,13
2,2,2,1,1,1,1,4,3,2,1,2,3,6,1,24
1,1,1,1,1,1,1,2,2,2,2,1,3,6,2,29
2,2,1,1,1,1,1,2,2,2,1,1,3,3,1,16
2,1,1,1,1,1,1,2,1,1,2,1,3,3,2,14
1,1,1,1,2,1,1,4,1,1,1,3,1,8,2,24
2,2,2,2,NA,1,2,NA,NA,NA,NA,NA,NA,2,2,65
2,2,2,2,NA,2,2,NA,NA,NA,NA,NA,NA,2,1,44
2,2,2,1,3,2,2,2,2,2,2,1,3,2,2,50
2,2,2,2,NA,2,2,NA,NA,NA,NA,NA,NA,2,1,61
2,1,1,1,2,1,1,2,2,2,1,1,3,6,2,19
2,1,1,1,2,1,1,2,3,2,1,2,3,8,1,29
2,1,2,1,1,1,1,2,4,1,2,2,3,3,2,49
2,2,2,2,NA,2,1,1,3,2,1,2,3,7,1,60
2,1,1,2,NA,2,2,1,2,2,2,3,1,2,2,59
2,2,2,1,5,2,2,2,1,1,2,3,3,3,2,57
2,2,2,2,NA,2,2,1,2,2,2,2,1,2,1,76
2,2,2,2,NA,2,2,NA,NA,NA,NA,NA,NA,2,1,49
1,1,1,1,1,1,1,2,3,2,1,1,3,3,2,14
1,2,2,1,1,1,1,3,1,2,1,2,3,8,2,37
1,2,1,1,9,2,2,4,3,2,1,1,2,2,1,32
NA,NA,NA,NA,NA,NA,NA,NA,NA,NA,NA,NA,NA,0,1,77
2,2,2,2,NA,2,2,NA,NA,NA,NA,NA,NA,2,2,70
NA,NA,NA,NA,NA,NA,NA,NA,NA,NA,NA,NA,NA,0,2,66
2,1,1,1,1,1,1,4,4,2,1,1,3,8,1,26
2,2,2,2,NA,1,1,2,2,2,2,1,3,3,2,30
2,1,2,2,NA,1,2,2,3,2,2,1,3,2,2,65
1,1,1,1,1,1,1,3,1,1,1,1,1,3,1,13
2,1,1,2,NA,2,1,2,3,1,1,2,3,3,2,53
2,2,2,2,NA,2,2,1,1,2,2,2,3,3,2,62
2,2,2,2,NA,2,2,1,1,2,2,3,1,3,2,58
2,1,2,1,1,2,1,2,2,2,1,2,1,2,1,13
2,2,2,2,NA,2,2,2,3,2,1,2,3,3,2,52
2,2,2,2,NA,2,2,NA,NA,NA,NA,NA,NA,2,2,73
2,2,2,2,NA,2,2,2,2,2,2,2,1,2,2,12
2,2,2,2,NA,2,2,2,2,2,1,2,3,3,1,13
1,1,1,1,3,1,1,2,3,1,1,3,3,3,2,15
2,1,1,1,1,1,1,2,3,1,1,1,3,3,2,38
NA,NA,NA,NA,NA,NA,NA,NA,NA,NA,NA,NA,NA,0,2,72
NA,NA,NA,NA,NA,NA,NA,NA,NA,NA,NA,NA,NA,0,2,62
2,2,2,2,NA,2,2,1,1,2,2,2,1,2,2,66
NA,NA,NA,NA,NA,NA,NA,NA,NA,NA,NA,NA,NA,2,2,45
2,1,1,1,1,NA,NA,4,4,2,2,2,3,0,2,66
1,1,1,1,1,1,1,3,3,2,1,3,3,6,2,16
1,2,1,2,NA,2,1,2,2,2,2,2,1,2,2,49
NA,NA,NA,NA,NA,NA,NA,NA,NA,NA,NA,NA,NA,0,1,86
2,1,2,2,NA,2,2,4,4,2,1,3,3,10,2,57
2,2,2,2,NA,2,2,2,3,2,1,3,3,8,1,64
2,1,1,1,1,1,1,2,2,2,1,1,3,2,2,12
2,2,2,1,3,2,1,1,2,2,2,2,1,2,2,54
2,2,2,1,1,1,1,2,3,2,1,1,3,3,2,30
2,1,2,2,NA,2,2,NA,NA,NA,NA,NA,NA,3,2,40
2,1,2,2,NA,1,1,3,3,2,1,3,3,3,2,33
2,2,2,2,NA,2,2,4,3,2,1,1,3,3,2,15
1,1,1,1,3,1,1,3,4,2,1,2,3,6,2,21
1,2,2,2,NA,2,1,3,3,2,1,2,3,3,2,39
2,2,2,2,NA,2,2,2,1,2,2,2,1,2,1,62
NA,NA,NA,NA,NA,NA,NA,NA,NA,NA,NA,NA,NA,2,1,68
1,2,2,1,2,2,2,2,3,2,1,1,3,10,2,47
2,2,2,1,1,2,2,3,3,2,1,2,3,8,2,35
2,1,1,1,1,2,2,NA,NA,NA,NA,NA,NA,2,2,62
2,1,2,1,1,1,1,3,3,2,2,2,3,2,1,63
2,1,2,2,NA,2,2,NA,NA,NA,NA,NA,NA,6,2,62
1,1,2,1,1,1,2,3,3,2,1,3,3,6,1,80
2,1,2,2,NA,2,2,2,1,1,1,3,3,8,1,66
NA,NA,NA,NA,NA,NA,NA,NA,NA,NA,NA,NA,NA,0,1,42
2,2,2,2,NA,1,2,2,4,2,2,3,1,3,2,21
2,2,2,1,2,1,1,3,2,2,1,2,3,6,2,32
2,1,2,1,1,1,1,2,2,2,1,3,3,8,2,20
2,1,1,2,NA,1,1,2,1,2,1,2,3,8,2,64
1,2,2,1,1,1,1,3,4,2,2,2,3,8,2,33
2,1,1,1,2,2,2,NA,NA,NA,NA,NA,NA,6,2,39
1,1,1,1,1,1,1,3,3,1,1,1,3,6,2,33
2,1,1,1,1,2,2,3,2,1,1,3,3,6,2,28
2,2,2,2,NA,1,1,4,3,2,1,3,3,6,2,29
1,1,1,1,5,1,2,3,4,2,1,1,3,8,1,48
1,1,1,1,3,1,1,3,4,2,1,1,3,8,1,50
2,1,2,1,5,2,2,2,3,2,1,2,3,10,2,47
2,2,2,1,1,1,2,2,3,2,1,1,3,6,1,19
2,2,2,2,NA,2,9,2,2,1,1,2,3,2,2,72
2,1,1,1,1,2,2,3,4,2,1,2,3,2,1,46
2,1,1,1,1,2,1,2,2,2,2,1,3,2,2,54
1,1,1,1,2,1,1,3,3,1,1,2,3,8,1,26
2,1,2,1,1,1,1,NA,NA,NA,NA,NA,NA,6,2,68
2,1,2,2,NA,1,1,2,3,2,2,2,3,6,1,53
2,1,2,1,1,2,1,3,4,2,1,2,3,2,1,84
2,2,2,2,NA,2,2,3,2,2,1,1,1,6,2,25
2,2,2,2,NA,2,2,2,2,2,1,3,1,6,1,27
2,2,2,1,1,1,2,2,3,2,2,1,3,8,2,40
2,1,1,2,NA,1,9,3,3,2,2,2,3,3,2,17
2,2,2,1,1,2,1,4,3,2,1,1,3,3,1,48
2,2,2,2,NA,2,2,NA,NA,NA,NA,NA,NA,2,2,76
2,1,1,1,2,2,2,2,3,1,1,2,3,8,2,37
2,2,2,2,NA,1,2,2,2,2,2,2,3,2,1,85
2,1,2,2,NA,2,9,2,3,2,2,3,3,6,2,59
2,2,1,2,NA,2,2,2,2,2,2,2,3,3,1,56
1,1,1,1,2,2,1,2,1,2,2,2,3,6,2,39
2,1,2,1,1,1,1,2,4,2,1,3,3,6,1,65
2,1,1,1,1,2,1,3,4,1,1,1,3,8,1,76
2,2,2,1,1,9,2,3,3,2,1,2,3,8,1,51
1,1,1,1,2,1,1,3,3,2,1,2,3,8,2,32
2,2,2,1,1,1,2,3,3,1,1,1,3,8,2,61
2,2,2,2,NA,2,2,NA,NA,NA,NA,NA,NA,6,1,67
1,1,1,1,1,1,1,3,3,1,1,2,3,8,2,50
2,2,2,1,1,2,1,NA,NA,NA,NA,NA,NA,2,2,46
2,1,2,1,1,1,1,2,2,2,1,1,3,3,1,28
1,1,2,1,2,9,1,3,2,2,1,1,3,6,1,32
1,1,2,1,1,1,2,2,2,2,1,3,3,7,2,53
2,2,2,1,1,1,1,3,3,2,1,1,3,8,1,33
1,2,2,1,1,1,1,2,3,2,1,3,3,6,1,33
2,2,1,1,3,1,2,3,3,2,1,1,3,8,1,21
1,1,1,1,2,1,1,2,2,2,1,2,1,8,2,36
1,1,1,1,5,1,2,2,3,2,1,3,3,8,2,22
2,2,2,1,1,1,1,2,4,1,1,1,3,6,1,54
2,2,2,2,NA,9,9,NA,NA,NA,NA,NA,NA,2,2,82
1,1,1,1,4,1,1,2,3,2,1,2,3,6,2,49
2,1,1,1,1,1,2,3,4,2,1,3,3,8,1,34
1,1,1,1,1,2,1,2,3,1,1,3,3,8,2,52
2,2,2,2,NA,1,1,2,3,2,2,1,3,2,1,34
1,1,1,1,1,1,1,2,2,2,1,3,1,6,2,17
2,1,2,1,2,1,1,2,3,1,1,1,3,8,2,50
2,2,2,1,1,9,1,NA,NA,NA,NA,NA,NA,8,1,63
2,1,1,2,NA,1,1,NA,NA,NA,NA,NA,NA,5,2,90
1,1,1,1,3,1,1,4,3,2,1,2,3,10,2,49
1,1,2,1,1,1,1,2,3,1,2,2,3,8,2,70
NA,NA,NA,NA,NA,NA,NA,NA,NA,NA,NA,NA,NA,2,2,90
1,1,1,1,2,2,1,3,3,1,1,2,1,8,1,48
1,1,1,1,2,1,1,2,3,1,1,1,3,3,2,76
2,2,2,2,NA,1,2,1,2,2,1,2,1,3,2,81
1,2,1,1,1,2,2,2,4,2,1,2,1,8,2,26
2,1,1,2,NA,1,1,NA,NA,NA,NA,NA,NA,3,1,38
1,2,1,1,2,1,1,3,3,2,1,2,3,6,1,21
2,1,1,2,NA,1,1,3,3,2,1,3,3,8,2,20
2,2,2,2,NA,2,2,4,3,2,2,3,3,5,2,71
2,1,2,1,5,2,2,4,4,2,2,2,3,8,1,54
2,2,2,1,2,1,2,2,2,1,1,2,3,6,2,43
1,1,1,1,2,1,1,4,4,1,2,1,3,2,1,13
1,2,1,1,4,1,2,3,4,2,1,2,3,8,2,63
1,2,2,1,1,1,1,3,3,1,1,2,3,9,2,33
2,2,1,1,1,1,1,2,3,1,2,2,3,3,1,42
2,2,1,2,NA,2,2,2,2,2,2,3,3,6,2,16
2,1,1,2,NA,1,1,3,4,2,1,2,3,5,1,39
2,2,1,1,1,1,2,3,2,2,1,3,1,3,1,13
2,2,2,1,1,2,2,4,2,2,2,2,1,8,2,35
2,1,2,1,2,2,2,2,2,2,1,2,3,6,1,59
2,2,2,2,NA,2,2,NA,NA,NA,NA,NA,NA,3,2,40
2,2,2,2,NA,2,2,2,3,2,1,3,3,6,1,26
1,1,1,1,1,2,1,3,3,2,1,1,3,3,1,15
2,2,2,2,NA,1,2,3,3,2,2,1,3,6,1,26
2,2,1,1,1,2,2,NA,NA,NA,NA,NA,NA,3,1,21
2,1,1,2,NA,2,1,2,2,2,1,1,3,3,2,23
2,1,1,1,5,1,2,3,3,2,1,3,3,8,2,32
1,1,1,2,NA,1,1,NA,NA,NA,NA,NA,NA,3,1,52
1,2,2,1,1,1,1,NA,NA,NA,NA,NA,NA,3,2,46
2,2,2,2,NA,2,2,NA,NA,NA,NA,NA,NA,2,2,84
1,2,2,1,1,2,1,NA,NA,NA,NA,NA,NA,3,1,35
2,2,1,1,1,1,1,NA,NA,NA,NA,NA,NA,3,2,16
1,2,2,1,1,2,1,2,1,2,2,2,3,2,1,35
2,2,2,2,NA,2,1,2,2,2,1,1,3,2,1,12
2,2,2,2,NA,2,1,NA,NA,NA,NA,NA,NA,2,2,64
1,2,1,1,1,1,1,3,3,2,1,3,3,6,2,27
NA,NA,NA,NA,NA,NA,NA,NA,NA,NA,NA,NA,NA,0,1,53
1,1,1,1,5,1,1,1,4,1,1,3,3,8,1,60
1,1,1,1,3,1,1,3,3,2,1,2,3,6,2,43
1,1,1,1,1,1,1,2,3,2,1,2,3,7,2,32
1,1,1,1,1,1,2,2,3,2,1,2,3,7,1,25
1,2,2,2,NA,1,1,2,1,2,2,3,3,3,2,26
2,1,1,1,1,2,1,2,3,2,2,3,3,2,2,57
2,2,2,2,NA,1,1,NA,NA,NA,NA,NA,NA,2,1,27
2,2,2,1,1,1,2,3,3,2,1,2,3,3,1,31
2,1,2,1,1,1,1,2,2,2,1,1,3,2,1,16
2,2,1,1,1,9,2,2,2,2,1,1,1,6,1,21
1,1,2,1,1,1,1,2,2,2,1,3,1,6,2,46
2,2,2,2,NA,1,2,NA,NA,NA,NA,NA,NA,8,2,42
NA,NA,NA,NA,NA,NA,NA,NA,NA,NA,NA,NA,NA,0,2,27
2,1,1,1,1,2,1,2,3,1,1,3,3,5,2,49
2,2,2,1,1,1,1,2,3,2,1,3,3,6,1,17
1,2,2,1,1,1,1,4,4,1,2,2,3,7,2,44
1,2,2,1,2,1,2,3,4,2,1,2,3,8,1,20
2,2,2,2,NA,2,1,3,4,2,1,2,3,6,1,49
1,2,2,2,NA,2,2,2,2,2,1,2,3,3,2,43
2,2,2,2,NA,1,1,3,3,2,1,1,3,6,1,21
2,1,2,2,NA,1,2,NA,NA,NA,NA,NA,NA,6,2,41
1,1,1,1,5,1,1,4,4,2,1,2,3,6,2,32
2,2,2,2,NA,1,2,NA,NA,NA,NA,NA,NA,3,2,41
1,1,1,1,1,1,1,2,2,2,1,1,1,3,2,36
2,2,2,1,1,2,2,NA,NA,NA,NA,NA,NA,2,2,50
2,2,2,2,NA,2,2,2,3,2,1,1,3,3,1,22
2,2,2,1,1,1,2,1,2,2,1,3,1,2,1,22
2,2,2,1,1,1,1,4,4,2,1,2,3,6,2,24
2,2,2,1,1,1,1,2,4,2,1,1,3,2,2,24
2,2,1,2,NA,1,1,2,3,1,1,2,3,2,1,62
2,2,2,1,1,2,2,2,2,2,1,1,1,3,2,15
2,2,2,2,NA,1,1,NA,NA,NA,NA,NA,NA,3,2,40
1,1,1,1,1,1,1,2,3,2,1,2,3,6,2,45
2,2,2,2,NA,1,1,1,3,1,2,1,3,2,1,64
2,2,2,1,1,2,1,4,3,2,1,2,3,6,1,16
2,2,2,2,NA,2,2,2,3,2,1,2,3,3,1,48
2,2,2,1,2,2,1,2,3,2,1,2,3,3,2,57
2,2,2,2,NA,9,9,NA,NA,NA,NA,NA,NA,2,1,44
2,2,2,2,NA,2,2,2,1,2,2,3,3,2,2,63
1,1,1,1,1,1,2,2,1,2,2,1,3,6,1,23
2,2,1,2,NA,2,2,2,3,2,1,2,3,7,1,34
2,2,2,2,NA,9,2,NA,NA,NA,NA,NA,NA,2,2,67
1,1,1,1,1,2,1,NA,NA,NA,NA,NA,NA,5,2,54
1,1,2,1,1,1,1,2,3,2,1,2,3,6,1,59
1,1,1,1,1,1,1,1,1,2,2,2,3,6,2,27
1,1,1,1,1,2,1,4,3,2,1,1,3,6,1,34
2,2,2,2,NA,9,9,1,3,2,1,1,1,2,1,72
2,2,2,2,NA,1,1,2,2,2,2,3,3,2,2,62
1,1,1,1,3,2,1,3,3,2,1,3,3,10,2,36
1,1,1,1,1,1,1,3,3,2,2,2,3,8,2,38
1,2,2,1,1,2,1,4,4,2,1,2,3,3,1,52
2,1,1,2,NA,2,1,NA,NA,NA,NA,NA,NA,2,2,69
1,2,2,1,1,1,1,2,3,1,1,3,3,3,2,36
1,2,1,1,2,2,1,2,3,2,1,2,3,3,1,20
1,1,1,1,1,9,2,3,3,1,1,3,3,8,2,22
1,2,2,2,NA,2,2,NA,NA,NA,NA,NA,NA,2,1,74
NA,NA,NA,NA,NA,NA,NA,NA,NA,NA,NA,NA,NA,2,1,65
2,1,2,2,NA,1,1,NA,NA,NA,NA,NA,NA,2,2,46
2,1,2,2,NA,2,2,NA,NA,NA,NA,NA,NA,2,2,68
2,1,1,2,NA,1,1,NA,NA,NA,NA,NA,NA,2,1,75
2,1,2,1,1,2,2,2,4,2,1,2,3,6,2,41
2,2,2,2,NA,2,2,2,3,2,1,2,3,6,1,31
2,2,2,2,NA,2,2,NA,NA,NA,NA,NA,NA,2,2,54
2,1,1,1,1,1,1,2,3,2,2,1,3,3,1,15
2,2,2,2,NA,1,1,NA,NA,NA,NA,NA,NA,3,1,29
1,1,1,2,NA,1,1,2,2,1,1,2,3,3,2,56
2,1,1,1,1,2,1,4,3,1,2,3,3,2,2,12
2,1,1,1,1,2,1,2,2,2,2,1,3,2,2,13
1,1,1,1,1,1,1,2,2,1,1,1,3,3,1,58
1,1,1,1,1,2,1,1,4,1,1,1,3,3,1,31
2,1,2,1,1,2,2,4,3,2,1,1,3,8,1,22
2,2,2,2,NA,1,2,NA,NA,NA,NA,NA,NA,3,2,26
2,1,1,1,2,2,2,2,3,2,1,1,3,3,1,14
2,1,1,1,1,1,1,3,3,2,1,2,3,3,2,16
2,2,2,2,NA,2,2,NA,NA,NA,NA,NA,NA,2,2,72
2,2,2,1,1,2,2,2,3,2,2,2,1,6,1,24
2,1,2,1,1,9,1,NA,NA,NA,NA,NA,NA,2,1,58
2,2,2,2,NA,2,2,3,2,2,1,3,3,6,2,21
2,1,2,2,NA,2,2,NA,NA,NA,NA,NA,NA,2,2,60
1,1,1,1,5,2,2,4,4,2,1,2,3,8,2,42
2,1,2,1,2,9,1,2,4,2,1,2,3,8,1,76
2,2,1,1,1,1,1,2,2,2,1,3,1,3,1,23
2,1,2,2,NA,2,2,NA,NA,NA,NA,NA,NA,2,2,70
1,1,1,2,NA,1,1,2,2,2,2,3,3,6,2,71
2,1,1,1,1,1,1,3,3,2,1,1,3,6,1,16
2,2,1,1,1,2,2,NA,NA,NA,NA,NA,NA,3,1,34
2,2,2,2,NA,2,1,3,3,2,1,3,3,7,2,58
2,2,2,2,NA,1,1,1,2,2,2,1,3,2,1,78
1,1,1,1,1,2,1,NA,NA,NA,NA,NA,NA,6,2,35
2,2,2,2,NA,2,1,NA,NA,NA,NA,NA,NA,2,2,60
1,1,1,1,5,1,1,4,4,2,2,2,3,11,2,57
2,2,2,1,1,2,2,2,4,1,1,2,3,7,2,52
1,1,1,1,1,1,1,3,4,2,1,1,3,8,2,29
1,1,1,1,3,1,1,2,3,1,1,1,3,8,1,42
1,1,1,1,3,2,1,NA,NA,NA,NA,NA,NA,3,2,52
2,2,2,2,NA,1,1,NA,NA,NA,NA,NA,NA,2,1,49
2,1,2,2,NA,1,2,2,3,2,1,1,3,10,2,35
2,2,2,1,5,1,2,3,3,2,1,3,3,8,1,27
2,2,2,1,1,2,2,3,3,2,1,2,3,8,1,39
2,1,2,1,3,2,2,1,2,2,1,3,1,3,1,32
2,2,2,2,NA,2,1,NA,NA,NA,NA,NA,NA,6,2,65
2,1,1,1,1,1,2,3,3,2,1,1,3,8,1,27
1,1,2,1,1,2,1,3,3,2,1,1,3,6,2,54
2,1,1,1,5,2,2,3,4,2,1,1,3,8,1,32
1,1,1,1,5,1,1,3,3,1,1,1,3,8,2,36
2,2,2,2,NA,2,1,NA,NA,NA,NA,NA,NA,3,2,28
2,2,2,1,1,1,2,2,4,1,1,2,3,3,1,14
1,1,1,1,5,1,2,2,3,2,1,2,3,6,2,47
2,2,2,1,2,2,2,1,4,2,1,1,3,8,2,51
2,2,2,1,1,1,2,3,3,2,1,1,3,3,2,27
1,2,2,2,NA,1,2,3,3,2,1,3,3,3,2,54
2,1,1,2,NA,1,2,NA,NA,NA,NA,NA,NA,3,2,26
2,1,2,1,2,2,2,2,1,2,1,2,1,3,1,51
2,2,2,1,1,1,1,2,2,2,2,3,1,2,1,17
1,2,2,1,1,1,2,4,3,2,1,2,3,7,2,40
2,1,2,1,3,2,9,2,3,2,1,1,3,8,2,47
2,1,1,1,2,2,2,2,3,2,1,3,1,7,2,65
2,1,1,1,5,1,1,3,3,1,1,1,3,9,2,31
1,1,1,1,3,1,1,2,3,2,1,1,3,8,1,25
2,1,1,1,1,1,1,2,2,1,1,1,1,8,1,74
2,1,1,1,1,1,1,2,3,2,1,2,3,6,1,26
1,1,2,1,1,2,2,3,3,2,1,2,3,8,1,46
2,2,1,2,NA,1,2,1,1,2,1,2,3,99,1,24
2,2,2,1,1,2,2,2,4,2,2,1,1,2,1,41
1,1,2,1,3,1,1,4,4,2,1,3,3,10,2,26
2,1,1,1,2,2,2,3,3,2,1,3,3,10,2,58
1,2,2,1,5,1,1,2,3,1,2,1,3,8,2,39
2,2,2,1,2,1,1,1,1,2,2,3,1,3,1,28
2,2,2,1,1,1,1,4,3,1,1,2,3,6,1,35
2,2,1,1,1,2,2,1,1,2,2,1,1,2,2,78
2,1,1,2,NA,2,2,1,1,2,2,2,3,2,2,74
1,1,1,1,1,1,1,4,3,2,1,3,2,7,1,23
2,1,1,1,9,2,2,1,4,2,1,3,3,3,2,54
2,2,2,2,NA,1,1,3,4,2,1,2,3,8,2,70
1,1,1,1,5,1,1,2,3,2,1,3,3,8,1,40
2,2,2,1,5,1,2,2,3,2,2,2,3,10,2,31
1,1,1,1,1,1,1,1,1,2,1,3,1,8,1,64
2,2,2,2,NA,1,9,2,3,2,1,1,3,8,2,55
2,1,2,1,2,1,1,2,3,2,1,1,3,3,2,48
2,2,2,1,1,1,2,NA,NA,NA,NA,NA,NA,3,1,70
2,2,2,2,NA,1,2,1,1,2,2,2,1,2,2,13
2,1,2,1,1,2,9,1,3,2,2,2,3,2,2,70
2,1,1,1,2,1,1,3,2,2,1,1,3,8,2,47
2,2,2,1,1,1,1,1,3,2,1,2,3,3,1,68
1,2,1,1,1,1,1,4,3,2,1,2,2,5,1,20
1,2,2,2,NA,1,1,2,3,2,1,1,3,3,2,40
1,2,2,1,1,2,1,NA,NA,NA,NA,NA,NA,2,2,43
1,2,1,1,1,1,1,2,2,2,1,3,3,6,1,23
2,1,2,1,1,1,1,4,3,2,1,2,3,8,1,55
2,1,2,1,1,2,2,3,1,1,2,2,3,2,1,51
2,2,2,2,NA,1,1,4,2,2,1,3,3,6,2,34
2,2,2,2,NA,1,2,4,3,1,2,2,3,2,1,12
2,1,1,1,1,2,1,NA,NA,NA,NA,NA,NA,99,1,36
2,1,1,1,1,2,2,1,1,2,2,3,1,3,2,52
1,2,2,1,1,1,1,2,3,2,1,1,3,8,2,42
NA,NA,NA,NA,NA,NA,NA,NA,NA,NA,NA,NA,NA,0,2,72
2,2,2,2,NA,2,1,NA,NA,NA,NA,NA,NA,2,1,78
2,2,2,1,1,2,2,1,2,2,2,1,1,2,2,77
NA,NA,NA,NA,NA,NA,NA,NA,NA,NA,NA,NA,NA,0,2,62
NA,NA,NA,NA,NA,NA,NA,NA,NA,NA,NA,NA,NA,0,1,88
2,2,2,2,NA,2,2,NA,NA,NA,NA,NA,NA,3,2,49
2,1,2,1,1,1,1,2,3,2,1,3,1,6,2,16
2,2,2,2,NA,1,1,NA,NA,NA,NA,NA,NA,2,2,72
2,2,2,1,9,2,2,NA,NA,NA,NA,NA,NA,2,1,50
2,2,2,2,NA,1,2,1,2,2,2,1,3,2,1,13
2,1,1,1,1,2,2,NA,NA,NA,NA,NA,NA,2,1,74
NA,NA,NA,NA,NA,NA,NA,NA,NA,NA,NA,NA,NA,2,2,71
2,2,2,2,NA,1,2,3,3,2,1,3,2,2,1,17
2,2,2,2,NA,2,2,1,1,2,2,3,1,2,1,75
1,1,1,1,2,1,1,2,3,2,1,2,3,6,1,36
2,1,2,2,NA,1,2,2,2,2,1,2,3,8,1,38
2,2,2,2,NA,1,2,NA,NA,NA,NA,NA,NA,2,2,69
2,1,1,2,NA,1,2,1,4,2,2,2,3,2,2,74
2,1,1,1,1,9,9,NA,NA,NA,NA,NA,NA,2,1,72
NA,NA,NA,NA,NA,NA,NA,NA,NA,NA,NA,NA,NA,0,2,54
2,1,2,1,1,2,1,2,3,2,1,1,3,3,2,13
2,2,2,2,NA,2,1,2,3,1,2,2,3,6,1,36
2,1,2,1,1,1,1,3,4,2,1,3,3,6,1,16
2,2,2,2,NA,1,2,1,1,2,1,2,1,6,1,26
2,2,2,2,NA,1,1,3,3,2,1,2,3,3,1,15
2,2,2,1,1,1,1,2,3,2,1,1,3,2,2,55
2,1,2,1,1,1,1,2,3,2,1,3,3,6,1,44
2,1,2,2,NA,1,1,2,1,2,1,1,3,3,2,47
2,2,2,2,NA,1,2,3,4,2,2,2,3,3,2,51
1,2,2,2,NA,1,1,2,2,2,2,3,1,6,2,40
2,2,2,2,NA,9,9,4,4,2,2,2,3,6,1,28
2,1,1,1,3,1,2,3,4,1,2,2,3,8,1,28
2,1,1,1,1,1,2,2,3,2,1,1,3,8,2,24
1,1,1,1,2,9,1,2,3,2,1,3,3,6,2,21
2,1,1,1,1,2,2,4,4,2,1,1,3,8,2,28
1,2,2,2,NA,1,1,2,3,2,1,3,3,6,1,45
1,1,1,1,1,1,1,1,3,2,1,3,1,3,1,18
2,2,2,2,NA,9,9,NA,NA,NA,NA,NA,NA,3,1,51
2,1,2,1,1,1,1,2,3,1,1,2,3,6,2,19
1,1,1,1,1,1,1,2,2,2,1,3,1,8,2,25
2,1,2,1,1,2,2,2,3,2,1,2,3,6,1,40
2,1,1,1,1,1,2,2,3,2,1,2,3,3,1,14
NA,NA,NA,NA,NA,NA,NA,NA,NA,NA,NA,NA,NA,0,2,81
2,2,2,2,NA,NA,NA,1,1,2,2,1,3,0,2,64
1,2,1,1,1,1,1,2,3,2,1,3,3,8,1,23
2,2,2,2,NA,2,2,NA,NA,NA,NA,NA,NA,2,2,68
1,1,1,1,1,1,2,2,1,1,2,3,3,8,1,38
2,1,1,1,2,2,1,4,3,2,1,3,3,6,1,57
2,1,2,1,1,1,1,4,4,2,1,1,3,8,1,41
2,2,2,2,NA,1,1,NA,NA,NA,NA,NA,NA,6,1,56
2,2,2,1,1,1,2,NA,NA,NA,NA,NA,NA,3,2,16
1,2,1,1,1,1,1,2,3,2,1,1,3,3,1,15
1,2,1,1,1,1,1,NA,NA,NA,NA,NA,NA,6,2,34
1,1,1,1,5,2,2,3,3,1,1,2,3,8,1,19
1,1,2,1,1,1,9,2,3,2,1,1,3,8,1,32
2,2,2,1,1,1,1,1,3,2,1,2,3,3,1,44
2,2,2,2,NA,2,2,1,1,1,2,3,1,3,2,78
2,1,1,1,1,1,1,NA,NA,NA,NA,NA,NA,2,1,12
2,1,1,1,3,2,2,3,3,1,1,3,3,8,1,45
1,1,1,1,1,1,1,3,4,2,1,3,3,8,2,31
2,2,2,1,1,1,1,2,3,2,1,2,3,8,1,23
2,2,2,1,2,1,2,1,2,2,2,3,1,9,1,76
2,1,1,1,2,2,2,2,3,2,1,2,1,8,1,37
1,1,1,1,1,1,1,3,3,2,1,2,3,6,2,32
1,1,2,1,2,9,1,2,3,2,1,3,3,8,2,43
NA,NA,NA,NA,NA,NA,NA,NA,NA,NA,NA,NA,NA,0,2,67
2,1,1,1,1,2,2,3,1,1,1,2,3,2,2,71
1,1,1,1,2,1,2,3,4,2,1,1,3,8,2,28
2,2,2,2,NA,9,2,2,2,2,2,2,3,2,2,79
1,1,2,1,3,1,1,4,3,2,1,1,3,8,1,28
2,2,1,2,NA,2,2,3,2,2,1,1,3,3,1,13
2,2,2,2,NA,1,2,2,3,2,2,2,3,3,2,56
2,1,1,1,1,1,1,3,3,1,1,2,3,8,2,65
1,1,2,2,NA,1,1,3,3,2,1,2,3,6,1,45
2,2,1,1,1,1,2,2,2,1,1,3,3,8,2,20
2,2,2,2,NA,1,2,NA,NA,NA,NA,NA,NA,3,1,60
2,2,2,2,NA,2,2,2,3,2,1,2,3,6,1,58
1,1,2,2,NA,1,1,2,3,2,1,3,3,6,2,20
1,1,1,1,1,1,1,NA,NA,NA,NA,NA,NA,3,2,50
2,1,1,1,1,1,1,1,1,2,2,1,3,3,2,63
2,2,2,1,1,1,2,3,4,2,1,1,3,3,2,13
2,2,2,2,NA,2,2,1,1,2,2,2,1,3,2,68
2,2,2,1,1,2,2,2,2,2,1,3,3,8,2,33
2,2,2,2,NA,1,1,2,4,2,1,2,3,6,1,41
1,1,1,1,2,1,1,4,3,2,1,1,3,8,2,34
2,2,2,2,NA,1,2,1,1,2,2,2,1,5,2,66
2,1,2,1,1,2,2,2,2,2,1,2,1,3,1,56
2,2,1,1,4,1,1,NA,NA,NA,NA,NA,NA,3,1,46
2,2,2,1,1,NA,NA,NA,NA,NA,NA,NA,NA,0,1,46
2,2,2,1,1,2,1,2,2,2,2,3,1,2,1,12
2,2,2,1,1,1,1,2,3,2,2,2,3,8,2,35
2,2,2,2,NA,2,2,3,3,2,2,2,3,3,2,58
1,1,1,1,1,9,1,4,3,2,1,2,3,8,1,62
2,2,2,2,NA,2,2,NA,NA,NA,NA,NA,NA,2,2,44
1,1,1,1,4,2,2,3,3,2,1,2,3,10,1,57
1,1,1,1,1,1,1,2,2,2,1,2,1,8,2,50
2,1,1,1,1,1,1,2,4,2,2,2,3,6,1,27
1,1,1,1,2,1,1,2,3,2,1,3,1,3,2,17
2,2,2,1,1,1,1,4,4,2,2,3,3,8,2,33
2,2,2,2,NA,2,2,NA,NA,NA,NA,NA,NA,2,1,72
2,2,2,2,NA,2,2,NA,NA,NA,NA,NA,NA,2,2,68
2,2,2,2,NA,2,2,1,3,2,2,2,3,2,2,63
2,2,2,2,NA,2,2,NA,NA,NA,NA,NA,NA,3,1,62
NA,NA,NA,NA,NA,NA,NA,NA,NA,NA,NA,NA,NA,0,1,59
2,2,1,1,1,1,1,3,4,2,1,3,3,6,1,16
NA,NA,NA,NA,NA,NA,NA,NA,NA,NA,NA,NA,NA,2,2,46
1,1,2,1,1,1,1,3,3,2,2,3,1,6,1,19
2,2,2,1,1,1,1,NA,NA,NA,NA,NA,NA,7,2,49
1,1,1,1,1,1,1,3,3,2,1,1,3,7,2,28
2,2,1,1,1,2,2,3,3,2,1,3,3,8,1,71
1,1,1,1,2,1,1,2,3,1,2,3,3,6,2,20
2,2,2,2,NA,1,1,NA,NA,NA,NA,NA,NA,2,1,50
2,2,1,1,1,1,1,2,3,2,1,1,3,6,1,16
2,2,2,1,1,1,1,2,1,2,1,1,3,6,2,18
2,2,2,2,NA,1,2,1,3,2,1,1,3,3,1,42
2,1,1,1,1,1,1,3,3,1,2,1,3,8,1,40
2,2,2,2,NA,2,1,2,2,2,1,2,1,3,1,46
1,2,2,1,1,1,1,2,2,1,2,3,1,8,2,54
1,2,2,1,1,1,1,3,3,2,1,1,3,7,2,54
2,2,2,2,NA,2,2,3,2,1,1,2,3,2,1,76
2,1,1,1,1,1,1,2,3,2,1,2,3,6,1,55
2,2,2,2,NA,2,1,2,2,2,1,2,3,2,1,74
2,1,1,1,1,1,1,2,2,2,1,3,3,3,1,50
2,2,2,2,NA,2,2,2,4,2,2,2,3,6,2,50
2,2,2,1,1,1,1,1,3,2,1,3,1,6,1,27
2,1,2,2,NA,1,1,NA,NA,NA,NA,NA,NA,3,1,65
2,2,2,2,NA,1,2,NA,NA,NA,NA,NA,NA,2,1,62
1,1,2,1,2,1,1,4,4,2,1,3,3,3,2,22
2,2,2,2,NA,1,2,2,2,2,2,2,3,2,2,75
2,2,2,2,NA,2,2,2,1,1,2,2,1,2,2,61
2,2,2,1,1,9,9,3,3,1,1,2,3,8,1,40
2,2,1,1,1,1,1,3,3,1,1,2,2,8,1,38
2,1,2,1,1,2,2,2,1,2,1,3,3,8,2,45
1,1,1,1,1,2,1,4,4,2,1,1,3,3,2,29
2,1,1,1,1,1,9,1,1,1,1,3,3,8,1,61
2,1,2,1,1,1,9,2,3,2,1,3,3,8,2,43
2,2,2,2,NA,2,2,NA,NA,NA,NA,NA,NA,3,1,48
2,2,2,2,NA,2,2,2,3,2,1,3,3,8,1,46
2,1,1,1,1,1,1,2,3,2,1,3,3,10,2,67
2,2,2,2,NA,2,2,3,3,1,1,2,3,8,1,60
2,1,2,1,1,1,1,2,1,1,1,1,3,8,1,28
2,2,1,1,1,2,2,3,4,2,1,3,3,8,2,30
2,1,1,2,NA,1,2,2,2,2,1,3,3,3,2,34
2,2,2,2,NA,1,2,2,2,2,1,2,3,3,1,16
2,2,2,2,NA,1,1,NA,NA,NA,NA,NA,NA,3,1,57
2,1,1,1,4,1,1,3,2,2,1,2,1,3,1,21
1,2,1,1,2,1,1,4,3,1,1,3,3,3,2,22
2,1,2,2,NA,2,9,2,3,2,2,1,3,3,1,13
2,1,1,1,2,1,1,2,3,2,1,2,3,8,2,22
2,1,2,1,2,9,1,2,3,2,2,2,3,3,1,34
2,2,2,1,2,1,9,4,4,1,1,2,3,8,1,46
2,2,2,1,3,1,1,3,4,1,1,1,3,8,2,31
1,2,2,1,1,1,1,4,3,2,2,3,3,8,2,42
2,2,2,1,9,1,1,NA,NA,NA,NA,NA,NA,5,2,60
2,1,2,1,1,2,9,NA,NA,NA,NA,NA,NA,2,1,52
1,2,1,2,NA,1,1,NA,NA,NA,NA,NA,NA,2,2,46
1,1,1,1,1,2,1,3,4,2,1,1,3,3,1,49
2,1,1,1,2,1,1,2,3,2,1,2,1,3,1,15
1,2,2,1,1,1,1,3,2,2,1,2,3,6,2,16
1,2,2,1,1,2,1,3,3,2,1,3,3,8,2,53
1,1,1,1,2,1,1,2,4,2,1,2,3,3,2,29
1,1,1,1,1,1,1,2,3,1,1,3,3,6,1,54
1,2,1,1,1,1,1,2,3,2,1,2,3,3,2,27
2,2,2,2,NA,2,2,NA,NA,NA,NA,NA,NA,2,2,63
2,2,2,1,2,1,1,3,2,2,1,3,1,8,2,26
1,1,2,2,NA,1,1,3,3,1,1,1,3,6,2,62
2,1,1,2,NA,1,1,NA,NA,NA,NA,NA,NA,2,2,48
2,1,1,1,2,9,2,1,3,2,1,3,3,8,2,41
1,2,2,2,NA,1,1,NA,NA,NA,NA,NA,NA,5,2,66
2,1,2,2,NA,2,2,NA,NA,NA,NA,NA,NA,2,1,13
2,2,1,1,2,1,2,2,3,2,1,1,3,6,2,17
2,1,1,2,NA,1,2,2,4,1,1,2,3,2,1,50
1,1,2,2,NA,2,2,4,3,2,2,1,3,2,1,65
1,2,1,1,1,1,1,NA,NA,NA,NA,NA,NA,3,1,31
2,2,2,2,NA,1,1,1,1,2,2,3,3,2,2,60
1,2,2,1,1,1,1,2,3,2,2,2,3,3,1,42
1,1,2,1,1,1,1,2,3,2,1,2,3,6,2,34
1,1,1,1,5,1,1,3,3,2,1,3,3,6,1,16
2,2,2,2,NA,2,9,NA,NA,NA,NA,NA,NA,3,1,40
2,2,2,1,1,1,2,NA,NA,NA,NA,NA,NA,8,2,54
2,1,2,1,1,2,2,2,3,2,1,2,3,6,1,47
2,2,2,2,NA,2,2,NA,NA,NA,NA,NA,NA,2,1,88
2,2,2,2,NA,2,1,4,2,2,1,3,3,8,2,42
2,1,1,1,5,1,1,3,3,1,1,2,3,8,1,52
1,1,2,1,2,1,1,3,4,2,1,3,3,3,1,25
2,2,2,2,NA,2,2,2,3,2,1,3,3,2,1,68
2,1,1,1,2,1,2,3,3,2,1,1,1,2,1,12
1,1,1,1,9,2,1,3,3,1,1,2,3,8,2,35
2,2,2,2,NA,1,1,2,2,2,1,2,3,2,1,62
1,1,1,1,1,1,1,3,3,2,1,1,3,8,2,20
2,2,2,1,2,1,2,2,3,2,1,1,3,8,1,30
1,1,1,2,NA,1,1,3,4,2,1,1,3,8,1,68
2,2,2,2,NA,2,2,2,2,2,2,2,1,2,2,69
1,1,1,1,4,2,1,4,4,2,1,3,3,8,1,26
NA,NA,NA,NA,NA,NA,NA,NA,NA,NA,NA,NA,NA,2,1,65
1,1,2,1,1,2,2,3,4,1,1,2,3,6,1,32
NA,NA,NA,NA,NA,NA,NA,NA,NA,NA,NA,NA,NA,2,1,64
2,2,2,2,NA,2,2,2,3,2,1,3,3,6,2,26
2,2,2,2,NA,2,2,NA,NA,NA,NA,NA,NA,2,1,78
2,2,2,1,1,1,1,3,3,1,1,1,3,2,2,12
1,1,1,1,2,1,1,2,2,1,2,3,3,6,1,66
1,1,1,1,2,2,1,NA,NA,NA,NA,NA,NA,6,2,22
2,1,2,1,1,2,1,3,4,2,1,2,3,8,1,21
1,1,1,1,1,1,1,3,4,2,1,1,3,8,2,20
1,1,1,1,1,2,1,3,3,2,1,3,3,8,2,45
1,1,1,1,2,1,1,3,4,2,1,2,3,3,1,15
2,2,2,2,NA,2,2,NA,NA,NA,NA,NA,NA,3,2,54
2,2,2,2,NA,2,2,2,3,2,1,3,3,8,2,66
1,1,1,1,1,2,2,2,4,2,1,1,3,8,1,22
1,1,1,1,1,1,1,3,4,2,1,1,3,8,2,62
2,2,2,1,1,2,2,2,2,1,2,3,1,3,2,70
2,1,2,2,NA,2,2,4,3,2,1,2,1,3,2,54
2,2,2,2,NA,1,1,4,4,2,1,1,3,8,2,37
2,2,1,2,NA,1,1,3,3,2,1,2,3,8,2,27
1,1,2,1,1,2,1,2,2,2,1,2,3,3,1,62
2,2,1,2,NA,1,1,2,3,2,1,3,1,3,1,15
2,2,2,2,NA,2,2,NA,NA,NA,NA,NA,NA,2,2,78
2,2,2,2,NA,1,1,2,4,2,1,1,3,6,2,43
1,1,2,1,1,2,1,3,4,2,1,2,3,8,1,45
2,2,2,2,NA,2,2,2,2,1,2,2,3,2,2,75
1,1,1,1,4,1,1,3,3,1,1,2,3,3,2,67
1,1,1,1,2,1,1,4,3,2,1,3,3,8,2,24
NA,NA,NA,NA,NA,NA,NA,NA,NA,NA,NA,NA,NA,0,2,63
2,1,2,1,5,2,1,4,4,2,1,1,1,8,1,21
2,1,1,1,2,1,1,3,3,2,1,2,3,8,1,52
2,1,2,1,3,1,1,3,3,1,1,2,3,8,2,40
1,1,1,1,1,2,2,3,3,2,1,2,3,3,2,20
2,1,2,1,1,2,2,4,3,2,1,1,3,8,1,40
1,1,1,1,2,1,1,4,4,1,1,1,3,8,2,21
2,2,2,2,NA,9,9,2,2,2,2,1,1,2,1,50
2,1,1,1,2,1,1,2,3,2,1,3,3,7,1,35
1,1,1,1,1,1,1,2,3,2,2,1,3,3,1,34
2,2,2,2,NA,1,9,2,2,2,1,3,1,6,1,33
2,1,2,2,NA,1,2,NA,NA,NA,NA,NA,NA,3,1,56
2,1,1,1,1,1,1,2,3,2,2,2,3,3,2,46
2,2,2,2,NA,1,1,2,1,2,2,3,3,3,2,74
2,2,2,2,NA,2,2,NA,NA,NA,NA,NA,NA,3,1,56
2,2,2,2,NA,1,1,NA,NA,NA,NA,NA,NA,7,2,48
1,1,1,1,1,1,1,2,3,1,2,2,3,2,2,12
2,2,2,2,NA,1,1,3,3,2,1,3,3,11,2,38
2,2,2,2,NA,1,2,1,3,2,2,2,3,3,1,57
2,2,2,1,1,1,9,NA,NA,NA,NA,NA,NA,3,2,20
2,2,2,2,NA,2,2,2,4,2,2,2,3,2,2,22
2,1,1,1,1,1,1,2,2,2,2,2,3,3,2,17
2,2,2,2,NA,1,1,1,1,2,2,3,3,3,1,36
1,1,1,1,1,1,1,4,4,2,1,2,3,7,1,28
2,2,2,2,NA,2,2,NA,NA,NA,NA,NA,NA,8,2,60
2,2,2,2,NA,1,2,3,3,2,2,3,3,2,2,28
2,2,2,2,NA,2,2,3,2,2,1,2,3,6,2,16
NA,NA,NA,NA,NA,NA,NA,NA,NA,NA,NA,NA,NA,0,1,74
1,1,1,1,1,1,1,3,2,1,1,2,3,8,1,21
1,2,2,1,1,1,1,3,4,2,1,1,3,3,2,38
2,2,2,2,NA,2,9,3,1,2,1,2,3,2,1,51
1,1,1,1,1,1,1,3,3,2,2,2,1,8,1,32
2,2,2,2,NA,2,2,1,2,2,1,2,1,2,1,78
2,2,2,2,NA,1,9,NA,NA,NA,NA,NA,NA,3,2,69
2,2,2,1,1,1,2,NA,NA,NA,NA,NA,NA,6,1,20
2,2,2,2,NA,1,1,2,3,2,1,1,3,3,2,15
2,2,2,2,NA,9,1,2,3,1,1,1,3,8,2,34
2,1,2,2,NA,2,2,NA,NA,NA,NA,NA,NA,2,2,70
2,2,2,2,NA,2,2,3,4,2,1,2,3,8,1,57
2,1,2,1,1,2,1,3,3,2,1,2,3,3,2,46
2,2,2,1,1,1,1,2,2,1,1,1,1,3,1,14
NA,NA,NA,NA,NA,NA,NA,NA,NA,NA,NA,NA,NA,0,2,76
NA,NA,NA,NA,NA,NA,NA,NA,NA,NA,NA,NA,NA,0,2,81
2,2,2,1,1,2,2,3,3,1,1,1,1,8,1,20
1,1,1,1,1,1,1,2,3,1,1,1,3,6,1,38
2,2,2,2,NA,2,2,NA,NA,NA,NA,NA,NA,2,2,71
2,1,2,1,1,1,1,2,4,2,1,3,3,2,2,13
1,1,1,2,NA,1,1,2,4,2,1,2,3,3,2,37
2,2,2,2,NA,1,1,3,2,2,1,1,3,6,2,17
2,1,2,2,NA,NA,NA,1,4,2,1,1,1,0,1,29
2,1,1,1,1,9,1,1,2,2,1,3,3,3,1,43
2,2,2,2,NA,2,2,2,2,1,2,3,2,6,1,55
2,1,1,1,1,1,1,3,3,1,1,2,3,3,1,32
2,2,1,2,NA,1,1,2,3,1,1,2,1,3,2,40
2,1,1,1,2,1,1,2,4,2,1,2,3,8,2,22
2,2,2,2,NA,2,2,NA,NA,NA,NA,NA,NA,3,2,61
2,1,1,1,1,2,1,1,2,1,1,2,3,8,2,53
2,2,2,2,NA,1,1,2,4,2,1,2,3,3,2,33
2,2,2,2,NA,2,2,2,3,2,1,1,3,10,2,39
2,2,2,2,NA,2,9,NA,NA,NA,NA,NA,NA,2,1,64
2,2,2,2,NA,9,1,2,4,1,1,2,3,6,2,51
2,1,1,1,1,2,2,2,3,1,2,1,3,2,2,12
2,1,1,2,NA,2,2,3,3,2,1,1,3,8,2,28
2,1,2,1,2,2,2,2,4,2,1,3,3,5,2,72
1,2,2,1,5,1,1,4,3,1,1,3,3,10,2,28
2,2,2,2,NA,2,2,NA,NA,NA,NA,NA,NA,2,2,75
2,2,2,2,NA,2,2,NA,NA,NA,NA,NA,NA,2,2,95
2,2,2,2,NA,1,1,NA,NA,NA,NA,NA,NA,2,2,94
1,1,1,1,5,1,1,2,3,1,1,2,3,10,1,66
2,2,1,1,1,1,1,2,4,1,1,2,3,8,1,57
2,2,1,1,1,2,1,3,3,2,1,1,3,10,1,33
2,1,1,1,1,1,1,2,3,2,1,2,3,8,2,39
2,1,2,1,1,2,1,1,2,2,2,1,1,6,1,32
2,1,2,1,1,2,2,2,2,1,1,1,1,6,2,40
2,1,1,1,5,1,1,3,3,2,1,2,3,8,1,35
2,2,2,2,NA,1,1,3,3,2,1,2,3,3,1,54
1,1,1,1,2,2,2,4,3,1,1,1,3,8,1,64
1,1,1,1,1,1,1,4,4,2,1,1,3,8,2,77
2,1,1,1,1,2,1,2,3,2,1,2,3,6,2,22
1,2,1,1,5,1,2,2,3,2,1,3,3,8,2,63
2,1,1,1,2,1,9,2,4,2,1,2,3,7,1,25
2,1,2,1,2,2,2,1,3,2,1,2,3,10,2,66
1,1,1,1,1,9,2,2,1,1,1,3,3,5,2,64
2,2,2,2,NA,2,1,1,3,2,1,2,3,8,2,80
2,1,1,1,1,1,1,2,4,1,1,1,3,8,2,60
2,2,2,2,NA,1,9,NA,NA,NA,NA,NA,NA,2,2,59
2,1,1,1,1,1,1,4,4,2,1,2,3,3,2,24
2,1,1,1,2,2,2,3,3,2,1,2,3,6,1,16
2,2,2,2,NA,1,1,3,3,2,2,3,3,6,2,34
2,1,1,2,NA,1,2,NA,NA,NA,NA,NA,NA,2,2,77
2,2,1,1,1,2,2,2,1,2,2,3,3,2,2,31
2,1,1,2,NA,1,1,3,3,2,1,1,3,6,2,27
2,1,2,2,NA,1,1,2,2,2,2,1,3,2,2,34
2,1,1,1,2,2,1,3,4,2,2,3,3,2,2,70
NA,NA,NA,NA,NA,NA,NA,NA,NA,NA,NA,NA,NA,0,1,72
2,1,2,1,1,1,1,2,2,2,1,2,3,6,2,18
NA,NA,NA,NA,NA,NA,NA,NA,NA,NA,NA,NA,NA,0,2,66
1,2,1,2,NA,1,1,2,3,2,1,2,3,6,1,44
2,2,2,2,NA,1,1,3,2,2,2,2,1,3,2,69
1,1,1,1,4,2,1,3,3,2,1,2,3,10,2,31
2,1,2,2,NA,2,2,1,2,1,2,3,3,2,2,72
2,2,2,2,NA,2,2,NA,NA,NA,NA,NA,NA,2,2,69
1,1,1,1,1,9,9,1,2,1,2,2,3,6,1,70
2,2,2,1,1,2,2,NA,NA,NA,NA,NA,NA,5,1,66
1,2,1,1,1,1,1,3,4,2,1,2,3,6,2,31
2,2,2,2,NA,2,9,4,3,2,1,3,3,3,2,40
NA,NA,NA,NA,NA,NA,NA,NA,NA,NA,NA,NA,NA,0,1,71
2,1,1,1,1,NA,NA,NA,NA,NA,NA,NA,NA,0,1,44
2,2,2,2,NA,1,1,NA,NA,NA,NA,NA,NA,2,1,57
NA,NA,NA,NA,NA,NA,NA,NA,NA,NA,NA,NA,NA,2,1,60
2,2,2,2,NA,2,2,1,3,2,1,2,1,2,2,55
2,1,1,1,1,2,2,NA,NA,NA,NA,NA,NA,2,1,33
2,1,1,2,NA,2,1,2,2,2,1,1,3,6,2,24
NA,NA,NA,NA,NA,NA,NA,NA,NA,NA,NA,NA,NA,0,2,79
2,2,2,2,NA,2,2,NA,NA,NA,NA,NA,NA,2,2,64
1,1,1,1,1,1,1,3,3,2,1,2,3,8,2,22
2,1,1,2,NA,2,2,2,1,1,2,2,1,2,1,51
2,2,2,2,NA,2,2,NA,NA,NA,NA,NA,NA,2,1,49
2,2,2,2,NA,2,2,NA,NA,NA,NA,NA,NA,2,2,50
NA,NA,NA,NA,NA,NA,NA,NA,NA,NA,NA,NA,NA,0,1,90
2,2,2,2,NA,2,2,2,1,2,2,2,3,2,2,37
2,2,2,1,1,2,1,1,4,2,1,2,1,2,1,17
2,1,1,1,1,2,1,NA,NA,NA,NA,NA,NA,2,2,82
2,2,2,1,1,2,1,2,1,2,1,3,3,3,2,25
2,1,2,2,NA,1,1,2,2,1,1,3,3,3,2,14
2,2,2,2,NA,2,2,2,3,2,2,1,3,3,2,31
2,2,2,2,NA,2,2,3,4,1,1,2,3,3,2,14
2,2,2,2,NA,1,2,NA,NA,NA,NA,NA,NA,3,1,25
2,2,2,2,NA,9,2,1,2,2,2,3,3,2,2,48
2,2,2,2,NA,2,2,NA,NA,NA,NA,NA,NA,2,1,60
2,1,2,2,NA,2,2,1,1,2,2,2,3,2,2,79
2,2,2,1,1,1,1,NA,NA,NA,NA,NA,NA,3,2,30
2,2,2,2,NA,2,1,2,2,1,2,2,3,2,2,49
NA,NA,NA,NA,NA,NA,NA,NA,NA,NA,NA,NA,NA,2,2,72
2,2,1,1,1,2,1,2,1,2,2,3,3,6,2,18
2,2,1,1,1,2,9,2,4,2,2,2,3,2,1,21
2,2,2,2,NA,2,1,2,3,2,1,2,3,3,2,39
2,2,2,2,NA,1,1,2,1,2,1,3,3,6,2,39
2,1,2,1,3,1,1,2,3,1,2,2,3,3,1,53
2,1,1,2,NA,1,1,3,4,2,1,2,3,2,1,14
2,2,2,2,NA,1,1,1,2,1,1,1,3,8,1,22
NA,NA,NA,NA,NA,NA,NA,NA,NA,NA,NA,NA,NA,0,1,74
NA,NA,NA,NA,NA,NA,NA,NA,NA,NA,NA,NA,NA,2,2,40
2,2,2,2,NA,1,2,1,4,2,2,1,1,3,2,42
1,2,2,1,1,2,1,2,3,2,1,1,3,6,1,47
2,1,2,2,NA,2,2,1,1,1,2,1,3,2,2,67
2,1,1,1,1,1,2,2,4,2,1,3,3,3,1,15
2,2,2,2,NA,1,2,NA,NA,NA,NA,NA,NA,2,2,57
2,1,1,1,1,1,1,NA,NA,NA,NA,NA,NA,6,1,60
2,2,2,1,1,2,2,3,3,1,1,2,3,8,1,41
2,2,2,1,1,1,2,2,3,2,1,1,3,8,2,26
1,1,1,1,2,1,1,2,3,2,2,2,3,8,1,42
1,1,1,2,NA,1,1,3,4,1,2,1,3,6,2,43
2,1,1,1,5,2,1,3,3,1,2,1,3,3,1,48
2,1,1,2,NA,2,1,2,3,2,1,1,3,2,2,48
2,2,1,1,2,1,1,3,3,2,1,3,3,6,1,54
2,1,2,1,2,2,2,2,3,2,1,1,3,8,1,65
1,1,1,1,2,1,1,3,3,2,1,1,3,6,2,37
1,1,1,1,5,1,1,4,4,2,2,2,3,6,2,68
2,2,2,2,NA,2,9,NA,NA,NA,NA,NA,NA,3,1,56
1,1,2,1,1,1,2,4,3,2,2,3,3,2,1,13
2,2,2,2,NA,NA,NA,NA,NA,NA,NA,NA,NA,0,1,68
2,2,2,1,1,2,1,2,3,2,1,3,3,8,1,26
1,1,1,1,3,1,1,3,4,1,1,2,3,10,1,48
1,2,2,2,NA,1,1,NA,NA,NA,NA,NA,NA,6,2,32
1,1,1,1,4,2,1,2,4,1,1,2,3,6,1,54
2,1,1,1,1,2,2,3,3,2,2,1,3,8,2,80
1,1,1,1,1,1,1,3,3,1,1,1,3,8,2,21
2,1,1,1,1,1,1,3,1,1,2,2,3,3,1,62
2,2,2,2,NA,9,9,NA,NA,NA,NA,NA,NA,6,2,38
1,2,2,1,1,1,1,2,3,2,1,3,3,3,2,55
2,1,1,1,3,2,1,3,3,2,1,2,3,8,2,60
2,2,2,1,1,1,1,3,3,2,1,2,3,6,1,74
2,2,2,1,2,1,1,1,3,1,2,3,3,10,2,69
2,2,2,2,NA,1,1,4,3,1,1,3,1,8,2,75
1,1,1,1,5,1,2,4,4,1,1,3,3,10,2,30
2,2,2,2,NA,1,1,2,2,2,2,2,3,2,2,55
2,1,2,2,NA,2,1,NA,NA,NA,NA,NA,NA,6,2,29
1,2,2,2,NA,2,9,NA,NA,NA,NA,NA,NA,3,2,59
1,2,2,1,1,1,1,NA,NA,NA,NA,NA,NA,3,2,61
2,1,1,1,1,1,2,1,1,2,1,2,3,2,1,13
2,2,1,2,NA,1,2,4,3,2,1,3,3,3,2,17
2,2,2,2,NA,9,9,2,2,2,2,3,3,8,1,71
2,2,2,2,NA,2,2,NA,NA,NA,NA,NA,NA,3,1,45
1,2,2,1,4,1,1,2,3,2,2,3,3,8,1,35
2,2,2,2,NA,2,2,2,2,2,2,3,3,2,1,28
2,2,2,2,NA,1,1,3,2,1,2,1,3,3,1,27
2,2,2,2,NA,2,1,2,2,2,1,1,3,3,1,45
2,2,2,2,NA,9,2,NA,NA,NA,NA,NA,NA,2,2,53
2,2,2,1,1,1,1,2,3,1,1,1,1,8,1,65
1,1,2,1,2,1,1,3,4,1,2,1,3,6,2,19
2,2,2,2,NA,2,2,1,1,2,2,2,3,2,2,67
2,1,1,1,1,1,1,3,4,1,1,2,3,3,1,21
2,2,2,2,NA,2,1,2,2,2,2,2,3,2,2,73
2,2,2,2,NA,2,2,NA,NA,NA,NA,NA,NA,6,2,55
NA,NA,NA,NA,NA,NA,NA,NA,NA,NA,NA,NA,NA,0,1,83
2,1,1,1,2,2,1,2,4,1,2,2,1,6,2,36
2,2,2,1,1,1,1,4,4,2,2,2,3,2,1,13
2,1,1,1,2,1,1,2,2,2,2,2,3,6,2,24
2,2,2,2,NA,2,1,2,3,2,2,2,3,6,2,39
2,2,2,2,NA,2,2,NA,NA,NA,NA,NA,NA,3,1,51
2,2,2,2,NA,2,2,2,2,2,2,3,3,3,2,50
2,1,1,1,1,2,2,3,1,2,2,3,1,3,2,14
1,1,1,1,1,1,1,2,4,2,1,2,3,3,2,16
2,2,2,2,NA,2,1,NA,NA,NA,NA,NA,NA,3,2,38
2,2,2,2,NA,2,1,1,2,2,2,2,3,3,1,60
NA,NA,NA,NA,NA,NA,NA,NA,NA,NA,NA,NA,NA,2,2,55
2,2,2,2,NA,1,1,1,2,2,1,3,1,3,1,50
1,2,2,1,1,1,1,2,3,2,1,1,3,3,2,25
2,2,2,2,NA,1,1,2,3,2,2,2,3,3,1,79
2,2,2,2,NA,1,2,1,2,2,2,3,3,3,2,52
2,1,1,2,NA,1,1,1,1,2,2,2,3,3,1,21
2,2,2,1,1,1,1,1,2,2,2,2,3,3,2,50
2,2,2,2,NA,2,2,2,1,2,2,3,3,3,1,35
2,2,2,1,1,2,1,2,3,2,2,2,1,8,2,39
2,2,2,1,1,1,1,NA,NA,NA,NA,NA,NA,5,1,73
2,2,2,2,NA,9,9,1,2,2,2,2,1,3,1,85
1,1,1,1,1,1,1,2,3,1,1,3,3,3,2,42
1,1,1,1,1,1,1,2,4,2,1,1,1,6,2,18
2,2,2,1,1,1,2,2,3,2,2,1,3,6,2,16
2,2,2,2,NA,2,2,NA,NA,NA,NA,NA,NA,3,2,71
2,2,2,2,NA,2,2,NA,NA,NA,NA,NA,NA,2,2,58
2,2,2,2,NA,1,1,2,2,2,1,1,1,3,2,32
NA,NA,NA,NA,NA,NA,NA,NA,NA,NA,NA,NA,NA,0,1,78
1,1,1,1,1,1,1,2,3,1,2,1,3,3,2,19
2,1,2,1,2,2,2,1,3,1,2,3,3,3,1,59
2,1,1,1,1,1,2,3,3,2,1,1,3,6,2,26
2,2,2,2,NA,1,1,2,4,2,1,3,3,3,2,35
2,1,2,1,1,9,1,2,4,2,1,2,3,6,2,28
2,2,1,2,NA,1,1,2,3,2,1,1,3,8,2,36
2,2,2,2,NA,1,1,2,2,1,1,2,1,8,2,24
2,2,2,2,NA,1,1,2,3,2,1,2,3,2,1,29
2,2,1,2,NA,1,1,2,1,2,2,2,3,3,1,35
2,2,2,2,NA,9,9,NA,NA,NA,NA,NA,NA,3,2,60
2,1,1,1,1,1,1,4,2,2,2,1,3,2,1,13
1,1,1,1,1,1,1,2,2,2,1,2,3,6,2,46
2,2,2,2,NA,2,2,3,3,2,1,3,3,10,2,66
2,2,2,2,NA,2,1,2,2,1,2,3,1,3,2,75
2,2,2,2,NA,9,9,NA,NA,NA,NA,NA,NA,2,1,64
2,1,1,1,4,1,2,2,3,2,1,1,3,6,2,27
2,2,2,1,3,2,2,2,3,1,1,1,3,10,2,69
2,2,1,1,1,1,1,2,3,2,1,1,3,6,1,37
1,1,2,1,1,1,1,4,4,2,1,3,3,5,1,31
2,2,2,1,1,2,2,2,3,1,1,1,1,2,2,13
2,2,2,2,NA,9,9,2,4,2,2,2,3,3,1,70
1,1,1,1,1,1,1,2,3,2,2,2,3,6,2,31
2,2,1,1,1,1,1,NA,NA,NA,NA,NA,NA,6,1,24
2,2,2,2,NA,2,2,2,2,1,1,2,3,3,2,48
2,2,1,1,1,1,1,3,2,2,2,1,3,3,1,15
2,2,1,2,NA,1,2,NA,NA,NA,NA,NA,NA,3,2,18
1,1,1,1,1,2,1,NA,NA,NA,NA,NA,NA,3,2,50
2,2,2,1,1,2,2,NA,NA,NA,NA,NA,NA,2,2,44
2,1,2,2,NA,1,1,NA,NA,NA,NA,NA,NA,3,2,16
1,1,1,1,1,1,1,2,1,2,1,3,3,3,2,17
2,1,1,1,2,1,1,4,4,1,1,2,3,3,2,22
2,1,1,2,NA,1,1,1,1,1,1,2,1,3,1,14
2,2,2,2,NA,2,2,NA,NA,NA,NA,NA,NA,7,2,45
2,2,2,2,NA,2,2,NA,NA,NA,NA,NA,NA,3,2,60
2,2,2,1,1,1,1,2,4,2,1,1,1,3,1,13
1,1,1,1,1,1,2,3,3,2,1,1,3,6,1,17
1,1,1,1,1,1,1,2,2,2,1,1,3,3,2,13
2,2,2,2,NA,2,2,2,1,2,2,3,3,8,2,74
1,1,1,2,NA,2,1,4,3,2,1,1,3,3,2,73
2,2,2,2,NA,2,2,1,1,2,2,2,3,8,1,23
2,2,2,2,NA,2,1,1,4,2,1,3,3,2,2,12
2,2,2,1,1,1,1,2,2,1,1,2,3,3,1,34
2,2,2,1,1,1,1,2,2,2,1,1,3,6,2,17
2,2,2,2,NA,2,2,2,1,2,1,1,3,2,2,33
2,1,2,1,1,1,1,2,3,2,1,1,1,8,2,43
2,1,2,1,1,2,2,2,3,2,2,1,3,2,1,62
2,2,2,2,NA,1,2,NA,NA,NA,NA,NA,NA,2,2,59
2,2,2,1,1,1,1,4,4,2,1,3,3,6,1,17
2,1,2,1,1,2,1,4,3,2,1,1,3,6,2,26
2,1,1,1,1,2,2,NA,NA,NA,NA,NA,NA,2,1,14
NA,NA,NA,NA,NA,NA,NA,NA,NA,NA,NA,NA,NA,2,1,56
2,2,2,2,NA,2,2,2,2,1,2,1,3,8,1,73
2,1,2,1,1,1,1,2,3,2,1,3,3,3,1,17
2,2,2,2,NA,1,1,NA,NA,NA,NA,NA,NA,3,2,53
2,2,2,2,NA,2,2,1,2,2,2,3,3,3,2,52
2,1,1,1,1,1,1,4,3,2,1,1,1,8,2,22
2,1,1,1,1,2,1,NA,NA,NA,NA,NA,NA,3,1,61
2,1,1,2,NA,2,2,2,1,2,2,3,1,3,1,26
2,2,1,1,1,1,1,2,4,2,1,2,3,3,2,27
2,2,2,1,1,1,2,2,4,2,1,3,3,3,2,28
2,1,2,1,1,2,2,1,2,2,1,2,3,8,1,46
1,1,1,1,1,1,1,3,4,2,1,1,3,6,2,47
1,1,1,1,2,1,1,3,3,2,1,1,3,2,2,12
1,1,1,1,2,1,1,NA,NA,NA,NA,NA,NA,2,2,13
2,1,2,1,2,1,1,3,4,2,1,1,3,7,1,47
2,1,1,1,1,1,2,2,3,2,2,2,1,2,2,74
2,1,1,1,1,2,2,3,1,2,1,1,1,8,1,20
2,1,2,1,1,1,2,2,3,2,1,1,3,2,2,13
1,1,1,1,2,1,1,3,4,2,2,2,3,7,2,53
2,2,2,2,NA,1,1,1,1,2,1,3,1,3,1,35
1,1,1,1,2,1,1,2,3,2,1,2,3,6,2,44
1,1,2,1,1,1,1,4,3,2,1,1,3,8,1,65
NA,NA,NA,NA,NA,NA,NA,NA,NA,NA,NA,NA,NA,0,2,62
2,2,2,2,NA,1,2,NA,NA,NA,NA,NA,NA,2,2,66
1,1,1,1,1,1,1,4,3,2,1,3,3,8,2,30
NA,NA,NA,NA,NA,NA,NA,NA,NA,NA,NA,NA,NA,0,1,80
2,2,1,1,1,1,1,3,4,2,1,3,3,6,2,23
2,2,2,2,NA,1,1,4,4,1,1,1,3,6,1,31
2,2,2,2,NA,2,2,2,3,2,1,1,3,8,2,39
2,1,2,2,NA,2,2,2,1,2,2,2,3,3,1,14
2,2,2,2,NA,2,2,2,2,2,2,2,3,3,2,75
2,2,2,2,NA,2,2,2,3,2,2,2,3,6,2,46
2,2,2,2,NA,2,2,2,4,2,1,2,1,8,2,60
2,2,2,2,NA,2,2,1,1,2,2,3,3,3,2,50
1,1,2,1,1,1,2,2,4,2,1,1,3,8,2,44
2,2,2,2,NA,2,2,2,4,2,2,3,3,8,2,23
2,1,1,1,1,2,2,2,3,2,1,1,3,8,2,20
2,1,1,1,3,1,2,4,3,2,1,1,1,8,1,29
1,2,2,1,1,2,2,2,3,2,1,2,3,11,1,49
1,1,1,1,2,2,1,2,4,2,1,1,3,8,1,30
1,1,1,1,1,1,1,3,3,1,1,1,3,6,2,17
2,1,2,2,NA,2,1,1,1,2,2,2,3,3,2,88
2,2,2,2,NA,2,2,NA,NA,NA,NA,NA,NA,2,2,93
1,1,2,1,1,1,2,2,1,2,2,3,1,3,2,62
2,1,2,1,1,2,1,4,3,2,1,3,3,3,1,16
2,2,2,2,NA,2,2,2,4,2,2,2,3,10,2,64
2,1,1,1,1,2,2,2,3,1,1,2,3,8,1,38
2,2,2,1,1,2,1,4,4,2,1,1,3,6,1,55
1,1,1,1,3,1,1,2,4,2,1,2,3,6,1,52
1,1,1,1,1,1,1,NA,NA,NA,NA,NA,NA,8,1,39
2,1,2,2,NA,2,2,NA,NA,NA,NA,NA,NA,3,1,55
2,1,2,1,1,1,2,NA,NA,NA,NA,NA,NA,2,2,80
2,1,1,1,1,1,1,4,3,1,2,3,3,6,1,43
2,2,2,2,NA,1,2,1,2,2,2,2,3,2,2,72
1,1,1,1,1,1,1,4,4,2,1,1,1,6,2,24
2,2,1,1,1,1,1,2,3,1,1,2,3,3,1,19
2,1,1,1,1,1,2,2,4,1,1,2,3,8,1,32
1,2,1,1,1,1,1,2,3,2,1,1,3,5,2,41
2,1,1,1,2,1,2,4,4,2,1,2,3,6,1,32
2,2,2,2,NA,1,1,4,4,2,1,2,3,6,1,36
2,1,2,2,NA,2,2,NA,NA,NA,NA,NA,NA,2,1,59
2,1,2,1,4,1,2,2,3,2,1,2,3,6,1,44
2,2,2,2,NA,1,1,4,4,1,2,1,3,3,2,33
2,2,2,1,5,1,1,2,4,2,1,1,3,8,1,27
2,1,1,1,2,2,1,4,4,2,1,3,3,6,1,47
2,2,2,2,NA,2,1,1,1,2,2,2,1,3,1,42
2,2,2,2,NA,2,2,NA,NA,NA,NA,NA,NA,2,2,60
2,1,1,1,1,2,2,2,4,1,1,2,3,3,1,61
2,2,2,2,NA,2,2,1,3,2,2,3,3,2,1,42
2,2,2,2,NA,1,1,2,1,1,2,2,3,3,2,29
2,2,1,1,1,2,2,2,2,2,1,2,1,3,2,14
NA,NA,NA,NA,NA,NA,NA,NA,NA,NA,NA,NA,NA,0,2,65
2,2,2,2,NA,1,1,2,3,2,1,2,3,6,2,22
2,1,2,2,NA,1,2,NA,NA,NA,NA,NA,NA,3,1,43
NA,NA,NA,NA,NA,NA,NA,NA,NA,NA,NA,NA,NA,0,1,69
NA,NA,NA,NA,NA,NA,NA,NA,NA,NA,NA,NA,NA,0,2,46
2,1,1,2,NA,1,2,2,2,2,1,2,1,2,1,13
2,2,2,1,1,2,2,2,3,2,1,3,3,8,2,24
2,2,1,2,NA,1,2,2,2,2,2,3,1,8,2,22
NA,NA,NA,NA,NA,NA,NA,NA,NA,NA,NA,NA,NA,0,1,76
2,2,2,2,NA,2,2,NA,NA,NA,NA,NA,NA,2,2,64
2,1,1,1,1,1,2,2,2,2,1,1,3,6,2,18
2,2,2,2,NA,1,1,NA,NA,NA,NA,NA,NA,6,2,24
2,1,1,1,1,1,1,2,3,2,1,2,3,6,2,24
2,1,1,1,1,1,1,2,2,2,1,2,3,3,1,17
2,2,2,2,NA,2,2,NA,NA,NA,NA,NA,NA,2,1,44
2,1,1,1,1,2,2,1,1,1,2,2,2,2,1,44
1,1,1,1,1,1,1,1,1,1,2,3,1,6,1,37
NA,NA,NA,NA,NA,NA,NA,NA,NA,NA,NA,NA,NA,0,2,47
2,1,2,1,1,2,2,NA,NA,NA,NA,NA,NA,6,1,48
2,2,2,2,NA,2,2,1,3,2,2,2,3,3,1,75
2,2,2,2,NA,1,1,1,3,2,2,3,3,2,1,31
NA,NA,NA,NA,NA,NA,NA,NA,NA,NA,NA,NA,NA,2,1,40
2,2,2,2,NA,1,1,4,3,2,1,2,3,7,2,27
1,1,1,1,1,2,1,3,4,2,1,2,3,7,1,56
1,1,1,1,1,1,1,4,4,2,1,2,3,3,2,55
1,1,1,2,NA,1,1,3,4,2,1,2,3,8,2,52
2,2,2,1,1,1,1,NA,NA,NA,NA,NA,NA,3,2,28
2,1,2,1,1,1,1,4,3,2,1,1,3,8,2,24
2,1,1,1,1,1,1,3,4,2,1,1,3,6,1,21
2,1,1,1,1,1,2,4,3,2,1,1,3,8,2,19
2,2,2,2,NA,2,2,4,4,2,1,2,3,8,1,33
2,2,1,1,1,1,1,2,3,1,1,2,3,8,1,50
2,1,1,1,1,1,1,NA,NA,NA,NA,NA,NA,6,1,19
2,1,1,1,1,1,1,2,4,2,1,1,1,3,1,14
1,1,1,1,2,1,1,4,3,2,1,3,3,8,2,21
2,2,2,1,1,1,1,NA,NA,NA,NA,NA,NA,8,2,53
2,1,1,1,2,1,1,3,4,2,1,3,3,8,1,24
2,2,2,2,NA,1,1,NA,NA,NA,NA,NA,NA,3,1,55
2,1,1,1,1,1,2,3,4,1,1,2,3,8,2,19
2,2,2,2,NA,2,1,4,4,2,2,3,3,3,2,43
2,1,1,1,1,2,2,3,3,2,1,2,3,3,2,25
1,1,1,1,1,1,1,3,4,2,1,1,3,8,1,58
2,2,2,2,NA,1,2,2,3,2,1,1,3,6,1,17
2,2,1,1,1,1,1,2,3,2,1,3,3,8,1,33
1,1,1,1,1,1,1,4,4,2,1,2,3,8,2,29
2,2,2,2,NA,2,2,1,3,2,1,2,3,6,2,56
2,2,2,2,NA,2,1,NA,NA,NA,NA,NA,NA,6,2,48
2,2,1,2,NA,1,1,2,3,2,1,2,3,3,1,45
2,2,2,2,NA,1,1,3,2,1,1,3,3,2,2,49
1,1,1,1,1,1,1,3,3,2,1,3,3,8,1,24
1,1,1,1,1,1,1,3,4,2,1,2,3,8,1,33
2,1,2,2,NA,1,1,3,3,1,1,3,3,8,2,30
1,1,1,1,1,1,1,2,3,2,1,2,3,3,1,17
2,2,2,2,NA,2,2,NA,NA,NA,NA,NA,NA,3,1,71
1,1,1,1,1,1,1,NA,NA,NA,NA,NA,NA,3,1,21
2,1,1,2,NA,2,2,2,2,2,1,1,3,2,2,12
1,1,1,1,1,1,1,2,3,2,2,2,3,7,1,36
NA,NA,NA,NA,NA,NA,NA,NA,NA,NA,NA,NA,NA,2,1,49
2,1,1,1,1,2,1,3,4,1,2,3,3,6,2,17
2,1,1,2,NA,2,2,2,3,1,1,2,3,3,1,13
2,2,1,2,NA,2,1,NA,NA,NA,NA,NA,NA,3,2,27
2,2,2,2,NA,2,1,2,2,2,2,1,3,3,2,28
2,2,2,2,NA,2,2,NA,NA,NA,NA,NA,NA,3,1,29
2,2,2,2,NA,2,2,NA,NA,NA,NA,NA,NA,2,2,59
2,1,1,2,NA,2,2,3,2,2,2,1,3,2,2,12
NA,NA,NA,NA,NA,NA,NA,NA,NA,NA,NA,NA,NA,0,1,57
2,2,2,2,NA,NA,NA,1,1,1,2,2,1,0,1,71
2,2,2,2,NA,1,1,NA,NA,NA,NA,NA,NA,3,2,53
2,1,1,1,1,1,1,2,3,2,1,1,3,3,1,15
2,2,2,1,1,1,1,NA,NA,NA,NA,NA,NA,3,2,51
2,1,1,1,1,2,1,2,2,2,2,1,3,6,1,24
1,1,1,1,1,9,9,NA,NA,NA,NA,NA,NA,6,1,22
1,1,1,1,1,1,9,NA,NA,NA,NA,NA,NA,3,1,35
2,1,1,1,1,2,2,1,1,2,2,1,3,2,1,63
2,2,2,2,NA,1,1,NA,NA,NA,NA,NA,NA,3,2,35
2,2,2,2,NA,1,1,2,2,2,2,2,1,99,2,84
2,1,1,1,1,1,2,2,1,2,2,2,2,3,2,15
2,2,2,2,NA,1,1,NA,NA,NA,NA,NA,NA,6,2,59
1,1,1,1,5,2,1,2,3,2,1,3,3,8,2,47
2,2,2,2,NA,2,1,NA,NA,NA,NA,NA,NA,6,1,36
2,2,1,2,NA,1,1,3,3,1,1,1,3,3,1,14
2,2,2,2,NA,2,2,NA,NA,NA,NA,NA,NA,2,2,56
1,1,1,1,2,1,1,3,4,2,1,2,3,8,1,24
2,2,2,2,NA,1,1,2,2,2,1,3,3,3,2,19
1,1,1,1,1,9,9,2,1,2,1,2,3,2,2,37
1,1,1,1,1,1,1,NA,NA,NA,NA,NA,NA,3,1,20
2,1,1,1,2,1,2,2,3,2,1,2,1,8,1,26
1,1,1,1,1,1,1,4,3,2,1,2,3,8,2,67
1,1,1,1,1,1,1,2,2,2,2,1,3,8,1,62
1,1,1,1,1,1,1,2,3,2,2,2,3,8,1,57
2,1,2,1,1,1,1,NA,NA,NA,NA,NA,NA,6,2,26
2,1,1,1,1,1,1,NA,NA,NA,NA,NA,NA,3,1,18
2,2,2,2,NA,2,2,NA,NA,NA,NA,NA,NA,3,2,60
1,1,2,1,1,1,1,2,3,2,2,2,1,3,2,26
2,1,2,2,NA,2,2,NA,NA,NA,NA,NA,NA,3,2,51
1,1,1,1,1,1,1,4,4,2,1,2,1,3,1,46
2,2,2,2,NA,1,1,NA,NA,NA,NA,NA,NA,3,1,61
1,1,1,1,1,1,1,2,3,1,2,3,1,3,1,46
2,2,1,2,NA,1,2,4,4,2,2,2,1,2,2,26
2,1,1,2,NA,2,2,NA,NA,NA,NA,NA,NA,3,2,49
2,2,2,2,NA,1,2,NA,NA,NA,NA,NA,NA,3,2,31
2,1,2,1,1,2,2,2,3,2,2,3,3,2,1,38
2,2,2,2,NA,2,2,NA,NA,NA,NA,NA,NA,2,2,52
2,2,2,2,NA,2,2,NA,NA,NA,NA,NA,NA,3,2,50
2,2,2,2,NA,2,2,2,3,2,2,1,3,3,2,52
2,1,1,1,1,1,1,NA,NA,NA,NA,NA,NA,3,1,46
2,1,2,2,NA,2,2,NA,NA,NA,NA,NA,NA,3,2,66
1,2,2,2,NA,1,1,NA,NA,NA,NA,NA,NA,99,2,22
2,2,2,2,NA,2,2,2,4,2,2,3,3,2,1,22
1,2,1,1,2,2,1,4,3,2,1,1,3,10,1,30
2,1,1,1,1,1,1,4,3,2,1,2,3,2,1,12
2,2,2,2,NA,2,2,1,3,2,1,3,3,3,2,63
2,1,2,2,NA,2,2,NA,NA,NA,NA,NA,NA,3,2,51
1,1,1,1,1,2,1,3,3,2,1,2,3,3,1,62
2,1,2,2,NA,2,2,NA,NA,NA,NA,NA,NA,6,1,60
1,2,2,2,NA,2,2,NA,NA,NA,NA,NA,NA,5,2,61
2,1,1,1,1,2,2,4,3,2,1,2,3,10,2,66
2,1,2,1,2,1,2,1,1,2,2,1,1,3,1,52
2,1,2,1,1,2,1,3,4,2,2,2,3,7,2,44
2,2,2,2,NA,2,2,NA,NA,NA,NA,NA,NA,2,2,68
2,1,2,2,NA,1,1,NA,NA,NA,NA,NA,NA,6,1,24
2,2,2,2,NA,9,9,NA,NA,NA,NA,NA,NA,2,1,75
2,2,2,2,NA,2,2,NA,NA,NA,NA,NA,NA,3,1,48
2,2,2,2,NA,2,1,3,3,2,1,1,3,6,2,27
2,2,2,2,NA,1,1,3,3,2,1,1,3,3,2,45
1,1,1,1,1,2,2,2,3,2,1,3,3,2,2,52
2,2,1,2,NA,1,1,3,3,2,1,3,3,6,2,23
2,2,2,2,NA,2,2,NA,NA,NA,NA,NA,NA,2,1,39
2,1,1,2,NA,2,9,NA,NA,NA,NA,NA,NA,2,1,46
2,2,2,1,1,1,1,4,3,2,1,2,3,3,2,24
1,1,1,1,1,1,1,2,3,2,1,2,3,8,1,29
1,1,1,1,1,1,1,3,4,2,2,2,3,8,2,38
1,1,1,1,2,1,1,3,3,2,1,1,3,8,2,19
2,2,2,1,2,1,1,1,4,2,1,1,1,6,2,40
2,2,2,1,1,1,1,3,3,1,1,1,3,8,2,25
2,2,1,1,1,2,1,1,3,2,2,3,3,3,1,54
2,2,2,2,NA,2,2,4,4,1,2,1,3,3,2,56
2,2,1,2,NA,1,2,3,4,2,1,3,1,3,2,13
1,1,1,1,1,1,1,2,3,2,1,2,3,8,2,31
1,2,2,1,2,1,1,4,3,2,2,3,3,8,2,27
2,1,2,1,2,1,2,4,3,1,1,3,3,8,1,23
2,1,1,1,1,2,1,2,1,2,1,2,3,3,2,21
1,2,1,1,1,2,1,3,3,2,1,2,3,8,2,37
2,1,2,1,1,2,2,2,4,2,1,1,3,8,2,39
1,1,2,1,5,2,1,4,3,2,1,2,3,8,1,59
2,2,2,1,1,1,2,4,3,2,1,3,3,8,2,33
1,1,1,1,1,1,1,3,2,2,1,1,3,7,2,35
2,2,1,2,NA,2,1,2,1,2,2,1,3,3,1,35
2,2,2,2,NA,2,2,3,3,2,1,1,3,6,1,31
2,1,1,2,NA,1,2,4,4,2,1,2,3,2,2,43
2,2,2,2,NA,2,1,NA,NA,NA,NA,NA,NA,2,1,67
2,1,1,1,1,2,1,2,3,2,1,2,3,6,1,42
2,2,2,2,NA,9,9,2,3,2,1,2,3,6,1,43
1,1,1,1,1,1,1,3,3,2,1,1,3,3,1,15
2,2,2,2,NA,2,2,NA,NA,NA,NA,NA,NA,3,1,57
2,2,2,2,NA,2,1,NA,NA,NA,NA,NA,NA,3,2,37
1,1,1,1,1,1,1,2,3,2,1,3,3,3,2,39
1,1,1,1,1,1,1,NA,NA,NA,NA,NA,NA,7,1,36
2,1,2,1,1,2,1,4,3,2,1,2,3,3,1,36
2,1,2,2,NA,2,2,2,2,2,1,3,3,6,1,38
1,1,1,2,NA,1,1,3,3,2,1,2,3,3,1,36
2,1,1,1,1,2,2,2,2,2,1,2,3,3,1,44
2,2,2,2,NA,1,1,2,1,2,1,2,3,3,2,38
1,1,1,1,1,1,1,3,4,1,1,2,3,3,2,40
2,2,2,1,1,1,2,3,2,1,1,1,3,3,2,13
2,1,2,1,1,1,1,2,1,2,2,2,1,2,1,12
2,1,1,1,1,1,1,2,2,2,1,2,3,6,2,25
2,2,1,1,1,1,1,NA,NA,NA,NA,NA,NA,6,1,22
1,2,2,1,1,2,1,3,3,2,1,1,3,8,2,29
2,2,2,2,NA,2,2,3,2,2,1,2,3,8,1,57
2,2,2,1,1,2,2,2,3,2,1,2,3,8,1,37
1,2,1,2,NA,2,1,2,2,2,1,3,3,3,2,71
1,1,2,1,1,1,1,2,3,2,1,2,3,3,1,18
1,1,1,1,1,1,1,NA,NA,NA,NA,NA,NA,6,2,31
2,1,2,2,NA,1,1,NA,NA,NA,NA,NA,NA,2,2,69
2,2,2,2,NA,1,1,NA,NA,NA,NA,NA,NA,5,2,42
2,2,2,2,NA,9,9,3,3,2,1,3,1,8,2,41
2,1,1,1,1,2,2,NA,NA,NA,NA,NA,NA,3,2,45
2,2,2,1,1,1,1,2,1,2,1,2,3,3,1,32
2,2,2,2,NA,2,2,NA,NA,NA,NA,NA,NA,6,1,23
2,1,1,1,1,1,1,NA,NA,NA,NA,NA,NA,3,1,25
2,1,1,1,1,1,1,4,4,2,1,3,3,3,2,24
2,2,2,2,NA,1,1,NA,NA,NA,NA,NA,NA,99,2,60
1,1,1,1,1,1,1,3,3,2,1,1,3,3,1,64
2,2,1,1,1,1,1,3,3,2,1,1,3,6,1,17
2,2,2,1,1,1,1,2,3,2,1,2,3,3,2,17
2,1,2,2,NA,1,2,2,3,2,1,2,3,3,1,14
2,2,2,2,NA,2,2,NA,NA,NA,NA,NA,NA,3,1,59
2,1,1,1,4,1,1,3,4,1,1,1,3,2,2,13
2,2,2,1,1,2,1,NA,NA,NA,NA,NA,NA,2,1,64
1,1,1,1,1,2,1,NA,NA,NA,NA,NA,NA,3,2,39
2,2,2,2,NA,2,2,NA,NA,NA,NA,NA,NA,2,1,44
2,1,1,1,1,1,1,NA,NA,NA,NA,NA,NA,3,2,17
1,1,1,1,2,1,1,2,3,2,1,1,3,8,2,50
2,1,1,1,1,1,1,2,2,2,1,1,1,6,1,19
2,2,2,2,NA,2,2,4,4,2,2,1,3,9,2,28
2,2,1,1,1,1,1,4,4,2,2,2,3,8,1,53
2,1,2,2,NA,1,1,NA,NA,NA,NA,NA,NA,2,2,75
1,1,2,1,2,1,1,3,3,2,1,2,3,8,2,24
1,1,2,2,NA,1,1,NA,NA,NA,NA,NA,NA,8,2,33
2,2,2,2,NA,1,1,NA,NA,NA,NA,NA,NA,2,1,77
1,1,2,2,NA,1,1,4,4,2,1,1,1,3,2,35
1,1,1,1,2,1,1,4,4,2,2,1,3,5,2,59
1,1,1,1,1,2,2,2,3,2,2,2,2,8,2,63
2,1,2,1,2,9,1,1,1,2,2,2,2,7,1,54
1,2,2,2,NA,1,2,NA,NA,NA,NA,NA,NA,3,1,35
2,1,1,2,NA,1,1,2,3,2,1,2,1,3,2,29
1,1,1,1,1,1,2,NA,NA,NA,NA,NA,NA,2,2,60
2,2,2,2,NA,1,1,NA,NA,NA,NA,NA,NA,2,2,76
2,2,2,2,NA,2,2,2,3,2,2,2,1,2,2,84
2,2,2,2,NA,1,2,NA,NA,NA,NA,NA,NA,3,1,50
2,2,2,2,NA,1,2,NA,NA,NA,NA,NA,NA,6,1,24
2,2,2,1,1,2,2,NA,NA,NA,NA,NA,NA,2,2,77
1,1,1,1,1,2,2,4,4,2,2,1,3,3,2,15
2,2,2,2,NA,2,2,NA,NA,NA,NA,NA,NA,3,1,46
2,2,2,2,NA,1,1,3,3,2,1,2,3,8,1,23
1,1,1,1,1,1,1,3,3,2,1,3,3,8,1,36
2,2,2,2,NA,2,2,2,3,2,2,2,3,8,1,67
1,1,1,1,1,2,2,3,2,2,1,1,3,10,2,49
2,2,2,2,NA,1,1,NA,NA,NA,NA,NA,NA,7,1,31
1,1,2,2,NA,1,1,2,3,2,1,1,3,8,1,47
2,2,2,2,NA,1,1,NA,NA,NA,NA,NA,NA,3,1,49
2,2,2,2,NA,1,1,NA,NA,NA,NA,NA,NA,3,2,57
2,1,2,1,1,1,1,NA,NA,NA,NA,NA,NA,5,2,51
2,2,2,2,NA,1,1,3,3,2,1,3,3,6,2,19
2,2,2,2,NA,9,9,NA,NA,NA,NA,NA,NA,2,1,70
2,2,2,2,NA,2,2,NA,NA,NA,NA,NA,NA,2,1,20
2,1,1,1,2,1,1,4,4,2,2,1,3,8,1,52
2,2,2,2,NA,2,2,NA,NA,NA,NA,NA,NA,3,1,58
2,2,2,2,NA,2,2,4,4,2,2,2,3,7,1,30
2,2,1,1,1,1,1,2,3,2,1,2,3,8,1,40
2,2,2,2,NA,2,2,2,4,2,1,3,3,2,2,56
2,2,2,2,NA,2,2,NA,NA,NA,NA,NA,NA,8,1,70
2,1,1,2,NA,1,1,2,4,2,1,2,3,8,2,40
2,2,2,2,NA,2,2,3,3,2,1,2,3,8,2,55
2,1,1,1,2,1,1,3,3,2,1,1,3,6,2,18
2,2,2,2,NA,2,2,3,3,2,1,2,1,8,2,64
2,2,2,2,NA,1,1,4,4,2,1,1,3,10,2,30
1,1,1,1,2,2,2,3,4,2,1,2,3,6,1,42
1,1,1,2,NA,1,1,NA,NA,NA,NA,NA,NA,8,2,45
2,2,2,2,NA,2,2,NA,NA,NA,NA,NA,NA,2,2,51
2,2,2,1,1,2,2,2,3,2,1,1,2,6,1,30
2,1,1,2,NA,2,2,NA,NA,NA,NA,NA,NA,2,1,76
2,1,1,1,1,1,2,NA,NA,NA,NA,NA,NA,7,2,70
2,2,2,1,1,1,2,NA,NA,NA,NA,NA,NA,7,1,73
2,1,2,1,1,1,1,4,3,2,2,2,3,3,1,36
2,2,2,2,NA,2,1,NA,NA,NA,NA,NA,NA,3,1,63
2,1,1,1,4,2,1,1,2,1,1,2,1,6,1,60
2,2,2,2,NA,1,2,NA,NA,NA,NA,NA,NA,6,1,38
2,1,1,1,1,1,1,3,2,1,1,2,3,7,1,20
2,2,2,2,NA,1,1,2,3,1,1,3,3,3,2,32
2,2,2,2,NA,1,1,2,4,2,1,1,3,8,2,63
2,1,1,1,1,1,2,2,4,2,1,1,3,8,2,25
2,2,2,2,NA,2,2,NA,NA,NA,NA,NA,NA,3,1,46
2,1,1,1,1,1,1,NA,NA,NA,NA,NA,NA,2,2,91
2,2,2,2,NA,1,1,3,3,2,1,2,3,8,1,59
2,2,2,1,1,1,2,NA,NA,NA,NA,NA,NA,2,1,26
2,2,2,2,NA,2,2,2,3,2,2,2,3,6,2,39
2,2,2,2,NA,2,1,NA,NA,NA,NA,NA,NA,6,2,35
2,1,1,1,1,1,1,NA,NA,NA,NA,NA,NA,3,2,21
1,1,1,2,NA,1,1,2,4,1,1,3,3,8,2,21
2,1,1,1,1,1,1,NA,NA,NA,NA,NA,NA,3,2,51
1,1,1,1,4,1,2,2,3,1,1,2,3,6,2,17
2,2,2,1,1,2,2,4,4,2,2,2,3,6,1,49
1,1,2,1,1,9,1,2,3,2,1,2,3,8,1,53
2,1,2,1,1,1,1,2,3,2,1,2,3,3,2,37
2,2,2,2,NA,2,2,NA,NA,NA,NA,NA,NA,2,1,72
2,2,2,2,NA,NA,NA,NA,NA,NA,NA,NA,NA,0,2,59
2,1,1,1,1,2,1,3,4,2,2,2,3,3,1,44
2,2,2,2,NA,2,1,2,3,2,2,1,3,3,1,62
2,2,2,2,NA,2,2,NA,NA,NA,NA,NA,NA,6,1,28
2,2,2,2,NA,2,2,2,4,2,1,2,3,6,2,57
2,2,2,2,NA,2,2,2,1,2,2,3,3,3,1,61
2,2,1,1,1,1,1,NA,NA,NA,NA,NA,NA,6,2,32
2,2,2,2,NA,1,1,2,3,2,1,3,3,8,1,48
1,1,1,1,5,1,1,3,4,1,1,2,3,8,2,22
2,2,2,1,1,1,1,1,3,2,1,3,3,6,2,26
1,2,2,2,NA,1,1,4,4,2,1,2,3,7,1,35
2,2,2,2,NA,9,9,NA,NA,NA,NA,NA,NA,2,2,76
2,2,2,2,NA,9,9,NA,NA,NA,NA,NA,NA,3,2,42
1,1,1,1,1,1,1,NA,NA,NA,NA,NA,NA,3,1,33
2,2,2,2,NA,2,1,3,3,2,1,3,3,6,1,51
2,2,2,2,NA,2,1,NA,NA,NA,NA,NA,NA,6,2,52
1,2,2,1,1,9,9,1,1,2,2,2,3,3,2,54
2,1,2,1,1,2,2,2,3,2,1,2,3,8,1,37
2,2,2,2,NA,1,1,2,3,1,1,2,1,10,2,30
2,1,1,1,1,2,2,3,3,2,1,1,3,8,2,21
1,1,1,1,1,2,1,NA,NA,NA,NA,NA,NA,7,2,37
1,1,1,1,1,1,1,NA,NA,NA,NA,NA,NA,6,2,38
1,1,1,1,1,2,2,NA,NA,NA,NA,NA,NA,2,2,76
1,1,2,2,NA,1,1,NA,NA,NA,NA,NA,NA,99,2,34
2,2,2,2,NA,2,2,NA,NA,NA,NA,NA,NA,3,1,63
2,2,1,1,1,2,1,2,3,2,1,2,3,8,2,22
1,2,2,2,NA,1,1,2,3,2,2,2,3,6,2,19
2,2,1,1,1,2,2,3,2,2,1,2,1,8,2,38
2,2,2,1,1,2,2,4,3,2,1,2,3,8,1,25
2,1,1,1,5,9,9,2,3,2,1,1,3,8,1,34
2,2,2,1,1,2,1,2,3,2,1,2,3,8,2,52
1,1,1,1,1,1,1,3,3,1,1,1,3,8,1,23
2,2,2,2,NA,9,9,NA,NA,NA,NA,NA,NA,3,1,80
2,2,2,2,NA,2,2,NA,NA,NA,NA,NA,NA,3,1,18
NA,NA,NA,NA,NA,NA,NA,NA,NA,NA,NA,NA,NA,2,1,67
2,1,1,1,4,1,1,4,3,2,1,3,3,8,2,23
1,2,2,2,NA,2,1,2,3,2,1,1,3,6,2,32
1,1,1,1,1,2,1,1,3,2,1,1,3,8,2,46
1,1,1,1,1,1,1,3,3,2,1,1,3,6,2,33
2,2,2,2,NA,2,2,NA,NA,NA,NA,NA,NA,3,1,63
1,1,1,1,1,1,2,3,4,2,1,3,3,8,2,30
2,2,2,2,NA,9,9,NA,NA,NA,NA,NA,NA,6,1,59
2,2,2,2,NA,1,1,4,4,2,1,2,3,5,2,56
2,2,2,2,NA,9,9,NA,NA,NA,NA,NA,NA,3,1,40
2,2,2,2,NA,2,2,NA,NA,NA,NA,NA,NA,2,1,66
2,2,2,2,NA,2,2,NA,NA,NA,NA,NA,NA,2,1,76
2,2,2,2,NA,9,9,NA,NA,NA,NA,NA,NA,2,1,49
2,2,2,2,NA,2,2,NA,NA,NA,NA,NA,NA,2,1,51
2,2,2,2,NA,2,2,1,2,1,2,2,1,2,1,63
2,1,1,1,1,1,1,2,3,2,1,1,3,3,1,13
NA,NA,NA,NA,NA,NA,NA,NA,NA,NA,NA,NA,NA,0,1,62
2,1,1,1,1,2,2,NA,NA,NA,NA,NA,NA,3,1,56
2,2,2,1,1,1,1,NA,NA,NA,NA,NA,NA,6,1,25
2,2,2,2,NA,2,2,2,4,2,2,2,3,6,1,30
2,1,1,2,NA,1,1,3,3,2,2,3,3,3,1,21
2,1,1,1,1,1,1,2,3,2,1,1,1,6,1,25
1,1,2,2,NA,1,1,3,4,1,1,2,3,8,1,24
2,2,2,2,NA,2,2,4,2,2,1,1,3,2,2,28
NA,NA,NA,NA,NA,NA,NA,NA,NA,NA,NA,NA,NA,0,2,50
2,2,2,2,NA,9,9,NA,NA,NA,NA,NA,NA,5,2,60
2,2,2,1,1,9,1,3,2,2,1,1,3,6,2,34
2,2,2,2,NA,2,2,NA,NA,NA,NA,NA,NA,6,1,43
1,1,1,1,2,1,1,3,2,2,2,1,3,8,1,55
1,1,1,1,4,1,1,4,4,1,1,1,3,8,1,39
2,2,2,2,NA,2,2,2,3,2,1,2,3,8,2,56
2,2,2,2,NA,1,1,2,4,2,2,1,3,8,2,58
1,1,2,1,1,1,1,4,4,2,1,1,3,10,1,46
1,1,2,1,1,2,1,3,4,2,1,3,3,8,2,41
1,1,1,1,1,1,1,NA,NA,NA,NA,NA,NA,3,1,61
1,2,2,2,NA,2,2,2,3,2,1,2,3,8,2,25
2,2,2,2,NA,1,2,3,2,2,1,2,3,3,1,52
2,2,2,2,NA,1,1,2,3,1,1,2,3,8,1,44
2,1,2,1,3,1,1,2,3,2,2,3,3,3,1,32
2,2,2,2,NA,1,2,2,2,2,2,2,3,3,1,38
2,2,2,2,NA,1,2,1,2,1,2,3,1,2,1,58
2,1,1,1,1,1,2,3,2,2,1,2,3,6,2,17
2,2,2,2,NA,2,2,1,2,1,2,3,3,2,1,72
2,2,2,2,NA,1,1,2,3,2,1,1,3,8,2,56
NA,NA,NA,NA,NA,NA,NA,NA,NA,NA,NA,NA,NA,0,2,70
2,2,2,2,NA,9,9,NA,NA,NA,NA,NA,NA,3,2,64
2,2,2,2,NA,1,1,3,2,2,1,2,3,8,1,64
1,2,1,2,NA,1,1,2,2,2,1,1,3,8,1,19
2,1,1,1,1,2,1,2,3,1,1,2,3,3,1,13
2,2,2,1,1,1,1,2,2,1,1,2,3,8,1,25
2,2,1,1,1,2,1,3,2,1,1,1,3,3,2,60
2,1,1,2,NA,9,1,NA,NA,NA,NA,NA,NA,3,2,49
2,2,2,2,NA,2,2,NA,NA,NA,NA,NA,NA,3,1,52
2,2,2,2,NA,2,2,2,2,1,1,2,3,8,2,42
2,2,2,2,NA,1,1,3,2,2,1,2,3,5,2,58
1,1,1,1,1,2,2,2,3,1,1,2,3,8,2,39
2,2,2,1,1,1,2,2,4,2,2,1,3,8,1,31
2,1,1,1,1,2,2,2,2,2,2,2,3,3,2,33
2,1,1,1,1,1,1,NA,NA,NA,NA,NA,NA,3,1,43
2,2,2,2,NA,2,1,2,1,2,1,2,1,3,2,33
1,1,1,1,2,1,1,2,2,2,2,1,3,3,1,24
2,1,1,2,NA,2,2,3,3,1,2,1,3,2,1,12
2,2,2,2,NA,1,1,3,2,1,1,3,3,5,2,56
2,2,2,2,NA,1,1,NA,NA,NA,NA,NA,NA,6,2,44
2,2,2,2,NA,1,1,2,3,2,1,3,3,6,2,31
2,2,2,2,NA,2,2,NA,NA,NA,NA,NA,NA,2,1,49
1,2,2,1,3,1,1,2,3,2,1,3,3,3,2,21
2,2,1,1,1,1,2,2,2,2,1,2,3,6,1,18
2,1,1,1,1,1,1,3,3,2,1,3,3,6,1,19
NA,NA,NA,NA,NA,NA,NA,NA,NA,NA,NA,NA,NA,2,2,89
2,2,1,1,1,1,1,2,3,1,1,3,3,8,2,48
2,2,2,2,NA,9,9,1,1,2,2,2,1,2,2,46
2,2,2,1,1,1,1,2,3,1,2,3,3,6,1,44
NA,NA,NA,NA,NA,NA,NA,NA,NA,NA,NA,NA,NA,0,2,49
2,2,2,2,NA,2,2,2,1,2,2,3,3,2,1,66
2,2,2,2,NA,2,1,4,2,2,2,3,3,8,1,64
2,1,1,1,1,2,1,2,3,1,1,2,2,2,1,12
2,1,1,1,2,1,1,3,4,2,1,1,3,3,2,13
1,1,1,2,NA,1,1,NA,NA,NA,NA,NA,NA,3,2,51
2,2,1,1,1,1,2,2,3,2,2,1,1,8,1,23
2,2,2,2,NA,2,2,3,3,1,1,1,3,8,2,37
2,2,2,2,NA,1,1,2,1,2,2,1,1,8,1,75
1,1,1,1,2,2,2,2,3,2,1,2,3,8,2,32
2,2,2,2,NA,1,1,NA,NA,NA,NA,NA,NA,4,2,62
2,2,1,2,NA,1,2,2,3,1,2,2,3,3,1,15
2,2,2,1,1,1,1,2,3,1,1,1,3,8,2,25
1,1,2,1,1,1,1,2,2,2,1,3,3,8,1,63
2,2,2,1,1,1,2,3,3,2,1,3,3,5,2,42
2,2,2,2,NA,2,2,2,3,1,1,1,3,3,2,31
2,2,2,2,NA,2,2,2,3,1,1,3,3,7,1,48
1,1,1,1,1,1,1,2,4,2,1,2,3,2,1,40
2,2,2,1,1,2,2,2,3,2,1,3,3,8,2,27
2,2,2,2,NA,2,2,2,2,2,1,1,1,2,2,40
2,2,2,1,1,2,2,NA,NA,NA,NA,NA,NA,2,2,54
2,1,1,2,NA,2,1,NA,NA,NA,NA,NA,NA,2,1,45
NA,NA,NA,NA,NA,NA,NA,NA,NA,NA,NA,NA,NA,2,2,73
2,2,2,2,NA,9,9,NA,NA,NA,NA,NA,NA,2,2,67
2,2,2,2,NA,1,2,NA,NA,NA,NA,NA,NA,2,2,54
2,2,1,2,NA,2,2,1,1,2,1,2,3,3,2,15
2,2,2,1,1,2,1,2,3,1,2,1,3,3,2,13
2,2,2,2,NA,1,1,NA,NA,NA,NA,NA,NA,3,2,23
2,2,2,2,NA,1,1,2,2,1,2,2,3,2,2,54
2,2,1,1,1,1,1,2,3,1,1,1,3,3,2,15
NA,NA,NA,NA,NA,NA,NA,NA,NA,NA,NA,NA,NA,0,2,82
2,1,1,1,1,2,2,2,2,1,1,1,3,3,2,13
2,2,2,2,NA,9,9,NA,NA,NA,NA,NA,NA,2,2,27
NA,NA,NA,NA,NA,NA,NA,NA,NA,NA,NA,NA,NA,2,1,52
1,1,1,2,NA,2,1,2,4,2,1,1,3,3,1,32
2,1,2,2,NA,1,1,2,1,2,1,3,3,3,1,14
NA,NA,NA,NA,NA,NA,NA,NA,NA,NA,NA,NA,NA,0,2,63
NA,NA,NA,NA,NA,NA,NA,NA,NA,NA,NA,NA,NA,0,1,50
NA,NA,NA,NA,NA,NA,NA,NA,NA,NA,NA,NA,NA,2,2,43
2,2,2,2,NA,1,1,NA,NA,NA,NA,NA,NA,2,1,25
2,1,1,2,NA,1,1,2,2,1,2,1,1,2,1,71
2,2,2,1,3,1,1,4,4,2,1,2,3,8,1,55
1,1,2,1,1,1,1,NA,NA,NA,NA,NA,NA,3,2,76
2,2,2,2,NA,2,1,2,4,2,1,3,3,6,2,31
2,2,2,2,NA,2,2,1,2,2,2,2,3,2,1,43
2,2,2,2,NA,1,2,NA,NA,NA,NA,NA,NA,2,1,62
2,2,2,2,NA,1,2,NA,NA,NA,NA,NA,NA,2,2,61
2,2,2,2,NA,1,1,NA,NA,NA,NA,NA,NA,3,1,66
2,1,2,2,NA,2,1,NA,NA,NA,NA,NA,NA,2,2,50
NA,NA,NA,NA,NA,NA,NA,NA,NA,NA,NA,NA,NA,2,1,74
2,2,2,1,1,2,1,NA,NA,NA,NA,NA,NA,3,2,40
2,2,2,2,NA,1,2,NA,NA,NA,NA,NA,NA,2,2,63
2,1,1,1,1,1,1,4,3,2,1,3,3,3,2,15
NA,NA,NA,NA,NA,NA,NA,NA,NA,NA,NA,NA,NA,2,2,71
2,2,1,1,1,2,2,3,2,2,1,3,1,3,2,16
2,1,1,1,1,2,1,3,2,1,2,1,3,2,2,43
1,2,2,2,NA,2,1,4,4,2,1,1,3,3,1,41
1,1,1,1,1,1,1,1,2,1,1,1,3,2,2,15
2,2,2,1,1,2,2,NA,NA,NA,NA,NA,NA,2,1,62
2,2,2,2,NA,1,1,2,2,2,1,3,3,6,2,30
NA,NA,NA,NA,NA,NA,NA,NA,NA,NA,NA,NA,NA,0,1,81
2,1,1,1,5,1,2,2,3,2,1,2,3,8,2,41
2,2,2,2,NA,2,2,1,2,2,1,2,3,6,1,47
2,1,2,2,NA,1,2,NA,NA,NA,NA,NA,NA,2,2,52
1,1,1,1,5,1,1,3,3,2,1,1,3,6,1,37
2,2,2,2,NA,1,1,2,2,2,1,3,3,2,1,17
2,1,1,1,1,1,1,2,1,2,1,2,3,2,2,35
2,2,2,1,1,1,1,1,1,2,1,1,1,2,1,50
2,2,2,2,NA,2,1,2,3,2,2,3,3,3,1,35
2,1,2,2,NA,9,2,NA,NA,NA,NA,NA,NA,2,1,70
2,2,2,2,NA,2,2,1,2,1,2,3,3,2,2,61
2,1,2,2,NA,1,2,2,2,2,2,3,1,3,1,26
2,2,2,2,NA,2,2,3,3,1,1,2,3,2,2,63
2,2,2,2,NA,2,1,NA,NA,NA,NA,NA,NA,6,2,43
2,2,2,1,1,1,1,2,3,2,1,3,3,3,1,46
1,1,2,2,NA,1,1,1,1,1,1,3,1,6,2,36
2,2,2,2,NA,2,2,NA,NA,NA,NA,NA,NA,6,2,37
1,1,1,1,1,1,1,3,3,2,1,2,3,6,1,39
1,1,1,1,1,1,1,4,4,1,1,2,3,6,2,17
2,2,2,1,1,1,1,2,3,1,2,2,3,8,2,55
2,2,2,1,9,1,1,2,2,1,1,1,3,3,2,30
2,2,2,2,NA,2,9,2,2,2,1,3,1,3,2,46
2,1,1,1,1,1,1,3,2,2,1,1,3,8,1,25
2,2,1,1,1,1,2,2,4,2,1,1,3,8,2,20
2,2,2,2,NA,NA,NA,NA,NA,NA,NA,NA,NA,0,2,59
2,2,2,2,NA,2,2,2,3,2,1,3,3,8,2,61
2,1,1,1,2,2,2,2,3,2,1,3,3,8,2,49
1,2,2,2,NA,1,1,2,3,1,1,3,3,8,1,48
2,1,2,1,1,1,1,NA,NA,NA,NA,NA,NA,2,2,70
2,2,2,2,NA,2,2,NA,NA,NA,NA,NA,NA,2,1,74
1,2,2,1,5,2,2,4,4,2,2,3,3,6,2,52
2,1,1,1,2,1,2,3,3,2,1,2,3,8,2,58
2,1,1,1,1,1,1,3,3,1,1,2,3,6,2,27
2,2,2,1,3,2,1,4,4,1,1,1,1,10,1,33
2,2,2,2,NA,2,2,NA,NA,NA,NA,NA,NA,3,2,51
1,1,2,1,2,2,9,NA,NA,NA,NA,NA,NA,8,1,56
2,2,2,1,1,1,1,2,1,1,1,1,3,3,2,16
2,1,2,1,2,1,1,2,3,2,1,3,1,8,2,53
1,1,1,1,5,1,1,2,4,2,1,3,3,6,1,65
1,1,1,1,2,1,1,3,3,2,1,1,3,8,2,35
2,1,2,1,1,1,1,3,3,1,1,2,3,8,2,51
2,2,2,1,2,1,1,2,3,2,1,1,3,8,1,60
2,2,2,2,NA,1,1,NA,NA,NA,NA,NA,NA,3,2,29
2,2,2,1,1,1,2,2,2,2,2,2,1,3,1,14
1,1,1,1,1,2,1,4,3,2,1,3,3,8,2,65
1,2,2,2,NA,2,1,2,1,2,1,3,1,6,2,51
2,2,2,2,NA,1,2,2,1,2,1,3,1,3,2,35
2,2,1,1,1,2,2,4,3,2,1,1,3,3,1,14
2,1,1,1,1,1,1,2,2,1,1,2,3,2,2,53
1,1,1,1,1,1,1,1,1,2,1,2,1,3,1,32
2,2,2,1,1,1,1,2,1,1,2,2,3,2,2,64
2,2,2,1,1,1,1,1,4,2,1,2,3,8,2,26
2,1,1,1,1,1,2,3,3,2,1,2,3,8,1,42
2,2,2,1,3,1,2,2,2,2,1,2,3,8,2,21
2,2,2,2,NA,2,2,NA,NA,NA,NA,NA,NA,7,2,50
2,2,2,1,1,1,2,NA,NA,NA,NA,NA,NA,2,2,65
2,2,2,1,1,1,1,4,4,2,2,2,3,6,2,37
2,2,1,2,NA,1,1,3,3,1,1,2,3,3,2,33
2,2,2,2,NA,2,2,NA,NA,NA,NA,NA,NA,3,2,46
2,1,1,1,1,1,2,2,2,2,1,3,3,3,1,28
2,1,1,1,1,1,2,2,4,2,1,2,3,6,1,22
2,2,1,1,1,1,1,3,3,2,1,1,3,8,1,23
2,1,1,1,1,1,2,2,1,2,1,2,3,3,1,43
2,2,2,2,NA,1,1,2,1,1,1,2,3,6,2,43
2,2,2,1,1,1,1,2,3,2,2,2,1,6,2,35
2,2,2,2,NA,1,1,3,3,2,1,2,3,3,2,37
2,1,1,1,1,1,1,2,3,1,1,1,1,3,2,32
2,2,1,1,1,1,2,2,2,2,1,2,3,6,2,20
2,2,2,2,NA,9,1,NA,NA,NA,NA,NA,NA,2,2,67
2,2,2,2,NA,2,1,2,2,2,1,1,3,6,1,41
1,2,2,1,1,2,1,3,2,2,1,3,1,2,2,12
2,1,1,2,NA,2,2,3,3,2,1,2,3,6,1,56
2,1,1,1,1,1,2,NA,NA,NA,NA,NA,NA,3,1,15
2,2,2,1,1,1,2,1,3,1,1,2,3,8,2,31
1,1,1,1,1,1,1,3,3,2,1,2,3,3,1,22
2,2,2,1,1,1,2,NA,NA,NA,NA,NA,NA,3,2,55
1,1,2,1,1,1,2,3,3,1,1,2,1,8,2,33
2,2,2,2,NA,2,1,3,3,2,1,2,1,8,2,45
1,2,2,1,1,2,1,2,3,1,1,3,3,3,1,50
1,2,2,1,4,1,1,2,3,2,1,3,3,8,2,25
NA,NA,NA,NA,NA,NA,NA,NA,NA,NA,NA,NA,NA,2,2,48
2,1,1,2,NA,1,1,NA,NA,NA,NA,NA,NA,2,1,40
2,1,1,2,NA,2,2,2,2,2,1,1,3,2,1,12
2,2,2,2,NA,1,1,NA,NA,NA,NA,NA,NA,3,2,31
2,2,2,2,NA,1,2,1,2,2,2,3,1,3,1,64
2,1,1,1,1,2,2,4,3,2,2,3,3,2,2,86
1,1,1,1,1,1,1,4,4,2,1,2,3,8,2,31
2,2,2,2,NA,2,2,1,2,2,2,3,1,2,2,62
2,2,2,1,1,1,2,4,2,2,1,2,3,6,2,24
2,2,2,2,NA,2,1,1,3,2,2,3,1,6,1,32
2,2,2,2,NA,2,2,2,2,1,2,2,3,6,2,55
2,2,2,2,NA,NA,NA,1,1,2,2,3,1,0,1,48
2,2,2,2,NA,1,2,1,4,2,2,2,1,6,1,23
NA,NA,NA,NA,NA,NA,NA,NA,NA,NA,NA,NA,NA,0,2,52
2,1,2,2,NA,2,2,1,2,1,1,3,1,2,2,30
NA,NA,NA,NA,NA,NA,NA,NA,NA,NA,NA,NA,NA,2,2,32
1,1,1,1,1,2,1,2,1,1,1,3,3,2,2,41
NA,NA,NA,NA,NA,NA,NA,NA,NA,NA,NA,NA,NA,2,2,76
2,2,2,1,1,1,2,2,1,2,2,2,3,2,2,14
2,1,2,2,NA,1,2,NA,NA,NA,NA,NA,NA,2,2,13
NA,NA,NA,NA,NA,NA,NA,NA,NA,NA,NA,NA,NA,0,2,42
2,2,2,2,NA,2,2,NA,NA,NA,NA,NA,NA,3,2,29
NA,NA,NA,NA,NA,NA,NA,NA,NA,NA,NA,NA,NA,2,2,49
2,2,2,2,NA,2,2,2,2,1,2,2,3,6,2,32
2,2,2,2,NA,2,2,NA,NA,NA,NA,NA,NA,3,2,59
2,2,2,2,NA,2,2,NA,NA,NA,NA,NA,NA,2,2,30
2,2,2,2,NA,9,2,2,2,2,2,2,3,2,1,43
2,2,2,2,NA,2,2,1,3,2,1,2,1,3,1,41
NA,NA,NA,NA,NA,NA,NA,NA,NA,NA,NA,NA,NA,2,2,63
1,2,2,1,1,1,1,3,3,1,1,2,3,3,2,32
2,1,2,2,NA,1,1,2,2,1,1,3,3,3,2,27
2,1,1,1,1,1,2,3,3,2,1,2,3,8,1,23
2,1,2,2,NA,1,1,2,3,2,2,1,3,6,2,37
2,2,2,2,NA,2,2,3,3,2,2,2,3,5,2,53
2,2,2,2,NA,1,2,4,3,2,1,3,3,7,2,28
2,1,1,1,1,1,1,2,3,1,2,2,1,6,1,22
2,2,2,2,NA,9,9,4,1,2,2,2,3,2,1,51
2,2,2,1,1,1,9,2,2,2,1,2,3,2,1,53
2,2,2,2,NA,2,2,NA,NA,NA,NA,NA,NA,2,1,59
2,1,2,2,NA,2,2,2,1,2,1,2,1,3,1,32
2,2,2,2,NA,1,2,2,2,2,1,2,3,6,1,27
NA,NA,NA,NA,NA,NA,NA,NA,NA,NA,NA,NA,NA,0,2,59
2,1,2,1,1,1,1,2,3,2,1,1,3,6,1,17
2,2,2,1,1,1,2,1,2,1,2,2,1,2,2,12
NA,NA,NA,NA,NA,NA,NA,NA,NA,NA,NA,NA,NA,0,2,90
2,2,1,2,NA,2,2,NA,NA,NA,NA,NA,NA,3,1,15
2,2,2,2,NA,2,2,1,1,2,2,2,3,2,2,76
1,1,1,1,1,1,1,3,4,2,1,3,3,8,1,63
2,2,2,1,1,1,1,2,4,1,1,1,3,8,1,75
2,1,2,1,1,1,2,2,3,2,1,2,3,6,1,18
2,2,2,1,2,1,2,3,3,2,1,2,3,6,1,59
1,1,1,1,5,1,1,4,3,2,1,1,3,8,2,40
2,2,2,2,NA,2,2,1,2,2,2,1,3,2,2,61
2,2,2,2,NA,1,9,1,2,2,2,1,2,3,1,29
2,2,2,2,NA,1,1,1,4,2,2,2,3,3,1,38
2,1,1,1,1,2,1,3,3,2,1,3,3,2,1,12
2,2,2,2,NA,1,2,2,2,2,2,3,1,6,1,23
1,2,2,1,1,1,1,2,2,2,1,2,3,8,1,30
2,1,1,1,1,1,2,3,3,2,1,2,3,3,2,15
2,2,2,2,NA,1,1,3,3,2,1,2,1,3,1,68
2,1,2,2,NA,1,1,2,3,2,2,2,3,3,1,63
2,1,2,1,1,2,2,3,3,2,1,2,3,8,1,24
2,1,1,1,1,1,2,NA,NA,NA,NA,NA,NA,3,1,22
2,2,2,1,1,1,2,3,4,2,2,2,1,3,2,13
2,1,2,1,1,1,1,NA,NA,NA,NA,NA,NA,3,1,12
1,1,1,1,1,1,1,2,3,2,1,2,3,6,1,18
2,1,2,1,1,2,2,3,4,2,1,3,3,8,1,33
2,2,2,2,NA,2,2,2,3,1,1,1,3,8,1,67
2,2,2,2,NA,1,1,4,3,2,1,1,3,7,2,60
1,1,1,1,2,1,1,4,4,2,2,2,3,10,1,70
1,1,2,1,1,1,1,2,4,2,1,1,3,8,2,20
2,2,2,2,NA,2,2,4,4,1,2,2,3,6,2,50
2,2,2,1,1,1,1,3,3,1,1,2,3,6,1,47
2,1,2,1,1,1,1,NA,NA,NA,NA,NA,NA,3,1,54
1,1,1,1,5,1,1,3,3,2,1,1,3,8,2,53
2,2,2,2,NA,2,2,2,3,2,1,1,3,3,2,59
2,2,2,1,1,1,1,3,3,2,1,3,1,6,1,20
2,1,1,2,NA,2,1,2,2,2,1,3,1,6,1,18
2,2,2,1,1,2,2,2,4,1,1,2,1,6,1,24
2,2,2,2,NA,2,2,4,3,2,1,2,3,6,1,60
2,2,2,2,NA,2,2,1,2,2,2,2,2,3,1,62
2,2,2,2,NA,2,2,NA,NA,NA,NA,NA,NA,3,2,58
2,2,2,2,NA,1,2,NA,NA,NA,NA,NA,NA,3,1,33
2,2,2,2,NA,2,2,3,2,2,1,2,3,3,2,47
2,1,2,1,5,2,2,4,4,1,1,3,3,6,2,53
1,1,1,1,1,1,1,4,4,2,1,3,3,8,2,23
1,2,1,1,1,1,2,4,3,2,1,2,3,3,2,14
2,2,2,1,1,1,2,2,3,2,1,1,1,2,2,17
2,2,2,1,1,2,1,2,1,2,2,3,3,6,1,60
1,1,1,1,1,1,2,2,3,2,1,3,1,8,1,45
2,1,1,1,1,1,1,2,4,2,1,1,3,8,2,23
2,2,2,2,NA,2,2,4,4,2,1,2,3,8,1,35
2,2,1,1,1,2,1,2,3,1,1,3,3,3,1,36
1,1,1,1,2,1,2,4,4,1,1,3,3,8,2,22
2,1,1,1,2,1,1,2,3,2,2,2,3,8,1,51
1,1,1,1,2,1,1,4,4,2,1,1,3,8,2,56
2,2,2,1,1,1,1,2,2,2,1,2,3,6,2,32
1,1,1,1,3,1,1,2,3,2,1,3,3,8,2,27
2,2,2,2,NA,1,2,NA,NA,NA,NA,NA,NA,6,2,44
2,2,2,2,NA,1,1,4,4,2,1,2,3,3,1,46
2,2,2,2,NA,2,2,1,3,2,1,2,3,8,1,72
2,2,2,2,NA,2,2,NA,NA,NA,NA,NA,NA,2,2,73
2,2,2,1,1,2,2,4,4,2,1,2,3,6,1,23
2,2,2,2,NA,1,1,2,3,2,1,2,3,6,1,44
1,1,2,1,1,1,2,4,3,2,1,1,3,8,1,22
1,1,1,1,1,1,1,2,3,1,1,1,3,6,2,98
2,2,2,2,NA,9,2,NA,NA,NA,NA,NA,NA,2,1,60
2,2,2,2,NA,2,1,3,2,2,1,3,3,8,2,27
1,1,1,1,1,1,1,NA,NA,NA,NA,NA,NA,3,2,59
2,2,2,2,NA,2,2,NA,NA,NA,NA,NA,NA,2,1,41
NA,NA,NA,NA,NA,NA,NA,NA,NA,NA,NA,NA,NA,2,2,81
2,2,2,2,NA,2,2,1,3,2,2,3,1,3,1,42
2,2,2,2,NA,1,2,2,3,2,2,2,3,3,2,34
2,2,2,1,1,1,1,2,3,2,1,3,3,3,1,17
1,1,1,1,1,2,1,NA,NA,NA,NA,NA,NA,3,1,32
2,2,2,2,NA,NA,NA,1,1,2,2,1,1,0,1,78
2,2,2,1,1,2,2,1,3,2,2,3,3,3,2,53
2,2,2,2,NA,NA,NA,2,3,2,2,3,1,0,2,72
2,1,2,1,5,1,1,3,4,2,1,3,3,8,1,29
1,1,1,1,2,1,1,2,2,2,1,3,3,3,1,48
2,2,2,2,NA,2,2,3,4,2,1,1,3,8,1,79
2,1,2,1,2,1,2,2,3,2,2,2,3,3,2,75
1,1,1,1,1,1,2,2,3,2,1,1,3,6,2,19
1,1,2,1,3,1,1,3,1,2,1,3,1,3,2,57
NA,NA,NA,NA,NA,NA,NA,NA,NA,NA,NA,NA,NA,0,2,79
2,2,2,2,NA,1,2,1,2,2,2,2,3,5,2,66
2,2,2,2,NA,1,1,4,3,1,1,3,1,3,2,32
2,1,1,1,3,1,1,2,3,2,1,1,3,8,2,58
2,2,2,2,NA,1,2,3,3,2,2,1,3,3,2,39
2,2,2,2,NA,1,1,2,3,2,2,3,3,3,2,62
1,1,2,1,1,1,1,2,3,2,2,1,3,2,2,77
2,2,2,1,1,9,2,3,4,2,1,2,3,8,1,34
2,1,1,1,2,2,2,4,4,1,1,1,3,5,2,64
2,2,2,2,NA,1,2,NA,NA,NA,NA,NA,NA,6,2,27
2,2,2,2,NA,1,1,3,2,2,1,3,3,3,2,27
2,2,2,1,1,1,2,1,2,1,1,2,1,2,1,33
1,1,1,1,1,1,1,3,3,1,1,1,3,6,1,25
2,1,2,1,2,1,1,2,1,2,1,1,1,6,2,26
2,2,2,1,1,1,1,NA,NA,NA,NA,NA,NA,6,2,19
2,2,2,2,NA,2,2,NA,NA,NA,NA,NA,NA,3,2,50
2,2,2,2,NA,1,2,NA,NA,NA,NA,NA,NA,3,2,29
2,1,1,1,1,1,1,3,4,2,1,1,3,3,1,22
1,2,2,2,NA,2,1,2,1,2,2,2,3,3,2,39
2,2,2,2,NA,1,1,3,2,2,1,3,1,6,2,19
2,2,2,1,1,1,2,2,3,1,2,1,3,2,2,12
2,2,2,2,NA,1,1,4,3,2,2,3,3,5,1,61
2,2,2,2,NA,2,1,NA,NA,NA,NA,NA,NA,6,2,30
1,1,1,1,2,1,1,3,4,2,1,2,3,8,2,28
2,2,2,2,NA,2,1,NA,NA,NA,NA,NA,NA,6,2,30
2,1,2,1,1,1,1,2,2,2,1,1,3,6,1,40
2,2,2,2,NA,NA,NA,2,2,2,2,2,1,0,2,53
2,2,2,2,NA,9,9,NA,NA,NA,NA,NA,NA,2,2,59
NA,NA,NA,NA,NA,NA,NA,NA,NA,NA,NA,NA,NA,2,2,43
2,2,2,2,NA,2,2,NA,NA,NA,NA,NA,NA,3,1,46
2,2,1,2,NA,1,2,2,2,2,1,2,3,6,2,27
1,1,1,1,1,1,1,2,2,2,1,2,3,6,2,19
2,2,2,1,1,2,1,2,1,1,1,1,3,2,2,32
2,1,2,2,NA,2,2,1,2,2,1,2,1,3,2,41
2,2,1,1,1,1,1,NA,NA,NA,NA,NA,NA,5,2,50
2,2,2,2,NA,2,2,NA,NA,NA,NA,NA,NA,3,2,47
2,1,2,2,NA,2,2,NA,NA,NA,NA,NA,NA,2,2,65
1,1,1,1,1,1,1,2,3,2,1,3,3,3,2,29
2,1,1,1,2,2,1,2,2,2,1,3,3,3,2,39
1,2,1,1,1,1,1,1,1,2,1,1,1,6,1,18
1,2,1,1,1,2,2,2,3,1,2,1,3,3,2,15
2,2,2,2,NA,2,2,NA,NA,NA,NA,NA,NA,2,2,61
2,2,2,2,NA,1,1,NA,NA,NA,NA,NA,NA,3,1,18
2,2,2,1,9,1,2,4,3,2,1,1,3,2,2,58
1,1,1,1,3,1,1,4,4,2,1,2,3,8,2,31
2,1,2,2,NA,2,2,NA,NA,NA,NA,NA,NA,2,2,93
2,2,1,2,NA,2,2,3,3,2,2,3,3,6,2,68
2,2,2,1,9,9,2,NA,NA,NA,NA,NA,NA,2,2,81
1,2,1,1,1,2,1,2,1,2,1,2,3,6,1,28
2,2,2,2,NA,2,2,2,2,2,2,2,3,2,1,91
1,2,2,2,NA,2,2,NA,NA,NA,NA,NA,NA,3,1,17
2,2,2,1,1,1,1,2,3,2,1,1,3,3,1,62
2,1,2,1,2,1,1,2,3,2,1,1,3,8,1,21
2,2,1,2,NA,2,1,NA,NA,NA,NA,NA,NA,6,2,31
1,1,1,1,1,2,1,2,3,2,1,1,3,3,1,44
2,2,2,2,NA,2,1,2,2,2,1,2,3,2,1,32
1,1,1,1,2,1,1,3,3,2,1,1,3,6,1,26
2,2,2,2,NA,1,1,2,3,1,1,3,2,3,2,15
2,2,2,2,NA,9,2,NA,NA,NA,NA,NA,NA,2,2,59
2,2,2,2,NA,2,1,NA,NA,NA,NA,NA,NA,2,2,47
2,2,2,2,NA,1,1,NA,NA,NA,NA,NA,NA,3,1,32
2,2,2,2,NA,1,2,2,2,2,1,2,3,2,1,12
1,1,1,1,1,1,1,4,4,2,1,2,3,6,1,27
2,1,1,1,1,2,2,3,3,2,1,2,3,6,2,25
1,1,1,1,1,2,1,2,2,1,2,3,3,2,2,73
1,1,1,1,1,2,1,2,3,2,1,1,3,8,2,35
1,1,2,1,1,1,1,3,4,2,1,2,3,8,1,42
2,2,2,2,NA,2,2,NA,NA,NA,NA,NA,NA,3,2,45
1,2,2,2,NA,2,2,2,3,2,1,1,3,3,1,45
2,2,2,1,1,2,2,3,3,2,1,2,3,8,1,21
2,2,2,1,1,2,2,3,3,2,1,1,3,5,2,55
1,1,1,1,3,1,1,2,3,1,1,3,1,8,2,41
1,1,1,1,1,1,1,3,4,2,1,2,3,6,2,16
2,2,2,2,NA,1,1,4,4,2,2,1,3,6,2,53
2,1,1,1,5,1,1,4,3,2,1,2,3,10,1,58
2,2,2,1,2,1,1,2,3,2,1,2,3,6,2,51
1,1,1,1,2,1,1,2,3,2,1,3,3,8,1,65
2,2,2,2,NA,2,2,NA,NA,NA,NA,NA,NA,8,1,54
1,1,1,1,2,1,1,1,1,2,1,3,3,3,2,55
2,2,1,1,1,1,1,2,2,2,1,1,3,6,2,19
2,2,2,1,1,2,2,3,3,2,1,3,3,8,1,32
2,2,2,2,NA,1,2,2,3,2,2,2,3,3,2,70
2,2,2,1,1,1,1,4,3,2,1,2,3,6,1,29
2,1,2,2,NA,2,2,3,3,2,1,2,3,3,1,55
2,2,1,1,1,1,2,3,3,1,2,2,3,3,1,54
1,2,2,1,1,2,2,3,3,2,1,2,3,8,1,33
1,1,2,1,1,1,1,3,3,2,1,2,3,8,1,51
2,1,2,1,2,2,2,NA,NA,NA,NA,NA,NA,6,1,39
2,1,2,1,1,2,1,2,3,2,1,3,3,6,1,33
2,2,2,2,NA,1,2,4,3,2,1,3,3,6,2,29
1,1,1,1,4,1,1,4,4,2,1,2,3,7,1,46
2,2,2,1,1,1,1,2,2,1,1,1,2,6,2,36
2,1,2,1,1,2,1,3,2,2,1,3,3,3,2,23
1,2,1,1,1,1,1,2,3,1,2,2,3,2,2,47
2,2,2,2,NA,2,2,NA,NA,NA,NA,NA,NA,6,1,36
1,1,1,1,2,2,1,2,3,2,1,2,1,8,2,31
1,1,1,1,1,1,2,1,3,2,2,1,3,6,1,63
2,1,2,1,1,2,1,1,3,2,1,3,1,8,2,28
2,1,1,1,3,1,1,2,2,2,1,2,3,8,2,24
2,2,2,1,1,9,1,4,3,2,1,1,3,3,2,51
2,1,2,1,1,2,2,3,3,2,2,2,3,2,1,33
2,2,2,1,1,2,2,NA,NA,NA,NA,NA,NA,8,2,57
2,1,2,1,2,2,2,4,3,2,1,2,3,3,1,14
2,2,2,1,1,1,1,3,4,2,1,1,3,8,1,36
1,1,1,1,2,2,1,2,2,2,1,3,3,3,2,37
2,2,2,1,1,2,2,3,3,2,1,2,3,8,1,28
1,1,1,1,1,1,1,3,2,2,1,2,3,8,2,29
1,1,1,1,2,1,1,NA,NA,NA,NA,NA,NA,8,1,32
2,1,2,1,1,1,1,2,3,2,1,3,3,8,2,43
2,1,2,1,1,2,2,1,2,1,1,3,3,6,2,77
1,2,2,1,1,1,1,4,4,2,1,1,3,8,2,37
2,2,2,1,1,2,2,4,4,2,1,2,3,8,1,41
1,1,1,1,1,1,1,2,3,2,1,2,3,2,1,27
1,1,1,1,1,1,1,4,1,2,1,1,3,6,1,23
1,1,1,1,1,2,1,2,3,2,1,3,1,3,1,47
2,2,2,2,NA,1,1,4,3,2,1,1,3,3,2,15
2,1,1,1,2,1,1,4,3,2,1,1,3,6,2,30
2,1,1,1,1,1,1,2,3,2,2,2,3,2,1,28
2,1,1,1,1,1,1,2,3,2,1,2,3,6,1,29
2,2,2,1,1,1,1,3,2,2,1,2,1,8,2,26
2,2,2,2,NA,2,2,2,3,2,1,1,3,8,2,46
2,1,1,1,1,1,1,2,3,2,1,3,1,8,2,26
1,2,2,1,1,1,1,2,2,2,1,3,3,8,2,34
2,1,1,1,4,1,1,2,3,2,1,2,3,6,1,26
2,2,2,2,NA,1,1,2,2,1,1,2,3,2,1,56
2,2,2,2,NA,2,2,NA,NA,NA,NA,NA,NA,6,1,22
2,2,2,1,1,1,1,2,2,2,1,1,3,6,1,25
1,2,2,1,1,1,1,4,2,2,1,3,3,2,2,36
2,2,2,1,1,1,2,2,2,2,1,1,3,8,1,20
2,1,1,1,1,2,1,1,1,1,2,2,3,3,2,40
2,2,2,1,1,2,2,1,2,1,2,3,1,2,1,46
2,2,2,2,NA,2,2,NA,NA,NA,NA,NA,NA,2,1,65
2,2,2,2,NA,9,2,2,2,2,2,2,3,3,2,40
2,2,2,2,NA,1,1,2,2,2,1,2,3,6,2,18
2,2,2,2,NA,2,2,NA,NA,NA,NA,NA,NA,2,1,47
2,2,2,2,NA,2,2,NA,NA,NA,NA,NA,NA,2,2,44
NA,NA,NA,NA,NA,NA,NA,NA,NA,NA,NA,NA,NA,2,1,12
NA,NA,NA,NA,NA,NA,NA,NA,NA,NA,NA,NA,NA,0,2,55
2,2,2,2,NA,2,2,2,4,2,1,2,3,2,1,46
2,2,2,2,NA,2,2,NA,NA,NA,NA,NA,NA,2,2,44
NA,NA,NA,NA,NA,NA,NA,NA,NA,NA,NA,NA,NA,0,2,88
1,1,1,1,1,2,1,2,4,2,2,3,3,3,1,35
2,2,2,2,NA,2,2,NA,NA,NA,NA,NA,NA,6,1,40
2,2,2,2,NA,1,1,NA,NA,NA,NA,NA,NA,3,2,15
2,2,2,1,2,1,1,2,2,2,1,1,3,6,2,18
2,1,1,1,1,1,1,NA,NA,NA,NA,NA,NA,6,1,17
2,2,2,2,NA,2,2,3,3,2,2,2,1,2,2,64
1,1,1,1,3,1,1,2,4,2,1,2,1,3,1,16
2,2,1,2,NA,2,2,1,1,2,2,2,3,2,1,74
1,1,1,1,5,1,1,4,4,2,1,2,3,8,1,56
1,1,1,1,1,1,1,2,2,2,2,1,3,3,1,23
2,2,2,2,NA,2,2,4,3,1,2,1,3,8,1,40
1,1,1,1,3,1,1,2,4,2,1,1,3,7,2,47
1,1,1,2,NA,1,1,2,3,2,2,3,3,3,2,32
1,2,1,1,1,1,1,2,3,1,2,1,1,3,2,16
1,1,1,1,1,1,1,2,4,2,1,2,3,3,2,28
2,2,2,2,NA,2,1,4,3,2,1,1,1,6,2,17
2,1,2,1,1,1,1,NA,NA,NA,NA,NA,NA,3,1,29
2,2,2,1,1,1,2,2,4,2,1,2,3,7,1,18
2,1,2,2,NA,1,1,2,4,2,2,3,3,7,2,67
1,1,1,1,5,2,2,4,3,2,1,2,3,8,1,40
2,1,1,1,5,1,1,2,4,2,1,1,3,10,1,36
2,2,2,2,NA,2,2,NA,NA,NA,NA,NA,NA,10,2,33
2,1,1,1,5,1,2,2,3,1,1,1,3,3,2,15
1,1,2,1,1,1,1,2,3,2,2,3,3,3,2,53
2,2,2,1,4,2,1,2,3,2,1,1,3,6,2,67
2,2,2,2,NA,2,2,2,4,2,1,2,3,3,1,42
2,1,2,1,1,2,1,3,3,2,1,2,1,3,1,45
2,2,2,1,1,1,1,NA,NA,NA,NA,NA,NA,6,2,17
2,2,2,2,NA,2,1,NA,NA,NA,NA,NA,NA,2,1,42
1,1,1,2,NA,1,1,3,2,2,1,1,2,6,1,24
1,1,1,1,1,9,1,2,3,1,1,3,3,3,2,55
2,1,1,2,NA,1,1,2,3,2,2,1,3,3,2,15
2,1,1,1,1,2,1,3,3,2,1,2,3,6,2,48
1,1,2,2,NA,2,2,NA,NA,NA,NA,NA,NA,3,2,52
2,2,2,2,NA,2,2,NA,NA,NA,NA,NA,NA,6,1,17
2,2,2,1,1,2,2,2,2,2,1,3,1,7,2,33
2,2,2,1,1,2,2,2,4,2,1,1,3,6,2,21
1,1,1,1,5,1,1,1,3,1,1,2,3,8,1,32
2,2,2,2,NA,1,1,3,4,2,1,2,3,6,2,34
2,1,2,1,1,2,2,4,3,2,1,3,3,8,2,32
2,2,2,2,NA,2,2,NA,NA,NA,NA,NA,NA,2,1,60
2,2,2,2,NA,2,2,3,2,2,2,2,3,5,2,51
2,2,2,1,2,1,2,2,4,2,1,3,3,8,2,40
1,1,1,1,5,1,1,4,3,2,1,3,3,11,1,38
2,1,2,1,5,2,1,3,4,2,1,2,1,6,2,47
2,1,2,2,NA,1,1,4,1,2,1,3,1,3,2,50
2,2,2,2,NA,2,2,2,2,2,2,1,3,2,2,44
2,1,1,1,1,2,2,NA,NA,NA,NA,NA,NA,3,2,53
1,1,1,1,5,2,1,2,4,1,1,1,3,6,1,71
1,1,2,1,1,2,1,2,3,1,1,3,3,6,2,24
1,1,1,1,1,1,1,4,4,1,1,1,3,6,2,22
2,1,1,1,1,2,2,3,4,2,1,1,3,6,1,19
2,1,2,1,1,1,1,2,3,2,1,2,3,6,2,19
NA,NA,NA,NA,NA,NA,NA,NA,NA,NA,NA,NA,NA,0,2,86
2,1,1,1,1,1,1,2,1,1,1,2,3,3,2,25
2,1,1,1,1,2,2,3,3,2,2,2,3,6,1,27
2,2,2,1,1,2,2,2,3,2,1,2,3,8,2,36
1,2,2,1,4,2,2,3,3,2,1,2,3,8,1,51
1,1,1,1,1,1,1,3,3,1,1,1,1,8,2,25
1,2,1,1,1,1,1,3,3,2,1,1,1,7,2,46
2,2,2,2,NA,2,2,2,3,2,1,3,3,8,1,66
2,1,1,2,NA,1,1,2,3,2,1,1,2,6,1,23
2,1,1,2,NA,1,1,2,4,2,1,2,3,3,2,23
2,2,2,1,1,1,1,2,2,1,1,1,3,2,1,12
2,1,2,2,NA,1,2,2,4,2,1,3,3,3,2,25
2,2,2,2,NA,2,2,NA,NA,NA,NA,NA,NA,3,2,40
2,2,2,2,NA,2,2,2,2,2,2,2,3,2,1,61
1,2,2,2,NA,1,1,NA,NA,NA,NA,NA,NA,3,2,43
2,2,2,2,NA,1,2,NA,NA,NA,NA,NA,NA,3,1,15
NA,NA,NA,NA,NA,NA,NA,NA,NA,NA,NA,NA,NA,0,1,73
2,2,2,2,NA,NA,NA,NA,NA,NA,NA,NA,NA,0,1,45
2,2,2,2,NA,1,1,2,2,2,1,3,1,2,2,51
2,1,1,1,1,1,1,2,2,2,1,1,3,6,2,17
2,1,1,1,2,1,1,3,3,2,1,2,3,6,1,15
2,1,2,1,2,1,1,2,3,1,1,1,3,2,2,12
2,1,1,1,3,1,1,4,4,2,1,2,3,6,2,28
2,1,2,2,NA,2,2,NA,NA,NA,NA,NA,NA,6,2,46
2,1,2,1,1,9,2,2,3,2,1,2,3,6,1,37
NA,NA,NA,NA,NA,NA,NA,NA,NA,NA,NA,NA,NA,0,2,75
NA,NA,NA,NA,NA,NA,NA,NA,NA,NA,NA,NA,NA,2,1,34
1,1,1,1,1,2,1,4,4,2,1,1,3,6,2,28
2,2,2,2,NA,9,9,NA,NA,NA,NA,NA,NA,2,1,74
2,2,2,2,NA,1,1,NA,NA,NA,NA,NA,NA,3,2,58
2,1,1,1,1,1,1,3,3,1,1,1,3,6,2,23
2,1,2,2,NA,2,2,NA,NA,NA,NA,NA,NA,3,2,43
NA,NA,NA,NA,NA,NA,NA,NA,NA,NA,NA,NA,NA,0,2,61
NA,NA,NA,NA,NA,NA,NA,NA,NA,NA,NA,NA,NA,0,2,64
2,1,1,1,1,2,1,2,4,1,2,2,3,2,1,72
2,1,1,1,1,1,1,3,3,2,1,2,3,8,2,28
2,2,2,2,NA,2,1,1,1,2,2,3,1,3,2,59
2,2,2,2,NA,1,1,2,4,2,1,3,3,6,2,26
2,2,2,1,1,1,1,NA,NA,NA,NA,NA,NA,3,2,20
2,1,2,1,1,1,1,2,2,2,1,2,1,6,1,27
2,2,2,2,NA,2,2,NA,NA,NA,NA,NA,NA,3,2,57
2,2,2,2,NA,2,2,1,2,1,2,3,3,3,2,57
2,2,2,2,NA,9,2,3,3,2,1,1,3,6,2,31
2,1,2,2,NA,2,2,2,1,1,2,2,1,3,2,43
2,1,1,2,NA,1,1,4,3,2,1,2,3,6,1,17
2,1,1,1,1,1,1,4,3,2,1,1,3,6,1,17
1,1,1,1,1,1,1,3,3,2,1,1,3,10,1,37
2,2,2,2,NA,2,2,NA,NA,NA,NA,NA,NA,2,1,54
2,1,1,2,NA,2,1,2,2,2,1,2,3,2,1,52
2,1,1,1,2,1,2,4,3,2,1,3,3,6,1,17
2,2,2,2,NA,2,2,4,4,2,1,1,3,3,2,19
NA,NA,NA,NA,NA,NA,NA,NA,NA,NA,NA,NA,NA,0,1,60
2,2,2,2,NA,1,1,4,4,2,2,1,1,2,1,35
2,1,1,1,5,1,1,3,3,1,1,3,3,3,1,35
1,1,1,1,1,1,1,3,3,2,1,3,3,8,2,32
2,1,1,1,4,1,1,2,3,2,1,1,3,6,1,36
2,1,1,1,1,1,1,NA,NA,NA,NA,NA,NA,8,1,40
1,1,1,1,2,1,1,3,3,2,2,2,3,5,2,69
2,1,1,1,2,1,2,2,3,2,1,3,3,8,2,64
1,1,1,1,1,1,1,NA,NA,NA,NA,NA,NA,8,2,31
1,2,2,2,NA,1,1,2,3,2,2,2,3,3,1,42
1,1,1,1,3,2,2,2,3,2,2,3,3,8,1,33
2,1,1,1,1,1,2,NA,NA,NA,NA,NA,NA,8,2,45
2,2,2,2,NA,1,1,NA,NA,NA,NA,NA,NA,8,2,43
2,2,2,2,NA,2,2,NA,NA,NA,NA,NA,NA,3,2,36
1,1,1,1,2,1,1,2,3,2,2,2,3,3,2,54
2,2,2,2,NA,2,2,NA,NA,NA,NA,NA,NA,2,2,66
2,1,1,2,NA,1,1,3,3,2,1,2,3,8,2,21
2,2,2,1,3,1,1,3,3,2,2,1,3,8,1,70
2,2,2,2,NA,NA,NA,1,2,2,2,3,3,0,1,80
2,1,1,1,1,1,1,3,4,2,1,2,3,8,2,46
1,1,1,1,4,1,1,4,4,1,1,1,3,8,2,45
NA,NA,NA,NA,NA,NA,NA,NA,NA,NA,NA,NA,NA,0,1,73
2,2,2,1,1,1,2,2,2,2,1,1,3,8,1,23
2,2,2,2,NA,2,2,NA,NA,NA,NA,NA,NA,3,1,38
2,1,1,1,1,2,1,2,3,1,2,1,3,2,2,13
2,2,2,2,NA,1,9,2,3,2,2,2,3,7,2,30
2,2,1,1,3,1,2,NA,NA,NA,NA,NA,NA,3,2,57
2,1,2,2,NA,1,1,2,2,2,2,1,3,2,2,15
2,1,2,1,1,2,9,3,4,2,1,2,3,3,1,67
2,1,1,1,1,1,2,3,4,1,1,1,3,6,1,24
2,1,1,2,NA,1,1,3,4,2,2,3,3,8,1,33
1,1,1,1,1,1,1,2,2,2,1,1,3,8,1,38
2,2,2,2,NA,1,1,2,3,1,1,1,3,6,1,37
2,2,2,2,NA,1,1,NA,NA,NA,NA,NA,NA,3,1,34
2,1,1,1,1,1,2,NA,NA,NA,NA,NA,NA,6,1,33
NA,NA,NA,NA,NA,NA,NA,NA,NA,NA,NA,NA,NA,0,2,95
2,2,2,2,NA,2,2,NA,NA,NA,NA,NA,NA,6,2,51
2,2,2,1,1,1,9,2,2,2,2,1,3,2,2,12
2,1,1,1,1,1,1,3,3,2,2,1,3,6,1,27
1,1,1,1,2,1,1,3,3,1,1,1,3,8,2,29
1,1,1,1,1,1,1,4,4,2,1,1,3,8,2,20
2,1,1,2,NA,1,1,NA,NA,NA,NA,NA,NA,6,1,17
1,2,2,1,1,1,1,4,3,1,1,1,3,8,2,34
1,1,1,1,2,1,1,2,2,1,1,2,3,8,1,34
2,2,2,2,NA,1,2,NA,NA,NA,NA,NA,NA,6,2,18
2,2,2,2,NA,1,2,NA,NA,NA,NA,NA,NA,7,2,86
1,1,1,1,2,1,1,3,2,2,1,2,3,8,1,23
1,1,1,1,2,1,1,3,3,1,1,1,3,8,2,44
1,1,1,1,1,1,1,3,3,2,2,1,3,8,2,62
2,2,2,2,NA,2,2,NA,NA,NA,NA,NA,NA,6,1,22
2,2,2,2,NA,1,1,2,2,2,2,2,3,8,1,65
2,2,2,2,NA,1,1,NA,NA,NA,NA,NA,NA,6,2,49
2,1,1,1,1,1,1,3,3,1,1,1,3,8,1,38
1,1,1,1,2,1,1,2,3,2,2,2,1,8,2,30
2,2,2,2,NA,2,2,NA,NA,NA,NA,NA,NA,3,2,68
2,2,2,2,NA,2,2,2,2,2,2,2,3,3,2,80
2,1,1,1,1,9,9,1,2,2,1,3,1,2,2,63
1,1,1,1,4,1,1,3,4,2,2,2,3,3,1,36
2,2,1,2,NA,2,2,2,2,2,2,3,1,2,2,60
2,1,1,1,2,1,1,3,4,2,1,2,3,8,1,37
1,1,1,1,2,1,1,2,3,2,2,2,3,8,2,36
2,1,2,2,NA,1,2,1,2,2,1,3,3,2,2,13
1,2,2,2,NA,1,2,4,2,2,1,1,3,8,2,42
2,2,2,2,NA,1,2,2,2,2,1,1,3,6,1,59
1,1,1,1,4,1,1,3,3,1,1,2,3,8,2,42
NA,NA,NA,NA,NA,NA,NA,NA,NA,NA,NA,NA,NA,0,2,46
2,2,2,2,NA,2,2,2,1,2,2,3,3,2,1,64
2,2,2,2,NA,2,2,3,3,2,2,1,3,3,2,33
2,2,2,2,NA,1,1,2,2,2,2,2,3,2,1,50
2,2,2,2,NA,1,1,2,3,2,1,2,3,6,2,25
2,2,2,2,NA,2,2,NA,NA,NA,NA,NA,NA,2,2,64
2,1,2,2,NA,1,9,2,2,2,2,2,3,6,2,60
2,2,2,2,NA,9,9,1,1,2,2,2,3,2,1,68
2,1,1,2,NA,1,2,NA,NA,NA,NA,NA,NA,2,2,66
2,2,2,2,NA,1,2,NA,NA,NA,NA,NA,NA,2,1,63
1,1,1,1,2,1,1,2,3,1,2,2,3,8,1,27
2,1,1,1,1,1,1,1,3,2,2,3,3,8,1,64
2,1,1,1,1,1,1,2,3,2,1,3,3,6,2,17
1,1,1,1,1,2,1,2,2,2,1,1,3,3,2,49
1,2,1,2,NA,1,1,3,3,2,2,2,3,3,2,28
2,2,2,2,NA,2,2,2,2,2,2,2,3,2,1,74
1,1,1,1,1,1,1,NA,NA,NA,NA,NA,NA,6,2,41
2,1,1,1,1,2,2,2,3,2,1,3,1,8,1,43
2,2,2,1,1,1,1,2,3,2,2,1,3,8,1,31
1,2,1,1,1,1,1,2,2,2,2,1,3,3,2,33
1,1,2,1,1,1,2,2,2,2,2,2,3,3,2,24
2,2,2,2,NA,2,2,NA,NA,NA,NA,NA,NA,3,1,35
2,2,2,2,NA,1,2,2,3,2,1,1,3,3,2,23
2,2,2,2,NA,2,2,NA,NA,NA,NA,NA,NA,2,1,43
1,2,2,1,1,1,1,3,4,2,1,2,3,3,1,17
1,1,1,1,2,1,1,4,3,2,1,2,3,8,1,50
1,1,1,1,2,1,1,2,3,1,2,1,3,6,1,52
2,2,2,2,NA,1,9,NA,NA,NA,NA,NA,NA,2,1,54
2,2,2,2,NA,1,2,2,3,1,1,1,3,8,2,42
1,1,1,1,1,1,1,4,3,2,2,1,3,8,2,39
2,2,2,2,NA,2,2,2,2,2,1,1,3,7,2,26
2,1,1,1,1,1,2,3,3,2,1,2,3,8,2,36
2,2,2,2,NA,2,2,2,2,2,1,1,1,2,1,14
2,2,2,2,NA,1,9,2,2,2,2,1,3,3,1,58
2,2,2,2,NA,2,2,1,2,2,2,2,3,2,1,52
1,1,1,2,NA,1,2,2,2,2,1,2,3,2,2,12
2,2,2,2,NA,1,2,NA,NA,NA,NA,NA,NA,3,2,14
1,1,1,1,1,2,2,1,2,2,2,2,3,3,2,64
2,2,2,2,NA,2,2,1,2,2,2,2,3,3,2,45
2,2,2,2,NA,2,2,1,1,2,2,1,3,2,2,67
2,1,1,1,1,2,1,2,4,2,1,1,3,6,1,48
2,2,2,2,NA,2,2,NA,NA,NA,NA,NA,NA,6,1,25
2,2,2,2,NA,2,2,2,2,2,2,2,3,2,1,74
2,1,1,2,NA,1,2,2,2,2,1,3,3,7,1,62
2,2,2,2,NA,1,2,NA,NA,NA,NA,NA,NA,2,2,65
2,2,2,1,2,1,1,2,3,2,2,2,3,2,1,49
1,1,1,1,1,1,1,2,3,2,2,1,3,8,2,24
2,2,2,2,NA,2,2,NA,NA,NA,NA,NA,NA,2,1,79
2,2,2,2,NA,2,2,NA,NA,NA,NA,NA,NA,6,1,55
2,2,2,2,NA,2,2,1,1,2,2,2,3,2,2,76
2,1,1,1,1,1,9,1,2,2,2,2,3,2,1,85
2,1,1,2,NA,2,2,2,2,2,1,3,1,2,2,69
2,2,2,2,NA,2,2,NA,NA,NA,NA,NA,NA,2,1,58
2,2,2,2,NA,2,2,2,2,2,2,2,3,6,2,56
1,1,2,2,NA,1,9,NA,NA,NA,NA,NA,NA,2,1,42
2,2,2,2,NA,2,2,NA,NA,NA,NA,NA,NA,2,2,54
2,2,2,2,NA,1,1,NA,NA,NA,NA,NA,NA,8,2,21
2,2,2,2,NA,2,2,2,3,2,2,2,3,3,2,48
2,2,2,2,NA,1,1,NA,NA,NA,NA,NA,NA,3,2,15
2,2,2,2,NA,1,1,NA,NA,NA,NA,NA,NA,2,2,77
2,2,2,2,NA,1,2,NA,NA,NA,NA,NA,NA,2,1,53
2,2,2,2,NA,2,2,NA,NA,NA,NA,NA,NA,2,1,58
2,2,2,2,NA,2,2,NA,NA,NA,NA,NA,NA,2,2,58
2,2,2,1,1,2,1,2,2,2,1,1,3,3,1,21
2,2,2,2,NA,9,2,NA,NA,NA,NA,NA,NA,2,1,75
2,2,2,2,NA,1,2,2,4,1,1,1,3,3,2,13
NA,NA,NA,NA,NA,NA,NA,NA,NA,NA,NA,NA,NA,0,2,60
1,1,2,1,1,1,2,4,3,2,1,1,3,6,1,28
2,2,2,1,1,2,2,NA,NA,NA,NA,NA,NA,2,2,73
2,2,2,2,NA,2,2,NA,NA,NA,NA,NA,NA,2,1,23
2,1,2,1,1,1,2,2,3,2,1,3,3,6,1,21
1,1,1,1,1,1,2,2,4,2,1,1,3,8,1,29
2,1,1,1,1,1,1,4,3,1,1,1,3,8,2,42
2,2,2,2,NA,2,2,NA,NA,NA,NA,NA,NA,3,1,67
2,1,1,1,1,1,2,2,4,2,1,3,3,3,2,47
1,1,1,1,1,1,1,2,3,2,1,1,2,3,2,38
2,2,2,2,NA,1,1,2,3,2,1,1,3,3,2,49
2,2,2,2,NA,2,2,NA,NA,NA,NA,NA,NA,3,2,49
2,2,1,2,NA,2,2,2,3,2,1,2,3,6,1,29
2,2,2,2,NA,2,2,NA,NA,NA,NA,NA,NA,3,1,33
2,2,2,2,NA,NA,NA,2,2,2,2,3,3,0,2,65
2,2,2,2,NA,1,2,2,2,2,1,2,1,3,2,23
2,2,2,2,NA,2,2,NA,NA,NA,NA,NA,NA,8,1,77
2,1,2,2,NA,2,2,4,4,2,1,2,3,8,2,58
2,1,1,1,1,1,1,2,3,2,1,1,1,8,2,23
2,2,1,1,1,1,1,2,3,2,1,3,3,6,1,21
1,1,1,2,NA,1,1,2,4,2,1,1,3,6,1,25
2,1,2,2,NA,2,2,NA,NA,NA,NA,NA,NA,2,1,69
2,2,2,2,NA,9,9,NA,NA,NA,NA,NA,NA,2,1,88
2,2,2,2,NA,1,2,2,3,1,1,3,1,2,2,12
1,1,1,1,2,1,1,4,4,2,1,2,3,8,2,53
1,1,2,1,3,1,1,3,4,2,1,3,3,6,2,48
2,1,2,2,NA,2,1,2,2,2,1,1,3,3,1,39
1,1,1,2,NA,1,1,4,4,2,1,2,3,3,2,22
2,2,2,2,NA,1,2,NA,NA,NA,NA,NA,NA,3,2,50
1,1,1,1,1,1,1,2,1,2,1,1,3,3,1,15
2,2,2,2,NA,9,9,2,1,2,1,3,3,3,1,13
2,2,2,1,2,9,9,NA,NA,NA,NA,NA,NA,99,2,65
2,1,2,2,NA,1,1,NA,NA,NA,NA,NA,NA,2,2,64
2,2,2,2,NA,9,9,NA,NA,NA,NA,NA,NA,3,2,74
2,2,2,2,NA,9,9,3,3,2,1,2,3,3,2,60
NA,NA,NA,NA,NA,NA,NA,NA,NA,NA,NA,NA,NA,2,2,62
1,2,2,1,1,1,1,NA,NA,NA,NA,NA,NA,6,1,17
2,1,1,1,2,1,1,2,4,2,1,1,3,8,1,37
1,2,2,1,2,2,2,4,4,2,1,1,3,8,2,23
1,2,2,1,2,1,2,3,3,2,1,2,3,8,2,22
2,2,2,2,NA,9,9,2,2,2,2,3,3,2,1,55
2,1,1,1,1,1,9,1,1,2,1,1,1,3,2,36
1,1,2,2,NA,2,2,NA,NA,NA,NA,NA,NA,8,2,37
2,2,2,2,NA,9,9,2,3,2,1,1,3,3,2,66
2,2,2,2,NA,9,9,2,2,2,1,1,3,10,1,44
2,1,1,1,2,9,1,1,3,2,1,2,1,3,2,15
2,2,2,1,3,1,1,3,3,2,1,1,3,11,1,59
1,1,1,1,1,1,1,2,3,2,2,1,3,6,2,70
2,1,1,1,1,1,2,3,3,2,1,3,1,3,1,14
2,2,2,2,NA,1,9,3,4,2,1,1,3,8,2,23
1,1,1,1,3,9,1,3,3,1,1,1,3,8,2,45
2,1,2,1,2,2,2,1,2,1,2,1,3,6,2,32
2,2,2,2,NA,2,2,NA,NA,NA,NA,NA,NA,6,1,78
2,2,2,1,2,1,2,NA,NA,NA,NA,NA,NA,3,2,46
2,1,1,1,1,2,2,2,4,2,1,2,3,3,2,52
2,1,2,1,1,1,2,3,4,2,1,2,3,3,2,51
2,1,1,1,1,1,2,2,3,2,1,1,3,2,1,12
2,1,1,1,1,1,1,2,2,2,1,3,3,3,1,66
1,1,2,1,2,1,1,2,3,2,1,1,3,6,1,34
1,1,1,1,1,1,1,2,4,1,1,2,3,8,2,45
2,1,2,1,4,1,1,3,2,2,1,1,3,8,1,36
2,1,1,1,1,1,2,NA,NA,NA,NA,NA,NA,2,2,62
2,1,1,1,2,2,1,2,3,2,1,2,3,6,1,32
1,2,1,1,5,2,2,3,3,2,1,3,3,8,1,35
1,1,1,2,NA,2,2,NA,NA,NA,NA,NA,NA,2,1,68
1,2,1,1,2,1,1,2,3,2,1,2,3,8,2,34
1,1,1,1,1,2,1,2,3,2,2,2,3,8,2,74
2,1,1,1,4,2,2,2,4,2,1,2,3,8,1,34
2,1,2,1,1,1,1,2,3,2,1,3,3,8,1,67
2,2,2,2,NA,9,2,1,1,1,1,3,3,3,1,47
1,1,1,1,1,1,1,2,3,2,1,1,3,6,1,48
2,1,1,1,1,1,2,2,1,2,1,3,3,2,2,60
1,1,1,1,1,1,1,2,4,2,1,2,3,6,1,24
2,1,2,2,NA,2,2,2,2,2,1,2,3,3,2,55
2,2,2,2,NA,1,1,2,4,2,1,2,3,8,1,31
2,2,2,2,NA,2,2,NA,NA,NA,NA,NA,NA,2,2,65
1,1,2,1,1,1,1,3,3,2,1,3,3,6,1,59
2,2,2,2,NA,2,2,3,4,1,2,3,3,8,2,60
2,2,2,2,NA,9,9,4,4,2,1,1,3,8,1,63
2,2,2,2,NA,1,1,2,2,2,1,3,3,8,1,41
2,2,2,2,NA,2,2,2,2,2,1,3,3,3,1,73
1,1,1,1,1,1,1,3,3,2,1,1,3,6,1,33
NA,NA,NA,NA,NA,NA,NA,NA,NA,NA,NA,NA,NA,2,2,65
2,1,1,1,1,9,2,3,3,2,1,1,3,3,2,63
1,2,2,1,1,1,1,2,4,2,1,3,3,6,2,27
2,2,2,1,1,1,1,2,2,2,1,2,3,6,2,39
2,1,1,1,1,1,2,NA,NA,NA,NA,NA,NA,6,2,18
2,2,2,2,NA,2,2,NA,NA,NA,NA,NA,NA,3,1,35
2,2,1,1,1,1,2,2,3,2,1,1,3,2,1,12
2,2,2,2,NA,9,1,NA,NA,NA,NA,NA,NA,6,2,23
2,2,2,1,1,1,1,NA,NA,NA,NA,NA,NA,3,2,42
2,2,2,2,NA,2,2,NA,NA,NA,NA,NA,NA,6,2,31
NA,NA,NA,NA,NA,NA,NA,NA,NA,NA,NA,NA,NA,2,2,14
2,1,1,2,NA,2,2,2,2,2,1,1,3,3,1,19
2,1,1,1,1,2,1,2,4,2,1,1,3,6,2,40
2,2,2,2,NA,2,2,4,4,2,1,3,3,8,2,24
2,2,2,2,NA,1,1,3,3,2,1,1,3,6,2,24
2,2,2,2,NA,2,2,NA,NA,NA,NA,NA,NA,3,1,36
2,2,2,2,NA,1,2,2,4,2,1,2,3,2,2,12
2,2,2,2,NA,2,2,NA,NA,NA,NA,NA,NA,8,2,31
1,1,2,2,NA,1,2,2,2,2,2,2,3,3,2,54
1,1,2,1,1,2,9,3,2,2,1,2,3,6,1,38
2,2,2,2,NA,2,2,3,3,1,2,2,2,3,2,64
1,1,1,1,1,1,1,2,3,2,1,2,3,3,2,66
2,1,2,2,NA,2,2,2,2,1,2,2,3,2,1,79
NA,NA,NA,NA,NA,NA,NA,NA,NA,NA,NA,NA,NA,2,2,71
2,2,2,2,NA,2,2,2,3,2,1,1,3,6,1,16
2,2,2,2,NA,2,2,NA,NA,NA,NA,NA,NA,2,1,78
2,1,2,1,1,2,1,2,2,2,1,3,2,3,1,48
2,2,2,2,NA,1,2,NA,NA,NA,NA,NA,NA,8,1,67
2,2,2,2,NA,1,1,2,3,2,1,1,3,6,2,42
2,2,2,2,NA,2,2,3,4,2,2,2,3,3,1,48
2,2,2,2,NA,1,2,1,2,2,2,2,3,2,2,75
2,1,2,2,NA,1,2,4,2,1,2,1,3,3,2,41
2,2,2,2,NA,2,2,2,2,1,2,2,3,3,1,22
2,1,1,1,2,1,1,2,2,2,2,2,3,3,2,59
1,1,1,1,1,2,1,NA,NA,NA,NA,NA,NA,3,2,51
1,1,1,1,5,1,1,2,4,1,1,2,3,8,2,52
1,1,1,1,2,2,1,1,3,2,1,2,1,6,1,40
2,2,1,1,1,1,2,3,3,1,2,1,3,2,1,12
2,1,1,2,NA,2,2,3,1,2,2,2,1,5,2,69
2,1,2,1,2,1,1,4,3,2,1,2,1,6,1,18
2,2,2,2,NA,1,2,1,2,2,1,1,1,8,2,61
2,1,1,1,1,9,2,2,3,2,2,2,3,8,1,62
2,2,2,2,NA,2,1,4,1,2,2,3,3,3,2,41
2,1,1,1,1,1,1,3,4,2,1,1,1,6,1,16
2,1,1,1,5,2,2,3,3,2,1,2,3,8,2,35
1,1,1,1,2,1,1,4,3,2,1,2,1,8,1,48
2,2,2,2,NA,1,2,3,3,2,1,2,1,8,1,22
1,1,1,1,4,1,1,2,3,2,1,2,3,10,1,45
2,2,2,1,1,2,1,4,4,2,1,2,1,3,2,50
2,1,2,1,1,2,2,2,4,1,2,1,3,8,1,55
1,1,1,1,1,1,1,2,4,2,1,1,3,6,1,31
2,1,1,1,3,2,2,2,3,2,1,1,3,8,1,53
2,1,2,2,NA,2,2,NA,NA,NA,NA,NA,NA,2,2,81
1,1,2,1,1,2,1,2,4,2,1,3,1,8,2,31
2,2,2,2,NA,2,2,3,3,2,2,3,3,2,2,78
2,1,1,1,1,2,2,2,3,1,2,3,3,8,1,87
2,2,2,2,NA,2,1,2,3,1,2,3,1,2,1,73
2,1,1,1,1,2,2,1,3,1,2,2,3,2,1,62
2,2,2,1,2,2,2,3,2,2,1,3,3,8,1,32
2,1,2,1,4,2,1,2,4,2,2,2,3,3,1,78
2,2,2,2,NA,1,1,NA,NA,NA,NA,NA,NA,3,1,72
2,2,2,2,NA,2,2,1,2,1,1,3,1,2,2,54
2,1,1,1,2,2,2,4,3,2,1,3,3,6,2,27
2,1,2,2,NA,1,1,4,4,2,2,3,3,3,2,27
1,1,1,1,1,1,1,4,4,1,1,1,3,3,1,15
1,1,1,1,1,1,1,2,3,2,1,3,3,6,2,25
2,2,2,1,1,2,1,NA,NA,NA,NA,NA,NA,3,1,64
2,2,2,2,NA,1,2,2,4,2,2,2,3,3,1,40
1,1,2,1,2,1,1,2,3,2,1,2,3,8,2,24
2,2,2,1,2,2,2,3,3,2,1,1,3,8,1,41
1,1,1,1,1,2,1,2,1,2,1,2,3,8,1,31
2,2,2,1,2,1,1,4,4,2,1,2,3,6,1,19
2,1,1,1,1,2,2,NA,NA,NA,NA,NA,NA,6,2,50
2,1,2,1,1,1,1,NA,NA,NA,NA,NA,NA,2,2,12
2,1,1,1,1,1,1,3,2,2,1,2,3,8,1,25
2,1,2,1,1,1,9,2,4,2,1,1,3,8,2,20
2,1,2,1,1,1,1,1,1,1,2,1,1,2,1,12
2,2,2,2,NA,1,1,1,2,2,2,3,1,2,1,42
NA,NA,NA,NA,NA,NA,NA,NA,NA,NA,NA,NA,NA,2,2,49
1,1,1,1,1,1,1,2,4,2,2,1,3,3,1,27
2,2,1,1,1,1,1,1,3,1,2,1,3,3,1,13
2,2,2,2,NA,1,1,4,3,2,1,2,3,6,1,20
2,2,2,1,1,2,1,1,3,2,1,2,3,3,1,29
2,2,2,2,NA,1,1,2,3,2,1,1,1,6,1,25
2,2,2,2,NA,1,2,2,2,2,2,3,1,2,2,48
1,1,1,2,NA,2,2,1,2,2,1,2,3,3,1,42
2,2,2,2,NA,1,2,2,2,2,1,1,1,3,2,18
2,2,2,1,3,1,1,2,3,1,1,3,1,3,1,57
NA,NA,NA,NA,NA,NA,NA,NA,NA,NA,NA,NA,NA,2,1,23
2,2,2,2,NA,2,2,NA,NA,NA,NA,NA,NA,2,2,46
2,1,1,2,NA,2,2,3,3,2,1,2,3,3,2,50
2,2,2,2,NA,2,2,NA,NA,NA,NA,NA,NA,2,1,59
2,2,2,1,1,1,1,2,2,1,1,2,3,10,1,57
2,1,1,2,NA,1,1,2,3,2,2,1,3,3,2,59
2,2,2,2,NA,2,2,2,3,2,1,2,3,5,1,72
1,1,1,1,2,2,1,2,4,2,1,3,3,8,1,42
1,1,1,2,NA,2,1,NA,NA,NA,NA,NA,NA,2,2,43
2,1,1,1,1,2,2,1,3,2,2,3,1,2,1,88
2,1,1,2,NA,2,2,1,4,2,2,2,1,3,2,64
2,1,1,1,2,2,1,4,4,1,1,1,3,3,1,51
2,2,1,2,NA,2,2,2,3,2,1,2,3,3,2,15
2,2,2,2,NA,1,1,2,3,2,1,3,1,3,1,14
NA,NA,NA,NA,NA,NA,NA,NA,NA,NA,NA,NA,NA,2,2,30
2,2,2,2,NA,2,1,NA,NA,NA,NA,NA,NA,3,2,49
1,1,1,1,2,1,1,2,3,2,1,2,3,8,2,22
2,2,2,2,NA,9,1,4,4,2,1,2,3,8,2,44
1,1,1,1,2,2,1,2,3,1,2,2,3,7,2,47
1,1,1,1,5,1,1,4,4,1,1,2,3,6,1,17
2,1,1,2,NA,2,1,1,4,2,2,2,1,3,1,65
2,2,2,2,NA,2,2,1,1,1,2,1,3,8,2,61
1,1,1,1,5,1,1,3,3,1,1,2,3,8,1,36
2,1,1,2,NA,2,2,2,2,1,1,3,1,2,2,12
2,1,1,2,NA,1,1,3,2,1,1,2,1,3,2,17
2,2,2,2,NA,2,2,NA,NA,NA,NA,NA,NA,3,1,18
1,2,1,1,1,1,2,2,4,2,1,3,1,8,2,25
2,2,1,1,1,9,1,NA,NA,NA,NA,NA,NA,3,2,47
2,2,2,1,1,2,1,2,2,2,1,3,3,6,1,51
2,1,1,1,1,2,2,NA,NA,NA,NA,NA,NA,2,1,46
2,1,1,1,1,2,1,2,2,2,1,3,1,3,1,17
2,1,1,1,1,1,1,2,3,1,1,2,3,2,1,12
2,1,1,1,1,1,2,NA,NA,NA,NA,NA,NA,2,2,70
1,2,2,2,NA,2,1,4,3,2,2,3,3,3,1,39
2,1,1,1,1,1,2,2,3,2,1,3,3,3,2,21
2,1,1,1,1,2,2,2,4,2,1,2,3,3,1,61
1,1,1,1,1,1,1,4,3,2,1,1,3,6,1,22
2,2,1,2,NA,1,1,3,3,2,2,1,3,6,1,17
2,2,2,2,NA,1,1,NA,NA,NA,NA,NA,NA,3,2,30
2,2,2,2,NA,9,1,2,4,2,1,3,3,8,2,33
2,1,1,1,1,1,1,3,3,2,1,3,3,6,2,17
1,1,1,2,NA,1,1,1,1,2,1,2,3,3,2,49
2,1,1,1,4,1,2,4,3,1,2,1,3,3,2,14
2,1,2,2,NA,2,2,1,3,2,2,2,3,3,1,62
1,1,1,1,1,1,1,NA,NA,NA,NA,NA,NA,2,1,18
2,2,2,2,NA,2,2,3,4,1,2,2,3,2,1,58
NA,NA,NA,NA,NA,NA,NA,NA,NA,NA,NA,NA,NA,0,1,47
1,2,2,1,1,1,2,4,4,1,1,1,3,3,1,15
2,2,1,1,2,1,1,2,3,2,1,2,3,8,1,54
2,2,2,2,NA,1,1,4,4,1,1,2,3,6,2,40
1,2,1,2,NA,1,1,4,3,2,1,3,3,8,1,33
1,1,1,1,1,1,1,2,3,2,1,1,3,3,1,46
2,1,1,1,1,1,1,3,3,2,1,1,3,2,1,13
2,2,2,1,1,2,2,4,4,2,1,2,3,8,2,23
2,2,2,2,NA,1,1,4,3,2,1,1,3,6,1,19
2,2,2,1,1,1,1,NA,NA,NA,NA,NA,NA,2,2,48
1,1,1,1,1,1,1,3,4,2,2,1,3,6,2,58
2,1,1,1,2,2,1,3,3,2,1,2,3,3,2,35
1,1,1,1,1,1,1,4,3,2,1,2,3,6,2,27
2,1,1,1,1,2,2,1,3,2,1,2,3,3,1,73
2,2,2,2,NA,2,2,2,2,2,1,2,1,2,2,65
2,2,1,1,1,1,2,NA,NA,NA,NA,NA,NA,2,2,80
2,2,2,1,1,1,2,NA,NA,NA,NA,NA,NA,3,2,54
2,1,1,2,NA,1,1,4,3,2,2,2,3,7,2,29
2,2,2,1,1,9,1,2,4,2,2,3,3,10,2,36
1,1,1,1,1,1,1,2,4,2,1,3,3,6,1,55
2,2,2,1,1,1,1,3,3,2,1,2,3,8,2,38
2,1,1,1,2,2,1,2,3,2,1,1,3,8,2,24
2,2,2,2,NA,2,2,2,2,1,1,1,3,6,1,30
2,2,2,2,NA,1,2,2,3,2,2,3,3,2,1,12
1,1,1,1,1,1,2,2,2,1,1,2,3,3,2,30
2,2,2,2,NA,2,2,1,1,2,1,1,1,2,2,53
2,2,2,2,NA,2,1,2,2,2,2,2,3,6,2,58
2,1,2,2,NA,2,2,NA,NA,NA,NA,NA,NA,2,2,67
2,2,2,1,1,1,1,2,4,2,2,2,3,6,1,45
1,2,1,1,1,1,1,2,3,2,1,2,3,6,2,22
2,1,1,1,1,1,2,2,3,2,1,3,3,6,2,17
2,1,1,2,NA,1,1,1,3,2,2,3,1,7,2,65
2,2,1,1,1,1,1,NA,NA,NA,NA,NA,NA,3,1,33
2,2,2,1,1,2,2,2,4,1,2,3,3,8,1,76
2,1,1,1,1,1,1,4,4,2,1,2,3,6,1,63
1,1,2,1,2,2,1,2,3,2,2,1,3,6,2,54
2,1,1,1,5,2,1,3,4,2,1,2,3,8,2,51
2,1,1,1,1,1,2,2,2,2,1,3,3,8,1,24
2,1,1,1,1,1,1,2,3,2,2,1,3,6,1,25
2,1,2,2,NA,2,1,NA,NA,NA,NA,NA,NA,3,1,58
1,1,1,1,5,1,1,4,4,2,1,1,3,8,1,25
2,2,2,2,NA,2,1,2,3,2,2,2,1,3,1,83
1,1,1,1,1,2,1,4,3,2,1,2,1,8,2,23
1,1,1,1,1,1,1,3,3,2,1,2,3,10,1,47
2,2,2,2,NA,2,2,2,3,2,2,2,3,3,1,45
2,2,1,2,NA,1,1,3,2,2,1,1,3,3,2,12
2,2,2,2,NA,1,2,2,3,2,1,3,3,6,2,62
NA,NA,NA,NA,NA,NA,NA,NA,NA,NA,NA,NA,NA,0,1,35
1,1,1,2,NA,2,1,NA,NA,NA,NA,NA,NA,2,1,61
2,1,2,2,NA,2,2,3,3,2,1,1,3,6,2,49
1,1,2,1,1,1,1,2,2,1,1,2,3,2,1,13
2,2,2,1,1,1,1,4,4,1,1,1,3,8,2,25
NA,NA,NA,NA,NA,NA,NA,NA,NA,NA,NA,NA,NA,1,2,63
2,1,1,2,NA,2,2,2,2,2,1,3,2,2,1,56
2,2,1,2,NA,1,1,NA,NA,NA,NA,NA,NA,2,1,32
2,2,2,2,NA,1,1,1,3,1,2,3,3,3,2,63
2,1,1,1,2,1,1,2,3,2,1,2,3,8,1,63
2,1,1,1,2,2,1,2,3,2,1,3,3,6,2,32
1,1,1,1,1,1,1,NA,NA,NA,NA,NA,NA,2,1,62
2,1,2,1,1,2,1,2,3,2,1,2,3,2,1,12
1,2,2,1,1,1,1,1,2,2,1,3,1,3,2,51
2,2,2,2,NA,1,1,2,2,1,1,1,3,6,1,25
2,2,2,2,NA,2,2,2,3,2,2,2,3,2,1,53
NA,NA,NA,NA,NA,NA,NA,NA,NA,NA,NA,NA,NA,2,2,62
2,1,2,2,NA,2,2,NA,NA,NA,NA,NA,NA,2,1,43
2,1,2,2,NA,2,2,NA,NA,NA,NA,NA,NA,3,2,60
2,2,2,2,NA,2,2,1,4,2,2,2,3,5,2,64
2,2,1,1,1,2,2,NA,NA,NA,NA,NA,NA,2,1,70
2,1,2,1,1,2,1,NA,NA,NA,NA,NA,NA,6,2,45
NA,NA,NA,NA,NA,NA,NA,NA,NA,NA,NA,NA,NA,0,2,76
1,1,1,2,NA,1,1,4,4,1,2,3,3,2,2,69
NA,NA,NA,NA,NA,NA,NA,NA,NA,NA,NA,NA,NA,2,2,57
1,1,1,2,NA,2,2,2,4,1,2,2,3,3,1,82
2,2,2,2,NA,2,2,2,2,2,1,1,1,8,1,44
2,2,2,2,NA,2,2,2,3,2,2,3,1,2,2,86
2,2,1,1,1,2,2,3,2,2,1,2,1,3,1,14
1,1,1,1,2,1,1,4,4,2,2,3,3,8,1,34
2,2,2,1,1,1,2,1,1,2,1,2,2,6,2,29
2,2,1,2,NA,1,1,4,3,2,1,1,3,8,2,29
2,1,1,1,1,1,2,2,2,2,2,2,3,3,2,22
2,2,2,1,1,2,1,NA,NA,NA,NA,NA,NA,3,1,14
1,1,1,1,3,1,1,3,3,2,1,1,3,8,1,24
1,1,1,2,NA,1,1,NA,NA,NA,NA,NA,NA,3,2,43
2,2,2,2,NA,2,2,2,2,2,2,2,3,2,2,60
2,1,1,1,1,1,1,4,3,2,1,3,1,3,1,49
2,2,2,2,NA,2,2,3,4,2,1,1,3,3,2,68
1,2,1,2,NA,9,1,NA,NA,NA,NA,NA,NA,2,1,28
2,2,2,2,NA,1,1,2,3,2,1,2,3,2,1,44
2,2,2,1,1,1,2,3,4,2,1,1,1,3,1,53
1,1,1,1,5,1,1,3,3,2,1,3,3,8,2,40
1,1,1,2,NA,1,1,4,4,2,1,3,1,7,2,52
1,2,2,1,1,2,2,2,2,2,1,2,1,6,1,28
2,1,2,2,NA,1,1,3,3,2,1,2,3,3,2,34
1,1,1,1,1,2,1,2,1,2,1,2,3,3,2,56
1,1,2,1,2,1,1,1,3,2,1,1,1,2,1,18
2,1,2,1,2,1,9,2,3,2,1,1,3,8,1,26
2,1,2,2,NA,1,1,NA,NA,NA,NA,NA,NA,3,2,19
2,1,1,1,1,1,1,2,4,1,1,3,3,6,2,28
2,2,2,2,NA,9,2,NA,NA,NA,NA,NA,NA,7,2,53
2,2,2,1,1,1,9,1,3,1,1,3,3,6,1,20
2,1,1,1,5,2,2,2,4,1,2,1,3,3,2,49
2,1,2,1,1,1,1,4,3,2,2,2,3,8,1,20
2,1,1,1,1,1,1,NA,NA,NA,NA,NA,NA,3,2,41
1,2,2,1,1,1,1,2,4,2,2,3,1,6,2,18
2,2,2,1,1,1,1,3,3,2,1,3,2,8,1,24
2,2,2,2,NA,2,2,NA,NA,NA,NA,NA,NA,2,2,57
2,2,2,1,2,2,2,3,3,2,1,3,1,6,1,39
2,2,2,2,NA,1,1,2,3,2,1,1,3,6,1,57
2,1,2,1,2,2,2,NA,NA,NA,NA,NA,NA,6,2,42
1,1,1,1,1,1,1,1,3,1,2,3,3,3,1,77
2,2,2,1,1,1,1,4,4,2,1,2,3,8,2,33
2,2,2,2,NA,2,2,NA,NA,NA,NA,NA,NA,3,1,84
NA,NA,NA,NA,NA,NA,NA,NA,NA,NA,NA,NA,NA,0,2,65
NA,NA,NA,NA,NA,NA,NA,NA,NA,NA,NA,NA,NA,0,2,93
2,1,2,2,NA,2,2,NA,NA,NA,NA,NA,NA,8,1,40
2,1,1,1,1,1,2,2,2,2,1,2,3,6,1,15
2,1,1,1,1,2,1,NA,NA,NA,NA,NA,NA,3,1,52
1,1,1,1,2,1,1,4,4,2,1,2,3,8,2,42
1,1,1,1,2,1,1,4,4,2,1,1,3,8,2,50
2,2,2,2,NA,2,2,2,4,2,2,3,3,2,1,65
2,2,2,2,NA,2,2,NA,NA,NA,NA,NA,NA,2,1,45
2,1,1,2,NA,2,2,NA,NA,NA,NA,NA,NA,2,2,75
2,1,2,1,1,1,1,NA,NA,NA,NA,NA,NA,3,1,40
2,2,2,2,NA,1,2,NA,NA,NA,NA,NA,NA,3,1,55
2,2,2,2,NA,2,2,NA,NA,NA,NA,NA,NA,2,2,25
1,1,1,1,1,1,1,2,3,2,2,3,3,2,1,14
2,2,2,2,NA,2,2,2,3,1,1,1,3,6,2,36
2,1,2,2,NA,2,2,2,4,2,1,1,3,2,2,12
1,1,1,1,1,1,1,2,4,2,1,2,3,8,2,41
2,2,2,2,NA,NA,NA,NA,NA,NA,NA,NA,NA,0,2,70
1,1,1,1,1,1,1,1,2,2,1,3,1,2,2,31
2,2,2,1,1,2,2,2,3,2,1,3,3,8,2,41
2,1,2,2,NA,2,2,1,1,2,2,3,3,2,2,64
1,2,1,1,1,1,1,2,1,2,1,3,1,3,1,17
1,1,1,1,2,2,1,3,4,1,1,2,3,8,1,56
1,1,2,2,NA,1,1,2,4,2,1,2,3,3,2,44
2,1,1,1,3,1,1,1,4,2,1,2,1,6,2,31
2,2,1,1,2,1,2,3,3,1,2,2,3,8,1,72
2,2,2,1,2,1,1,3,2,2,2,3,3,7,2,61
2,1,1,2,NA,1,2,4,3,1,1,3,3,6,2,17
2,2,1,1,1,1,1,4,4,1,1,3,3,8,2,21
2,2,2,2,NA,1,1,1,2,2,2,3,1,2,2,88
2,2,2,2,NA,1,1,2,2,2,1,3,3,3,2,49
2,2,2,2,NA,2,1,2,3,2,2,2,3,6,2,27
2,1,1,1,1,1,1,2,4,2,2,2,3,7,1,54
2,2,2,2,NA,2,2,1,3,2,2,1,3,3,1,48
1,1,1,1,1,1,1,NA,NA,NA,NA,NA,NA,6,2,32
2,2,2,2,NA,2,1,1,2,1,1,3,3,2,2,47
1,2,2,2,NA,1,1,2,4,1,1,1,3,8,1,48
1,1,1,1,1,1,1,2,2,1,1,1,3,6,2,17
2,1,2,1,1,1,1,2,1,2,2,2,3,6,2,18
1,1,2,2,NA,2,2,2,4,2,2,2,3,3,2,57
2,1,1,1,1,1,1,3,1,1,2,1,1,2,1,12
2,2,2,2,NA,1,1,2,3,1,1,3,3,8,1,33
2,2,2,2,NA,2,1,1,1,1,2,3,1,3,2,52
1,2,1,1,1,2,1,3,4,2,2,2,3,3,1,38
2,2,2,2,NA,2,2,2,1,2,2,3,3,2,2,66
2,2,2,2,NA,1,1,1,1,2,1,2,3,3,2,48
1,2,2,1,1,1,1,3,3,2,1,1,3,3,2,50
1,1,1,1,1,1,1,2,2,2,1,3,3,3,2,28
1,1,1,1,1,1,1,1,2,1,2,1,3,2,2,13
2,2,2,2,NA,1,2,1,1,2,2,2,1,2,2,73
1,2,2,2,NA,2,1,3,2,1,1,3,3,3,1,48
1,1,2,1,2,1,1,4,3,1,1,1,3,8,1,60
2,1,1,1,5,1,2,3,3,2,1,1,3,6,1,18
2,2,2,2,NA,1,1,2,2,2,2,1,1,6,1,27
1,1,2,2,NA,2,1,2,3,2,1,2,3,8,1,43
1,1,2,2,NA,2,2,1,2,2,2,3,1,3,2,49
2,2,2,2,NA,1,2,NA,NA,NA,NA,NA,NA,2,2,67
2,2,2,2,NA,2,1,NA,NA,NA,NA,NA,NA,3,2,29
2,1,1,1,1,2,1,2,3,1,2,2,1,2,2,13
2,2,2,2,NA,2,2,3,4,1,1,3,3,8,2,59
1,1,1,1,1,2,1,1,2,2,1,2,1,3,2,34
1,1,1,1,2,1,1,2,1,1,1,1,1,3,1,16
1,2,2,2,NA,2,1,3,3,1,2,3,3,3,2,51
1,2,1,1,1,2,1,2,2,2,1,2,3,3,1,32
2,2,2,2,NA,1,2,NA,NA,NA,NA,NA,NA,3,2,56
1,2,2,1,1,1,1,NA,NA,NA,NA,NA,NA,3,2,13
1,2,1,2,NA,1,1,2,1,2,1,1,3,8,2,20
2,2,2,2,NA,2,2,1,1,2,2,2,1,2,1,68
1,1,1,1,1,1,1,2,3,2,2,1,3,3,1,14
1,2,2,1,1,1,1,2,3,1,1,3,3,2,1,66
1,1,2,1,1,1,1,4,4,1,2,3,3,2,2,52
2,2,2,2,NA,2,2,2,1,1,2,1,3,3,2,34
1,1,1,1,1,1,1,2,2,1,2,2,3,6,2,51
2,1,1,1,1,2,2,NA,NA,NA,NA,NA,NA,3,1,50
2,1,1,1,2,1,1,3,3,2,1,1,3,8,1,33
1,2,2,2,NA,1,1,NA,NA,NA,NA,NA,NA,3,2,47
1,1,1,1,1,1,1,2,4,2,2,2,3,8,2,72
2,2,2,2,NA,2,2,2,4,2,1,3,3,8,2,36
2,2,2,1,1,1,2,1,4,2,2,2,3,6,1,37
2,1,1,2,NA,2,2,2,4,2,2,1,1,2,1,47
2,2,2,2,NA,1,2,NA,NA,NA,NA,NA,NA,2,1,68
NA,NA,NA,NA,NA,NA,NA,NA,NA,NA,NA,NA,NA,0,1,76
2,1,1,1,1,2,1,1,2,2,2,3,1,3,1,56
2,2,1,1,1,1,1,2,3,1,1,2,3,8,2,44
1,1,1,1,2,2,1,2,3,2,1,3,3,8,1,55
2,1,2,1,1,1,1,2,2,1,1,3,3,3,1,17
2,2,2,2,NA,2,2,1,1,2,2,2,3,2,2,54
1,1,1,1,1,1,1,3,4,1,1,2,3,7,2,30
2,1,1,1,1,1,2,3,2,2,1,1,3,8,1,29
1,1,1,1,3,1,1,3,3,1,1,1,3,2,2,13
2,2,2,2,NA,2,2,NA,NA,NA,NA,NA,NA,2,2,89
2,1,1,1,1,1,1,NA,NA,NA,NA,NA,NA,8,1,25
1,1,1,1,2,1,1,2,4,1,2,2,3,8,2,27
1,1,1,1,2,1,1,1,2,1,1,2,3,8,2,34
2,2,2,2,NA,1,2,NA,NA,NA,NA,NA,NA,3,2,55
2,2,2,2,NA,2,2,NA,NA,NA,NA,NA,NA,8,1,70
1,1,1,2,NA,2,1,NA,NA,NA,NA,NA,NA,8,2,58
2,1,1,1,2,1,2,2,4,2,1,1,3,8,2,19
2,1,2,1,1,1,1,1,1,2,1,3,1,6,2,30
2,1,2,2,NA,2,2,1,1,2,1,3,1,3,2,54
2,2,2,1,3,1,2,4,3,2,2,1,3,8,2,21
1,1,1,1,1,2,1,1,2,1,1,2,1,3,1,50
1,1,1,2,NA,1,1,4,4,2,2,1,3,3,2,23
2,1,1,2,NA,2,2,2,3,1,2,2,3,3,2,49
2,2,2,2,NA,2,2,NA,NA,NA,NA,NA,NA,2,2,69
NA,NA,NA,NA,NA,NA,NA,NA,NA,NA,NA,NA,NA,0,2,76
2,1,1,2,NA,1,1,2,3,1,1,3,3,8,1,26
1,1,1,1,1,2,1,2,1,2,2,2,3,3,1,32
1,1,1,1,1,1,1,1,4,1,2,2,3,3,2,53
2,2,2,2,NA,1,2,NA,NA,NA,NA,NA,NA,2,2,76
2,2,1,1,1,1,1,3,4,1,2,1,3,2,2,37
1,1,1,1,1,2,1,2,3,1,1,2,3,3,2,48
NA,NA,NA,NA,NA,NA,NA,NA,NA,NA,NA,NA,NA,0,2,85
2,2,1,1,4,1,1,NA,NA,NA,NA,NA,NA,6,1,52
2,1,1,1,1,1,1,2,3,1,1,1,3,6,2,17
2,2,2,2,NA,2,2,2,2,2,2,3,3,2,2,70
1,1,1,1,1,1,1,3,4,1,2,2,1,6,2,34
2,2,2,2,NA,2,2,3,3,1,2,3,3,3,1,72
2,1,1,1,1,2,2,4,1,1,2,3,1,3,2,54
2,2,2,2,NA,1,1,2,2,2,1,2,3,3,1,30
2,2,2,2,NA,1,2,4,3,2,1,3,3,6,1,20
NA,NA,NA,NA,NA,NA,NA,NA,NA,NA,NA,NA,NA,0,2,59
NA,NA,NA,NA,NA,NA,NA,NA,NA,NA,NA,NA,NA,0,2,54
1,1,2,1,1,1,1,NA,NA,NA,NA,NA,NA,2,1,49
2,2,2,2,NA,1,1,NA,NA,NA,NA,NA,NA,7,1,20
2,2,2,1,1,1,1,1,2,2,1,3,1,3,1,56
2,1,2,1,1,1,1,1,3,2,1,2,3,3,2,54
2,1,1,2,NA,1,1,1,2,2,1,3,1,2,1,15
2,2,2,2,NA,1,1,2,3,2,1,3,3,2,1,55
2,2,2,2,NA,1,1,2,1,2,1,2,3,3,2,14
2,2,2,2,NA,2,2,1,2,1,2,3,1,2,2,72
2,2,2,2,NA,1,1,3,4,2,1,3,3,8,1,65
2,1,1,1,1,1,1,4,4,2,1,1,3,8,2,63
2,1,2,1,2,2,2,4,4,2,1,2,3,8,1,52
1,1,1,1,1,2,1,2,4,2,1,2,3,6,1,22
NA,NA,NA,NA,NA,NA,NA,NA,NA,NA,NA,NA,NA,2,2,86
2,2,2,1,9,9,9,3,4,2,1,1,3,3,1,53
1,1,1,1,1,1,1,4,4,2,1,1,3,2,2,62
2,2,2,2,NA,2,2,2,3,1,2,3,3,2,2,69
2,1,1,1,1,1,1,2,3,2,1,1,3,6,2,56
2,2,2,1,1,1,1,2,2,2,1,2,3,6,1,45
1,1,1,1,3,1,1,3,4,2,1,1,3,8,1,28
2,2,2,2,NA,2,2,1,1,2,1,2,1,3,1,73
2,1,1,1,1,2,2,4,3,2,1,2,1,3,1,56
2,1,1,1,2,2,1,NA,NA,NA,NA,NA,NA,7,1,62
2,2,2,1,1,1,1,3,3,2,1,1,3,3,1,34
2,2,1,1,1,1,2,2,2,2,1,3,1,2,2,13
2,1,1,1,5,1,1,3,4,1,1,2,3,10,2,60
2,2,1,1,1,2,2,2,3,2,1,3,3,8,1,30
2,2,2,2,NA,2,2,NA,NA,NA,NA,NA,NA,2,2,72
2,2,2,2,NA,2,2,NA,NA,NA,NA,NA,NA,2,2,82
1,2,1,1,1,1,1,2,2,2,2,1,3,6,1,67
2,2,2,2,NA,1,2,4,3,2,1,3,3,10,2,35
2,2,2,1,5,2,1,2,2,2,1,3,3,8,1,65
2,1,1,1,1,1,1,3,3,2,1,3,3,3,2,51
2,2,2,2,NA,2,2,3,3,2,1,3,3,6,2,71
2,1,2,1,1,1,1,3,3,2,1,2,3,6,1,36
2,1,1,1,1,1,1,2,4,2,2,1,3,3,1,28
2,2,2,2,NA,2,1,2,3,1,1,2,3,3,2,18
2,2,2,2,NA,2,2,2,1,2,2,3,1,2,2,56
2,2,2,2,NA,2,2,NA,NA,NA,NA,NA,NA,2,2,60
2,2,2,1,1,2,2,4,4,2,2,2,3,8,1,45
2,2,2,2,NA,2,2,2,1,2,1,1,1,2,2,47
2,1,2,1,1,1,2,4,4,2,1,3,3,8,1,34
2,2,1,2,NA,1,1,2,3,2,1,1,3,8,2,25
2,1,1,1,2,1,1,3,3,1,2,1,1,8,1,22
1,2,2,1,1,2,1,4,4,2,2,2,3,3,2,50
2,1,1,1,1,1,1,4,3,2,1,2,3,8,1,75
1,1,1,1,9,1,1,1,2,2,1,2,3,8,2,54
2,2,2,2,NA,2,2,2,3,1,1,1,3,6,2,50
1,1,1,1,2,1,1,2,3,2,1,1,3,6,2,37
2,2,2,1,2,2,2,3,3,2,1,2,3,6,1,17
2,1,1,2,NA,1,1,NA,NA,NA,NA,NA,NA,6,1,42
2,1,1,1,1,2,2,4,4,2,1,2,3,8,1,63
2,2,2,2,NA,2,2,NA,NA,NA,NA,NA,NA,2,2,85
2,1,1,2,NA,1,2,2,2,2,1,3,3,2,1,41
2,2,2,2,NA,2,2,2,3,2,1,3,3,8,1,58
2,2,2,2,NA,1,1,2,2,2,1,1,1,2,2,70
2,2,1,2,NA,2,2,2,1,1,1,3,3,3,2,14
NA,NA,NA,NA,NA,NA,NA,NA,NA,NA,NA,NA,NA,0,1,76
2,1,1,2,NA,1,2,3,3,2,1,1,3,2,2,13
NA,NA,NA,NA,NA,NA,NA,NA,NA,NA,NA,NA,NA,0,1,78
2,2,2,2,NA,2,2,4,4,2,2,3,1,2,2,58
2,2,2,2,NA,2,2,NA,NA,NA,NA,NA,NA,2,1,80
2,2,2,1,1,NA,NA,2,3,1,1,1,3,0,2,31
2,2,2,2,NA,2,2,4,3,2,1,3,3,8,1,34
2,1,1,1,9,9,9,1,3,2,1,1,1,8,1,20
1,1,1,1,5,1,1,2,3,1,2,3,3,2,1,51
1,1,1,1,4,1,1,2,3,1,2,2,3,8,2,69
2,2,2,1,1,1,1,1,2,2,1,1,1,8,1,37
2,2,2,2,NA,9,9,NA,NA,NA,NA,NA,NA,5,2,78
2,2,2,2,NA,2,1,4,1,2,1,2,3,3,2,66
2,2,1,1,1,2,2,1,1,2,1,2,1,3,1,52
2,1,1,2,NA,1,2,2,3,2,1,1,3,3,2,39
2,2,2,2,NA,2,2,2,2,2,2,1,3,2,2,71
1,1,1,1,1,1,1,2,3,2,1,2,3,8,2,21
2,1,2,1,2,1,2,3,4,2,1,3,3,8,1,32
2,2,2,1,1,1,2,4,3,2,2,3,3,2,2,74
1,1,1,1,2,1,2,2,3,2,2,1,3,8,1,22
1,1,1,1,2,1,1,3,4,2,1,2,3,6,2,23
2,2,2,1,1,1,2,4,4,2,1,2,3,6,1,27
2,2,2,2,NA,1,2,2,3,2,1,3,3,8,2,58
1,1,1,1,2,1,2,4,4,2,1,1,3,8,1,22
2,1,1,1,1,2,2,2,4,2,1,3,1,8,1,38
1,1,1,1,5,1,1,2,4,1,2,2,3,8,1,75
2,1,2,1,1,2,2,1,1,2,2,2,3,2,1,67
2,2,2,2,NA,1,1,NA,NA,NA,NA,NA,NA,3,1,41
1,1,1,1,2,9,2,4,4,2,1,3,3,8,1,31
1,1,1,1,1,1,1,1,3,2,1,1,3,3,1,13
2,2,2,2,NA,2,2,2,2,2,1,2,3,2,2,62
1,2,1,1,2,1,2,2,3,2,1,3,3,8,2,37
2,2,2,1,1,2,2,NA,NA,NA,NA,NA,NA,2,2,83
2,2,2,2,NA,1,2,1,2,2,1,1,3,6,1,20
2,2,2,1,1,1,1,2,2,1,2,2,1,3,2,15
2,2,2,2,NA,1,2,3,3,1,1,3,3,6,2,31
2,1,1,1,1,1,1,2,3,1,1,2,3,6,2,40
2,2,2,1,1,2,1,4,4,2,1,3,3,5,2,59
2,1,2,1,1,2,2,1,1,2,1,2,1,6,1,17
2,1,1,2,NA,2,2,1,1,2,2,2,3,2,1,53
NA,NA,NA,NA,NA,NA,NA,NA,NA,NA,NA,NA,NA,0,2,55
NA,NA,NA,NA,NA,NA,NA,NA,NA,NA,NA,NA,NA,2,2,62
1,1,1,1,3,1,1,3,3,2,1,1,3,2,1,13
2,2,2,2,NA,1,1,2,3,2,1,2,3,6,1,42
2,1,1,1,1,1,1,3,2,2,1,1,1,3,2,16
2,2,2,1,1,9,9,1,1,2,2,1,3,2,2,45
2,1,1,1,1,1,1,2,2,2,1,2,3,6,1,30
1,1,1,1,1,1,2,4,3,1,1,1,3,2,1,12
2,2,2,2,NA,1,1,1,4,2,1,1,3,2,1,53
2,1,1,1,1,1,2,3,3,2,1,2,3,3,1,15
2,1,1,1,1,2,2,2,1,2,1,1,3,2,1,40
2,2,2,2,NA,NA,NA,NA,NA,NA,NA,NA,NA,0,1,71
2,2,2,2,NA,1,2,NA,NA,NA,NA,NA,NA,3,2,42
2,2,1,1,1,2,2,2,3,2,2,2,1,2,1,18
2,1,1,1,9,2,2,NA,NA,NA,NA,NA,NA,2,2,79
2,2,2,2,NA,9,1,1,4,2,2,2,3,2,1,65
2,1,1,1,1,2,2,1,1,2,1,2,1,2,2,40
1,1,1,1,1,2,1,1,2,2,1,3,3,3,1,47
2,1,1,1,5,9,1,2,3,1,2,2,3,8,1,43
NA,NA,NA,NA,NA,NA,NA,NA,NA,NA,NA,NA,NA,0,2,94
2,2,2,1,2,2,1,NA,NA,NA,NA,NA,NA,2,1,57
2,1,1,1,1,2,2,2,1,2,1,2,1,3,1,13
2,2,2,2,NA,1,2,2,2,1,1,2,3,6,1,50
1,1,1,1,1,1,1,4,3,2,1,2,1,8,2,44
1,1,1,1,1,1,1,3,4,2,1,2,3,8,1,42
2,2,2,2,NA,1,1,2,2,1,1,1,3,3,1,20
2,1,2,2,NA,1,1,4,1,1,2,3,3,2,2,45
2,1,1,1,1,2,2,2,2,2,2,2,3,3,2,18
2,2,2,2,NA,1,2,1,2,2,2,2,3,2,1,49
2,2,2,2,NA,1,2,NA,NA,NA,NA,NA,NA,2,1,13
2,1,2,2,NA,1,2,2,4,1,2,2,1,2,1,75
NA,NA,NA,NA,NA,NA,NA,NA,NA,NA,NA,NA,NA,2,1,85
2,1,1,1,1,1,2,1,3,1,1,2,3,3,2,14
1,1,1,1,1,1,1,NA,NA,NA,NA,NA,NA,3,1,24
1,1,1,1,1,1,1,2,1,1,2,2,1,3,2,28
1,1,2,1,1,2,1,4,1,1,1,1,3,3,2,34
2,2,2,1,1,1,2,3,3,1,1,1,3,8,1,41
2,2,2,2,NA,2,1,1,2,2,2,2,3,2,2,61
1,1,2,1,1,1,1,2,2,2,2,1,3,6,2,27
2,2,2,2,NA,2,2,1,3,2,2,2,3,2,1,72
2,1,1,1,1,1,1,3,2,2,2,3,3,2,2,13
1,2,2,2,NA,1,1,2,3,2,2,3,3,6,2,30
1,2,2,2,NA,1,1,2,4,2,1,3,1,6,1,34
1,1,1,2,NA,1,1,2,3,2,1,3,3,3,2,16
1,1,2,1,1,1,1,2,3,2,1,2,3,3,1,46
2,1,2,2,NA,1,1,2,4,1,1,3,3,3,2,25
2,2,2,2,NA,NA,NA,NA,NA,NA,NA,NA,NA,0,2,74
2,1,2,2,NA,2,2,2,2,2,2,3,1,2,2,83
2,2,2,2,NA,2,2,3,4,2,1,2,3,8,1,36
2,2,2,1,1,1,1,1,2,2,1,2,3,2,1,36
2,2,2,2,NA,1,2,2,4,2,1,2,3,3,1,28
1,1,1,1,1,1,1,4,4,2,2,2,3,3,2,40
2,2,2,2,NA,2,2,NA,NA,NA,NA,NA,NA,2,1,55
2,1,1,1,1,1,1,2,3,2,1,2,3,8,2,28
2,1,1,1,1,1,1,4,2,1,1,2,1,2,2,13
2,2,2,2,NA,2,2,NA,NA,NA,NA,NA,NA,3,1,25
NA,NA,NA,NA,NA,NA,NA,NA,NA,NA,NA,NA,NA,0,2,73
1,2,2,2,NA,1,1,1,2,1,1,3,1,2,1,45
2,1,1,2,NA,9,9,2,4,2,2,2,3,3,2,78
2,2,1,1,1,2,2,2,3,2,1,2,3,3,1,15
2,1,2,1,2,1,1,3,4,1,2,1,3,3,2,78
2,2,2,2,NA,2,2,2,4,1,1,1,3,8,1,84
1,1,2,1,1,2,2,1,1,2,1,3,1,3,2,43
2,1,1,1,1,1,1,3,3,2,2,3,3,8,2,73
2,1,2,1,1,1,2,2,3,1,2,2,3,8,1,76
2,2,2,2,NA,1,1,2,4,2,1,1,1,8,1,62
2,1,1,1,1,1,1,1,2,2,1,3,1,5,2,64
2,2,2,2,NA,2,2,NA,NA,NA,NA,NA,NA,5,2,67
2,2,2,1,1,1,2,2,3,2,1,1,3,8,1,37
2,1,1,1,1,2,2,2,2,2,1,2,3,3,2,15
2,2,2,1,1,1,2,3,3,2,1,1,1,2,1,26
1,1,1,1,1,1,1,2,3,2,1,1,3,3,2,31
2,1,2,2,NA,1,1,3,3,1,2,3,3,3,2,71
2,1,2,1,1,1,2,2,4,2,2,1,3,8,2,75
2,2,2,2,NA,2,2,2,3,1,1,1,3,5,2,53
2,2,2,2,NA,1,1,NA,NA,NA,NA,NA,NA,5,2,74
1,1,1,1,5,1,2,3,3,1,1,1,3,8,2,24
1,1,1,1,1,2,1,1,2,1,2,3,3,8,2,78
1,2,2,1,1,2,1,2,3,2,1,2,3,8,1,41
2,1,2,2,NA,1,1,3,3,1,1,2,3,8,1,43
2,2,2,1,1,2,2,2,4,2,1,3,3,8,1,27
2,1,2,1,1,1,1,2,4,1,1,2,3,6,1,51
2,2,2,2,NA,1,1,1,1,2,2,3,1,2,2,42
2,2,2,2,NA,1,1,2,4,2,2,2,3,2,1,42
2,2,2,2,NA,1,1,1,1,1,1,2,1,3,1,39
NA,NA,NA,NA,NA,NA,NA,NA,NA,NA,NA,NA,NA,2,1,63
2,2,1,1,3,2,1,4,3,2,2,3,1,8,1,48
1,1,1,1,1,1,1,2,2,2,2,3,1,8,2,28
1,1,1,1,2,1,1,2,4,2,1,2,3,8,1,55
2,2,2,1,2,2,2,3,3,2,2,3,3,4,2,78
2,1,1,1,1,1,2,3,3,1,1,2,1,7,1,19
2,2,2,1,1,2,2,4,2,1,2,2,1,8,1,76
1,2,1,1,1,1,2,3,3,2,1,2,3,3,2,13
1,1,1,1,1,1,1,2,4,2,1,1,3,8,1,44
2,1,2,1,1,2,1,2,1,2,2,2,3,2,1,59
2,2,2,2,NA,1,1,3,4,1,2,2,3,5,1,69
2,2,2,2,NA,1,1,NA,NA,NA,NA,NA,NA,5,1,64
1,1,1,1,2,1,1,3,3,1,1,1,3,8,1,32
2,1,2,2,NA,2,1,2,3,1,1,1,3,3,1,16
1,1,1,1,2,2,1,3,3,2,1,1,3,8,1,38
2,2,2,2,NA,2,2,1,1,2,2,1,1,2,1,46
2,2,2,2,NA,2,2,2,3,2,1,2,1,3,1,64
2,2,2,2,NA,2,2,2,2,1,2,2,3,2,1,69
1,1,1,1,1,1,1,2,4,2,1,1,3,6,1,33
1,1,1,1,1,1,1,2,2,1,1,3,1,6,1,26
2,1,2,1,1,2,2,1,3,2,1,3,3,6,1,45
2,1,1,1,1,1,1,2,3,2,1,2,3,8,1,21
2,1,1,2,NA,1,1,NA,NA,NA,NA,NA,NA,6,1,18
1,1,1,2,NA,1,1,2,4,1,1,1,3,2,1,39
1,1,1,1,1,1,1,2,3,1,1,2,3,6,2,40
1,1,2,1,1,1,1,4,4,1,1,2,3,6,1,43
1,2,2,1,1,1,1,2,3,2,1,1,3,6,2,44
2,2,1,1,1,2,2,NA,NA,NA,NA,NA,NA,2,2,59
1,2,2,1,1,2,1,2,4,1,1,3,3,5,1,47
2,2,1,1,1,1,1,2,3,2,1,2,3,3,1,15
2,1,2,1,1,1,2,2,2,2,2,2,3,6,2,19
NA,NA,NA,NA,NA,NA,NA,NA,NA,NA,NA,NA,NA,2,2,67
2,2,2,2,NA,1,1,2,1,1,1,2,3,7,2,23
2,2,2,2,NA,2,2,NA,NA,NA,NA,NA,NA,2,1,53
2,1,1,1,1,2,2,1,1,2,2,3,1,2,1,81
2,2,2,2,NA,2,1,2,3,2,1,1,3,6,1,65
1,2,1,1,1,2,1,4,3,2,2,2,3,3,1,58
2,1,1,2,NA,1,1,2,1,2,2,3,3,8,2,33
2,1,2,1,1,1,1,1,2,1,2,3,3,3,1,53
2,2,1,2,NA,2,1,4,4,2,1,2,3,3,2,30
1,1,2,2,NA,1,1,2,3,1,1,1,1,6,2,39
2,2,2,2,NA,2,1,NA,NA,NA,NA,NA,NA,3,2,53
2,1,1,1,1,9,2,2,3,2,1,2,3,6,1,46
2,1,1,1,1,1,1,NA,NA,NA,NA,NA,NA,3,2,35
2,1,2,1,1,2,2,1,2,2,2,3,1,7,1,63
2,2,2,2,NA,1,1,NA,NA,NA,NA,NA,NA,2,2,53
2,2,2,2,NA,1,1,NA,NA,NA,NA,NA,NA,3,2,30
NA,NA,NA,NA,NA,NA,NA,NA,NA,NA,NA,NA,NA,2,1,52
2,1,2,2,NA,1,9,1,1,2,2,3,1,3,2,37
2,1,1,2,NA,9,1,NA,NA,NA,NA,NA,NA,3,1,27
1,1,1,2,NA,1,1,2,1,2,1,3,1,3,2,25
2,2,2,2,NA,2,2,2,3,2,1,2,1,6,1,48
2,2,2,1,1,2,2,1,1,2,2,3,1,3,1,44
2,1,1,1,1,1,1,2,1,2,1,1,1,6,1,18
2,2,2,2,NA,2,2,NA,NA,NA,NA,NA,NA,2,1,81
2,2,2,2,NA,2,2,NA,NA,NA,NA,NA,NA,2,1,62
2,2,2,2,NA,1,2,NA,NA,NA,NA,NA,NA,3,2,30
1,1,1,1,1,1,1,2,4,1,1,1,3,3,1,44
2,1,2,2,NA,2,2,4,4,2,2,3,3,99,2,69
2,2,2,1,1,2,1,2,2,1,1,2,3,8,2,50
2,1,1,1,1,2,2,4,3,2,1,1,3,8,1,26
2,2,2,2,NA,1,1,1,3,1,1,2,1,8,1,58
2,2,2,1,1,1,1,2,3,1,1,3,2,9,2,56
2,1,2,1,1,1,1,2,2,1,1,1,3,8,2,37
2,1,2,1,2,2,2,3,3,2,1,3,3,8,1,47
2,2,2,1,1,1,1,NA,NA,NA,NA,NA,NA,8,2,35
1,1,1,1,5,1,1,4,4,1,1,2,3,8,2,33
1,1,1,1,2,2,1,3,3,1,1,1,3,8,1,71
1,1,1,1,1,1,1,1,2,1,1,2,3,8,2,53
1,1,1,1,3,1,1,2,4,2,1,1,3,8,1,47
2,1,1,2,NA,1,1,NA,NA,NA,NA,NA,NA,6,2,61
2,2,2,2,NA,9,9,2,2,2,1,2,3,8,2,64
2,2,2,1,1,2,1,NA,NA,NA,NA,NA,NA,3,1,30
2,2,1,1,1,2,2,2,3,2,2,1,3,2,1,72
1,2,1,1,2,1,1,3,3,2,1,3,3,8,2,30
2,2,2,1,1,2,2,2,3,2,2,2,2,6,2,18
2,1,2,2,NA,2,2,3,3,2,1,1,3,6,2,49
1,1,1,1,1,1,1,4,3,2,1,2,3,8,2,24
2,1,1,1,1,1,2,2,4,2,2,2,1,3,1,23
1,1,1,2,NA,2,2,2,2,2,2,2,1,6,1,26
2,2,1,1,1,1,1,2,4,2,2,2,3,6,2,26
1,2,2,1,1,2,1,2,4,2,1,3,3,6,2,35
1,1,1,1,1,1,1,4,4,2,2,2,1,3,1,33
1,1,2,1,1,2,1,2,4,2,1,1,3,6,1,36
2,2,2,1,1,1,2,NA,NA,NA,NA,NA,NA,2,2,59
2,2,2,2,NA,2,2,NA,NA,NA,NA,NA,NA,8,2,24
2,2,2,2,NA,9,2,2,3,2,2,1,3,4,2,66
2,2,1,1,3,1,1,3,4,2,1,1,1,2,2,12
1,1,1,1,1,1,1,2,4,2,1,1,3,6,1,30
1,2,2,1,2,1,1,1,3,2,1,3,3,8,1,35
2,2,2,2,NA,2,2,2,2,2,1,2,3,3,1,37
1,1,1,1,2,2,1,4,2,2,1,2,1,6,2,53
2,2,2,1,1,2,1,4,3,2,1,2,3,3,1,31
2,2,2,2,NA,2,2,NA,NA,NA,NA,NA,NA,2,1,51
2,2,2,1,1,1,2,NA,NA,NA,NA,NA,NA,3,1,47
1,1,1,1,1,1,1,3,3,2,1,3,3,7,2,28
2,2,2,2,NA,1,2,NA,NA,NA,NA,NA,NA,3,2,41
1,1,2,1,1,2,1,1,4,1,1,1,3,3,2,51
2,2,2,2,NA,NA,NA,NA,NA,NA,NA,NA,NA,0,1,63
NA,NA,NA,NA,NA,NA,NA,NA,NA,NA,NA,NA,NA,2,1,76
2,1,2,2,NA,2,1,2,3,2,1,2,3,8,1,68
1,1,1,1,1,1,1,2,1,2,1,1,3,3,2,42
1,1,1,1,1,1,1,2,3,1,1,1,3,6,1,18
2,1,1,1,2,1,2,3,3,2,1,3,1,3,2,13
1,2,2,1,1,1,1,NA,NA,NA,NA,NA,NA,6,2,30
2,2,2,2,NA,1,1,2,3,2,2,3,3,8,2,20
2,2,2,1,1,2,1,2,3,2,1,3,3,8,1,32
1,1,2,1,1,2,1,NA,NA,NA,NA,NA,NA,6,2,60
2,2,2,2,NA,2,2,NA,NA,NA,NA,NA,NA,2,2,40
1,1,1,1,3,1,1,4,4,1,1,1,3,8,1,34
2,1,2,1,1,2,2,2,3,1,1,3,3,8,1,72
NA,NA,NA,NA,NA,NA,NA,NA,NA,NA,NA,NA,NA,2,1,79
1,1,1,1,1,2,2,4,4,2,1,3,3,2,1,35
1,1,2,2,NA,2,2,NA,NA,NA,NA,NA,NA,8,1,48
2,2,2,2,NA,1,1,NA,NA,NA,NA,NA,NA,8,1,64
1,1,1,1,1,1,1,NA,NA,NA,NA,NA,NA,8,2,30
1,1,2,1,3,1,1,3,1,2,1,1,3,8,1,29
2,1,1,1,1,1,2,2,3,2,1,3,3,4,2,70
1,2,1,2,NA,1,1,3,2,1,2,3,3,2,1,63
2,1,1,2,NA,1,1,3,2,2,1,1,3,3,1,13
2,1,2,2,NA,1,1,2,1,1,1,2,1,3,2,37
2,2,2,2,NA,2,2,NA,NA,NA,NA,NA,NA,3,2,54
2,1,1,2,NA,1,1,2,4,1,2,2,3,3,1,44
1,1,1,2,NA,1,1,NA,NA,NA,NA,NA,NA,3,2,32
2,2,2,2,NA,2,2,NA,NA,NA,NA,NA,NA,2,2,68
2,2,2,1,1,2,2,NA,NA,NA,NA,NA,NA,2,2,49
NA,NA,NA,NA,NA,NA,NA,NA,NA,NA,NA,NA,NA,2,1,60
1,1,1,2,NA,2,2,NA,NA,NA,NA,NA,NA,3,2,31
1,1,1,1,1,1,1,3,2,2,2,3,1,6,2,30
NA,NA,NA,NA,NA,NA,NA,NA,NA,NA,NA,NA,NA,0,2,55
2,2,2,2,NA,2,2,2,1,2,1,2,3,2,2,43
2,2,2,2,NA,2,2,NA,NA,NA,NA,NA,NA,2,2,56
NA,NA,NA,NA,NA,NA,NA,NA,NA,NA,NA,NA,NA,0,2,58
2,1,2,2,NA,2,2,2,2,1,2,3,3,3,2,49
2,2,2,2,NA,1,2,1,2,2,2,3,3,3,2,53
2,1,1,2,NA,2,2,NA,NA,NA,NA,NA,NA,2,2,66
2,2,2,1,1,2,1,2,2,2,1,2,3,3,1,67
2,2,2,2,NA,2,2,1,1,2,2,2,1,2,1,71
2,1,1,1,1,1,1,3,3,1,1,1,3,2,1,13
2,2,2,2,NA,2,2,NA,NA,NA,NA,NA,NA,3,2,37
2,1,2,2,NA,1,2,4,1,1,1,2,3,3,2,13
2,1,2,2,NA,2,2,NA,NA,NA,NA,NA,NA,3,2,33
2,1,1,1,1,2,2,4,4,2,1,2,3,7,2,56
2,2,2,2,NA,NA,NA,NA,NA,NA,NA,NA,NA,0,2,77
2,1,1,1,4,1,2,2,3,2,1,1,1,6,1,18
1,1,1,1,1,1,1,2,3,2,1,1,3,6,2,23
2,2,2,2,NA,2,2,NA,NA,NA,NA,NA,NA,2,2,76
NA,NA,NA,NA,NA,NA,NA,NA,NA,NA,NA,NA,NA,0,1,66
2,2,2,2,NA,1,1,NA,NA,NA,NA,NA,NA,6,1,19
NA,NA,NA,NA,NA,NA,NA,NA,NA,NA,NA,NA,NA,0,2,63
