llaveviv,sexo,edad,niv,gra,v_p1,v_p2,v_p3,v_p4_1,v_p4_2,v_p4_3,v_p4_3a,v_p4_4,v_p4_5,v_p4_6,v_p4_6a,v_p4_7,v_p5,v_p6,p_p25,p_p26,p_p27_1,p_p27_2,p_p27_3,p_p27_4,p_p27_5,p_p27_6,p_p27_7,p_p27_8,p_p28,m_p1,m_p2a,m_p3a,m_p2b,m_p3b,m_p2c,m_p3c,m_p2d,m_p3d,m_p2e,m_p2f,m_p4,m_p5_1,m_p5_2,m_p6,m_p7,m_p8,m_p9_1,m_p9_2,m_p9_3,m_p9_4,m_p9_5,m_p9_6,m_p10,m_p11,m_p12,m_p13,m_p14,m_p15_1,m_p15_2,m_p15_3,m_p15_4,m_p15_5,m_p15_6,m_p15_7,m_p15_8,m_p15_9,m_p16_1,m_p16_2,m_p17,m_p18,m_p19,m_p20_1,m_p20_2,m_p20_3,m_p20_4,m_p20_5,m_p20_6,m_p20_7,m_p20_8,m_p21,m_p22,m_p23,m_p24_1,m_p24_2,m_p25,m_p26,m_p27,m_p28,m_p29,m_p30,m_p31,m_p32,m_p33,m_p34_1,m_p34_2,m_p35,m_p36_1,m_p36_2,m_p36_3,m_p37,m_p38a,m_p38b,m_p38c,m_p38c_1,m_p38d,m_p38d_1,m_f_s10_4,m_p39_1,m_p39_2,m_p39_3,m_p39_4
000101,2,66,2,4,2,3,1,1,1,2,,1,2,1,2,2,4,1,2,2,3,2,1,2,2,1,1,2,2,1,1,,1,,2,2,2,2,2,2,1,2,1,1,20,1,2,2,1,2,2,2,3,7,2,30,1,1,1,2,2,1,2,2,1,2,,,,,,,,,,,,,,,,,,,,,,,,2,,4,3,2,1,1,3,3,1,,2,2,2,,2,,1,1,1,1,1
000303,2,15,3,2,2,2,1,1,1,2,,2,2,2,,,5,1,2,2,1,1,1,1,1,1,1,1,2,2,2,1,2,2,2,2,2,2,1,1,3,1,2,2,20,2,2,2,2,2,1,2,1,,,,,,,,,,,,,,,,,,,,,,,,,,,,,,,,2,20,1,1,180,2,,2,1,2,1,1,3,3,1,,2,2,2,,1,1,1,1,1,1,1
000404,2,20,3,3,1,4,1,1,1,1,1,2,2,1,1,1,3,1,2,2,4,1,1,1,2,1,1,1,2,2,2,1,1,,2,1,2,2,1,1,5,1,1,3,20,1,1,2,2,2,2,2,2,1,4,10,1,2,2,2,1,2,2,2,1,2,2,1,1,5,1,0,0,0,0,0,0,0,1,1,,,,,2,10,1,1,10,2,,2,2,2,1,2,3,3,1,,1,2,1,2,1,1,1,1,1,2,1
000501,2,68,8,4,3,4,2,1,1,1,2,1,2,1,1,2,4,1,2,2,2,1,1,3,2,1,1,1,2,1,1,,2,2,2,2,2,2,2,1,1,2,1,2,60,1,1,1,1,1,1,2,2,,,,,,,,,,,,,,,,,,,,,,,,,,,,,,,,,,,1,60,2,,3,3,2,1,2,3,3,1,,2,1,1,1,1,1,1,2,2,2,2
000703,1,38,6,3,4,6,3,1,1,1,2,1,2,1,1,1,5,1,2,2,1,1,1,1,1,1,1,1,2,1,2,2,2,2,2,2,2,2,2,1,,,,,,,,,,,,,,,,,,,,,,,,,,,,,,,,,,,,,,,,,,,,,,,,1,120,,,,,,,,,,,1,2,2,2,,2,,1,1,1,2,2
000804,1,46,8,5,3,4,3,1,1,1,3,1,1,1,1,1,5,1,2,2,1,1,1,1,1,1,1,1,2,1,1,,2,1,1,,2,2,1,1,15,2,1,1,20,1,2,2,1,2,1,2,3,1,2,10,1,1,1,2,1,1,2,2,2,2,2,1,1,10,1,0,1,0,1,1,1,0,0,3,,,,,2,10,1,1,30,1,2,4,3,2,1,1,3,3,1,,1,2,1,2,2,,1,2,2,2,2
001002,1,16,6,1,2,3,1,1,1,1,1,1,1,1,1,2,6,1,2,2,2,1,1,1,1,1,1,1,1,1,2,1,1,,2,1,1,,2,1,1,1,2,2,15,1,1,2,2,2,2,2,2,1,2,5,1,1,1,2,2,2,2,2,2,2,2,1,1,5,1,0,1,0,0,0,0,0,0,1,3,10,1,2,,,,1,10,2,,2,3,2,1,2,3,3,1,,2,2,1,2,1,1,1,1,1,1,1
001103,1,29,8,4,2,4,1,1,1,2,,1,2,1,1,1,2,1,2,2,1,1,1,1,1,1,1,1,2,1,2,2,2,2,2,2,1,,2,1,,,,,,,,,,,,,,,,,,,,,,,,,,,,,,,,,,,,,,,,,2,60,1,2,,,,1,60,2,,2,4,1,1,1,3,3,1,,2,1,2,,1,5,1,1,1,1,1
001204,2,31,8,5,1,3,1,1,1,1,1,1,1,1,1,1,3,1,2,2,2,1,1,1,1,1,1,1,2,1,2,2,2,2,2,2,2,2,2,2,,,,,,,,,,,,,,,,,,,,,,,,,,,,,,,,,,,,,,,,,,,,,,,,,,,,,,,,,,,,4,1,1,2,,1,1,1,1,1,2,2
001301,2,23,8,4,1,2,1,1,1,2,,1,2,1,1,2,3,2,2,2,1,1,1,1,1,1,1,1,2,1,1,,2,2,2,2,2,2,1,1,6,2,1,1,120,1,2,2,1,1,1,2,2,,,,,,,,,,,,,,,,,,,,,,,,,,,,,,,,3,20,1,1,180,2,,2,4,2,1,1,3,3,1,,2,2,2,,2,,1,2,2,1,2
001402,1,48,10,2,2,4,2,1,1,1,1,1,2,1,1,2,3,1,2,2,1,1,1,1,1,1,1,1,2,1,1,,1,,1,,2,2,1,1,4,1,1,2,30,1,2,1,1,1,1,2,3,2,3,10,1,2,1,2,1,2,1,1,1,2,2,1,7,15,1,1,0,1,1,0,1,1,0,1,,,,,1,20,1,1,15,2,,3,3,2,1,2,3,3,2,,2,1,1,2,1,4,1,1,1,1,1
001503,1,45,10,2,1,4,1,1,1,1,1,1,1,1,1,2,3,1,2,2,1,1,1,1,1,1,1,1,2,1,1,,1,,1,,1,,1,1,96,2,1,1,120,1,2,1,1,1,1,2,4,50,1,60,1,1,1,2,1,2,1,1,1,2,2,1,7,30,1,1,1,1,0,1,1,1,1,3,3,30,1,2,1,20,1,1,20,2,,3,3,2,1,2,3,3,1,,2,1,1,2,1,5,1,2,1,1,2
001604,1,47,10,2,1,4,1,1,1,1,1,1,1,1,1,1,2,1,2,2,2,1,1,1,1,1,1,1,2,1,1,,1,,1,,2,2,1,1,99,1,1,1,180,1,1,1,2,1,1,1,4,30,2,60,1,2,1,2,2,2,1,1,1,2,1,2,7,30,1,1,1,1,1,0,1,1,0,1,,,,,1,30,1,1,30,1,5,4,4,1,1,2,3,3,1,,1,2,2,,1,5,1,2,2,2,1
001802,2,75,2,2,3,5,2,1,1,2,,2,2,1,1,2,2,1,1,2,2,1,3,3,3,3,1,2,2,1,2,2,1,,2,2,2,2,2,2,,,,,,,,,,,,,,1,2,10,1,2,2,1,1,1,2,1,1,2,,,,,,,,,,,,,,,,,,,,,,,,2,,2,1,2,2,3,3,3,3,,2,2,2,,2,,1,1,1,1,1
001903,2,82,5,3,3,7,2,1,1,1,2,1,2,1,1,1,3,1,2,2,2,2,3,3,3,2,1,3,2,1,1,,1,,2,2,2,2,2,2,3,2,1,1,60,1,2,2,1,2,1,2,3,4,2,60,1,2,2,1,1,1,2,1,1,2,,,,,,,,,,,,,,,,,,,,,,,,2,,1,3,1,2,3,3,3,1,,2,1,2,,1,1,1,2,1,1,9
002004,2,62,10,2,5,7,3,1,1,1,1,1,1,1,1,1,2,1,2,2,1,1,1,1,1,1,1,1,2,1,1,,2,2,2,2,2,2,1,1,3,1,1,2,60,1,2,2,2,1,1,2,3,,,,,,,,,,,,,,,,,,,,,,,,,,,,,,,,2,30,1,1,40,2,,3,3,2,1,2,3,3,1,,1,1,1,2,1,2,1,1,1,1,1
002101,2,58,2,6,2,2,1,1,1,2,,2,2,2,,,2,1,2,2,1,1,1,1,1,1,1,1,2,1,2,2,2,2,2,2,2,2,2,1,,,,,,,,,,,,,,,,,,,,,,,,,,,,,,,,,,,,,,,,,,,,,,,,1,10,,,,,,,,,,,9,2,2,2,,2,,1,2,2,2,2
002202,1,57,5,3,1,2,0,2,2,2,,1,2,1,1,2,1,1,2,2,1,1,1,2,1,1,1,1,2,1,1,,2,2,2,2,2,2,2,1,2,2,1,1,120,1,1,1,2,2,2,2,2,,,,,,,,,,,,,,,,,,,,,,,,,,,,,,,,,,,1,60,2,,3,3,2,1,1,3,3,1,,2,2,2,,2,,1,2,1,1,1
002303,2,53,2,6,2,2,1,1,1,2,,2,2,1,1,1,3,1,2,2,2,1,2,2,1,1,1,1,2,1,2,2,2,2,2,2,2,2,2,1,,,,,,,,,,,,,,,,,,,,,,,,,,,,,,,,,,,,,,,,,,,,,,,,1,60,,,,,,,,,,,3,2,1,2,,2,,1,2,1,1,1
002404,2,73,2,3,6,8,1,1,1,2,,2,2,1,1,2,1,1,2,2,2,1,3,3,2,2,1,3,2,1,2,2,2,2,2,2,2,2,2,1,,,,,,,,,,,,,,,,,,,,,,,,,,,,,,,,,,,,,,,,,,,,,,,,1,10,,,,,,,,,,,6,2,2,2,,2,,1,2,2,2,2
002501,2,32,6,3,2,4,1,1,1,1,2,2,2,2,,,4,1,2,2,1,1,1,1,1,1,1,1,2,2,2,2,2,2,2,2,2,2,1,1,,,,,,,,,,,,,,,,,,,,,,,,,,,,,,,,,,,,,,,,,,,,,3,15,1,1,120,2,,3,3,2,1,1,3,3,1,,1,1,1,1,1,1,1,1,1,1,1
002602,2,50,6,3,3,4,2,1,1,1,1,1,1,1,1,1,3,1,2,1,3,2,1,1,2,1,1,1,2,1,2,2,2,1,2,2,2,2,1,1,,,,,,,,,,,,,,10,1,10,2,2,1,2,1,2,2,2,2,2,,,,,,,,,,,,,,,,,,,1,30,1,1,180,1,4,1,2,2,1,2,3,3,1,,1,1,1,2,1,2,1,2,2,2,2
002703,2,40,6,3,2,4,1,1,1,1,1,1,2,1,1,1,3,1,2,2,2,1,1,1,1,1,1,1,2,1,2,2,2,2,2,2,2,2,2,1,,,,,,,,,,,,,,,,,,,,,,,,,,,,,,,,,,,,,,,,,,,,,,,,1,20,,,,,,,,,,,3,2,2,2,,2,,1,1,1,1,1
002804,1,53,10,1,2,3,1,1,1,1,2,1,1,1,1,2,3,1,2,2,2,2,1,1,2,1,1,1,1,2,2,2,2,2,2,2,2,2,1,1,,,,,,,,,,,,,,,,,,,,,,,,,,,,,,,,,,,,,,,,,,,,,1,120,1,1,180,1,6,2,3,1,1,2,3,3,1,,2,1,2,,1,1,1,1,1,1,1
002901,2,30,3,2,1,3,1,1,1,2,,2,2,2,,,2,1,2,2,1,1,1,1,1,1,1,1,2,1,2,2,2,2,2,2,2,2,2,1,,,,,,,,,,,,,,,,,,,,,,,,,,,,,,,,,,,,,,,,,,,,,,,,1,120,,,,,,,,,,,1,2,2,2,,2,,1,2,2,2,2
003002,2,39,6,3,2,3,1,1,1,2,,2,1,1,1,2,4,1,2,2,1,1,1,1,1,1,1,1,2,1,2,1,2,2,1,,2,2,1,1,2,1,2,1,30,1,2,2,1,1,2,2,2,,,,,,,,,,,,,,2,1,3,30,1,0,0,0,1,1,0,0,0,3,,,,,1,30,1,1,120,2,,2,2,2,1,2,3,3,1,,2,2,2,,2,,1,2,1,2,2
003103,2,62,3,3,2,3,1,1,1,2,,2,2,2,,,2,1,2,2,2,1,1,1,2,1,1,1,2,2,1,,2,2,2,2,2,2,2,2,1,2,1,2,30,1,2,2,2,1,2,2,2,,,,,,,,,,,,,,,,,,,,,,,,,,,,,,,,,,,,,1,5,2,2,2,2,3,3,1,1,,2,2,2,,2,,1,2,2,2,2
003204,2,36,6,3,2,5,1,1,1,1,1,1,1,2,,,4,1,1,2,1,1,1,1,1,1,1,1,2,1,2,2,2,2,1,,2,2,2,1,,,,,,,,,,,,,,,,,,,,,,,,,,,1,2,1,15,1,0,0,0,0,1,0,0,0,2,,,,,,,,1,300,2,,3,3,2,1,1,3,2,1,,2,1,2,,1,1,1,1,1,1,1
003301,2,17,6,2,2,3,1,1,1,1,3,1,2,1,1,1,2,1,2,2,1,1,1,1,1,1,1,1,2,2,1,,2,2,2,2,2,2,2,2,3,2,1,1,60,1,2,2,2,1,2,2,3,,,,,,,,,,,,,,,,,,,,,,,,,,,,,,,,,,,,,2,,3,3,2,1,3,3,3,1,,2,1,1,2,1,1,1,1,1,1,1
003402,1,25,6,3,3,5,2,1,1,1,1,1,2,1,1,1,5,1,2,2,1,1,1,1,2,1,1,1,2,2,2,2,2,2,2,2,1,,2,1,,,,,,,,,,,,,,,,,,,,,,,,,,,,,,,,,,,,,,,,,2,60,1,1,,,,1,180,2,,2,3,2,1,3,3,3,2,,2,2,2,,2,,1,2,2,2,2
003503,2,12,2,5,3,5,2,1,1,1,3,1,1,1,1,1,4,1,2,2,1,1,1,1,2,2,2,1,2,1,1,,2,1,2,2,1,,2,2,6,1,1,1,180,1,1,1,2,1,2,2,2,3,2,10,1,2,1,2,2,2,2,2,2,2,,,,,,,,,,,,,,,2,60,1,2,,,,,,2,,2,3,1,2,1,3,3,1,,2,1,1,1,1,1,1,2,1,1,1
003604,1,54,6,3,3,5,1,1,1,1,2,1,2,1,1,1,6,1,2,2,1,2,2,2,2,1,1,1,1,2,1,,2,2,2,2,2,2,2,2,1,2,1,2,15,1,2,2,2,2,1,2,3,,,,,,,,,,,,,,,,,,,,,,,,,,,,,,,,,,,,,2,,1,1,2,1,2,3,3,2,,2,1,2,,1,1,1,2,2,2,2
003701,1,27,7,3,2,7,2,1,1,1,1,2,2,1,1,1,3,1,2,2,2,1,1,1,2,1,1,1,2,2,2,2,2,2,2,2,1,,2,1,,,,,,,,,,,,,,,,,,,,,,,,,,,,,,,,,,,,,,,,,4,30,1,2,,,,1,120,2,,2,3,2,1,2,3,3,1,,2,1,2,,1,2,1,1,2,1,2
003903,2,19,8,2,2,2,1,1,2,2,,1,2,1,1,2,3,1,2,2,2,2,1,1,2,1,2,1,2,2,2,2,1,,2,2,2,2,2,1,,,,,,,,,,,,,,3,4,20,2,2,2,2,2,2,1,2,2,2,,,,,,,,,,,,,,,,,,,,,,1,60,2,,4,2,2,1,1,3,3,1,,1,2,2,,1,1,1,1,1,1,1
004004,2,72,3,3,3,4,1,1,1,1,1,2,2,1,1,2,2,1,2,2,1,1,1,1,1,1,1,1,2,1,1,,2,2,2,2,2,2,2,1,3,2,1,2,120,1,2,2,2,1,2,2,3,,,,,,,,,,,,,,,,,,,,,,,,,,,,,,,,,,,2,150,1,5,2,3,1,2,3,3,3,1,,2,1,2,,1,1,1,1,1,1,1
004101,1,25,7,3,4,5,3,1,1,1,1,2,1,1,1,1,4,1,2,2,1,1,1,1,1,1,1,1,2,1,1,,1,,2,2,1,,1,1,2,2,1,1,60,1,2,1,1,1,1,2,3,1,1,60,1,2,2,2,2,2,2,1,2,2,,,,,,,,,,,,,,,2,60,1,2,1,120,1,1,60,2,,4,3,2,1,1,3,3,1,,1,1,2,,1,1,1,1,1,2,2
004202,2,64,3,3,2,6,1,1,1,1,1,1,1,1,1,2,2,1,2,2,1,1,1,1,1,1,1,1,2,1,1,,2,2,2,2,2,2,2,1,1,2,1,1,30,1,2,2,1,2,2,2,2,,,,,,,,,,,,,,,,,,,,,,,,,,,,,,,,,,,1,30,2,,2,3,1,2,2,3,3,1,,2,2,2,,2,,1,2,9,2,2
004303,1,52,8,4,2,6,1,1,1,2,,1,2,1,1,2,2,1,2,2,2,1,1,1,2,1,1,1,2,1,2,2,2,2,2,2,2,2,1,1,,,,,,,,,,,,,,,,,,,,,,,,,,,,,,,,,,,,,,,,,,,,,2,60,1,1,60,2,,4,3,2,1,2,3,3,1,,2,1,2,,1,1,1,1,1,1,2
004404,2,21,8,2,3,4,1,1,1,2,,1,2,1,1,1,3,2,2,2,2,2,1,1,3,1,1,1,1,1,1,,1,,1,,1,,1,1,99,1,1,1,300,1,1,1,1,1,1,2,1,99,1,300,1,2,1,1,1,2,1,1,1,2,1,1,4,60,1,1,0,0,1,0,1,1,0,1,1,120,1,1,1,60,1,1,120,1,6,1,4,2,1,1,3,3,1,,2,2,2,,1,5,1,1,1,1,2
004501,2,20,6,3,3,4,1,1,1,1,3,1,2,1,1,2,4,1,2,2,1,1,1,1,2,1,1,1,2,1,1,,2,2,2,2,2,2,1,1,3,2,1,1,180,1,2,2,2,1,2,2,2,,,,,,,,,,,,,,,,,,,,,,,,,,,,,,,,2,15,1,1,180,2,,2,3,2,1,2,3,3,1,,2,1,1,2,1,5,1,1,1,1,1
004602,1,59,5,3,2,4,1,1,1,2,,2,2,1,1,2,4,1,2,2,2,1,1,2,2,1,1,1,2,2,2,2,2,2,2,2,2,2,2,1,,,,,,,,,,,,,,,,,,,,,,,,,,,,,,,,,,,,,,,,,,,,,,,,1,20,,,,,,,,,,,3,2,2,2,,2,,1,2,2,2,2
004703,1,26,10,1,1,3,1,1,1,1,1,1,2,1,1,1,2,1,2,2,2,1,1,1,2,1,1,2,2,2,2,2,2,1,1,,1,,2,1,,,,,,,,,,,,,,5,3,15,1,2,1,2,2,2,2,2,1,2,1,2,1,10,1,1,0,0,0,0,0,0,1,1,3,20,1,2,,,,1,180,2,,2,3,2,1,1,3,3,1,,1,1,2,,1,5,1,2,1,2,2
004804,1,24,6,3,3,6,1,1,1,1,2,1,1,1,1,2,3,1,2,2,1,1,1,1,1,1,1,1,2,1,1,,1,,2,2,1,,2,1,10,1,2,1,30,1,2,2,1,1,2,2,1,1,4,10,1,2,2,2,2,2,2,2,1,2,,,,,,,,,,,,,,,1,30,1,2,,,,1,120,1,5,2,3,2,1,1,3,3,1,,2,2,2,,1,1,1,1,1,1,1
004901,1,14,3,2,3,4,1,1,1,1,1,2,2,1,1,2,5,1,2,2,1,1,1,1,2,1,1,1,2,1,1,,2,2,2,2,2,2,1,1,1,2,1,1,60,1,2,2,2,1,2,2,2,,,,,,,,,,,,,,,,,,,,,,,,,,,,,,,,2,30,1,1,30,2,,3,3,2,1,2,3,3,1,,2,2,1,2,1,1,1,1,1,1,1
005002,2,73,2,3,1,2,1,1,1,2,,2,2,2,,,1,1,2,2,1,1,1,1,1,1,1,1,2,1,1,,1,,1,,2,2,2,2,3,2,1,2,180,1,2,2,1,1,2,2,2,3,3,120,1,2,2,1,1,1,2,2,1,2,2,1,3,30,1,1,1,1,1,1,1,1,0,2,,,,,,,,,,2,,1,2,2,2,2,3,3,1,,2,2,2,,2,,1,2,2,2,2
005103,2,17,3,3,1,2,1,2,1,1,2,2,1,2,,,1,1,1,2,4,1,1,2,1,1,1,1,2,1,2,2,1,,1,,2,2,1,1,,,,,,,,,,,,,,1,2,30,1,2,1,2,1,2,1,1,1,2,2,1,1,15,1,0,0,0,0,0,0,1,0,2,,,,,2,5,1,1,480,1,3,2,2,2,1,3,3,1,1,,1,2,2,,2,,1,2,1,1,1
005301,2,75,2,1,1,5,1,1,1,2,,2,2,1,1,2,1,1,2,2,2,1,2,2,2,1,1,1,2,2,2,2,2,2,2,2,2,2,2,1,,,,,,,,,,,,,,,,,,,,,,,,,,,,,,,,,,,,,,,,,,,,,,,,1,20,,,,,,,,,,,1,2,1,1,2,1,1,1,1,1,1,1
005402,1,52,2,6,3,4,2,1,1,1,4,1,2,1,1,1,6,1,2,2,1,1,1,1,1,1,1,1,2,1,2,2,1,,2,2,1,,1,1,,,,,,,,,,,,,,3,2,20,1,2,2,2,2,2,2,1,2,2,,,,,,,,,,,,,,,2,10,1,2,2,20,1,1,90,2,,3,2,2,1,2,3,3,1,,2,1,2,,1,2,1,2,2,1,9
005503,2,32,6,3,2,4,1,1,1,1,1,1,2,1,1,1,4,1,2,2,1,1,1,1,1,1,1,1,2,1,1,,2,2,2,2,2,2,2,1,1,2,1,3,10,1,2,2,2,1,2,2,2,,,,,,,,,,,,,,,,,,,,,,,,,,,,,,,,,,,1,20,2,,3,4,2,1,3,3,3,1,,2,2,2,,1,1,1,1,1,9,1
005701,2,52,2,6,2,3,1,1,1,1,1,2,2,1,1,2,3,1,2,2,2,1,1,1,1,1,1,1,2,1,1,,2,2,2,2,2,2,2,1,3,2,1,2,20,1,1,2,1,2,2,2,3,,,,,,,,,,,,,,,,,,,,,,,,,,,,,,,,,,,1,15,2,,2,2,2,1,2,3,3,1,,2,1,1,1,1,1,1,1,1,1,2
005802,1,38,3,3,2,3,1,1,1,1,1,2,2,1,2,2,4,1,2,2,2,1,1,1,1,1,1,1,1,1,2,2,2,2,2,2,2,2,1,1,,,,,,,,,,,,,,,,,,,,,,,,,,,,,,,,,,,,,,,,,,,,,2,30,1,1,300,1,6,2,3,2,1,1,3,3,1,,2,2,2,,2,,1,1,1,1,1
005903,2,31,6,3,3,5,1,1,1,2,,2,2,1,1,2,4,1,2,2,1,1,1,1,1,1,1,1,2,1,2,2,2,2,2,2,2,2,2,1,,,,,,,,,,,,,,,,,,,,,,,,,,,,,,,,,,,,,,,,,,,,,,,,1,60,,,,,,,,,,,4,1,1,1,1,1,1,1,1,1,1,1
006004,2,44,3,3,2,2,1,1,1,1,1,2,2,1,1,2,1,1,2,2,1,1,1,1,1,1,1,1,2,1,1,,1,,2,2,2,2,2,1,3,1,2,3,60,1,2,2,1,2,2,2,1,1,2,90,2,2,2,2,2,1,2,2,2,2,,,,,,,,,,,,,,,,,,,,,,1,20,1,8,2,2,2,2,1,3,3,1,,2,2,2,,2,,1,2,1,1,1
006101,2,38,8,4,3,7,2,1,1,1,3,1,2,1,1,1,4,1,2,2,2,1,1,1,1,1,1,1,2,1,2,2,1,,2,2,2,2,1,1,,,,,,,,,,,,,,3,1,15,1,2,2,2,2,2,1,2,2,2,,,,,,,,,,,,,,,,,,,2,30,2,1,120,1,5,2,2,2,1,1,3,3,1,,2,1,1,1,1,1,1,1,1,1,1
006202,2,57,2,6,3,5,1,1,1,1,2,1,2,1,1,1,2,1,1,2,2,1,1,1,1,1,1,1,2,2,2,2,2,2,2,2,2,2,2,2,,,,,,,,,,,,,,,,,,,,,,,,,,,,,,,,,,,,,,,,,,,,,,,,,,,,,,,,,,,,4,2,1,2,,1,5,1,9,9,2,2
006303,2,34,6,3,1,4,1,1,1,1,1,2,2,1,1,1,5,1,2,2,2,1,1,1,2,1,1,1,2,1,1,,2,2,2,2,2,2,1,1,1,2,1,2,38,1,2,2,2,1,2,2,2,,,,,,,,,,,,,,,,,,,,,,,,,,,,,,,,2,15,1,1,30,1,8,2,2,1,1,3,3,3,1,,2,2,2,,2,,1,2,2,2,2
006404,2,22,8,3,5,8,3,1,1,1,2,1,2,1,1,2,5,1,2,2,1,1,1,1,1,1,1,1,2,1,2,2,2,2,2,2,2,2,1,1,,,,,,,,,,,,,,,,,,,,,,,,,,,,,,,,,,,,,,,,,,,,,1,15,1,1,15,2,,3,3,2,1,2,3,3,1,,1,1,1,2,1,2,1,1,1,1,1
006501,2,35,8,4,2,4,1,1,1,2,,1,2,1,1,2,3,1,2,2,1,1,1,1,2,1,1,1,2,1,1,,1,,1,,2,2,1,1,3,1,1,3,180,1,2,2,1,2,2,2,3,3,2,60,1,2,1,2,2,2,2,2,2,2,2,1,2,60,1,1,0,0,0,0,0,1,0,3,,,,,1,10,1,1,120,1,6,2,2,2,1,2,3,3,1,,2,2,2,,2,,1,1,1,1,1
006602,2,34,6,1,3,5,2,1,1,1,1,1,2,1,1,1,5,1,2,2,1,1,1,1,1,1,1,1,2,1,1,,2,2,2,2,1,,1,1,1,2,1,2,60,1,2,2,1,2,2,2,3,,,,,,,,,,,,,,,,,,,,,,,,,,,,3,30,2,1,1,30,1,1,60,1,3,2,2,2,1,3,3,3,1,,2,2,2,,2,,1,1,1,1,1
006703,1,52,3,3,3,4,1,1,1,1,1,2,2,1,1,2,2,1,2,2,2,2,1,1,1,1,1,1,2,1,2,1,2,1,2,1,2,1,1,1,3,2,1,3,10,2,1,2,2,2,2,2,1,2,3,20,2,2,2,2,1,2,2,2,2,2,1,2,1,20,1,1,0,0,0,0,0,0,0,1,1,60,1,2,1,120,1,1,20,2,,2,3,2,1,1,3,3,1,,1,1,2,,1,1,1,1,1,1,1
006804,2,66,6,3,2,3,1,1,1,2,,2,2,1,1,1,2,1,2,2,1,1,1,1,1,1,1,1,2,1,1,,2,2,2,2,2,2,2,1,1,2,1,1,30,1,2,2,1,2,2,2,3,,,,,,,,,,,,,,,,,,,,,,,,,,,,,,,,,,,1,60,2,,2,3,2,1,1,3,3,1,,2,1,2,,2,,1,1,1,1,2
006901,2,50,3,3,3,4,1,1,1,2,,1,2,1,1,2,7,1,2,2,1,1,1,1,1,1,1,1,2,2,2,2,2,2,2,2,2,2,2,1,,,,,,,,,,,,,,,,,,,,,,,,,,,,,,,,,,,,,,,,,,,,,,,,1,30,,,,,,,,,,,1,2,2,2,,2,,1,1,1,1,1
007002,2,34,8,4,1,3,1,1,1,2,,1,2,1,1,2,3,1,2,2,1,1,1,1,2,1,1,1,2,2,2,2,2,2,2,2,2,2,2,1,,,,,,,,,,,,,,,,,,,,,,,,,,,,,,,,,,,,,,,,,,,,,,,,1,60,,,,,,,,,,,3,2,2,2,,2,,1,1,1,1,2
007103,2,30,6,3,2,3,1,1,1,2,,2,2,2,,,4,1,2,2,1,1,1,1,1,1,1,1,2,2,2,2,1,,1,,2,2,2,1,,,,,,,,,,,,,,2,2,5,1,2,2,2,2,2,2,2,1,2,2,1,2,5,1,1,0,0,0,1,0,0,0,3,,,,,,,,1,120,2,,2,3,2,1,2,3,3,1,,2,2,2,,2,,1,1,1,1,1
007301,1,29,3,3,2,3,1,1,1,2,,1,2,1,1,2,7,1,2,2,2,1,1,1,1,1,1,1,2,1,2,2,2,2,2,2,2,2,2,2,,,,,,,,,,,,,,,,,,,,,,,,,,,,,,,,,,,,,,,,,,,,,,,,,,,,,,,,,,,,1,2,2,2,,1,1,1,1,1,1,1
007402,1,29,6,3,2,4,1,1,1,1,1,2,1,1,1,1,4,1,2,2,1,1,1,1,1,1,1,1,2,1,2,2,2,2,2,2,2,2,1,1,,,,,,,,,,,,,,,,,,,,,,,,,,,,,,,,,,,,,,,,,,,,,3,20,1,1,240,2,,4,4,2,1,2,3,3,1,,1,1,1,1,1,2,1,1,1,1,1
007503,2,50,3,3,2,4,1,1,1,1,1,2,2,1,1,1,4,1,2,2,1,1,1,1,1,1,1,1,2,1,2,2,2,2,2,2,2,2,2,1,,,,,,,,,,,,,,,,,,,,,,,,,,,,,,,,,,,,,,,,,,,,,,,,1,60,,,,,,,,,,,4,2,2,2,,2,,1,2,2,2,2
007604,2,80,2,3,1,3,1,1,1,2,,2,2,2,,,1,1,2,2,4,1,2,3,4,4,4,4,2,,,,,,,,,,,,,,,,,,,,,,,,,,,,,,,,,,,,,,,,,,,,,,,,,,,,,,,,,,,,,,,,,,,,,,,,,,,,,,,,,,
007701,2,89,2,3,2,4,2,1,1,2,,2,2,2,,,2,1,2,2,1,2,1,2,2,1,1,1,2,2,2,2,2,2,2,2,2,2,2,2,,,,,,,,,,,,,,,,,,,,,,,,,,,,,,,,,,,,,,,,,,,,,,,,,,,,,,,,,,,,6,2,2,2,,2,,1,2,2,2,2
007802,2,27,8,4,3,6,1,1,1,1,1,1,2,1,1,2,4,1,2,2,1,1,1,1,1,1,1,1,2,1,1,,2,2,2,2,1,,1,1,2,1,1,2,120,1,1,1,1,1,1,2,1,,,,,,,,,,,,,,,,,,,,,,,,,,,,3,120,1,1,2,15,1,1,60,2,,3,4,1,1,2,3,3,1,,1,2,2,,1,1,1,1,1,1,2
007903,1,48,2,6,1,2,1,1,1,2,,2,2,2,,,2,1,2,2,2,1,1,1,1,1,1,1,2,2,2,2,2,2,2,2,2,2,2,1,,,,,,,,,,,,,,,,,,,,,,,,,,,,,,,,,,,,,,,,,,,,,,,,1,30,,,,,,,,,,,1,2,2,2,,2,,1,1,1,1,1
008004,2,52,6,3,3,7,2,1,1,1,3,1,2,1,1,2,3,1,2,2,1,2,1,1,1,1,1,1,2,1,2,2,1,,1,,2,2,2,1,,,,,,,,,,,,,,3,2,15,1,2,2,1,1,2,2,2,2,2,2,1,1,10,1,0,0,0,0,0,0,1,0,2,,,,,,,,1,60,1,5,4,3,2,1,2,3,3,1,,2,1,2,,1,5,1,1,1,1,1
008202,2,62,2,6,2,3,1,1,2,2,,2,2,1,1,2,3,1,2,2,3,1,2,2,2,1,1,2,2,1,1,,1,,2,2,2,2,2,1,5,1,1,2,30,1,1,2,1,2,2,2,2,3,2,30,1,2,2,1,2,2,2,2,2,2,,,,,,,,,,,,,,,,,,,,,,1,30,2,,2,3,1,2,1,3,3,1,,2,2,2,,2,,1,1,1,1,1
008303,2,44,8,4,4,5,2,1,1,1,2,1,1,1,1,1,4,1,1,2,1,1,1,1,1,1,1,1,2,1,1,,2,2,2,2,2,2,1,1,4,1,1,1,120,1,2,1,1,2,1,2,1,,,,,,,,,,,,,,,,,,,,,,,,,,,,,,,,1,15,1,1,180,1,6,2,3,2,1,1,3,3,1,,2,2,2,,1,1,1,1,1,1,1
008404,1,15,3,1,4,6,1,1,1,1,2,2,2,1,1,1,4,1,2,2,1,1,1,1,1,1,1,1,2,1,2,2,2,2,2,2,2,2,1,1,,,,,,,,,,,,,,,,,,,,,,,,,,,,,,,,,,,,,,,,,,,,,1,60,1,1,60,2,,4,3,2,1,1,3,3,1,,1,1,1,2,1,1,1,1,1,1,1
008501,2,25,3,3,2,3,1,1,1,2,,2,2,1,1,1,4,1,2,2,1,1,1,1,1,1,1,1,2,1,1,,2,2,2,2,1,,2,1,3,2,1,1,15,1,2,2,1,1,2,2,3,,,,,,,,,,,,,,,,,,,,,,,,,,,,1,15,2,1,,,,1,30,2,,2,3,2,1,1,3,3,1,,2,2,2,,2,,1,1,1,1,1
008602,1,42,8,4,3,5,1,1,1,1,1,2,2,1,1,1,5,1,2,2,1,1,1,1,1,1,1,1,2,1,1,,1,,1,,1,,1,1,2,2,1,2,60,2,1,1,1,2,1,2,4,2,3,60,1,1,1,1,1,2,2,1,1,2,2,1,2,60,1,0,1,0,0,1,0,0,0,3,2,60,2,1,2,60,1,1,60,1,2,2,3,1,1,1,3,3,1,,2,1,1,1,1,2,1,1,1,1,1
008703,2,25,3,3,3,5,1,1,1,2,,2,2,1,1,1,8,1,2,2,1,1,1,1,1,1,1,1,2,1,2,2,2,2,2,2,1,,1,1,,,,,,,,,,,,,,,,,,,,,,,,,,,,,,,,,,,,,,,,,1,360,1,2,1,120,1,1,360,1,3,2,4,2,1,1,3,3,1,,2,2,2,,1,1,1,1,1,1,1
008804,2,26,3,3,2,3,1,1,1,2,,2,2,1,1,2,3,1,2,2,1,1,1,1,1,1,1,1,2,1,2,2,2,2,2,2,2,2,2,1,,,,,,,,,,,,,,,,,,,,,,,,,,,,,,,,,,,,,,,,,,,,,,,,2,30,,,,,,,,,,,4,2,2,2,,2,,1,1,1,1,1
008901,2,26,3,3,2,4,1,1,1,1,1,1,2,1,1,1,4,1,2,2,2,3,1,1,3,1,1,1,2,1,2,2,2,2,2,2,2,2,1,1,,,,,,,,,,,,,,,,,,,,,,,,,,,,,,,,,,,,,,,,,,,,,1,30,1,1,30,1,8,2,2,2,1,1,3,3,1,,2,2,2,,2,,1,1,1,1,1
009002,1,46,3,3,2,4,1,1,1,2,,1,2,1,1,2,5,1,1,2,2,2,1,1,1,1,1,1,1,1,1,,2,2,2,2,2,2,2,1,1,2,1,1,15,1,2,2,1,2,2,2,3,,,,,,,,,,,,,,,,,,,,,,,,,,,,,,,,,,,1,35,2,,1,3,1,2,3,3,3,1,,2,1,2,,2,,1,1,1,1,1
009103,1,28,3,3,1,4,1,1,1,2,,1,2,1,1,2,3,1,2,2,4,1,1,1,1,1,1,1,1,2,2,2,2,2,2,2,2,2,2,2,,,,,,,,,,,,,,,,,,,,,,,,,,,,,,,,,,,,,,,,,,,,,,,,,,,,,,,,,,,,3,2,2,2,,2,,1,1,1,1,1
009204,2,45,3,3,2,3,1,1,1,1,1,2,2,1,1,2,3,1,2,2,2,1,1,2,2,1,1,1,2,1,2,2,2,2,2,2,2,2,2,1,,,,,,,,,,,,,,,,,,,,,,,,,,,,,,,,,,,,,,,,,,,,,,,,1,240,,,,,,,,,,,1,2,2,2,,2,,1,1,1,2,2
009301,2,59,3,3,6,9,6,1,1,1,1,1,2,1,1,1,11,1,2,2,1,1,1,2,2,1,1,2,2,1,1,,2,1,2,1,2,2,2,1,3,2,1,2,30,1,2,2,2,1,2,2,2,3,4,15,1,2,2,1,1,2,2,2,2,2,1,2,3,20,1,0,0,1,0,0,0,0,1,1,,,,,,,,1,30,2,,2,2,2,2,3,3,3,1,,2,1,1,1,1,1,1,1,1,1,1
009402,2,37,2,6,2,3,1,1,2,2,,2,2,2,,,3,1,2,2,1,1,1,1,1,1,1,1,1,1,2,2,2,2,2,2,2,2,2,1,,,,,,,,,,,,,,,,,,,,,,,,,,,,,,,,,,,,,,,,,,,,,,,,1,60,,,,,,,,,,,4,2,2,2,,1,4,1,2,1,2,1
009503,1,40,6,3,3,5,2,1,1,1,1,2,1,1,1,2,6,1,2,2,1,1,1,1,1,1,1,1,2,1,2,2,2,2,2,2,1,,1,1,,,,,,,,,,,,,,,,,,,,,,,,,,,,,,,,,,,,,,,,,2,60,2,1,2,60,1,1,120,1,6,3,3,2,1,1,3,3,1,,2,1,2,,1,5,1,2,1,1,1
009701,1,46,2,2,1,3,2,1,1,1,1,2,2,2,,,2,1,2,2,2,1,1,1,1,1,1,1,2,1,2,1,1,,2,2,1,,1,1,2,2,1,2,10,2,1,2,2,2,1,2,1,12,1,60,1,2,2,2,2,2,2,2,1,2,,,,,,,,,,,,,,,1,10,1,2,2,10,1,1,30,2,,1,3,2,2,2,3,3,3,,2,2,2,,1,1,1,1,1,1,1
009802,1,83,0,,1,3,1,1,1,2,,2,2,1,1,2,2,1,2,2,2,1,1,1,2,1,1,1,2,,,,,,,,,,,,,,,,,,,,,,,,,,,,,,,,,,,,,,,,,,,,,,,,,,,,,,,,,,,,,,,,,,,,,,,,,,,,,,,,,,
009903,2,19,6,3,3,5,1,1,1,1,2,2,2,2,,,5,1,2,2,1,1,1,1,1,1,1,1,2,1,2,2,2,2,2,2,2,2,1,1,,,,,,,,,,,,,,,,,,,,,,,,,,,,,,,,,,,,,,,,,,,,,1,120,1,1,180,1,6,4,4,2,1,2,3,3,1,,2,1,1,2,1,1,1,1,1,1,1
010004,1,59,2,6,2,4,1,1,1,1,1,2,2,2,,,5,1,2,2,1,1,1,1,1,1,1,1,2,2,2,2,2,2,2,2,2,2,2,2,,,,,,,,,,,,,,,,,,,,,,,,,,,,,,,,,,,,,,,,,,,,,,,,,,,,,,,,,,,,2,2,2,2,,2,,1,2,2,2,2
010101,1,89,2,4,1,2,0,1,2,2,,2,2,1,1,2,1,1,2,2,2,1,2,3,1,2,1,2,1,1,2,2,2,2,2,2,2,2,2,2,,,,,,,,,,,,,,,,,,,,,,,,,,,,,,,,,,,,,,,,,,,,,,,,,,,,,,,,,,,,9,2,2,2,,2,,1,2,2,2,2
010202,2,73,2,4,1,5,1,1,1,2,,2,2,1,1,2,1,1,2,2,1,1,1,2,1,1,1,1,2,2,2,2,2,2,2,2,2,2,2,1,,,,,,,,,,,,,,,,,,,,,,,,,,,,,,,,,,,,,,,,,,,,,,,,1,60,,,,,,,,,,,1,2,2,2,,2,,1,1,2,1,2
010303,2,29,2,6,2,3,1,1,2,2,,2,2,2,,,3,1,2,2,1,1,1,1,1,1,1,1,2,1,1,,2,2,2,2,2,2,2,1,1,2,1,2,60,1,2,2,2,2,1,2,2,,,,,,,,,,,,,,,,,,,,,,,,,,,,,,,,,,,1,120,2,,2,3,2,1,1,3,3,1,,1,1,1,2,2,,1,2,1,1,1
010404,2,37,3,3,1,2,1,1,1,2,,2,2,1,1,2,4,1,2,2,1,1,1,1,1,1,1,1,2,1,2,2,2,2,2,2,2,2,2,1,,,,,,,,,,,,,,,,,,,,,,,,,,,,,,,,,,,,,,,,,,,,,,,,1,60,,,,,,,,,,,4,1,1,2,,2,,1,1,1,1,1
010501,1,83,2,3,2,5,2,1,1,2,,2,2,1,1,2,2,1,2,2,2,3,2,2,1,1,1,3,2,2,2,2,2,2,2,2,2,2,2,2,,,,,,,,,,,,,,,,,,,,,,,,,,,,,,,,,,,,,,,,,,,,,,,,,,,,,,,,,,,,1,2,2,2,,2,,1,1,1,1,1
010602,1,84,0,,4,5,1,1,2,2,,2,2,2,,,8,1,2,2,1,1,1,1,1,1,1,1,2,,,,,,,,,,,,,,,,,,,,,,,,,,,,,,,,,,,,,,,,,,,,,,,,,,,,,,,,,,,,,,,,,,,,,,,,,,,,,,,,,,
010703,2,45,2,6,1,2,1,1,1,1,2,2,2,2,,,2,1,2,2,1,1,1,3,1,1,1,1,2,1,2,2,2,2,2,2,2,2,2,1,,,,,,,,,,,,,,,,,,,,,,,,,,,,,,,,,,,,,,,,,,,,,,,,1,10,,,,,,,,,,,7,2,1,2,,1,1,1,9,9,9,9
010901,1,72,0,,1,2,1,1,1,2,,2,2,2,,,2,1,2,2,2,2,2,2,2,2,2,2,2,,,,,,,,,,,,,,,,,,,,,,,,,,,,,,,,,,,,,,,,,,,,,,,,,,,,,,,,,,,,,,,,,,,,,,,,,,,,,,,,,,
011002,1,23,2,6,2,3,1,1,1,2,,2,2,1,1,2,6,1,2,2,1,1,1,1,1,1,1,1,2,1,2,2,2,2,2,2,2,2,2,1,,,,,,,,,,,,,,,,,,,,,,,,,,,,,,,,,,,,,,,,,,,,,,,,1,120,,,,,,,,,,,1,2,1,1,2,1,1,1,1,1,1,1
011103,2,48,8,4,2,2,1,1,1,1,1,1,2,2,,,4,1,2,2,3,1,1,1,2,1,1,1,2,1,2,1,2,2,2,2,2,2,1,1,3,1,2,1,180,1,2,1,1,2,2,2,1,,,,,,,,,,,,,,,,,,,,,,,,,,,,,,,,3,15,1,1,30,1,5,2,2,2,1,1,3,3,1,,1,1,2,,2,,1,1,1,1,1
011204,1,18,6,3,2,4,2,1,1,1,1,2,1,1,1,2,3,1,1,2,1,1,1,1,1,1,1,1,2,1,1,,1,,2,2,2,2,1,1,2,1,2,3,60,1,2,2,2,2,1,2,1,1,2,30,1,1,2,2,2,2,2,2,2,2,,,,,,,,,,,,,,,,,,,1,30,1,1,120,2,,2,4,2,1,3,3,3,1,,2,1,2,,2,,1,1,2,1,1
011301,1,78,99,9,2,4,1,1,1,1,1,2,2,2,,,2,1,2,2,3,1,1,3,3,1,1,1,2,2,2,2,2,2,2,2,2,2,2,2,,,,,,,,,,,,,,,,,,,,,,,,,,,,,,,,,,,,,,,,,,,,,,,,,,,,,,,,,,,,1,2,2,2,,2,,1,2,2,2,2
011402,1,52,3,3,1,1,1,2,2,2,,2,2,2,,,6,1,2,2,2,1,2,2,1,1,1,1,2,2,2,2,2,2,2,2,2,2,2,2,,,,,,,,,,,,,,,,,,,,,,,,,,,,,,,,,,,,,,,,,,,,,,,,,,,,,,,,,,,,6,1,2,2,,2,,1,1,1,1,1
011503,1,22,6,3,3,5,2,1,1,2,,2,1,2,,,4,1,1,2,2,1,1,1,2,1,1,1,1,1,1,,2,1,1,,2,1,1,1,4,1,1,2,40,1,1,2,1,1,2,2,2,2,4,10,1,1,2,1,2,2,2,2,1,2,2,1,2,15,1,0,1,0,1,0,0,0,0,2,3,30,1,2,3,20,1,1,60,1,2,4,4,1,1,2,3,3,1,,1,1,1,2,1,1,1,1,1,1,1
011604,1,45,3,3,5,6,2,1,1,1,1,2,2,1,1,1,2,1,2,2,3,1,1,3,1,1,1,1,2,2,1,,2,2,2,2,2,2,2,2,1,2,1,2,30,1,2,2,1,2,2,2,2,,,,,,,,,,,,,,,,,,,,,,,,,,,,,,,,,,,,,2,,1,1,1,2,3,3,3,1,,1,1,1,2,1,1,1,1,1,1,1
011701,2,13,3,1,2,3,1,1,1,1,1,1,2,1,1,2,3,1,2,2,1,1,1,1,1,1,1,1,2,2,2,2,2,2,2,2,2,2,1,1,,,,,,,,,,,,,,,,,,,,,,,,,,,,,,,,,,,,,,,,,,,,,1,10,2,2,20,2,,2,3,2,1,2,3,1,1,,2,1,1,2,1,1,1,1,1,1,2
011802,2,26,8,5,4,6,1,1,1,1,1,2,2,1,1,2,5,1,2,2,2,1,1,1,1,1,1,1,1,1,1,,2,2,2,1,2,2,1,1,2,2,1,2,60,1,2,2,2,1,2,2,3,,,,,,,,,,,,,,1,2,1,20,1,0,0,0,0,0,0,1,0,1,,,,,2,10,1,1,120,2,,3,3,2,1,2,3,3,1,,2,2,2,,2,,1,2,1,1,2
011903,1,25,6,3,1,2,1,1,1,1,1,1,2,1,1,2,3,1,2,2,2,1,1,1,2,1,1,1,2,1,1,,2,2,2,2,2,2,1,1,1,2,1,2,30,1,1,1,1,1,1,2,4,,,,,,,,,,,,,,,,,,,,,,,,,,,,,,,,2,15,1,1,60,2,,3,3,1,1,1,3,3,1,,2,2,2,,2,,1,1,1,1,1
012004,2,43,3,3,2,3,1,1,1,1,2,2,2,1,1,2,4,1,2,2,1,1,1,1,1,1,1,1,2,1,2,2,1,,2,2,2,2,1,1,,,,,,,,,,,,,,1,2,20,1,2,1,2,2,2,2,2,2,2,,,,,,,,,,,,,,,,,,,3,20,2,1,10,2,,2,3,1,1,2,3,3,1,,2,2,2,,1,1,1,1,1,1,1
012101,2,53,3,3,2,3,1,1,1,1,1,2,2,1,1,2,2,1,2,2,1,1,1,1,1,1,1,1,2,1,1,,1,,1,,2,2,1,1,1,2,1,2,20,1,2,2,1,2,2,2,2,12,2,180,1,2,2,2,1,1,2,2,2,2,2,1,1,20,1,0,0,0,0,0,0,0,1,2,,,,,2,10,1,1,10,2,,2,2,2,2,2,3,3,1,,2,1,1,2,1,4,1,2,1,1,2
012202,2,39,3,3,2,3,2,1,1,1,2,2,2,1,1,2,3,1,2,2,1,1,1,1,1,1,1,1,1,2,2,2,2,2,2,2,2,2,2,2,,,,,,,,,,,,,,,,,,,,,,,,,,,,,,,,,,,,,,,,,,,,,,,,,,,,,,,,,,,,1,2,1,2,,2,,1,1,1,1,1
012303,2,28,3,3,2,5,1,1,1,1,1,2,2,1,1,2,5,1,2,2,1,1,1,1,2,1,1,1,2,1,2,2,2,2,2,2,2,2,2,1,,,,,,,,,,,,,,,,,,,,,,,,,,,,,,,,,,,,,,,,,,,,,,,,1,300,,,,,,,,,,,1,2,2,2,,2,,1,2,1,1,1
012404,2,47,3,3,3,5,1,1,1,1,1,1,2,1,1,2,8,1,1,2,2,1,1,1,1,1,1,1,2,2,2,1,2,2,2,2,2,2,2,1,1,2,1,1,60,1,2,2,1,2,2,2,2,,,,,,,,,,,,,,,,,,,,,,,,,,,,,,,,,,,1,120,2,,2,2,1,1,1,3,3,1,,2,1,2,,2,,1,2,1,1,2
012501,2,36,3,3,3,4,1,1,1,1,1,2,2,1,1,2,5,1,1,2,1,2,1,1,1,1,1,1,1,1,2,2,2,2,2,2,2,2,1,1,,,,,,,,,,,,,,,,,,,,,,,,,,,,,,,,,,,,,,,,,,,,,2,15,2,1,120,2,,2,2,2,1,2,3,3,1,,2,2,1,2,2,,1,1,1,1,1
012602,1,16,3,2,3,3,1,1,1,2,,1,1,1,1,2,4,1,2,2,1,1,1,1,1,1,1,1,2,2,2,2,2,2,2,2,2,2,2,1,,,,,,,,,,,,,,,,,,,,,,,,,,,,,,,,,,,,,,,,,,,,,,,,1,60,,,,,,,,,,,3,2,2,2,,2,,1,1,2,1,1
012703,1,32,3,3,2,3,1,1,1,1,1,2,1,1,1,1,4,1,2,2,1,1,1,1,1,1,1,1,2,2,2,2,2,2,2,2,2,2,2,2,,,,,,,,,,,,,,,,,,,,,,,,,,,,,,,,,,,,,,,,,,,,,,,,,,,,,,,,,,,,3,2,2,2,,2,,1,1,1,1,1
012901,2,59,3,2,1,2,0,1,2,1,1,2,2,2,,,1,1,2,2,2,1,1,1,1,1,1,1,2,1,1,,2,2,2,2,2,2,2,1,3,2,1,2,120,1,2,2,1,2,2,2,2,,,,,,,,,,,,,,,,,,,,,,,,,,,,,,,,,,,1,30,2,,1,3,2,2,1,3,3,1,,2,2,2,,1,1,1,2,1,1,1
013002,1,47,2,6,3,4,2,2,1,1,1,1,2,1,1,1,4,1,2,2,2,2,2,2,2,1,2,2,2,1,1,,2,2,2,2,1,,2,1,3,2,1,3,45,1,2,2,2,2,1,2,3,,,,,,,,,,,,,,,,,,,,,,,,,,,,5,30,2,1,,,,1,60,2,,1,3,2,1,1,3,3,3,,1,1,1,2,1,1,1,1,1,1,1
013103,1,28,3,3,1,1,1,1,1,2,,2,2,1,1,2,1,1,2,2,1,1,1,1,1,1,1,1,2,2,2,2,2,2,2,2,2,2,2,1,,,,,,,,,,,,,,,,,,,,,,,,,,,,,,,,,,,,,,,,,,,,,,,,1,180,,,,,,,,,,,1,2,2,2,,2,,1,2,1,1,2
013204,1,52,2,6,3,5,1,1,2,1,2,2,2,1,1,2,4,1,2,2,2,2,1,1,2,1,1,2,2,2,2,2,2,2,2,2,2,2,2,2,,,,,,,,,,,,,,,,,,,,,,,,,,,,,,,,,,,,,,,,,,,,,,,,,,,,,,,,,,,,2,2,2,2,,1,1,1,1,1,1,1
013301,1,43,0,,2,3,0,1,1,2,,2,2,1,1,2,3,1,2,1,1,1,1,1,1,1,1,1,1,,,,,,,,,,,,,,,,,,,,,,,,,,,,,,,,,,,,,,,,,,,,,,,,,,,,,,,,,,,,,,,,,,,,,,,,,,,,,,,,,,
013402,1,27,6,1,2,4,0,1,1,1,2,2,2,1,1,1,4,1,2,2,3,1,1,1,1,1,1,1,2,2,2,1,2,2,2,1,2,2,1,1,10,2,1,3,15,1,1,2,2,2,1,2,2,,,,,,,,,,,,,,2,1,7,60,1,0,0,0,0,0,0,1,0,1,,,,,1,60,1,1,60,2,,3,4,2,1,2,3,3,1,,2,2,2,,1,1,1,1,1,1,1
013503,2,63,2,1,2,3,0,1,1,2,,2,2,2,,,1,1,2,2,1,1,1,1,3,1,1,3,1,2,2,1,2,2,2,2,2,2,2,2,1,2,1,3,35,2,2,2,2,2,2,1,4,,,,,,,,,,,,,,,,,,,,,,,,,,,,,,,,,,,,,2,,1,1,2,2,3,3,1,1,,2,1,2,,1,1,1,2,1,1,2
013604,1,14,3,3,2,3,0,1,2,1,2,2,2,1,1,2,5,1,2,2,1,1,1,1,2,1,1,1,2,2,2,1,2,2,2,2,2,1,1,1,5,1,2,3,5,1,1,2,2,2,1,2,1,,,,,,,,,,,,,,,,,,,,,,,,,,,,3,5,1,2,3,5,1,1,60,2,,3,2,2,1,2,3,3,3,,2,1,1,2,2,,1,2,1,2,2
013701,2,54,3,3,2,3,1,1,1,1,1,2,1,1,1,2,3,1,2,2,2,1,1,1,2,1,1,1,2,2,1,,2,1,2,1,2,2,2,2,1,2,1,2,60,1,2,2,1,2,1,2,2,1,5,15,1,2,2,1,2,2,2,2,2,2,1,2,7,30,1,0,0,0,0,1,0,1,0,1,,,,,,,,,,2,,1,2,1,1,2,3,3,1,,1,1,2,,1,1,1,1,1,1,1
013802,2,25,8,2,2,5,1,1,1,1,1,1,2,1,1,1,2,1,2,2,2,1,1,1,1,1,1,2,2,2,2,1,1,,2,2,1,,2,1,7,1,2,3,3,2,1,1,2,2,2,2,1,1,5,5,1,2,2,1,2,2,2,2,2,2,,,,,,,,,,,,,,,3,10,1,2,,,,1,120,1,5,2,4,1,1,1,3,3,1,,2,2,2,,1,2,1,1,1,1,1
013903,2,29,3,3,2,5,2,1,1,1,2,1,1,1,1,1,4,1,2,2,1,1,1,1,1,1,1,1,2,1,2,2,2,2,2,2,2,2,2,1,,,,,,,,,,,,,,,,,,,,,,,,,,,,,,,,,,,,,,,,,,,,,,,,1,20,,,,,,,,,,,4,1,1,1,2,1,1,1,1,1,1,1
014004,2,45,8,4,2,4,1,1,1,1,2,1,1,1,1,1,3,1,2,2,1,2,2,3,2,1,1,2,2,1,1,,1,,2,2,2,2,1,1,1,1,2,2,60,1,2,2,2,2,1,2,1,4,4,20,1,2,2,1,1,2,2,1,1,2,,,,,,,,,,,,,,,,,,,2,15,1,1,90,2,,3,3,2,1,1,3,3,1,,1,1,1,1,1,2,1,9,1,1,1
014101,1,22,6,3,4,6,2,1,1,1,2,1,1,1,1,1,5,1,2,2,1,1,1,1,1,1,1,1,2,2,2,2,2,2,2,2,2,2,2,1,,,,,,,,,,,,,,,,,,,,,,,,,,,,,,,,,,,,,,,,,,,,,,,,1,120,,,,,,,,,,,2,1,1,1,2,1,3,1,1,1,1,1
014202,2,16,6,1,2,6,1,1,1,1,2,1,2,1,1,1,4,1,2,2,2,1,2,2,2,1,1,1,2,1,1,,1,,2,1,1,,1,1,5,1,1,2,20,2,2,1,1,1,2,2,2,1,5,40,2,2,2,2,2,2,1,2,2,2,1,2,1,5,1,0,0,0,0,1,0,0,0,1,5,10,1,1,5,60,1,1,15,2,,4,3,2,1,2,3,3,1,,2,1,2,,2,,1,1,2,9,2
014303,1,36,6,3,1,4,1,1,1,1,1,2,2,1,1,1,1,1,2,2,1,1,1,1,1,1,1,1,2,2,2,1,2,2,2,1,2,2,2,1,2,1,1,3,15,2,1,1,2,2,2,2,1,,,,,,,,,,,,,,1,2,7,5,1,0,1,0,0,0,0,1,0,1,,,,,,,,1,30,1,6,2,3,2,2,2,2,1,3,,2,1,1,2,1,1,1,1,1,1,1
014404,1,17,6,2,1,2,2,1,1,1,1,1,2,1,1,2,4,1,2,2,1,1,1,1,1,1,1,1,2,1,1,,2,1,2,1,2,2,1,1,2,2,1,3,10,1,2,1,1,2,1,2,2,1,5,5,1,1,2,2,2,2,2,2,1,2,1,2,1,10,1,1,0,0,0,0,0,0,0,1,,,,,1,30,1,1,30,2,,2,2,2,1,3,3,1,3,,2,1,1,2,1,1,1,1,1,1,1
014501,2,49,3,3,2,3,1,1,1,2,,2,2,1,1,1,6,1,2,2,4,1,3,4,1,1,1,2,2,2,2,2,2,2,2,2,2,2,2,1,,,,,,,,,,,,,,,,,,,,,,,,,,,,,,,,,,,,,,,,,,,,,,,,1,60,,,,,,,,,,,6,1,2,2,,2,,1,1,1,1,1
014602,1,50,3,3,2,3,1,1,2,1,1,2,2,1,1,2,1,1,2,2,2,1,1,1,1,1,1,1,1,1,2,1,2,2,2,1,2,2,2,1,2,1,2,3,30,2,1,2,2,2,2,2,1,,,,,,,,,,,,,,1,2,3,20,1,0,1,0,0,1,0,0,0,1,,,,,,,,1,180,2,,4,2,2,1,3,1,2,1,,1,1,2,,2,,1,2,2,2,2
014703,2,46,3,3,2,3,1,2,2,1,1,2,2,2,,,2,1,2,2,2,1,1,1,2,1,1,1,2,1,1,,2,2,2,2,2,2,1,1,2,2,1,1,60,1,2,2,1,1,1,2,3,,,,,,,,,,,,,,,,,,,,,,,,,,,,,,,,1,5,1,1,10,1,4,1,4,2,1,1,3,3,1,,2,2,2,,2,,1,1,1,1,1
014804,1,29,3,3,2,3,1,1,1,1,2,2,2,1,1,1,2,1,2,2,1,1,1,1,2,1,1,1,2,2,2,2,2,2,2,2,2,2,2,1,,,,,,,,,,,,,,,,,,,,,,,,,,,,,,,,,,,,,,,,,,,,,,,,1,20,,,,,,,,,,,1,2,2,1,2,1,1,1,2,2,2,2
014901,1,18,2,6,2,4,1,1,1,2,,2,2,1,1,1,4,1,2,2,1,1,1,1,1,1,1,2,2,2,2,2,2,2,2,2,2,2,2,1,,,,,,,,,,,,,,,,,,,,,,,,,,,,,,,,,,,,,,,,,,,,,,,,2,30,,,,,,,,,,,1,2,1,1,2,1,1,1,1,1,1,1
015002,2,45,6,3,1,2,1,1,1,2,,1,2,1,1,1,3,1,2,2,2,1,1,1,1,1,1,1,2,1,1,,1,,2,1,2,1,1,1,1,2,1,1,30,1,2,2,1,2,2,2,3,3,2,15,1,2,1,1,1,1,1,1,1,2,1,2,1,15,1,1,0,1,0,1,1,1,0,1,5,15,1,2,2,120,1,1,20,2,,2,4,2,1,1,3,3,1,,2,1,1,2,1,1,1,1,1,1,1
015103,1,42,3,3,2,3,1,1,2,2,,2,2,1,1,2,1,1,2,2,1,1,1,1,1,1,1,1,2,1,2,2,1,,2,2,2,2,2,1,,,,,,,,,,,,,,4,4,30,1,1,2,2,2,2,2,1,2,2,,,,,,,,,,,,,,,,,,,,,,1,60,1,3,2,3,2,1,2,1,2,1,,1,2,2,,2,,1,1,1,1,2
015204,2,37,8,1,2,3,1,1,1,1,2,1,2,1,1,2,3,1,2,2,1,1,1,1,2,1,1,1,2,1,1,,1,,1,,2,2,1,1,7,1,1,2,300,2,2,1,2,2,1,2,2,3,2,120,2,2,1,2,2,2,1,2,2,2,2,1,1,90,1,0,0,0,0,0,0,1,0,3,,,,,1,180,2,1,37,2,,2,4,1,1,1,3,3,1,,2,2,2,,2,,1,2,1,2,2
015301,2,73,5,3,2,3,1,1,1,1,1,2,2,1,1,1,2,1,2,2,2,2,2,3,2,3,2,2,2,1,1,,1,,1,,2,2,2,1,10,2,1,1,120,1,2,2,1,2,1,2,2,1,4,30,1,2,2,2,1,2,2,2,2,2,2,1,7,60,1,1,0,0,0,1,0,1,0,3,,,,,,,,1,120,2,,2,3,1,2,2,3,3,2,,2,2,2,,2,,1,9,9,9,9
015402,2,44,3,3,2,3,1,1,1,1,1,2,2,1,1,1,2,1,2,2,1,1,2,2,1,1,1,1,2,2,2,1,2,2,2,1,2,2,1,1,1,2,1,5,15,2,1,2,2,2,2,2,3,,,,,,,,,,,,,,1,2,7,10,1,0,0,0,0,0,0,1,0,1,,,,,2,10,1,1,300,2,,1,1,2,1,2,3,3,1,,2,1,1,1,2,,1,2,1,1,2
015503,1,43,6,3,2,3,1,1,2,2,,1,2,1,1,1,1,1,2,2,1,1,1,1,1,1,1,1,2,2,2,2,2,2,2,2,2,2,2,1,,,,,,,,,,,,,,,,,,,,,,,,,,,,,,,,,,,,,,,,,,,,,,,,1,90,,,,,,,,,,,3,2,2,2,,2,,1,2,2,2,2
015604,1,47,6,3,1,3,1,1,2,1,2,2,2,1,1,1,2,1,2,2,1,1,1,1,1,1,1,1,2,2,2,2,2,2,2,2,2,2,2,1,,,,,,,,,,,,,,,,,,,,,,,,,,,,,,,,,,,,,,,,,,,,,,,,1,60,,,,,,,,,,,2,2,2,2,,2,,1,1,9,2,2
015701,2,12,3,1,2,4,1,1,1,1,1,1,2,1,1,2,3,1,2,2,1,1,1,1,1,1,1,1,2,1,1,,2,2,2,2,1,,2,1,1,2,1,2,30,2,2,2,2,1,2,2,2,,,,,,,,,,,,,,,,,,,,,,,,,,,,4,30,1,2,,,,1,30,2,,4,4,2,1,2,3,3,2,,2,2,1,2,1,1,1,1,2,1,1
015802,1,48,3,2,2,6,1,1,1,2,,2,2,1,1,2,2,1,2,2,2,1,2,2,1,2,1,1,1,2,2,2,2,2,2,2,2,2,2,1,,,,,,,,,,,,,,,,,,,,,,,,,,,,,,,,,,,,,,,,,,,,,,,,1,30,,,,,,,,,,,3,1,1,2,,2,,1,2,1,1,2
015903,1,29,6,3,1,2,1,1,1,1,2,1,2,1,1,1,3,1,2,2,2,1,1,1,1,1,1,1,2,1,1,,2,1,2,1,2,2,1,1,1,2,1,2,60,1,2,1,1,2,2,2,3,5,4,15,1,1,1,2,1,2,2,1,1,2,1,2,2,15,1,1,0,0,1,0,0,0,0,1,,,,,2,30,1,1,180,1,6,4,4,2,1,1,3,3,1,,2,2,1,2,1,1,1,1,1,1,1
016004,1,45,3,2,2,4,1,1,1,2,,2,2,2,,,2,1,2,2,2,1,1,1,2,1,1,1,2,1,1,,1,,2,2,2,2,2,2,4,2,1,1,90,1,1,2,1,2,2,2,3,6,2,120,1,2,2,2,1,1,2,1,2,2,,,,,,,,,,,,,,,,,,,,,,,,2,,4,4,2,2,2,3,1,1,,1,1,1,2,1,1,1,2,1,1,1
016303,1,41,10,2,4,7,4,1,1,1,2,1,1,1,1,1,4,1,2,2,1,1,1,1,1,1,1,1,2,1,1,,2,2,2,2,2,2,1,1,8,1,1,2,60,1,1,1,2,2,2,2,3,,,,,,,,,,,,,,,,,,,,,,,,,,,,,,,,1,120,2,1,60,2,,2,4,2,1,2,3,3,1,,2,1,1,2,1,1,1,1,1,1,2
016404,1,50,8,4,3,6,2,1,1,1,2,1,1,1,1,1,4,1,2,2,1,1,1,2,1,1,1,1,2,1,1,,2,1,1,,2,2,1,1,2,2,1,2,120,1,2,2,2,1,2,2,3,20,2,30,2,2,2,2,2,2,1,2,2,2,2,1,2,20,1,0,0,0,0,0,1,0,0,1,,,,,2,15,1,2,10,1,6,2,3,2,1,2,3,3,1,,2,1,1,2,1,1,1,2,2,2,2
016501,2,54,6,3,2,3,1,1,1,1,1,2,2,1,1,1,2,1,2,2,1,2,1,1,1,1,1,1,1,1,1,,2,1,2,1,2,1,1,2,1,2,1,2,40,1,2,2,1,1,1,2,2,5,2,20,1,1,1,2,1,1,2,1,1,2,1,2,4,5,1,1,1,0,0,0,0,0,0,1,1,60,1,2,1,60,1,,,2,,2,3,2,2,3,3,3,1,,2,1,1,1,1,1,1,9,1,1,9
016602,2,35,8,3,2,6,1,1,1,1,2,1,2,1,1,1,4,1,1,2,2,2,1,2,1,1,1,3,2,1,2,1,1,,2,1,2,2,1,1,3,1,2,5,30,2,1,2,2,2,2,2,1,15,2,40,1,2,1,1,1,2,1,1,1,2,1,2,7,30,1,1,0,0,1,0,0,1,0,1,,,,,2,30,1,1,60,2,,2,3,2,1,2,3,3,3,,2,2,2,,2,,1,2,2,2,2
016703,2,65,10,2,2,5,2,1,1,2,,1,1,1,1,1,2,1,2,2,1,1,1,1,1,1,1,1,2,2,2,2,2,2,2,2,2,2,2,1,,,,,,,,,,,,,,,,,,,,,,,,,,,,,,,,,,,,,,,,,,,,,,,,1,60,,,,,,,,,,,1,1,1,1,2,1,4,1,1,1,1,1
016901,2,61,9,3,1,2,1,1,1,2,,2,2,2,,,2,1,2,2,2,1,1,3,1,1,1,1,2,2,2,2,2,2,2,2,2,2,2,1,,,,,,,,,,,,,,,,,,,,,,,,,,,,,,,,,,,,,,,,,,,,,,,,1,10,,,,,,,,,,,3,2,2,1,2,1,1,1,2,2,2,2
017002,2,69,3,3,3,5,1,1,1,1,1,2,2,1,1,2,1,1,2,2,3,1,3,3,3,1,1,1,2,2,2,1,2,1,2,1,2,2,1,1,12,2,1,3,5,2,1,2,2,1,2,2,1,3,3,15,2,1,2,1,1,2,2,1,1,2,1,2,4,5,1,0,0,0,1,0,0,0,0,1,,,,,3,10,1,1,60,1,3,2,1,1,2,2,3,1,1,,2,1,2,,1,1,1,2,1,1,2
017103,2,75,2,4,2,4,1,1,1,2,,2,2,1,1,2,3,1,2,2,1,3,2,2,4,1,1,1,2,1,2,1,2,2,2,2,2,2,2,2,7,2,1,1,30,2,1,2,2,2,2,2,3,,,,,,,,,,,,,,,,,,,,,,,,,,,,,,,,,,,,,2,,2,3,1,2,3,3,3,1,,2,2,2,,2,,1,2,1,1,2
017204,2,19,6,2,3,4,1,1,1,1,2,1,2,1,1,1,5,1,2,2,1,1,1,1,1,1,1,1,2,2,2,2,2,2,2,2,2,2,1,1,,,,,,,,,,,,,,,,,,,,,,,,,,,,,,,,,,,,,,,,,,,,,1,60,1,1,180,2,,2,3,2,2,2,3,3,1,,2,2,2,,2,,1,1,1,1,1
017301,1,28,8,3,3,4,1,1,1,1,2,1,1,1,1,1,3,1,2,2,1,1,1,1,1,1,1,1,2,1,1,,2,2,2,2,2,2,1,1,4,1,1,3,40,2,2,1,2,1,2,2,1,,,,,,,,,,,,,,,,,,,,,,,,,,,,,,,,2,20,2,1,50,1,4,4,2,2,1,1,3,3,1,,1,1,1,1,2,,1,1,1,1,1
017402,1,31,6,3,2,3,1,1,2,1,1,2,2,2,,,1,1,2,2,2,1,1,1,1,1,1,1,2,2,2,2,2,2,2,2,1,,2,1,,,,,,,,,,,,,,,,,,,,,,,,,,,,,,,,,,,,,,,,,2,15,2,1,,,,1,90,1,6,3,2,2,2,2,3,2,3,,2,2,2,,2,,1,1,2,2,2
017503,1,30,8,4,1,3,1,1,1,1,1,1,1,1,1,1,2,1,2,2,1,1,1,1,1,1,1,1,2,2,2,2,2,2,2,2,2,2,1,1,,,,,,,,,,,,,,,,,,,,,,,,,,,,,,,,,,,,,,,,,,,,,2,30,1,1,120,1,5,2,4,2,1,2,3,1,1,,2,2,1,2,1,1,1,1,1,1,2
017604,2,23,8,2,2,4,1,1,2,1,2,1,2,1,1,2,2,1,2,2,2,1,2,3,2,1,2,2,2,2,2,2,2,2,2,1,2,2,1,2,,,,,,,,,,,,,,,,,,,,,,,,,,,1,2,3,2,1,0,0,0,0,1,0,1,0,1,,,,,1,60,1,,,2,,2,2,2,2,1,3,1,1,,2,2,2,,2,,1,1,1,1,2
017701,2,19,6,3,3,5,2,1,1,1,2,1,2,1,1,1,3,1,2,2,1,1,1,1,1,1,1,1,2,2,2,2,2,2,2,2,2,2,1,1,,,,,,,,,,,,,,,,,,,,,,,,,,,,,,,,,,,,,,,,,,,,,2,80,2,1,300,1,4,2,2,2,1,2,1,1,2,,1,1,1,2,1,2,1,1,2,1,2
017802,1,41,8,4,2,3,2,1,1,1,2,1,1,1,1,1,3,1,2,2,1,1,1,1,1,1,1,1,2,1,2,1,2,1,2,1,2,2,1,1,5,1,2,2,20,2,1,2,2,2,1,2,1,30,1,5,1,2,1,2,2,2,1,1,1,2,1,2,7,10,1,0,0,1,0,0,1,0,0,1,,,,,1,10,1,1,120,1,6,3,4,2,1,3,3,3,1,,2,1,1,2,1,1,1,2,1,1,1
017903,2,18,6,3,3,5,2,1,2,1,2,1,1,1,1,1,4,1,2,2,2,1,1,1,1,1,1,1,2,2,2,2,1,,2,2,2,2,1,1,,,,,,,,,,,,,,8,2,15,2,2,2,1,2,2,2,1,2,2,,,,,,,,,,,,,,,,,,,3,15,2,1,60,2,,1,2,2,1,1,3,1,3,,2,2,2,,1,1,1,2,1,1,1
018004,2,26,8,4,3,4,2,1,1,1,2,1,1,1,1,1,3,1,2,2,1,1,1,1,1,1,1,1,2,1,1,,2,2,2,2,2,2,1,1,4,1,1,2,90,2,1,2,1,2,2,2,3,,,,,,,,,,,,,,,,,,,,,,,,,,,,,,,,1,180,2,1,120,2,,2,3,2,1,2,3,3,1,,2,2,2,,2,,1,9,9,9,9
018202,2,54,2,6,2,3,1,1,1,1,1,1,2,1,1,1,2,1,2,2,3,1,2,1,2,1,1,1,2,1,1,,2,2,2,2,2,2,2,1,1,1,2,1,20,1,2,2,1,2,2,2,1,,,,,,,,,,,,,,,,,,,,,,,,,,,,,,,,,,,2,10,2,,3,1,2,1,1,3,1,1,,2,1,2,,1,2,1,2,1,1,2
018303,1,62,5,3,3,4,1,1,1,1,1,1,2,1,1,2,2,1,2,2,1,1,2,1,1,2,1,1,1,1,1,,1,,2,2,2,2,2,1,2,1,2,2,120,1,1,2,2,1,2,2,1,1,5,10,1,1,2,2,2,2,2,2,2,2,,,,,,,,,,,,,,,,,,,,,,5,20,2,,4,3,1,1,3,3,3,2,,2,2,2,,2,,1,2,2,2,2
018501,2,43,3,3,3,3,1,1,1,1,2,1,1,1,1,1,3,1,2,2,2,1,2,1,3,1,1,3,1,1,1,,2,2,2,2,2,2,1,1,3,1,1,1,15,1,1,2,1,2,1,2,3,,,,,,,,,,,,,,,,,,,,,,,,,,,,,,,,2,60,1,1,40,2,,3,3,1,1,2,3,3,1,,2,2,2,,2,,1,2,2,2,2
018602,1,42,6,1,1,2,1,1,1,1,3,1,2,1,1,2,5,1,2,2,1,1,1,1,1,1,1,1,2,2,2,1,2,1,2,2,2,2,2,1,4,2,1,4,30,1,1,2,1,2,1,2,4,2,3,30,1,1,2,2,2,2,2,2,2,2,,,,,,,,,,,,,,,,,,,,,,1,10,1,4,2,2,2,1,1,3,3,1,,1,1,1,2,1,1,1,1,1,1,1
018703,1,13,2,6,1,2,1,1,1,1,1,1,1,1,1,1,5,1,1,2,1,2,1,1,2,1,2,1,1,2,2,1,2,2,2,1,2,2,1,1,1,2,1,2,40,1,2,1,2,2,2,2,3,,,,,,,,,,,,,,2,1,3,20,1,0,0,0,0,1,0,0,0,2,,,,,5,10,2,1,200,1,8,3,1,1,1,1,3,3,1,,2,2,1,2,1,1,1,1,1,2,1
018901,2,46,9,2,3,8,2,1,1,1,2,1,2,1,1,2,3,1,2,2,1,1,1,1,1,1,1,1,2,1,1,,2,2,2,2,2,2,2,1,1,2,1,1,30,1,2,2,1,2,2,2,3,,,,,,,,,,,,,,,,,,,,,,,,,,,,,,,,,,,1,120,2,,2,3,2,1,2,3,3,1,,1,1,1,2,1,5,1,9,1,1,1
019002,1,37,8,3,1,2,1,1,2,1,1,1,2,1,1,1,1,1,2,2,1,1,1,1,1,1,1,1,2,2,2,1,2,2,2,1,2,2,1,1,1,2,1,5,60,2,1,2,2,2,2,2,3,,,,,,,,,,,,,,1,2,1,10,1,1,0,0,0,0,0,0,0,1,,,,,2,20,1,1,60,1,4,2,4,2,1,3,3,1,1,,2,2,2,,1,1,1,2,1,2,2
019301,1,78,8,3,1,4,1,1,1,1,1,2,2,2,,,1,1,2,2,4,3,3,3,3,3,2,2,2,2,2,2,2,2,2,2,2,2,2,2,,,,,,,,,,,,,,,,,,,,,,,,,,,,,,,,,,,,,,,,,,,,,,,,,,,,,,,,,,,,6,2,2,2,,2,,1,2,9,9,9
019503,2,88,2,3,2,4,1,1,2,2,,2,2,1,1,2,1,1,2,2,2,3,2,3,1,1,1,1,2,1,2,2,1,,2,2,2,2,2,2,,,,,,,,,,,,,,1,2,20,1,2,2,2,2,2,2,2,1,2,,,,,,,,,,,,,,,,,,,,,,,,1,7,4,4,2,2,2,3,3,1,,2,2,2,,2,,1,9,9,9,9
019604,2,33,6,3,2,3,1,1,1,1,1,1,1,1,1,1,3,1,2,2,1,1,1,1,1,1,1,1,2,1,2,1,1,,2,2,1,,1,2,1,2,1,2,30,2,2,1,2,2,2,2,4,1,5,10,1,2,2,2,1,2,2,2,2,2,,,,,,,,,,,,,,,2,40,1,2,2,120,1,,,1,8,4,4,2,1,1,3,3,1,,2,2,2,,2,,1,2,1,1,1
019701,2,20,8,3,1,2,1,1,1,2,,1,2,1,1,1,3,1,2,2,1,1,1,1,2,1,1,1,2,1,1,,2,2,2,1,1,,1,1,20,1,1,2,180,1,2,2,2,1,1,2,3,,,,,,,,,,,,,,1,2,2,30,1,0,0,0,0,1,0,0,0,1,3,60,1,1,3,60,1,1,120,1,5,4,4,2,1,1,3,3,1,,2,2,2,,1,1,1,1,1,1,2
019802,1,57,2,6,2,3,1,1,1,2,,2,2,2,,,1,1,2,2,1,1,1,1,1,1,1,1,1,2,2,2,2,2,2,2,2,2,2,2,,,,,,,,,,,,,,,,,,,,,,,,,,,,,,,,,,,,,,,,,,,,,,,,,,,,,,,,,,,,2,2,2,2,,2,,1,2,2,1,2
019903,2,21,6,3,2,4,1,1,1,1,1,2,2,1,1,2,3,1,2,2,1,1,1,1,1,1,1,1,2,2,2,2,2,2,2,2,2,2,2,1,,,,,,,,,,,,,,,,,,,,,,,,,,,,,,,,,,,,,,,,,,,,,,,,1,120,,,,,,,,,,,2,2,2,2,,2,,1,2,1,1,2
020004,2,69,6,3,2,3,1,1,1,1,1,1,1,1,1,1,3,1,2,2,2,2,1,2,2,1,1,2,1,1,1,,2,2,2,2,2,2,2,1,2,2,1,1,15,1,2,2,1,2,2,2,2,,,,,,,,,,,,,,,,,,,,,,,,,,,,,,,,,,,1,10,1,5,1,3,2,2,2,1,1,2,,2,2,2,,2,,1,2,1,2,2
020101,2,75,2,3,2,3,0,1,1,1,1,1,2,1,1,2,4,1,2,2,1,1,2,2,1,1,1,1,2,1,1,,2,2,2,2,2,2,2,1,4,2,1,3,60,1,1,1,1,2,2,2,2,,,,,,,,,,,,,,,,,,,,,,,,,,,,,,,,,,,2,10,2,,4,4,1,2,2,3,3,1,,2,2,2,,2,,1,2,2,2,2
020202,2,28,3,3,1,2,1,1,1,2,,2,2,1,1,1,3,1,2,2,3,1,1,1,2,1,1,2,2,2,2,2,2,1,2,1,2,1,2,1,,,,,,,,,,,,,,2,2,5,2,1,1,1,1,2,1,1,1,2,1,2,3,10,2,0,0,0,1,1,0,0,0,1,2,10,1,2,,,,1,60,2,,3,3,2,1,2,1,1,3,,2,2,2,,2,,1,1,1,2,2
020303,2,22,8,3,1,2,0,2,2,2,,1,1,1,1,1,4,1,2,2,2,1,1,1,2,1,1,1,2,2,2,1,2,1,2,2,1,,2,1,2,1,2,4,60,2,2,1,2,2,1,2,1,2,5,60,2,2,2,2,2,2,1,2,2,2,,,,,,,,,,,,,,,3,45,1,2,,,,1,30,2,,2,3,2,1,3,3,3,2,,2,1,1,2,1,1,1,1,1,1,2
020501,1,33,6,3,2,2,1,1,2,1,1,1,1,1,1,1,1,1,2,2,1,1,1,1,1,1,1,1,2,1,1,,2,2,2,2,2,2,2,1,4,1,2,4,30,1,2,2,2,1,1,2,2,,,,,,,,,,,,,,,,,,,,,,,,,,,,,,,,,,,1,60,1,6,3,2,2,1,2,3,3,2,,2,2,2,,2,,1,2,2,2,2
020703,2,18,3,3,4,6,1,1,1,1,2,1,2,1,1,1,5,1,2,2,1,1,1,1,1,1,1,1,2,1,1,,1,,2,1,1,,1,1,1,1,1,2,30,2,2,2,1,2,2,2,1,12,2,60,1,1,1,2,1,1,1,1,1,2,1,1,2,30,2,1,0,0,0,0,0,0,1,1,5,30,1,2,5,30,2,1,60,2,,3,2,2,1,2,3,1,1,,2,1,1,1,1,2,1,2,1,1,2
020804,2,30,6,3,5,7,3,1,1,1,2,1,2,1,1,1,8,2,2,2,1,1,1,1,1,1,1,1,2,1,2,2,2,2,2,2,2,2,2,1,,,,,,,,,,,,,,,,,,,,,,,,,,,,,,,,,,,,,,,,,,,,,,,,1,30,,,,,,,,,,,4,2,2,2,,2,,1,2,1,1,2
020901,2,37,8,4,3,4,2,1,1,1,2,1,2,1,1,1,3,1,2,2,1,1,1,4,1,4,1,1,2,1,1,,2,2,2,2,2,2,1,1,4,1,2,2,80,1,2,2,2,1,1,2,1,,,,,,,,,,,,,,,,,,,,,,,,,,,,,,,,3,60,1,1,30,2,,2,4,2,1,1,1,2,1,,1,1,1,2,1,2,1,1,1,1,1
021002,2,29,3,3,1,1,1,1,1,2,,2,1,1,1,2,2,1,2,2,1,1,1,1,1,1,1,1,2,2,2,2,2,2,2,2,2,2,2,1,,,,,,,,,,,,,,,,,,,,,,,,,,,,,,,,,,,,,,,,,,,,,,,,1,120,,,,,,,,,,,2,2,2,2,,2,,1,1,1,1,2
021103,1,64,3,3,2,4,1,1,1,1,1,2,2,1,1,2,3,1,2,2,1,1,1,1,1,1,1,1,2,2,2,2,2,2,2,2,2,2,2,1,,,,,,,,,,,,,,,,,,,,,,,,,,,,,,,,,,,,,,,,,,,,,,,,1,60,,,,,,,,,,,3,2,2,2,,2,,1,2,2,2,2
021204,1,33,8,1,4,5,1,1,1,1,1,2,2,1,1,2,6,1,2,2,2,2,3,3,3,1,1,1,2,1,2,1,1,,1,,2,2,2,1,3,2,1,2,30,2,1,2,2,2,2,2,2,1,2,60,1,2,2,2,2,2,2,1,2,2,2,1,7,60,1,0,1,0,0,0,0,1,0,3,,,,,,,,2,1,2,,2,3,1,2,1,3,3,1,,2,1,1,1,1,1,1,2,1,1,2
021402,1,15,3,2,2,3,2,1,1,1,1,1,1,1,1,1,2,1,2,2,1,1,1,1,1,1,1,1,2,1,1,,2,2,2,2,2,2,1,1,6,2,1,1,120,2,2,1,2,2,2,2,2,,,,,,,,,,,,,,,,,,,,,,,,,,,,,,,,1,180,1,1,180,2,,2,3,2,1,1,3,3,1,,1,1,2,,1,2,1,1,1,1,2
021503,1,17,6,2,4,5,1,1,1,1,1,2,2,1,1,2,5,1,2,2,1,1,1,1,2,1,1,1,2,2,2,1,1,,2,2,2,2,2,1,6,1,2,4,10,1,2,1,1,2,2,2,1,3,4,10,1,1,1,2,2,1,2,2,2,2,,,,,,,,,,,,,,,,,,,,,,1,20,1,5,3,2,2,1,3,3,3,1,,2,2,1,2,1,1,1,1,1,1,1
021604,2,23,8,2,1,2,1,1,1,1,1,1,1,1,1,1,2,1,2,2,1,1,1,1,1,1,1,1,2,2,2,1,2,2,2,1,2,2,2,1,1,2,1,2,30,1,2,2,1,2,2,2,2,,,,,,,,,,,,,,1,2,1,5,1,0,0,0,0,1,0,0,0,1,,,,,,,,1,60,2,,2,3,2,1,2,3,1,1,,2,2,2,,1,1,1,2,1,2,1
021701,1,22,8,3,3,5,2,1,1,1,3,1,1,1,1,1,4,1,2,2,1,1,1,1,1,1,1,1,2,1,1,,1,,1,,2,2,1,1,4,2,1,3,30,2,2,1,2,2,1,2,2,2,5,30,1,2,2,1,2,2,1,1,2,2,1,2,1,15,1,1,0,1,1,0,0,0,0,1,,,,,3,30,1,1,60,2,,2,4,2,1,1,3,1,1,,2,1,1,2,1,2,1,1,1,1,1
021802,1,40,8,3,2,3,1,1,1,1,2,1,1,1,1,1,3,1,2,2,1,1,1,1,1,1,1,1,2,1,1,,2,1,1,,2,2,1,1,12,2,1,1,30,1,2,2,1,1,1,2,3,1,5,15,2,2,1,2,2,2,1,2,2,2,2,1,3,10,1,1,0,0,0,0,0,0,0,2,,,,,1,15,1,1,60,1,4,2,2,2,1,1,3,3,1,,1,1,1,2,1,2,1,2,2,2,1
021903,2,15,3,3,2,4,2,1,1,1,2,1,1,1,1,1,4,1,2,2,1,1,1,1,1,1,1,1,2,2,2,1,2,2,2,2,2,2,2,1,1,2,1,2,30,2,2,2,2,2,1,2,3,,,,,,,,,,,,,,,,,,,,,,,,,,,,,,,,,,,1,480,2,,2,3,2,1,2,3,3,1,,1,2,2,,1,1,1,2,1,1,1
022004,2,61,8,3,2,4,2,1,1,1,2,1,2,1,1,1,4,1,1,2,1,1,2,2,1,1,1,1,2,1,2,1,1,,2,1,1,,1,1,2,2,1,2,30,1,2,2,2,1,1,2,3,2,2,15,1,2,2,1,1,2,1,1,1,2,1,2,7,10,1,1,1,1,1,1,1,1,0,1,3,30,1,2,2,60,1,1,60,1,8,4,4,1,1,1,3,3,1,,1,1,1,1,1,4,1,1,1,1,1
022101,1,39,8,3,4,7,2,1,1,1,2,1,1,1,1,1,6,1,2,2,1,1,1,1,1,1,1,1,2,1,1,,1,,2,1,1,,1,1,6,1,1,2,50,1,2,2,2,1,1,2,3,1,2,15,2,1,2,2,2,2,2,2,2,2,1,2,5,45,1,1,1,1,0,0,0,0,0,1,2,30,2,1,1,25,1,1,20,2,,4,4,2,2,2,3,3,1,,1,1,1,1,1,5,1,2,1,1,1
022404,1,31,6,3,3,5,2,1,1,1,2,1,2,1,1,1,3,1,1,2,1,1,1,1,1,1,1,1,1,1,2,1,2,1,1,,2,2,2,1,4,2,1,3,2,2,1,2,2,2,1,2,1,1,3,5,2,2,1,2,2,2,2,2,2,2,1,2,7,3,1,0,0,1,0,1,1,0,0,1,,,,,,,,1,10,1,5,3,3,2,1,3,3,3,3,,1,2,2,,1,2,1,1,1,1,1
022501,1,65,3,3,4,5,1,1,1,1,1,2,2,1,1,2,3,2,1,2,3,1,1,1,2,1,1,1,2,1,2,2,1,,2,2,1,,2,1,,,,,,,,,,,,,,4,3,20,1,1,1,1,1,1,2,2,2,2,,,,,,,,,,,,,,,5,30,2,1,,,,2,30,2,,3,3,1,2,2,3,3,1,,2,1,1,1,1,1,1,2,2,1,2
022602,2,17,6,1,3,4,2,1,1,1,1,2,2,1,1,2,7,2,2,2,1,2,1,2,3,1,2,1,2,2,2,2,2,2,2,2,2,2,2,1,,,,,,,,,,,,,,,,,,,,,,,,,,,,,,,,,,,,,,,,,,,,,,,,1,460,,,,,,,,,,,1,2,2,2,,1,1,1,1,2,1,2
022703,2,32,3,3,1,2,1,1,1,1,1,1,2,1,1,2,4,1,2,2,2,1,1,1,4,1,1,2,2,2,2,1,2,2,2,2,2,2,1,1,10,2,1,2,20,2,2,1,2,2,2,2,2,,,,,,,,,,,,,,,,,,,,,,,,,,,,,,,,2,10,2,2,30,2,,2,2,2,1,2,3,3,1,,2,1,1,2,2,,1,2,1,2,2
022804,1,25,3,3,1,1,1,1,2,2,,2,1,1,1,2,3,1,2,2,1,1,1,1,2,1,1,1,2,2,2,2,2,2,2,2,2,2,2,1,,,,,,,,,,,,,,,,,,,,,,,,,,,,,,,,,,,,,,,,,,,,,,,,1,10,,,,,,,,,,,1,2,1,1,1,1,1,1,2,1,2,2
022901,2,37,3,3,1,2,1,1,1,2,,2,2,1,1,1,3,1,2,2,1,1,1,1,1,1,1,1,2,2,2,2,2,2,2,2,2,2,2,1,,,,,,,,,,,,,,,,,,,,,,,,,,,,,,,,,,,,,,,,,,,,,,,,1,400,,,,,,,,,,,6,2,1,1,1,1,1,1,1,1,1,1
023002,2,39,3,3,1,2,1,1,1,1,1,2,2,1,1,1,2,1,2,2,1,1,1,1,1,1,1,1,2,1,1,,1,,1,,1,,1,1,10,1,2,2,60,1,1,1,1,1,1,2,3,30,2,20,2,1,1,1,1,1,1,1,1,2,1,1,3,5,1,0,0,0,0,0,0,1,0,2,1,60,1,2,1,120,1,1,180,1,6,4,3,2,1,3,3,3,1,,1,1,1,2,1,1,1,1,1,1,1
023103,2,40,3,3,1,1,1,1,2,1,1,2,2,1,1,1,2,1,2,2,3,3,1,2,2,1,1,1,2,2,1,,2,2,2,1,2,1,2,2,1,1,2,1,180,1,2,2,2,1,2,2,2,,,,,,,,,,,,,,1,2,2,15,2,0,0,0,0,1,0,0,0,1,3,120,1,2,,,,,,2,,3,3,1,1,3,3,3,1,,2,1,1,2,1,1,1,9,1,1,1
023204,1,33,6,3,2,3,1,1,1,1,1,1,2,1,1,1,4,1,2,2,1,1,1,1,1,1,1,1,1,1,1,,1,,1,,1,,1,1,2,1,2,2,30,1,1,2,1,2,2,2,1,3,3,15,1,1,2,2,2,2,1,2,2,2,2,1,7,10,2,0,0,0,0,0,0,0,1,2,3,30,2,1,5,60,1,1,240,1,6,2,3,2,1,2,3,3,1,,1,2,2,,1,1,1,1,1,1,1
023301,2,58,3,3,2,4,1,1,1,1,2,1,1,1,1,1,3,1,2,2,1,1,3,3,1,1,1,1,1,2,2,2,2,2,2,2,2,2,2,2,,,,,,,,,,,,,,,,,,,,,,,,,,,,,,,,,,,,,,,,,,,,,,,,,,,,,,,,,,,,3,2,1,2,,2,,1,2,1,1,1
023402,2,47,8,4,2,4,1,1,1,1,1,2,2,1,1,1,2,1,2,2,2,1,1,1,2,1,1,1,2,1,1,,2,2,2,1,2,2,1,1,3,1,1,1,45,1,2,1,2,1,2,2,1,,,,,,,,,,,,,,1,2,7,20,1,0,0,0,0,0,0,1,0,1,,,,,1,60,1,1,180,2,,2,3,2,1,1,3,3,1,,2,2,2,,2,,1,1,2,2,2
023503,2,33,10,2,1,4,4,1,1,1,3,1,1,1,1,1,4,1,1,2,1,1,1,1,1,1,1,1,1,1,2,2,2,1,1,,1,,1,1,,,,,,,,,,,,,,6,2,20,2,2,2,2,2,2,1,1,2,2,1,2,2,20,1,0,0,0,0,0,0,0,1,1,2,20,1,2,2,20,1,1,30,2,,2,2,2,1,1,3,3,1,,1,1,1,2,1,1,1,2,1,1,1
023701,1,45,3,2,5,7,2,1,1,1,1,2,2,1,1,1,2,1,2,2,2,2,1,3,3,2,1,2,2,2,2,2,2,2,2,2,2,2,2,2,,,,,,,,,,,,,,,,,,,,,,,,,,,,,,,,,,,,,,,,,,,,,,,,,,,,,,,,,,,,1,2,2,2,,2,,1,2,2,2,2
023802,2,13,3,2,2,3,1,1,1,1,1,2,2,1,1,1,3,1,2,2,1,1,1,1,1,1,1,1,2,1,1,,2,1,2,2,2,2,2,1,2,2,1,2,30,1,2,2,1,2,1,2,2,1,4,10,1,2,1,1,1,2,2,1,1,2,,,,,,,,,,,,,,,,,,,,,,1,60,1,8,2,4,2,1,2,3,3,1,,2,2,2,,2,,1,2,2,1,1
023903,1,66,2,6,2,3,1,1,2,2,,2,2,1,1,2,4,1,2,2,4,4,4,4,4,1,1,2,2,1,2,2,2,2,1,,2,2,1,1,,,,,,,,,,,,,,,,,,,,,,,,,,,1,2,1,15,1,0,0,0,0,1,0,0,0,1,,,,,5,10,1,5,5,2,,1,1,2,2,3,3,1,1,,2,2,2,,2,,1,2,2,2,2
024004,1,59,6,1,3,4,0,1,1,2,,1,2,1,1,2,4,1,2,2,3,1,1,1,1,1,1,1,2,2,2,2,2,2,2,2,2,2,2,1,,,,,,,,,,,,,,,,,,,,,,,,,,,,,,,,,,,,,,,,,,,,,,,,1,60,,,,,,,,,,,2,1,1,1,2,1,1,1,1,1,1,1
024101,1,70,3,3,3,5,1,1,1,2,,2,2,1,1,2,5,1,2,2,1,1,1,1,1,1,1,1,2,1,2,2,1,,1,,2,2,2,2,,,,,,,,,,,,,,5,2,60,1,2,2,2,1,2,1,1,1,2,2,1,7,60,1,1,1,1,1,1,1,1,0,3,,,,,,,,,,1,3,2,4,2,2,2,3,3,1,,2,2,2,,2,,1,1,1,1,1
024202,1,69,2,3,2,3,0,1,1,2,,2,2,1,1,2,3,1,2,2,3,1,2,2,2,1,1,3,2,2,2,2,2,2,2,2,2,2,2,2,,,,,,,,,,,,,,,,,,,,,,,,,,,,,,,,,,,,,,,,,,,,,,,,,,,,,,,,,,,,6,2,1,1,1,2,,1,2,1,1,2
024303,1,64,3,3,1,4,3,1,2,1,2,2,2,2,,,1,1,2,2,1,1,1,1,1,1,1,1,2,1,2,2,2,2,1,,2,2,2,2,,,,,,,,,,,,,,,,,,,,,,,,,,,2,1,7,30,1,1,1,0,0,1,0,1,0,3,,,,,,,,,,1,3,4,4,2,2,2,3,3,1,,2,2,2,,2,,1,1,1,1,2
024404,2,43,8,3,3,7,2,1,1,1,2,1,2,1,1,1,6,1,2,2,1,1,1,1,2,1,1,2,2,1,1,,2,2,2,2,2,2,1,1,6,1,1,1,30,1,2,2,1,1,2,2,1,,,,,,,,,,,,,,,,,,,,,,,,,,,,,,,,5,10,1,1,60,1,3,2,2,2,2,1,3,3,1,,2,1,2,,1,2,1,2,2,2,1
024501,1,65,8,3,3,6,1,1,1,1,1,1,2,1,1,1,4,1,2,2,2,1,1,2,2,2,2,3,1,1,1,,2,1,2,1,1,,2,1,5,2,1,2,60,1,2,2,2,1,1,2,2,3,2,30,1,1,1,1,1,2,2,1,1,2,1,2,3,30,2,1,1,0,0,0,0,0,0,1,2,45,1,1,,,,1,30,2,,2,4,1,1,3,3,3,1,,1,1,1,2,1,2,1,1,1,1,1
024602,2,28,8,3,3,5,2,1,1,1,3,1,1,1,1,1,4,1,2,2,2,1,1,1,1,1,1,1,2,1,1,,2,1,2,2,1,,2,2,25,2,1,1,60,1,2,2,2,1,1,2,3,10,2,20,1,2,2,2,1,2,2,1,2,2,,,,,,,,,,,,,,,4,15,1,2,,,,,,1,5,4,4,2,1,2,3,3,1,,1,1,1,1,1,3,1,1,1,1,1
024703,2,56,8,3,2,3,1,1,1,1,3,1,2,1,1,1,2,1,1,2,1,1,1,1,1,1,1,1,2,1,1,,2,2,2,1,2,2,2,1,5,2,1,2,40,2,2,1,2,2,2,2,3,,,,,,,,,,,,,,2,1,3,20,1,0,0,0,0,0,0,1,0,1,,,,,,,,1,30,2,,2,4,1,2,2,3,3,1,,1,2,2,,1,1,1,1,1,1,1
024804,2,15,3,1,3,5,2,1,1,1,1,2,2,1,1,1,6,1,2,2,2,1,1,1,1,1,1,1,2,1,1,,2,2,2,2,2,2,1,1,5,1,1,2,60,2,2,1,2,2,1,2,1,,,,,,,,,,,,,,,,,,,,,,,,,,,,,,,,2,120,2,1,180,1,6,4,4,1,1,1,3,3,1,,2,2,1,2,1,1,1,1,1,1,1
024901,1,57,6,3,3,5,1,1,1,1,1,2,2,1,1,1,2,1,2,2,1,1,1,1,2,1,1,1,2,1,1,,1,,2,2,2,1,2,1,1,1,1,1,60,1,2,2,1,2,2,2,3,3,2,60,1,2,2,2,2,1,2,2,2,2,,,,,,,,,,,,,,,2,40,2,1,,,,1,20,2,,2,2,1,1,3,3,3,1,,2,2,2,,2,,1,2,2,1,2
025002,2,44,3,3,2,4,0,1,1,1,2,2,2,1,2,2,2,1,2,2,2,2,1,2,3,1,2,3,2,1,1,,2,1,2,2,2,2,2,1,1,1,1,2,40,1,2,2,1,2,2,2,2,1,2,15,1,2,2,2,2,1,2,2,2,2,,,,,,,,,,,,,,,,,,,,,,1,10,1,3,2,2,2,1,1,3,1,2,,2,2,2,,2,,1,2,1,1,2
025204,2,54,3,3,2,5,1,1,1,1,3,1,2,1,1,1,3,1,2,2,1,1,1,1,2,1,1,1,2,2,2,1,2,2,2,2,2,2,1,1,1,2,1,1,60,1,2,2,2,1,2,2,2,,,,,,,,,,,,,,,,,,,,,,,,,,,,,,,,3,10,1,1,60,1,3,4,4,2,1,2,3,3,1,,2,2,2,,2,,1,1,1,1,2
025301,1,38,6,3,4,5,1,1,1,2,,1,2,1,1,2,5,1,2,2,1,1,2,2,1,1,1,1,2,1,2,1,2,2,2,2,2,2,1,1,4,2,1,4,20,2,1,2,2,2,2,2,4,,,,,,,,,,,,,,,,,,,,,,,,,,,,,,,,4,3,2,1,2,1,8,2,3,2,1,3,3,1,1,,1,1,2,,1,1,1,1,1,1,1
025402,1,37,3,3,2,4,1,1,2,1,1,2,2,1,1,2,4,1,2,2,1,1,1,1,2,1,1,1,1,1,2,1,1,,2,2,1,,2,1,4,2,1,3,30,2,1,2,2,2,1,2,2,1,4,40,1,1,1,2,1,2,2,1,1,2,,,,,,,,,,,,,,,5,20,2,1,,,,5,6,1,4,2,3,1,1,2,3,3,2,,1,2,2,,1,1,1,1,1,2,1
025503,1,48,2,6,2,3,0,1,1,1,1,2,2,1,1,1,3,1,2,2,2,1,1,1,1,1,1,1,1,2,2,2,2,2,2,2,2,2,2,2,,,,,,,,,,,,,,,,,,,,,,,,,,,,,,,,,,,,,,,,,,,,,,,,,,,,,,,,,,,,3,2,2,2,,2,,1,1,1,1,2
025604,1,43,2,6,2,3,0,2,2,1,1,2,2,1,2,2,1,1,2,2,1,2,1,1,1,1,1,1,1,2,2,2,2,2,2,2,2,2,2,1,,,,,,,,,,,,,,,,,,,,,,,,,,,,,,,,,,,,,,,,,,,,,,,,1,180,,,,,,,,,,,1,2,1,2,,2,,1,1,1,2,2
025701,1,46,6,3,3,4,1,1,2,1,1,1,2,1,1,1,4,1,1,2,1,1,1,1,1,1,1,1,1,2,2,1,1,,2,1,2,1,2,1,1,2,1,2,30,2,1,2,2,2,2,2,2,2,3,15,1,2,1,2,2,2,2,2,1,2,1,2,1,10,1,1,0,0,0,0,0,0,0,1,5,15,1,2,,,,1,120,1,6,2,1,2,1,2,3,1,3,,2,2,1,2,2,,1,1,1,1,1
025802,1,61,3,3,2,3,1,1,1,1,1,2,2,2,,,3,1,2,2,2,1,1,2,1,1,1,1,1,2,2,2,2,2,2,2,2,2,2,1,,,,,,,,,,,,,,,,,,,,,,,,,,,,,,,,,,,,,,,,,,,,,,,,1,120,,,,,,,,,,,1,2,2,2,,2,,1,2,1,2,2
025903,2,57,8,4,2,3,1,1,1,1,2,1,2,1,1,1,2,1,2,2,1,1,1,1,1,1,1,1,2,1,2,1,2,2,2,2,2,2,2,1,15,1,1,2,20,2,2,1,2,2,2,2,1,,,,,,,,,,,,,,,,,,,,,,,,,,,,,,,,,,,1,60,2,,3,3,1,1,2,3,3,1,,1,1,1,1,1,2,1,1,1,1,1
026004,2,26,8,4,3,5,1,1,2,1,2,1,2,1,1,1,2,1,2,2,1,1,1,1,2,1,1,1,2,2,2,1,2,1,2,2,2,2,1,1,2,2,1,2,60,1,2,1,2,2,2,2,3,2,2,30,1,2,1,2,1,2,1,2,2,2,,,,,,,,,,,,,,,,,,,2,60,1,1,120,2,,2,2,2,1,3,3,1,1,,2,2,2,,2,,1,1,1,1,1
026101,2,26,3,3,2,3,2,1,1,1,1,2,2,1,1,2,3,1,2,2,3,1,1,1,1,1,1,1,2,2,2,1,2,2,2,1,2,1,2,1,1,2,1,5,5,2,1,2,2,2,2,2,4,,,,,,,,,,,,,,1,2,2,5,2,0,0,0,1,0,0,0,0,1,2,5,1,2,,,,2,300,1,8,2,3,2,1,2,3,3,1,,2,1,1,1,1,1,1,1,1,1,1
026202,1,53,2,5,2,3,1,1,2,1,1,2,2,1,1,2,5,1,2,2,1,1,1,3,1,1,1,1,2,2,2,2,2,2,2,2,2,2,2,1,,,,,,,,,,,,,,,,,,,,,,,,,,,,,,,,,,,,,,,,,,,,,,,,1,120,,,,,,,,,,,1,1,1,2,,1,1,1,1,1,1,1
026501,1,45,7,3,2,4,1,1,1,1,1,1,2,1,1,1,6,1,2,2,2,1,1,1,3,1,1,1,2,1,1,,2,1,2,1,2,2,1,1,1,2,1,1,60,2,2,2,1,2,2,2,3,4,2,5,2,2,2,2,2,2,1,2,2,2,1,2,1,5,2,0,0,0,0,0,1,0,0,1,,,,,2,10,2,1,60,2,,2,3,2,1,2,3,3,1,,2,2,2,,2,,1,2,2,2,2
026703,1,48,9,3,3,3,2,1,1,1,1,2,1,1,1,1,4,1,2,2,2,1,1,1,1,1,1,1,2,2,2,1,2,1,2,1,2,2,1,1,20,1,1,1,120,2,1,2,2,2,2,2,1,3,3,60,1,2,2,2,2,2,2,2,1,2,1,2,7,15,1,1,1,1,1,1,1,1,0,1,,,,,5,60,1,1,120,2,,2,2,2,1,2,3,3,1,,2,1,1,2,1,2,1,1,1,1,1
026901,2,52,10,2,1,6,2,1,1,1,1,1,1,1,1,1,1,1,2,2,2,1,1,1,1,1,1,1,2,1,2,1,2,1,2,2,2,2,1,1,1,1,2,2,120,1,1,1,2,2,2,2,1,3,2,120,1,2,2,1,1,1,1,2,2,2,,,,,,,,,,,,,,,,,,,1,30,1,1,40,1,4,2,3,2,1,2,3,3,3,,2,1,2,,1,3,1,2,2,2,2
027002,2,51,6,3,3,6,1,1,1,1,3,2,1,1,1,1,3,1,2,2,2,1,1,1,1,1,1,1,2,1,1,,2,2,2,2,2,2,2,1,2,1,2,3,20,1,2,2,2,1,1,2,1,,,,,,,,,,,,,,,,,,,,,,,,,,,,,,,,,,,1,30,2,,4,3,2,1,3,3,3,3,,1,1,2,,1,1,1,1,1,2,1
027103,1,58,3,2,3,6,2,1,1,2,,1,2,1,1,1,3,1,1,2,1,2,1,1,3,1,1,1,1,2,2,2,1,,2,2,2,2,2,2,,,,,,,,,,,,,,2,4,15,1,2,2,2,2,1,2,2,2,2,,,,,,,,,,,,,,,,,,,,,,,,2,,2,2,2,2,3,3,1,1,,2,1,2,,2,,1,2,1,2,2
027204,1,30,99,9,2,3,1,1,1,1,1,2,2,1,1,2,3,1,2,2,1,1,1,1,1,1,1,1,2,2,2,2,2,2,2,2,2,2,1,1,,,,,,,,,,,,,,,,,,,,,,,,,,,,,,,,,,,,,,,,,,,,,2,20,2,1,30,2,,1,2,2,1,3,3,3,1,,2,1,2,,2,,1,1,1,1,1
027301,1,35,8,5,1,2,1,1,2,1,2,2,2,1,1,2,1,1,1,2,1,1,1,1,1,1,1,1,2,1,1,,2,2,2,2,2,2,1,1,3,2,1,2,30,1,2,2,1,1,1,2,3,,,,,,,,,,,,,,,,,,,,,,,,,,,,,,,,2,20,1,1,25,2,,3,3,2,1,2,3,3,3,,2,2,1,1,1,1,1,1,1,1,1
027402,2,38,8,5,2,4,1,1,1,1,2,1,2,1,1,1,4,1,2,2,1,1,1,1,1,1,1,1,2,1,2,1,2,1,1,,1,,1,1,2,1,1,2,40,2,2,1,2,1,2,2,3,2,2,20,2,2,1,2,2,2,2,2,2,2,1,2,1,10,1,1,1,0,0,0,0,0,0,1,2,20,2,1,2,20,2,1,60,2,,4,3,1,1,2,3,3,1,,1,1,1,1,1,1,1,1,1,1,1
027503,1,52,3,3,2,4,1,1,1,1,1,1,2,1,1,2,3,1,2,2,1,1,1,1,1,1,1,1,1,2,2,2,2,2,2,2,2,2,2,1,,,,,,,,,,,,,,,,,,,,,,,,,,,,,,,,,,,,,,,,,,,,,,,,1,60,,,,,,,,,,,1,2,1,2,,1,1,1,1,1,1,1
027604,2,36,8,3,3,4,1,1,1,1,1,1,2,1,1,1,2,1,2,2,1,1,1,1,1,1,1,1,2,1,2,1,2,2,2,1,2,2,1,1,20,1,1,2,60,2,2,2,2,2,1,2,1,,,,,,,,,,,,,,1,2,2,30,1,1,0,0,1,0,0,0,0,1,,,,,2,60,1,1,20,1,6,3,4,2,1,1,3,3,1,,2,2,2,,1,1,1,1,1,1,1
027701,1,32,3,3,2,3,1,1,1,2,,2,2,1,1,1,3,1,2,2,1,1,1,1,1,1,1,1,1,2,2,2,2,2,2,2,2,2,2,1,,,,,,,,,,,,,,,,,,,,,,,,,,,,,,,,,,,,,,,,,,,,,,,,1,120,,,,,,,,,,,3,2,2,2,,1,1,1,1,1,1,1
027802,1,22,6,3,2,3,1,1,2,2,,1,1,1,1,2,3,1,2,2,2,1,1,1,2,1,1,1,2,2,2,2,1,,2,2,1,,1,1,,,,,,,,,,,,,,2,5,5,1,2,2,2,2,2,2,2,1,2,,,,,,,,,,,,,,,3,10,1,2,1,10,1,1,30,2,,2,3,2,1,2,3,1,1,,2,1,1,2,2,,1,1,1,1,2
027903,2,44,7,3,2,3,1,1,1,1,1,1,2,1,1,2,4,1,2,2,1,1,1,1,1,1,1,1,2,1,2,1,2,2,2,2,2,2,2,1,20,1,1,1,60,2,2,1,2,2,2,2,1,,,,,,,,,,,,,,,,,,,,,,,,,,,,,,,,,,,1,60,1,6,3,4,2,1,2,3,3,1,,1,2,2,,1,1,1,1,1,1,1
028004,2,40,3,3,2,3,1,1,1,2,,2,2,1,1,1,3,1,2,2,1,1,1,1,1,2,2,1,1,2,2,1,2,2,2,2,2,2,1,1,1,2,1,3,15,1,2,2,2,1,2,2,2,,,,,,,,,,,,,,,,,,,,,,,,,,,,,,,,1,10,1,1,60,2,,4,4,2,1,3,3,2,1,,2,1,2,,1,1,1,1,1,1,1
028101,1,44,3,3,2,4,1,1,1,1,2,2,2,1,1,2,3,1,2,2,1,1,1,1,1,1,1,1,2,2,2,2,2,2,2,1,2,2,2,1,,,,,,,,,,,,,,,,,,,,,,,,,,,1,2,2,15,1,1,0,0,0,1,0,0,0,1,,,,,,,,1,60,2,,2,3,2,1,2,3,2,3,,2,2,2,,2,,1,1,1,1,1
028202,2,32,8,4,3,4,1,1,1,1,1,1,1,1,1,1,3,1,2,2,1,1,1,1,1,1,1,1,2,2,2,1,1,,2,2,2,2,2,1,3,2,1,2,30,1,2,2,2,1,2,2,2,4,3,30,1,2,2,2,2,2,2,2,1,2,,,,,,,,,,,,,,,,,,,,,,1,60,2,,3,3,2,1,2,3,3,1,,1,1,1,1,1,1,1,1,1,1,1
028303,2,29,6,3,2,3,1,1,2,1,1,2,1,1,1,1,2,1,2,2,1,1,1,1,1,1,1,1,2,1,1,,1,,2,2,2,2,2,1,5,1,1,1,30,1,2,2,1,2,2,2,2,4,1,20,1,2,2,2,2,1,2,2,2,2,,,,,,,,,,,,,,,,,,,,,,1,60,2,,3,3,2,1,1,3,3,1,,2,1,1,2,1,1,1,1,1,1,1
028404,2,34,8,5,3,4,1,1,1,2,,2,2,1,1,1,1,1,2,2,2,2,1,1,2,1,1,1,2,1,1,,2,1,2,2,2,2,2,1,2,1,2,2,60,1,2,2,1,1,2,2,3,2,2,60,2,2,2,2,2,2,1,2,2,2,,,,,,,,,,,,,,,,,,,,,,1,120,1,3,2,3,2,1,1,3,3,3,,2,2,2,,2,,1,9,1,1,1
028501,2,41,3,3,2,3,1,1,1,2,,2,2,1,1,2,3,1,1,2,2,1,1,2,2,1,2,1,2,2,2,1,2,2,2,2,2,2,2,1,10,1,2,3,30,2,1,2,2,2,2,2,1,,,,,,,,,,,,,,,,,,,,,,,,,,,,,,,,,,,1,60,1,6,4,3,2,1,1,3,1,2,,2,2,2,,2,,1,1,1,2,1
028602,2,25,6,3,2,3,1,1,1,2,,2,2,1,1,1,3,1,2,2,1,1,1,1,1,1,1,1,2,2,2,1,2,2,2,2,2,2,2,1,1,2,1,2,30,2,2,1,2,2,2,2,2,,,,,,,,,,,,,,,,,,,,,,,,,,,,,,,,,,,1,60,1,6,3,3,2,1,2,3,3,1,,2,1,2,,1,1,1,1,1,1,1
028703,1,36,3,3,2,3,1,1,2,1,1,1,2,1,1,1,3,1,2,2,1,2,1,1,2,1,1,1,1,2,2,2,2,2,2,2,2,2,2,1,,,,,,,,,,,,,,,,,,,,,,,,,,,,,,,,,,,,,,,,,,,,,,,,1,120,,,,,,,,,,,3,2,1,2,,1,4,1,2,2,2,2
028804,2,45,3,3,2,3,1,1,1,2,,2,2,1,1,2,5,1,2,2,2,1,1,3,1,1,1,1,2,1,1,,1,,2,2,2,2,2,1,2,2,1,3,30,2,2,1,2,2,2,2,2,1,4,30,2,2,2,2,2,2,1,2,2,2,,,,,,,,,,,,,,,,,,,,,,2,30,2,,2,1,2,1,3,3,1,1,,2,2,2,,2,,1,1,1,1,1
028901,2,44,8,3,1,1,1,1,1,2,,1,2,1,1,1,2,1,2,2,2,2,1,2,2,1,1,1,2,1,2,1,2,2,2,1,2,2,1,1,4,1,1,1,240,1,1,1,2,2,2,2,1,,,,,,,,,,,,,,1,2,2,3,1,1,0,0,0,0,0,0,0,1,,,,,2,20,1,2,15,1,6,2,3,2,1,1,3,2,1,,2,1,2,,1,3,1,2,9,2,2
029002,1,35,8,4,2,2,1,1,1,1,1,1,1,1,1,1,2,1,1,2,3,1,1,1,1,1,1,1,2,2,2,1,2,2,2,2,2,2,2,1,1,2,1,2,30,1,2,2,2,1,2,2,3,,,,,,,,,,,,,,,,,,,,,,,,,,,,,,,,,,,1,30,1,3,2,2,2,1,1,3,3,1,,2,2,2,,2,,1,2,2,2,2
029103,2,52,8,3,2,6,1,1,2,1,2,1,2,1,1,2,3,1,2,2,1,1,1,1,2,1,1,2,2,2,2,1,2,1,2,1,2,2,1,1,2,1,1,2,90,1,1,2,2,2,2,2,2,1,4,15,1,2,2,1,2,2,2,2,2,2,1,2,4,5,1,1,0,0,0,0,0,0,0,1,,,,,1,20,1,1,120,1,3,2,3,2,1,2,3,3,1,,1,1,1,2,1,1,1,1,1,1,1
029402,2,27,6,3,2,4,2,1,2,1,2,2,2,1,1,2,5,1,1,2,1,1,1,1,1,1,1,1,2,1,1,,2,1,2,2,2,2,1,1,3,1,2,2,60,1,2,2,2,1,2,2,3,1,2,30,1,2,2,2,2,2,2,2,1,2,,,,,,,,,,,,,,,,,,,1,60,1,1,120,2,,2,3,2,1,2,3,3,3,,2,1,1,1,1,1,1,1,1,1,1
029604,1,18,6,2,3,4,2,1,1,1,2,2,1,1,1,2,4,1,1,2,1,1,1,1,2,1,1,1,1,2,2,1,1,,2,1,2,2,1,1,2,1,2,3,128,1,2,1,2,2,2,2,1,3,4,30,1,2,1,2,2,2,2,2,2,2,1,2,2,40,1,1,0,0,0,0,0,0,0,1,,,,,2,60,1,1,30,2,,3,2,2,1,1,3,3,1,,2,2,1,2,1,1,1,1,1,1,1
029701,2,66,8,4,4,8,3,1,1,1,3,1,1,1,1,2,3,1,2,2,1,1,1,2,3,1,1,1,2,1,1,,1,,2,2,2,2,2,2,2,2,1,2,120,1,1,2,1,1,2,2,3,2,4,120,1,2,2,2,1,1,2,2,2,2,,,,,,,,,,,,,,,,,,,,,,,,2,,3,3,1,1,2,3,1,1,,2,1,2,,1,5,1,9,1,1,9
029802,2,47,8,4,3,4,2,1,1,1,2,1,2,1,1,1,5,1,2,2,2,1,1,1,1,1,1,1,2,1,1,,2,2,2,2,2,2,1,1,2,1,1,1,120,1,2,2,2,1,1,2,1,,,,,,,,,,,,,,,,,,,,,,,,,,,,,,,,2,60,2,1,120,2,,3,3,2,1,3,3,3,1,,2,1,2,,1,4,1,9,9,2,1
029903,1,65,10,2,3,5,2,1,2,1,2,1,2,1,1,1,4,1,2,2,2,2,2,2,2,2,2,2,2,1,1,,2,2,2,2,2,2,1,1,15,2,1,1,60,1,2,2,2,1,2,2,3,,,,,,,,,,,,,,,,,,,,,,,,,,,,,,,,1,5,1,1,60,1,6,2,3,2,1,2,2,2,1,,2,1,2,,1,1,1,2,1,1,2
030004,2,72,7,3,2,3,2,1,1,1,2,2,2,1,1,2,3,1,2,2,1,1,1,1,2,1,1,1,2,2,2,2,2,2,2,2,2,2,2,1,,,,,,,,,,,,,,,,,,,,,,,,,,,,,,,,,,,,,,,,,,,,,,,,2,60,,,,,,,,,,,1,2,2,2,,2,,1,1,1,1,1
030101,1,52,10,2,2,3,2,1,1,1,2,1,1,1,1,1,4,1,2,2,2,1,1,1,1,1,1,1,2,1,1,,1,,1,,1,,1,1,4,2,1,3,90,2,2,1,1,2,1,2,2,2,2,30,1,1,1,2,1,2,2,1,1,2,1,2,4,30,2,1,0,0,1,0,1,0,0,1,5,10,1,2,2,40,1,2,20,1,6,2,2,1,1,2,3,3,1,,1,1,1,1,1,2,1,1,1,1,1
030202,2,16,3,3,2,4,1,2,1,2,,2,2,1,1,1,4,1,2,2,1,1,1,1,2,1,1,1,2,1,1,,2,1,2,2,1,,1,1,1,2,1,2,68,2,2,2,2,1,2,2,3,1,1,60,1,2,2,1,2,2,2,2,1,2,,,,,,,,,,,,,,,1,120,1,2,1,15,2,1,120,1,4,1,2,2,1,3,3,1,1,,1,1,1,2,1,1,1,1,1,1,1
030303,1,27,3,3,3,4,2,1,1,1,2,1,2,1,1,2,3,1,1,2,1,2,1,1,2,1,1,2,2,1,1,,2,2,2,2,1,,1,1,1,1,2,3,30,1,1,2,2,2,2,2,1,,,,,,,,,,,,,,,,,,,,,,,,,,,,2,60,1,2,2,30,2,1,120,1,6,2,2,1,1,3,3,1,3,,2,1,2,,1,3,1,1,1,1,1
030404,2,71,0,,3,5,1,1,1,2,,1,1,1,1,1,3,1,2,2,4,1,1,2,1,2,1,1,2,,,,,,,,,,,,,,,,,,,,,,,,,,,,,,,,,,,,,,,,,,,,,,,,,,,,,,,,,,,,,,,,,,,,,,,,,,,,,,,,,,
030501,2,70,0,,3,5,1,1,1,1,2,1,2,1,1,2,6,1,2,2,1,2,1,1,2,1,1,1,2,,,,,,,,,,,,,,,,,,,,,,,,,,,,,,,,,,,,,,,,,,,,,,,,,,,,,,,,,,,,,,,,,,,,,,,,,,,,,,,,,,
030602,2,26,8,4,2,4,0,1,1,1,1,2,2,1,1,2,3,1,2,2,2,1,1,1,1,1,1,1,2,2,2,1,2,2,2,2,2,2,2,1,1,1,2,5,10,2,2,1,2,2,2,2,1,,,,,,,,,,,,,,,,,,,,,,,,,,,,,,,,,,,1,20,2,,2,3,2,2,3,3,1,3,,2,1,1,2,1,3,1,1,1,1,2
030703,1,43,8,5,2,4,1,1,1,1,2,1,2,1,1,1,1,1,2,2,1,1,1,1,2,1,1,1,2,1,2,1,2,2,2,1,2,2,1,1,2,1,1,5,15,2,1,1,1,1,1,2,1,,,,,,,,,,,,,,1,2,3,20,1,1,0,0,0,0,1,1,0,1,,,,,2,30,1,1,60,2,,2,3,2,1,1,3,3,1,,2,1,1,2,1,2,1,1,9,9,1
030804,2,33,6,2,2,3,1,1,1,1,2,2,1,1,1,2,5,1,2,2,2,1,1,1,2,1,1,2,2,2,2,1,2,2,2,2,2,2,2,1,2,2,1,2,20,2,1,1,2,1,1,2,2,,,,,,,,,,,,,,,,,,,,,,,,,,,,,,,,,,,1,30,2,,3,4,1,1,2,3,3,3,,2,2,2,,1,1,1,1,1,1,1
030901,1,54,8,5,3,4,3,1,1,1,2,2,2,1,1,1,2,1,2,2,2,1,1,1,2,1,1,1,2,1,1,,2,2,2,2,2,2,2,1,2,2,1,1,60,1,2,2,1,2,2,2,3,,,,,,,,,,,,,,,,,,,,,,,,,,,,,,,,,,,1,30,2,,2,4,1,2,3,3,3,1,,2,2,2,,1,5,1,9,9,9,9
031002,1,48,8,4,2,4,2,1,1,1,2,1,1,1,1,1,4,1,2,2,1,1,1,1,1,1,1,1,1,1,2,1,1,,2,2,2,2,1,1,3,1,2,2,25,1,2,2,1,2,2,2,1,10,2,15,2,2,2,1,2,1,1,2,2,2,,,,,,,,,,,,,,,,,,,3,15,1,1,30,2,,2,3,2,1,2,2,1,2,,2,1,2,,1,1,1,1,1,1,1
031204,2,41,10,2,2,6,2,1,1,1,1,1,2,1,1,1,2,1,2,2,1,1,1,1,1,1,1,1,2,1,1,,2,2,2,1,2,2,1,1,15,2,1,1,60,1,1,1,1,1,1,2,3,,,,,,,,,,,,,,1,2,5,10,1,0,0,0,0,0,0,1,0,1,,,,,5,10,1,1,60,2,,4,4,2,1,2,3,3,1,,2,1,1,1,1,2,1,9,9,1,1
031301,1,68,8,5,3,4,1,1,1,2,,1,2,1,1,1,1,1,2,2,1,1,1,1,1,1,1,1,2,1,2,2,2,2,2,2,2,2,1,1,,,,,,,,,,,,,,,,,,,,,,,,,,,,,,,,,,,,,,,,,,,,,5,15,1,1,30,2,,2,3,2,1,3,3,3,1,,2,1,2,,2,,1,1,2,2,2
031402,1,59,3,3,2,3,1,1,1,1,2,2,2,2,,,2,1,2,2,1,1,1,2,1,1,1,1,2,2,2,1,2,2,2,2,2,2,2,1,1,2,1,3,30,2,1,2,2,2,2,2,3,,,,,,,,,,,,,,,,,,,,,,,,,,,,,,,,,,,1,60,2,,2,3,2,2,3,3,3,1,,2,2,2,,2,,1,1,1,1,1
031503,2,74,8,4,2,3,2,1,1,2,,2,2,1,1,2,1,1,2,2,1,3,1,1,1,1,1,1,2,1,1,,1,,2,2,2,2,2,2,2,2,1,2,60,1,2,2,2,1,2,2,2,3,2,30,1,2,2,2,1,2,2,2,1,2,,,,,,,,,,,,,,,,,,,,,,,,1,3,2,3,1,2,3,3,3,1,,2,2,1,1,1,1,1,1,1,1,1
031604,2,62,6,3,2,3,1,1,1,2,,2,2,2,,,2,1,2,2,2,1,1,1,1,1,1,1,2,2,2,1,2,2,2,2,2,2,2,1,1,2,1,1,30,1,2,2,2,1,2,2,3,,,,,,,,,,,,,,,,,,,,,,,,,,,,,,,,,,,1,35,2,,2,3,1,1,3,3,3,1,,2,2,2,,1,1,1,1,1,1,1
031701,2,59,2,6,2,3,2,1,1,1,1,2,2,1,1,2,3,1,2,2,1,1,2,1,1,1,1,1,2,2,2,2,2,2,2,2,2,2,2,1,,,,,,,,,,,,,,,,,,,,,,,,,,,,,,,,,,,,,,,,,,,,,,,,1,30,,,,,,,,,,,9,2,2,2,,2,,1,2,2,2,2
031802,2,45,3,3,2,3,1,1,2,2,,1,2,2,,,5,1,2,2,2,1,1,1,3,1,1,1,2,1,2,1,2,2,2,2,1,,1,1,5,1,2,2,15,2,2,1,2,2,2,2,1,,,,,,,,,,,,,,,,,,,,,,,,,,,,1,30,1,2,2,15,1,1,60,2,,2,2,2,2,2,3,3,1,,1,1,2,,1,1,1,2,1,1,1
031903,1,50,3,3,2,2,1,1,2,2,,1,2,1,1,1,1,1,2,2,2,1,2,2,1,1,1,2,2,2,2,2,2,2,2,2,2,2,2,1,,,,,,,,,,,,,,,,,,,,,,,,,,,,,,,,,,,,,,,,,,,,,,,,1,120,,,,,,,,,,,1,2,1,1,2,1,1,1,1,1,1,1
032101,1,29,8,3,2,3,1,1,1,1,1,1,1,1,1,1,3,1,2,2,1,1,1,1,1,1,1,1,2,1,1,,1,,1,,1,,1,1,1,1,2,2,120,1,2,1,2,2,2,2,1,4,1,10,2,2,2,2,2,2,1,2,2,2,1,2,2,10,1,1,0,0,0,0,0,0,0,1,3,60,2,1,1,15,1,1,60,1,1,4,4,2,1,3,3,3,1,,1,1,1,2,1,2,1,1,1,1,1
032202,1,50,8,4,3,4,2,1,1,1,2,1,2,1,1,1,2,1,2,2,2,1,1,1,2,1,1,1,2,1,1,,2,2,2,2,2,2,1,2,2,2,1,2,60,1,2,2,2,1,2,2,3,,,,,,,,,,,,,,,,,,,,,,,,,,,,,,,,5,15,1,,,2,,3,4,2,2,3,3,3,3,,1,1,2,,1,4,1,1,1,1,1
032303,2,50,7,3,3,4,2,1,1,1,1,1,1,1,1,1,4,1,2,2,2,1,1,1,1,1,1,1,1,1,1,,2,2,2,1,2,2,1,2,3,2,1,2,30,1,2,2,2,1,2,2,2,,,,,,,,,,,,,,1,2,2,20,1,1,0,0,0,0,0,0,0,1,,,,,3,20,1,,,2,,2,3,1,1,1,3,3,1,,1,1,1,2,1,4,1,1,1,1,1
032404,2,63,7,3,2,3,2,1,1,1,1,1,2,1,1,2,2,1,2,2,2,1,1,1,2,1,1,1,2,2,2,1,1,,1,,2,2,1,1,3,1,1,5,60,2,1,2,2,2,2,2,1,1,5,60,1,2,1,1,1,2,2,2,2,2,1,2,7,60,1,1,0,0,0,0,0,1,0,1,,,,,1,30,1,1,60,2,,2,3,2,1,2,3,3,1,,2,1,2,,2,,1,1,1,1,2
032501,2,61,3,3,1,2,1,1,1,1,1,2,2,1,1,2,1,1,2,2,1,1,1,1,1,1,1,1,2,2,1,,2,2,2,1,2,2,2,2,2,2,1,1,60,1,2,1,1,2,2,2,2,,,,,,,,,,,,,,2,1,1,30,2,0,0,0,0,0,0,1,0,2,,,,,,,,,,2,,2,4,2,1,1,3,3,2,,2,2,2,,2,,1,9,2,9,9
032703,2,26,8,4,2,3,2,1,1,1,1,1,2,1,1,1,2,1,2,2,1,1,1,1,2,1,1,1,2,1,1,,1,,2,1,1,,1,1,8,1,1,3,360,1,2,1,2,1,1,2,4,4,5,90,1,2,1,2,2,2,2,1,1,2,2,1,1,30,1,0,0,0,1,0,0,1,0,2,5,40,1,2,2,90,2,1,360,1,5,4,4,1,1,2,3,3,1,,2,1,1,1,1,3,1,1,1,2,2
032804,2,43,3,3,1,1,1,1,1,1,1,2,2,1,1,2,1,1,2,2,3,1,1,1,1,1,1,1,1,1,2,2,2,2,2,2,1,,1,2,,,,,,,,,,,,,,,,,,,,,,,,,,,,,,,,,,,,,,,,,2,180,1,1,1,60,1,,,2,,2,3,2,1,2,3,3,1,,2,2,2,,2,,1,2,1,1,2
032901,1,27,3,3,2,3,1,1,1,1,1,1,2,1,1,1,3,1,1,2,1,1,1,1,2,1,1,1,2,2,2,1,2,2,1,,2,2,2,2,1,1,2,2,60,1,1,2,2,2,2,2,1,,,,,,,,,,,,,,2,1,1,30,1,0,0,0,0,0,0,1,0,1,,,,,,,,,,2,,1,2,2,2,2,3,1,1,,1,2,2,,1,1,1,1,1,2,1
033002,2,46,3,3,3,4,1,1,1,1,1,1,1,1,1,1,4,1,2,2,1,1,1,1,1,1,1,1,2,2,2,1,2,2,2,2,2,2,2,1,1,2,1,5,20,2,2,1,2,2,2,2,2,,,,,,,,,,,,,,,,,,,,,,,,,,,,,,,,,,,2,5,2,,2,3,1,1,2,3,3,1,,2,1,2,,2,,1,9,2,1,1
033103,2,41,10,2,2,4,1,1,1,1,1,1,1,1,1,1,3,1,2,2,3,1,1,1,1,1,1,1,2,1,1,,2,1,2,1,2,2,1,1,5,1,1,2,240,1,1,1,2,2,1,2,1,1,3,30,2,2,1,2,1,2,1,1,2,2,1,2,7,20,2,0,0,0,1,0,0,1,0,1,,,,,1,240,1,1,240,2,,4,4,1,1,3,3,3,1,,2,2,1,2,1,2,1,1,1,1,1
033204,2,17,6,3,3,4,1,1,1,1,2,1,1,1,1,2,5,1,2,2,1,1,1,1,3,1,2,1,2,1,1,,1,,2,1,2,2,1,1,4,1,1,2,30,1,1,1,1,1,1,2,1,5,2,20,1,1,1,1,1,2,1,1,1,2,1,2,2,30,1,0,0,0,1,0,0,0,0,1,,,,,5,10,1,1,60,2,,2,2,1,1,2,3,3,1,,2,1,1,2,1,1,1,1,1,1,2
033301,2,33,3,3,2,3,1,1,1,1,1,2,2,1,1,2,6,1,1,2,1,1,1,1,1,1,1,1,1,2,2,2,2,2,2,2,2,2,2,1,,,,,,,,,,,,,,,,,,,,,,,,,,,,,,,,,,,,,,,,,,,,,,,,1,28,,,,,,,,,,,1,2,2,2,,2,,1,2,2,1,2
033402,2,45,2,6,2,2,0,1,2,2,,2,2,1,1,2,7,1,2,2,2,1,1,2,3,1,1,1,2,2,2,1,2,2,2,1,2,2,2,1,1,2,1,1,2,2,1,2,2,2,2,2,2,,,,,,,,,,,,,,1,2,7,2,1,0,0,0,0,0,0,0,1,1,,,,,,,,1,30,2,,1,2,2,2,3,3,1,3,,2,2,2,,1,1,1,2,2,1,2
033503,2,32,2,6,2,3,0,1,1,1,1,2,2,2,,,3,1,2,2,1,1,1,1,1,1,1,1,2,2,2,2,2,2,2,2,2,2,2,2,,,,,,,,,,,,,,,,,,,,,,,,,,,,,,,,,,,,,,,,,,,,,,,,,,,,,,,,,,,,1,2,2,2,,2,,1,9,9,9,9
033604,2,27,3,3,1,2,1,1,1,1,1,2,2,1,1,1,8,2,2,2,1,1,1,1,1,1,1,1,2,1,1,,2,1,2,2,2,1,2,1,1,2,1,1,30,2,2,2,1,2,2,2,3,4,2,20,1,2,2,2,2,2,2,2,1,2,,,,,,,,,,,,,,,1,10,1,2,,,,1,120,2,,2,2,2,1,2,3,3,1,,2,2,2,,2,,1,2,1,1,2
033701,1,57,6,3,1,1,1,1,1,1,1,1,1,1,1,2,1,1,2,2,1,1,1,1,1,1,1,1,2,1,1,,2,2,2,2,1,,1,1,3,1,2,1,120,1,2,2,1,2,2,2,1,,,,,,,,,,,,,,,,,,,,,,,,,,,,1,15,1,2,1,20,1,1,120,1,5,3,4,2,1,2,3,3,1,,1,1,1,2,1,1,1,1,1,1,1
033802,1,45,6,3,2,3,2,1,1,2,,2,2,2,,,6,2,1,2,1,1,1,2,2,1,1,1,1,1,1,,1,,2,2,1,,1,1,5,2,1,2,120,1,1,2,2,2,2,2,3,10,2,120,1,2,1,2,2,2,2,2,2,2,,,,,,,,,,,,,,,2,60,2,1,1,240,2,1,240,1,6,2,1,1,1,1,3,1,1,,2,1,1,1,1,4,1,1,1,1,1
033903,2,36,3,3,2,2,2,1,1,2,,1,2,1,1,1,2,1,1,2,1,1,1,1,2,1,1,3,1,1,2,2,2,2,2,2,2,2,1,1,,,,,,,,,,,,,,,,,,,,,,,,,,,,,,,,,,,,,,,,,,,,,5,120,2,2,120,2,,4,2,2,1,1,3,3,1,,2,2,2,,2,,1,1,1,1,1
034004,2,12,2,5,1,2,0,1,1,2,,2,2,1,1,2,4,1,2,2,1,1,1,1,1,1,1,1,2,2,2,1,2,2,2,1,2,1,2,1,1,2,1,1,5,1,2,1,2,2,2,2,2,,,,,,,,,,,,,,1,2,1,60,1,0,0,0,1,0,0,0,0,1,4,10,1,2,,,,1,10,2,,3,2,1,2,3,3,1,1,,2,1,2,,1,1,1,1,1,1,2
034101,2,31,6,3,3,3,0,1,1,2,,1,2,1,1,1,5,1,2,2,3,1,1,1,1,1,1,1,2,1,2,1,1,,2,1,2,1,1,1,1,2,1,2,30,1,2,2,1,2,2,2,2,2,3,5,1,2,2,2,2,2,2,1,2,2,1,2,1,5,1,0,0,0,1,0,0,0,0,1,5,10,1,2,1,20,1,1,20,2,,2,3,1,1,3,3,3,1,,1,1,1,2,1,1,1,1,1,1,1
034202,2,46,6,3,2,3,1,1,1,1,1,2,2,2,,,4,1,1,2,3,1,1,2,2,1,1,1,2,1,1,,1,,2,2,2,2,2,1,1,2,1,2,30,1,2,2,1,2,2,2,2,12,2,30,1,2,2,1,2,1,2,2,1,2,,,,,,,,,,,,,,,,,,,,,,1,120,2,,2,3,2,1,3,3,3,1,,2,2,2,,2,,1,1,1,1,1
034303,1,41,8,5,1,1,1,1,2,1,1,2,2,2,,,1,1,2,2,2,1,1,2,1,1,1,2,1,1,1,,2,1,2,1,2,1,1,1,2,1,1,2,60,1,2,2,2,2,1,2,3,1,5,15,1,2,2,2,1,2,2,2,2,2,1,2,1,20,1,1,0,0,0,0,0,0,0,1,5,20,1,2,2,30,1,1,30,1,3,2,3,2,1,2,3,3,1,,1,1,1,2,1,2,1,1,1,1,1
034404,1,39,2,6,1,1,0,1,2,2,,2,2,2,,,5,1,2,2,1,1,1,1,1,1,1,1,2,2,2,2,2,1,2,2,2,2,2,1,,,,,,,,,,,,,,2,4,15,1,2,2,2,2,1,2,2,2,2,,,,,,,,,,,,,,,,,,,,,,1,30,2,,2,2,2,2,3,3,1,1,,2,2,2,,2,,1,2,1,2,1
034501,2,12,2,4,2,3,2,1,1,1,1,1,2,1,1,2,3,1,2,2,1,1,1,1,3,2,3,3,2,1,1,,2,2,2,2,1,,2,2,3,2,1,2,120,1,2,1,2,2,2,2,3,,,,,,,,,,,,,,,,,,,,,,,,,,,,1,60,2,1,,,,,,2,,1,1,2,2,1,3,3,3,,2,2,2,,1,1,1,1,2,1,2
034602,2,23,8,3,1,1,1,1,2,1,1,1,2,1,1,1,1,1,1,2,1,1,1,1,2,1,1,1,2,1,1,,1,,2,1,2,2,1,1,6,2,1,1,40,1,2,2,2,1,1,2,2,1,4,20,1,2,2,2,1,2,2,2,2,2,1,2,1,15,1,0,0,1,1,0,0,0,0,1,,,,,1,10,1,1,120,2,,2,3,2,1,2,3,3,1,,2,2,2,,2,,1,2,1,1,2
034703,2,64,2,6,2,2,1,1,2,1,1,2,2,2,,,2,1,2,2,2,1,1,1,1,1,1,1,2,1,1,,2,2,2,2,2,2,2,1,3,2,1,1,60,1,2,2,2,1,2,2,3,,,,,,,,,,,,,,,,,,,,,,,,,,,,,,,,,,,5,5,2,,4,4,1,2,1,3,3,1,,1,1,1,1,1,1,1,1,1,1,1
034804,2,65,3,3,2,4,1,1,2,2,,2,2,1,1,1,4,1,2,2,2,1,1,1,1,1,1,1,2,1,1,,2,2,2,2,2,2,2,1,3,2,1,1,60,2,2,2,1,2,2,2,2,,,,,,,,,,,,,,,,,,,,,,,,,,,,,,,,,,,1,60,2,,2,3,2,1,2,3,3,1,,2,2,2,,1,1,1,1,1,1,1
034901,1,27,6,3,1,1,1,1,2,2,,2,2,1,1,2,4,1,2,2,1,1,1,1,1,1,1,1,2,2,2,2,2,2,2,2,2,2,2,2,,,,,,,,,,,,,,,,,,,,,,,,,,,,,,,,,,,,,,,,,,,,,,,,,,,,,,,,,,,,3,1,1,1,2,1,1,1,1,2,1,2
035002,2,57,3,3,1,5,2,1,1,1,1,2,2,1,1,1,2,1,2,2,1,1,2,2,1,1,1,1,2,1,2,2,2,2,2,1,2,1,1,1,,,,,,,,,,,,,,,,,,,,,,,,,,,1,2,7,15,1,0,0,0,1,0,1,0,1,1,5,30,1,2,3,60,1,1,15,1,8,3,2,2,1,1,3,1,3,,2,2,2,,2,,1,2,1,2,2
035103,2,23,8,4,2,3,1,1,2,2,,1,2,1,1,2,3,1,2,2,1,1,1,1,1,1,1,1,2,2,2,1,1,,2,1,2,1,2,1,8,1,2,2,60,2,2,1,2,2,2,2,1,4,2,30,2,2,2,2,2,2,1,2,2,2,1,2,2,15,1,1,0,0,0,0,0,1,0,1,4,60,1,2,,,,1,60,2,,2,3,2,1,1,3,3,1,,2,1,2,,2,,1,1,1,1,1
035204,2,17,6,2,2,3,1,1,1,1,1,1,2,1,1,2,4,1,2,2,2,1,1,1,2,1,1,1,2,2,2,1,2,2,2,2,2,2,2,1,3,1,2,3,5,2,2,1,2,2,2,2,1,,,,,,,,,,,,,,,,,,,,,,,,,,,,,,,,,,,1,120,2,,3,4,2,1,3,3,1,3,,2,1,2,,1,1,1,9,9,1,2
035301,2,49,8,4,3,4,2,1,1,1,2,1,1,1,1,1,3,1,2,2,1,1,1,1,1,1,1,1,2,1,1,,2,2,2,1,2,2,1,1,2,2,1,2,30,1,2,2,2,1,2,2,2,,,,,,,,,,,,,,1,2,2,10,1,1,0,0,0,0,0,0,0,1,,,,,2,30,1,1,120,2,,3,3,2,1,3,3,3,1,,1,1,1,2,1,1,1,1,1,1,1
035604,1,54,6,3,3,6,2,1,1,1,1,1,2,1,1,1,3,1,2,2,1,2,1,1,1,1,1,1,1,1,2,2,2,1,2,1,2,2,1,1,,,,,,,,,,,,,,20,2,15,1,2,1,2,2,2,2,2,1,2,1,2,2,15,1,1,1,0,0,0,0,0,0,1,,,,,2,30,1,1,30,2,,2,1,2,1,3,3,1,3,,2,2,2,,2,,1,2,2,2,2
035701,1,17,6,3,4,5,1,1,1,1,2,1,2,1,1,1,4,1,2,2,2,1,1,1,1,1,1,1,2,1,1,,2,2,1,,2,2,1,1,2,2,1,1,60,1,1,1,1,2,2,2,2,,,,,,,,,,,,,,1,1,2,15,1,1,1,1,1,1,1,1,0,2,,,,,5,30,1,1,10,2,,2,4,1,1,1,3,3,1,,2,2,2,,1,1,1,1,1,1,1
035802,2,76,8,5,1,1,1,1,1,2,,1,2,1,1,1,1,1,1,2,1,1,1,1,1,1,1,1,2,1,1,,2,1,2,1,2,2,1,1,1,2,1,1,60,1,2,2,2,2,1,2,2,1,4,30,1,2,2,2,2,2,2,2,1,2,1,2,1,20,2,0,0,0,1,0,0,1,0,3,,,,,1,60,2,1,60,2,,2,3,2,1,1,3,3,1,,1,1,1,2,1,1,1,2,2,2,2
036004,1,35,8,3,2,3,1,1,1,1,1,1,2,1,1,1,1,1,2,2,1,1,1,1,1,1,1,1,2,1,2,1,1,,2,1,2,2,1,1,2,1,2,3,25,1,1,2,2,2,2,2,1,4,3,25,1,2,2,2,1,1,2,1,2,2,1,2,7,10,1,1,1,1,0,0,0,0,0,1,,,,,5,10,1,1,60,1,6,4,4,2,1,3,3,3,1,,1,1,1,2,1,2,1,1,1,1,1
036101,1,71,2,3,2,3,1,1,1,1,1,1,2,2,,,5,1,2,2,2,3,1,1,1,1,1,1,2,2,2,2,2,2,2,2,2,2,2,2,,,,,,,,,,,,,,,,,,,,,,,,,,,,,,,,,,,,,,,,,,,,,,,,,,,,,,,,,,,,1,2,2,2,,2,,1,1,1,1,1
036303,1,55,2,6,2,3,2,1,1,1,1,2,2,1,1,2,1,1,2,2,2,1,3,2,1,1,1,1,2,2,2,1,2,2,2,1,2,2,2,1,3,1,2,5,60,2,1,2,2,2,2,2,1,,,,,,,,,,,,,,1,2,1,20,1,1,0,0,0,0,0,0,0,1,,,,,,,,1,60,2,,3,3,2,1,2,3,1,3,,2,2,2,,2,,1,2,2,2,2
036404,2,50,3,3,1,2,1,1,1,1,1,2,2,1,1,2,2,1,1,2,1,1,1,1,1,1,1,1,2,2,2,2,2,1,2,1,2,2,2,1,,,,,,,,,,,,,,3,4,10,2,2,2,2,2,2,1,2,1,2,1,2,2,15,1,1,0,0,0,0,0,0,0,1,,,,,,,,1,60,2,,3,3,2,1,3,3,3,1,,1,1,1,2,1,1,1,1,1,1,1
036501,2,38,3,3,2,4,1,1,2,1,1,2,2,2,,,5,1,2,2,1,1,1,1,1,1,1,1,2,2,2,2,2,2,2,2,2,2,2,1,,,,,,,,,,,,,,,,,,,,,,,,,,,,,,,,,,,,,,,,,,,,,,,,1,120,,,,,,,,,,,1,2,2,2,,2,,1,2,1,2,2
036602,2,19,8,1,2,3,1,2,2,1,1,2,2,1,1,1,6,1,2,2,1,1,1,1,1,1,1,1,2,2,2,2,2,2,2,2,2,2,1,1,,,,,,,,,,,,,,,,,,,,,,,,,,,,,,,,,,,,,,,,,,,,,5,5,2,1,60,2,,2,2,2,1,2,3,3,3,,2,1,1,2,2,,1,2,1,2,2
036703,1,45,3,3,2,3,1,1,1,1,1,2,2,2,,,4,1,1,2,1,1,1,1,1,1,1,1,2,2,2,1,2,2,2,1,1,,1,1,3,1,2,3,10,2,1,2,2,2,1,2,1,,,,,,,,,,,,,,1,2,3,5,1,0,0,0,0,1,0,0,0,1,5,15,2,1,4,15,2,1,30,2,,4,4,2,1,1,3,1,1,,1,1,1,3,1,1,1,2,1,1,1
036804,1,83,2,6,1,4,0,1,2,2,,2,2,2,,,2,1,2,2,2,2,3,3,3,2,1,1,2,1,2,2,1,,2,2,2,2,2,2,,,,,,,,,,,,,,1,1,60,1,2,2,2,2,1,2,2,2,2,,,,,,,,,,,,,,,,,,,,,,,,2,,1,3,2,2,2,3,1,1,,2,1,2,,2,,1,2,1,2,2
037002,2,49,2,6,2,3,1,1,1,1,1,2,2,2,,,3,1,2,2,1,1,1,3,1,1,1,1,2,2,2,2,2,2,2,2,2,2,2,1,,,,,,,,,,,,,,,,,,,,,,,,,,,,,,,,,,,,,,,,,,,,,,,,1,120,,,,,,,,,,,1,2,2,2,,2,,1,2,2,2,2
037103,2,53,8,4,1,2,1,1,1,1,1,1,2,2,,,1,1,2,2,1,1,1,2,2,1,1,1,2,1,1,,2,1,2,2,2,1,2,1,13,2,1,1,180,1,1,1,1,2,1,2,2,2,2,30,1,1,1,1,1,1,2,1,1,2,,,,,,,,,,,,,,,5,30,1,2,,,,1,60,2,,2,3,2,1,2,3,3,1,,2,2,2,,2,,1,2,2,2,2
037204,2,51,0,,2,2,1,1,2,1,1,2,2,2,,,4,1,2,2,2,1,1,1,1,1,1,1,1,,,,,,,,,,,,,,,,,,,,,,,,,,,,,,,,,,,,,,,,,,,,,,,,,,,,,,,,,,,,,,,,,,,,,,,,,,,,,,,,,,
037301,1,64,3,3,2,3,1,1,2,2,,2,2,2,,,5,1,2,2,2,1,1,1,1,1,1,1,1,1,1,,1,,1,,2,2,2,2,6,2,1,3,120,1,2,1,1,1,2,2,2,10,3,60,1,1,1,2,2,1,2,2,1,2,2,1,7,60,1,1,1,0,0,1,0,1,0,3,,,,,,,,,,2,,2,4,1,2,2,3,3,1,,2,1,2,,1,2,1,2,1,1,2
037402,2,15,6,1,2,4,1,1,1,1,1,1,2,1,1,2,3,1,2,2,1,1,1,1,1,1,1,1,2,1,1,,2,2,2,2,1,,1,1,1,2,1,2,30,1,2,1,2,2,2,2,1,,,,,,,,,,,,,,,,,,,,,,,,,,,,3,25,1,2,1,45,1,1,60,2,,4,3,2,1,2,3,1,1,,2,1,1,2,1,1,1,1,1,1,1
037503,1,56,11,2,2,4,2,1,1,1,2,1,2,1,1,2,2,1,2,1,3,1,2,2,1,1,1,1,1,1,1,,2,1,2,2,2,2,1,1,5,1,1,1,180,2,1,1,2,2,1,2,1,5,1,180,2,2,2,2,2,2,1,2,2,2,,,,,,,,,,,,,,,,,,,1,120,2,1,120,1,7,4,3,2,1,1,3,3,1,,2,2,2,,2,,1,2,2,2,2
037604,1,59,3,3,2,3,2,1,1,1,1,1,2,1,1,2,4,1,2,2,3,1,2,2,1,1,1,1,1,2,2,1,1,,2,2,2,2,1,1,8,2,1,2,60,1,1,2,1,1,2,2,1,4,3,30,1,2,1,2,2,2,2,2,2,2,,,,,,,,,,,,,,,,,,,2,30,1,2,30,1,5,2,2,1,1,1,3,3,1,,2,2,1,2,2,,1,2,1,1,1
037701,2,38,3,3,2,2,2,1,1,1,1,2,2,1,1,2,3,1,2,2,1,1,1,1,2,1,2,1,1,2,2,2,2,2,2,2,2,2,2,1,,,,,,,,,,,,,,,,,,,,,,,,,,,,,,,,,,,,,,,,,,,,,,,,5,10,,,,,,,,,,,1,2,1,2,,1,1,1,2,1,2,1
037802,2,61,8,5,2,5,1,1,1,2,,1,2,1,1,1,2,1,2,2,3,1,1,2,3,1,1,1,1,1,1,,1,,1,,2,1,1,1,2,2,1,3,30,1,2,2,1,1,2,2,2,3,2,40,1,2,2,2,1,1,1,2,2,2,1,2,1,20,1,1,1,1,1,0,1,1,0,3,5,15,2,1,2,15,1,1,60,2,,2,3,2,1,1,3,3,1,,1,1,2,,1,1,1,1,1,1,1
037903,1,15,3,2,2,3,2,1,1,2,,2,2,1,1,1,2,1,1,2,1,1,1,1,1,1,1,2,2,2,2,1,2,2,2,2,2,1,2,1,4,1,2,3,60,2,1,1,1,1,2,2,1,,,,,,,,,,,,,,,,,,,,,,,,,,,,5,30,1,2,,,,1,120,1,5,2,3,2,1,1,3,3,1,,2,2,1,1,1,1,1,1,1,1,1
038004,2,71,5,3,2,4,1,1,1,1,1,1,2,1,1,1,5,1,2,2,1,2,1,1,2,2,2,2,1,1,2,2,2,2,1,,2,2,2,2,,,,,,,,,,,,,,,,,,,,,,,,,,,2,1,1,10,1,0,0,0,1,0,0,0,0,3,,,,,,,,,,2,,2,3,2,2,3,3,3,1,,2,2,2,,2,,1,2,1,2,2
038101,2,58,6,3,2,4,1,1,1,1,1,2,2,2,,,4,1,1,2,1,1,1,1,1,1,1,1,1,1,1,,2,1,2,2,2,2,2,1,1,2,1,1,20,1,2,2,1,2,2,2,4,5,2,10,1,2,2,1,1,1,1,1,2,2,,,,,,,,,,,,,,,,,,,,,,5,20,2,,1,4,2,2,3,3,1,1,,2,1,2,,2,,1,2,1,2,2
038303,1,50,2,6,1,1,1,1,1,2,,2,2,1,1,2,2,1,1,2,1,1,1,1,1,1,1,1,1,1,2,1,1,,1,,2,2,2,1,1,2,1,3,20,1,1,2,1,2,2,2,1,3,4,15,1,1,2,2,2,1,2,2,2,2,2,1,1,15,1,0,1,0,0,1,0,0,0,3,,,,,,,,1,30,2,,2,4,2,1,2,3,3,1,,2,2,2,,1,1,1,2,1,2,2
038404,1,19,6,3,3,4,2,1,1,2,,1,2,1,1,2,4,1,1,2,1,1,1,1,1,1,1,1,2,1,2,1,2,1,2,2,2,2,2,1,25,1,1,2,120,2,1,1,2,2,2,2,1,5,3,30,2,2,2,1,2,2,1,2,2,2,,,,,,,,,,,,,,,,,,,,,,1,180,2,,3,3,2,1,1,3,3,1,,1,1,1,2,1,1,1,1,1,1,1
038501,2,25,6,3,2,3,1,1,1,2,,2,2,1,1,1,3,1,2,2,3,1,1,1,1,1,1,1,2,1,1,,2,2,2,1,2,2,2,1,3,1,1,2,90,1,2,1,2,2,2,2,3,,,,,,,,,,,,,,2,1,1,15,1,0,0,0,1,0,0,0,0,3,,,,,,,,1,200,2,,2,3,2,1,3,3,3,3,,1,2,1,2,1,1,1,1,1,1,1
038602,2,58,6,2,2,4,1,1,1,1,1,2,2,1,1,1,2,1,2,2,3,1,2,2,3,1,1,2,2,1,1,,2,2,2,2,2,2,2,1,1,2,1,1,30,2,2,2,1,2,2,2,2,,,,,,,,,,,,,,,,,,,,,,,,,,,,,,,,,,,1,60,1,7,2,1,2,1,1,3,3,1,,2,2,2,,2,,1,1,1,1,1
038703,2,43,8,5,2,4,1,1,1,2,,1,2,1,1,1,2,1,2,2,3,1,1,2,1,1,1,1,2,1,1,,2,2,2,1,2,2,1,1,12,2,1,1,120,1,2,1,1,1,1,2,2,,,,,,,,,,,,,,1,2,2,10,1,1,0,0,1,0,0,1,0,1,,,,,1,30,1,2,5,1,3,2,4,1,1,1,3,3,1,,1,1,1,2,1,3,1,1,1,1,1
038804,1,30,8,6,2,3,1,1,1,1,1,1,1,1,1,1,2,1,2,2,2,1,1,1,1,1,1,1,1,1,1,,2,1,2,2,1,,1,1,2,2,1,1,240,1,2,1,2,1,2,2,3,10,1,60,1,2,2,2,2,2,1,2,2,2,,,,,,,,,,,,,,,2,60,1,1,2,60,1,1,60,1,3,3,3,2,1,1,3,3,1,,1,1,1,1,1,4,1,2,1,1,2
039103,1,43,10,2,1,3,1,1,1,1,1,1,2,1,1,1,3,1,2,2,2,1,1,1,1,1,1,2,1,1,1,,1,,1,,2,2,1,1,1,2,1,3,60,1,2,2,2,1,2,2,3,5,4,20,1,2,2,2,1,2,2,2,2,2,1,2,7,30,2,1,0,1,1,1,1,0,0,1,,,,,1,30,1,1,30,1,6,4,3,2,1,3,3,3,1,,2,1,2,,2,,1,1,1,1,1
039301,2,16,6,2,2,3,1,1,1,1,1,1,2,1,1,1,2,1,2,2,1,1,1,1,1,1,1,1,2,1,1,,2,2,2,2,1,,1,1,3,1,1,2,30,1,2,2,2,1,2,2,2,,,,,,,,,,,,,,,,,,,,,,,,,,,,2,30,2,1,2,60,1,1,60,2,,2,3,2,1,2,3,3,1,,2,1,1,2,1,1,1,1,1,1,2
039402,2,54,2,6,1,2,1,1,1,2,,2,2,2,,,2,1,2,2,1,1,1,1,1,1,1,1,1,1,2,2,2,2,2,2,2,2,2,2,,,,,,,,,,,,,,,,,,,,,,,,,,,,,,,,,,,,,,,,,,,,,,,,,,,,,,,,,,,,4,2,2,2,,2,,1,2,1,1,2
039503,2,54,3,3,1,2,1,1,1,1,1,2,2,1,1,2,2,1,2,2,3,1,1,1,1,1,1,1,2,1,2,2,1,,2,2,2,2,2,2,,,,,,,,,,,,,,2,2,10,1,2,2,2,2,1,2,2,2,2,,,,,,,,,,,,,,,,,,,,,,,,2,,3,2,1,2,2,3,3,1,,2,2,1,1,1,1,1,2,1,1,1
039604,2,42,6,3,2,3,1,2,1,2,,2,2,2,,,3,1,2,2,1,1,1,1,1,2,2,2,1,2,1,,2,2,2,2,2,2,2,2,1,2,1,1,15,1,2,2,1,2,2,2,3,,,,,,,,,,,,,,,,,,,,,,,,,,,,,,,,,,,,,2,,4,3,1,1,2,3,3,1,,2,1,2,,2,,1,1,1,2,2
039701,2,24,6,3,1,1,0,1,2,2,,1,1,1,1,1,2,1,1,2,1,1,1,1,2,1,1,1,2,1,1,,2,1,2,2,2,2,1,1,2,1,1,1,120,1,2,1,2,1,2,2,4,1,5,5,1,2,2,2,1,2,2,2,2,2,,,,,,,,,,,,,,,,,,,1,120,1,1,60,1,6,3,3,2,1,2,3,3,1,,2,2,2,,1,1,1,1,1,1,1
039802,2,16,6,1,3,4,1,1,1,2,,1,2,1,1,1,6,1,2,2,2,1,1,1,1,1,1,1,1,2,2,1,1,,2,2,1,,1,1,6,1,1,2,60,1,1,1,2,1,1,2,2,2,4,30,1,1,2,1,1,2,2,1,1,2,,,,,,,,,,,,,,,5,30,1,2,2,20,1,1,60,2,,2,3,2,2,1,3,3,1,,2,1,1,2,1,1,1,1,1,1,1
039903,2,57,2,6,1,4,1,1,1,2,,1,2,1,1,2,2,1,2,2,2,1,2,2,1,1,1,1,2,1,2,1,1,,1,,1,,2,2,3,2,1,4,60,2,1,1,2,2,1,2,4,4,3,30,1,1,1,1,2,2,2,2,2,2,2,1,1,15,1,0,0,0,1,1,0,0,0,3,5,15,2,1,,,,,,1,5,3,2,2,1,2,3,3,1,,2,2,2,,2,,1,2,1,1,1
040004,1,59,6,2,1,3,1,1,2,2,,2,2,2,,,2,1,1,2,4,1,1,1,1,1,1,1,1,1,1,,1,,1,,2,1,2,1,10,1,1,2,60,1,1,1,1,2,1,2,1,15,4,120,1,1,1,2,2,1,1,2,1,2,2,1,3,30,1,1,0,1,1,1,0,1,0,2,3,20,2,1,,,,1,60,2,,2,4,2,1,2,3,3,1,,1,2,2,,2,,1,2,1,1,1
040202,2,43,6,2,3,5,1,1,1,2,,1,2,1,1,1,6,1,2,2,1,1,1,1,1,1,1,1,1,2,2,2,2,2,2,2,2,2,2,1,,,,,,,,,,,,,,,,,,,,,,,,,,,,,,,,,,,,,,,,,,,,,,,,1,60,,,,,,,,,,,4,2,2,1,1,1,1,1,2,1,2,2
040303,2,64,2,3,3,4,1,1,1,2,,2,2,1,1,2,7,1,2,2,3,1,3,3,1,1,1,1,1,,,,,,,,,,,,,,,,,,,,,,,,,,,,,,,,,,,,,,,,,,,,,,,,,,,,,,,,,,,,,,,,,,,,,,,,,,,,,,,,,,
040501,2,36,8,4,2,4,1,1,1,2,,2,2,1,1,2,3,1,2,2,1,1,1,1,2,1,1,1,2,2,2,2,2,1,2,2,2,2,2,1,,,,,,,,,,,,,,5,5,10,1,2,1,1,1,2,2,1,2,2,,,,,,,,,,,,,,,,,,,,,,1,15,2,,3,3,1,1,3,3,3,1,,2,1,2,,1,1,1,1,1,1,2
040602,2,26,6,1,1,4,1,1,1,1,1,1,2,1,1,2,4,1,2,2,1,1,1,1,1,1,1,1,1,2,2,1,2,2,2,2,2,2,1,1,5,2,1,2,10,1,2,2,2,1,2,2,3,,,,,,,,,,,,,,,,,,,,,,,,,,,,,,,,2,10,1,1,10,2,,4,4,1,1,1,3,3,1,,2,1,2,,1,1,1,1,1,1,1
040703,2,30,8,5,6,7,2,1,1,1,1,2,2,1,1,1,5,1,2,2,1,1,1,1,1,1,1,1,2,2,2,1,2,2,2,2,2,2,1,1,2,2,1,1,60,1,2,2,2,1,1,2,3,,,,,,,,,,,,,,,,,,,,,,,,,,,,,,,,2,15,2,1,20,2,,2,4,2,1,3,3,3,1,,2,1,1,2,1,1,1,1,1,1,1
040804,2,55,8,5,4,6,2,1,1,1,2,1,1,1,1,1,4,1,2,2,1,2,1,1,1,1,1,1,2,1,1,,1,,1,,2,2,1,1,5,1,2,1,60,2,1,1,1,2,1,2,1,20,1,60,2,2,1,2,1,2,2,2,2,2,1,2,3,30,1,1,0,0,0,0,0,0,0,1,,,,,1,60,2,1,90,1,6,2,4,2,1,2,3,3,1,,1,1,1,1,1,5,1,1,1,1,1
040901,1,42,10,2,2,7,4,1,1,1,3,1,2,1,1,1,3,1,2,2,2,1,1,1,1,1,1,1,2,1,1,,2,2,2,2,2,2,1,1,5,2,1,2,68,1,2,1,2,1,2,2,3,,,,,,,,,,,,,,,,,,,,,,,,,,,,,,,,1,30,1,1,240,2,,4,4,2,1,2,3,3,1,,1,1,1,1,1,2,1,9,1,1,1
041002,2,69,8,3,2,3,3,1,1,1,2,1,2,1,1,1,2,1,2,2,1,1,1,1,1,1,1,1,2,1,1,,2,2,1,,2,2,1,1,3,1,2,3,120,1,2,2,2,1,2,2,1,,,,,,,,,,,,,,1,2,3,60,1,0,0,0,0,0,0,1,0,1,,,,,1,180,1,1,180,1,5,3,3,2,1,2,3,3,1,,2,2,2,,1,1,1,9,1,1,1
041103,2,49,7,2,2,8,6,1,1,1,2,1,2,1,1,1,2,1,2,2,2,1,1,1,2,1,1,1,2,1,2,1,2,2,2,2,1,,1,1,20,2,1,2,30,2,1,1,2,2,2,2,4,,,,,,,,,,,,,,,,,,,,,,,,,,,,5,60,2,1,1,60,1,1,60,1,4,2,3,2,2,2,3,3,1,,2,1,2,,1,5,1,1,1,1,1
041301,2,40,2,6,1,2,1,1,1,2,,2,2,2,,,2,1,2,2,2,1,1,1,1,1,1,1,2,2,2,2,2,2,2,2,2,1,2,1,,,,,,,,,,,,,,,,,,,,,,,,,,,,,,,,,,,,,,,,,5,20,2,1,,,,1,15,2,,1,1,1,1,3,3,3,1,,2,2,2,,2,,1,2,1,2,1
041402,1,59,3,1,3,5,2,1,1,2,,2,2,1,1,1,5,1,1,2,2,1,1,4,1,2,1,2,2,2,2,2,2,2,2,2,2,2,2,1,,,,,,,,,,,,,,,,,,,,,,,,,,,,,,,,,,,,,,,,,,,,,,,,1,5,,,,,,,,,,,1,2,2,2,,2,,1,2,1,2,2
041604,2,17,6,1,2,4,1,1,1,2,,1,2,1,1,2,6,1,1,2,4,1,1,1,3,1,1,1,1,2,2,2,1,,1,,1,,1,1,,,,,,,,,,,,,,3,5,120,1,1,2,1,2,2,1,2,1,2,2,1,1,5,1,0,0,1,1,1,0,0,0,2,3,90,1,1,5,60,1,1,140,2,,1,1,1,1,3,3,1,1,,2,1,2,,1,1,1,1,1,1,1
041701,1,44,6,3,1,2,1,1,1,2,,1,2,1,1,2,5,1,2,2,1,1,1,1,1,1,1,1,1,1,1,,1,,2,1,2,2,1,1,1,2,1,4,120,1,2,1,2,2,2,2,3,1,5,120,1,1,2,2,2,2,2,2,2,2,2,1,1,60,1,0,1,0,0,0,0,1,0,3,,,,,2,30,1,1,120,1,6,3,3,2,1,1,3,3,1,,2,2,2,,1,1,1,1,1,1,1
041802,1,49,3,3,1,2,1,1,1,2,,2,2,1,1,2,4,1,2,2,1,1,1,1,1,1,1,1,2,1,1,,1,,1,,2,2,2,2,2,2,1,2,60,1,1,2,2,2,1,2,3,3,2,30,1,2,1,2,2,2,2,1,2,2,2,1,3,15,1,1,1,0,0,0,0,0,0,3,,,,,,,,,,2,,2,3,2,2,2,3,3,1,,2,2,2,,2,,1,1,1,1,1
041903,2,59,5,3,1,1,1,1,2,2,,2,2,1,1,2,1,1,2,2,3,1,2,4,1,2,1,2,2,1,1,,2,2,2,2,2,1,2,1,4,2,1,2,30,1,1,2,1,2,2,2,3,,,,,,,,,,,,,,,,,,,,,,,,,,,,5,20,2,1,,,,5,30,1,8,1,2,1,1,3,3,1,1,,2,1,1,2,1,1,1,1,1,1,1
042004,1,34,0,,1,1,1,1,1,2,,2,2,1,1,2,1,1,2,2,1,1,1,1,2,1,1,4,1,,,,,,,,,,,,,,,,,,,,,,,,,,,,,,,,,,,,,,,,,,,,,,,,,,,,,,,,,,,,,,,,,,,,,,,,,,,,,,,,,,
042101,2,35,7,3,2,3,1,1,1,2,,2,2,1,1,2,5,1,2,2,3,1,1,2,1,1,1,1,2,1,1,,1,,2,2,2,2,1,1,1,2,1,2,20,1,2,2,1,2,2,2,4,3,3,30,2,1,2,1,2,2,2,1,2,2,,,,,,,,,,,,,,,,,,,2,60,1,1,20,2,,2,4,2,1,2,3,3,1,,2,2,2,,2,,1,2,1,1,1
042202,2,21,8,4,2,3,1,1,2,1,1,2,1,1,1,1,2,1,2,1,3,2,1,1,3,1,1,1,1,1,1,,2,1,2,1,1,,1,1,6,2,1,1,120,1,1,1,1,1,1,2,3,2,2,60,1,2,1,2,2,2,2,2,2,2,2,1,2,60,1,1,0,0,1,0,0,0,0,3,1,60,1,2,2,60,1,2,120,1,8,2,4,2,1,3,3,3,1,,1,1,1,2,1,3,1,1,1,1,1
042303,2,32,8,4,1,3,1,1,1,1,1,1,2,1,1,1,3,1,2,2,1,1,1,1,1,1,1,1,2,1,2,2,2,2,2,2,2,2,1,1,,,,,,,,,,,,,,,,,,,,,,,,,,,,,,,,,,,,,,,,,,,,,2,180,2,3,30,2,,3,3,2,1,2,3,3,1,,2,2,2,,2,,1,2,1,2,2
042501,1,15,3,2,1,2,0,1,1,2,,1,2,1,1,2,4,1,2,2,2,1,1,1,1,1,1,1,1,1,1,,2,2,2,2,2,2,2,1,2,2,1,2,25,1,2,1,1,2,1,2,3,,,,,,,,,,,,,,,,,,,,,,,,,,,,,,,,,,,1,30,2,,2,3,2,1,1,3,3,1,,2,2,2,,2,,1,1,1,1,1
042602,2,48,6,3,2,3,1,1,1,2,,2,2,1,1,2,4,1,1,2,2,1,1,1,1,1,1,1,1,1,1,,2,2,2,1,2,2,1,1,3,1,2,1,120,1,1,1,1,1,1,2,2,,,,,,,,,,,,,,1,1,7,30,1,0,0,1,0,1,1,0,0,1,,,,,1,60,1,1,30,2,,4,4,2,1,1,3,3,1,,1,2,2,,2,,1,1,1,1,1
042901,1,41,6,3,2,2,1,1,1,2,,2,2,1,1,2,2,1,2,2,1,1,1,1,1,1,1,1,2,1,2,2,1,,2,2,2,2,2,1,,,,,,,,,,,,,,4,2,120,1,2,2,2,2,2,2,2,1,2,,,,,,,,,,,,,,,,,,,,,,2,60,1,6,2,4,2,1,3,3,3,1,,1,1,1,1,2,,1,1,1,1,1
043002,1,44,8,4,3,4,1,1,1,1,1,1,2,1,1,1,4,1,1,2,1,1,1,1,1,1,1,1,1,1,2,1,1,,1,,1,,2,1,6,1,2,2,300,2,1,2,2,1,2,2,3,3,3,45,1,2,2,1,2,2,2,2,2,2,2,1,3,60,1,1,1,0,1,0,0,0,0,3,3,60,1,2,,,,2,60,2,,2,3,1,1,1,3,3,1,,2,1,2,,1,2,1,2,1,1,1
043204,1,18,6,3,3,5,2,1,1,2,,1,2,1,1,2,5,1,2,2,1,1,1,1,1,1,1,1,2,2,2,1,2,2,2,2,2,2,1,1,2,1,2,3,120,1,2,2,1,2,2,2,1,,,,,,,,,,,,,,,,,,,,,,,,,,,,,,,,2,60,1,1,120,2,,3,3,2,1,2,3,3,3,,2,2,1,1,1,1,1,2,1,2,2
043402,2,18,6,2,2,3,1,1,2,2,,1,2,1,1,2,3,1,2,2,2,1,1,1,1,1,1,1,2,2,2,1,1,,2,2,2,2,2,1,3,1,1,1,120,1,1,1,1,1,2,2,3,3,4,10,2,2,2,2,2,1,2,2,1,2,,,,,,,,,,,,,,,,,,,,,,1,120,1,5,2,4,2,1,2,3,3,1,,2,2,2,,1,1,1,2,2,1,2
043503,2,35,6,3,2,4,1,1,1,2,,2,2,1,1,2,5,1,1,2,2,1,1,1,1,1,1,1,2,1,1,,2,2,2,2,2,2,1,1,1,1,2,1,30,1,2,2,1,2,2,2,1,,,,,,,,,,,,,,,,,,,,,,,,,,,,,,,,2,5,1,1,10,2,,2,2,2,1,1,3,3,1,,1,1,1,2,1,1,1,2,1,1,1
043604,1,63,0,,1,2,0,2,2,2,,2,2,2,,,1,1,2,2,1,1,1,1,1,1,1,1,1,,,,,,,,,,,,,,,,,,,,,,,,,,,,,,,,,,,,,,,,,,,,,,,,,,,,,,,,,,,,,,,,,,,,,,,,,,,,,,,,,,
043802,2,56,3,3,1,1,1,1,1,2,,2,2,2,,,3,1,2,2,3,1,1,4,1,2,1,2,2,2,2,1,2,2,2,1,2,2,2,1,5,2,1,4,30,2,1,2,2,2,2,2,2,,,,,,,,,,,,,,2,1,1,5,1,0,0,0,0,1,0,0,0,2,,,,,,,,1,10,2,,1,1,2,1,2,3,3,1,,2,1,1,2,2,,1,2,1,1,1
043903,2,30,3,3,1,1,1,1,1,2,,2,2,1,1,2,4,1,2,2,1,1,1,1,2,1,1,1,1,1,2,1,1,,2,2,2,2,1,1,1,2,1,4,60,1,2,1,2,2,2,2,2,1,5,60,1,2,2,1,2,2,2,2,2,2,,,,,,,,,,,,,,,,,,,2,60,1,3,30,2,,3,3,2,1,3,3,3,1,,2,2,2,,2,,1,1,1,1,1
044004,2,53,2,6,2,2,1,1,1,2,,2,2,2,,,3,1,2,2,3,1,1,4,4,1,1,1,1,1,2,2,2,2,2,2,2,2,2,1,,,,,,,,,,,,,,,,,,,,,,,,,,,,,,,,,,,,,,,,,,,,,,,,1,20,,,,,,,,,,,9,2,2,2,,2,,1,2,2,2,2
044101,2,46,3,3,2,4,1,1,1,2,,2,2,1,1,2,4,1,1,2,2,1,1,1,1,1,1,1,1,1,1,,2,2,2,2,2,2,2,1,1,2,1,1,30,1,2,2,1,2,2,2,2,,,,,,,,,,,,,,,,,,,,,,,,,,,,,,,,,,,1,10,2,,1,1,2,2,1,3,3,1,,2,2,2,,2,,1,1,2,1,1
044202,2,33,6,2,2,5,1,1,1,1,1,2,2,2,,,5,1,2,2,1,1,1,1,1,1,1,1,1,1,1,,2,2,1,,1,,1,1,8,2,1,3,60,2,2,1,2,2,2,2,2,,,,,,,,,,,,,,2,1,1,60,2,0,0,0,0,0,0,1,0,3,2,60,1,2,1,60,2,1,60,2,,1,4,2,1,3,3,3,1,,2,2,2,,2,,1,2,2,2,2
044303,2,75,2,3,1,1,0,1,1,2,,2,2,1,1,2,2,1,2,2,4,2,3,3,3,3,1,1,1,1,1,,2,2,2,2,2,2,2,1,1,2,1,1,40,1,2,2,1,2,2,2,2,,,,,,,,,,,,,,,,,,,,,,,,,,,,,,,,,,,1,30,2,,1,1,2,2,1,3,3,1,,2,2,2,,2,,1,2,2,2,2
044404,1,45,0,,1,1,0,2,2,2,,2,2,2,,,2,1,2,2,2,1,1,1,1,1,1,1,1,,,,,,,,,,,,,,,,,,,,,,,,,,,,,,,,,,,,,,,,,,,,,,,,,,,,,,,,,,,,,,,,,,,,,,,,,,,,,,,,,,
044501,1,31,99,9,2,3,1,1,1,2,,2,2,1,1,2,5,1,2,2,1,1,2,1,2,1,1,1,1,2,2,1,2,2,1,,1,,1,1,1,2,1,5,60,2,1,2,2,2,2,2,2,,,,,,,,,,,,,,2,1,3,20,1,1,1,0,0,1,1,1,1,3,1,60,1,2,1,20,1,1,60,1,3,2,2,2,1,3,3,1,1,,1,2,2,,1,1,1,1,1,1,1
044602,1,48,2,6,2,4,1,1,1,2,,2,2,1,1,2,3,1,1,1,1,1,1,1,1,1,1,1,1,2,2,2,2,2,2,2,2,2,2,1,,,,,,,,,,,,,,,,,,,,,,,,,,,,,,,,,,,,,,,,,,,,,,,,1,120,,,,,,,,,,,1,2,1,2,,2,,1,1,1,1,2
044703,1,16,2,4,1,2,0,1,1,2,,2,2,1,1,2,4,1,2,2,2,1,1,1,1,1,1,1,2,2,2,1,2,2,2,2,2,2,2,2,1,2,1,2,60,2,2,2,1,2,2,2,2,,,,,,,,,,,,,,,,,,,,,,,,,,,,,,,,,,,,,2,,1,1,2,2,1,3,2,1,,2,1,1,2,2,,1,2,1,1,1
044804,1,83,0,,1,1,1,2,1,2,,2,2,2,,,3,1,2,1,2,2,2,3,1,1,1,1,1,,,,,,,,,,,,,,,,,,,,,,,,,,,,,,,,,,,,,,,,,,,,,,,,,,,,,,,,,,,,,,,,,,,,,,,,,,,,,,,,,,
044901,2,39,3,3,1,1,0,2,2,2,,2,2,2,,,4,1,2,2,1,1,1,1,1,1,1,1,1,2,1,,2,2,2,2,2,2,2,2,3,2,1,2,20,2,2,1,1,2,2,2,2,,,,,,,,,,,,,,,,,,,,,,,,,,,,,,,,,,,,,2,,2,1,2,2,2,3,1,3,,2,2,2,,2,,1,2,1,1,1
045002,1,48,8,4,2,5,1,1,1,1,1,1,2,1,1,2,2,1,1,2,2,1,1,1,1,1,1,1,1,2,2,1,2,2,1,,1,,2,1,3,1,1,5,60,2,1,1,1,1,1,2,4,,,,,,,,,,,,,,2,1,1,30,1,1,1,0,1,1,0,0,0,3,5,120,1,2,,,,1,102,1,3,1,4,2,1,2,3,3,1,,1,1,1,2,1,2,1,2,1,1,1
045103,1,49,3,3,1,2,0,1,1,2,,2,2,2,,,4,1,1,2,2,1,1,1,1,1,1,1,1,2,2,2,2,1,2,2,2,2,2,2,,,,,,,,,,,,,,2,2,20,1,2,2,2,2,1,2,2,2,2,,,,,,,,,,,,,,,,,,,,,,,,2,,1,2,2,2,2,3,1,1,,2,2,1,1,2,,1,2,1,2,2
045204,1,50,2,6,1,2,1,1,1,2,,2,2,1,1,2,2,1,2,2,2,1,1,1,1,1,1,1,1,1,1,,1,,2,2,2,2,1,1,2,1,1,2,30,1,1,2,1,2,2,2,1,3,2,30,1,2,2,2,1,1,2,2,2,2,,,,,,,,,,,,,,,,,,,5,15,1,1,10,2,,2,2,1,1,2,3,3,1,,2,1,2,,1,1,1,1,1,1,1
045301,2,54,3,3,1,1,1,2,2,2,,2,2,2,,,3,1,2,2,2,1,1,1,1,1,1,1,2,2,1,,2,2,2,2,2,2,2,2,2,2,1,4,30,2,2,1,2,2,2,2,2,,,,,,,,,,,,,,,,,,,,,,,,,,,,,,,,,,,,,2,,1,1,1,2,3,3,3,3,,1,2,2,,2,,1,2,1,1,2
045402,1,54,6,3,1,2,1,1,1,1,1,2,2,2,,,1,1,1,2,1,1,1,1,1,1,1,1,1,2,2,2,2,2,2,2,2,2,2,1,,,,,,,,,,,,,,,,,,,,,,,,,,,,,,,,,,,,,,,,,,,,,,,,1,60,,,,,,,,,,,3,1,1,1,2,1,1,1,1,1,1,1
045503,1,48,6,3,2,3,1,1,1,1,1,1,2,1,1,1,2,1,2,2,3,1,1,1,1,1,1,1,1,1,2,1,2,1,2,2,2,2,1,1,4,1,1,3,120,1,1,2,2,2,2,2,1,2,4,20,1,2,1,2,2,2,2,2,2,2,,,,,,,,,,,,,,,,,,,2,60,1,1,90,2,,2,4,1,2,2,3,3,1,,2,2,2,,2,,1,1,1,1,1
045604,2,53,3,3,2,5,1,1,1,1,1,2,2,2,,,2,1,2,2,2,1,1,1,1,1,1,1,2,2,2,1,2,2,2,2,2,2,1,1,1,2,1,2,30,1,1,2,1,2,2,2,2,,,,,,,,,,,,,,,,,,,,,,,,,,,,,,,,1,20,1,1,30,2,,4,2,2,2,3,3,3,3,,2,2,2,,2,,1,2,1,1,2
045701,1,34,2,6,1,2,0,2,2,2,,2,2,2,,,1,1,2,2,1,1,1,1,1,1,2,1,1,1,2,2,2,2,1,,2,2,2,2,,,,,,,,,,,,,,,,,,,,,,,,,,,2,1,2,30,1,1,1,0,0,1,0,0,0,3,,,,,,,,,,2,,1,3,1,2,3,3,3,1,,1,1,1,1,1,1,1,1,1,1,1
045903,2,27,3,3,2,3,0,2,2,2,,2,2,2,,,5,1,1,2,1,1,1,1,1,1,1,1,1,2,2,2,2,1,2,2,2,2,2,2,,,,,,,,,,,,,,3,4,120,1,2,2,2,2,1,2,2,2,2,,,,,,,,,,,,,,,,,,,,,,,,1,3,1,2,2,2,3,3,2,2,,2,1,2,,2,,1,1,2,1,1
046004,1,30,8,4,1,2,1,1,2,2,,2,2,2,,,4,1,2,2,1,1,1,1,1,1,1,1,2,2,2,2,1,,2,2,1,,2,1,,,,,,,,,,,,,,2,4,10,2,2,2,2,1,2,2,2,2,2,,,,,,,,,,,,,,,2,20,1,2,,,,2,60,1,3,2,2,2,1,2,3,3,1,,2,2,2,,1,2,1,1,1,1,1
046101,1,26,8,5,1,1,1,1,2,2,,1,2,1,1,2,1,1,2,2,1,1,1,1,1,1,1,1,1,1,1,,2,2,2,2,2,2,1,2,1,2,1,5,120,1,2,2,2,1,2,2,2,,,,,,,,,,,,,,,,,,,,,,,,,,,,,,,,2,120,2,,,1,5,2,3,2,1,1,3,3,3,,2,1,2,,2,,1,1,1,2,1
046303,2,40,6,3,2,4,1,1,1,2,,2,2,1,1,2,2,1,2,2,2,1,1,1,1,1,1,1,1,2,2,2,2,2,2,2,2,2,2,1,,,,,,,,,,,,,,,,,,,,,,,,,,,,,,,,,,,,,,,,,,,,,,,,1,30,,,,,,,,,,,3,2,2,2,,2,,1,2,1,2,1
046404,2,55,6,3,1,1,1,1,2,2,,2,2,1,1,2,2,1,2,2,3,1,1,2,1,1,1,2,1,1,1,,2,2,1,,2,2,2,1,2,2,1,2,180,1,1,1,1,2,1,2,2,,,,,,,,,,,,,,1,2,6,30,1,1,0,1,0,1,0,0,0,3,,,,,,,,1,60,2,,4,4,2,1,3,3,3,1,,2,2,2,,2,,1,1,1,1,1
046501,1,15,2,6,2,3,1,1,2,2,,2,2,1,1,2,6,1,2,1,1,1,1,1,1,1,1,1,1,2,2,1,2,2,2,2,1,,2,1,3,2,1,2,25,1,2,2,2,1,2,2,4,,,,,,,,,,,,,,,,,,,,,,,,,,,,2,25,2,1,,,,1,13,2,,4,4,1,2,2,3,3,1,,1,2,2,,2,,1,1,1,1,1
046602,1,35,3,3,2,3,1,1,1,2,,2,2,2,,,5,1,2,2,1,1,1,1,1,1,1,1,1,2,2,2,2,2,2,1,1,,2,2,,,,,,,,,,,,,,,,,,,,,,,,,,,1,2,2,20,1,1,0,0,0,1,0,1,0,1,5,15,1,2,,,,,,2,,2,2,2,1,2,3,1,3,,2,2,2,,2,,1,1,1,1,2
046703,1,49,2,2,1,1,0,2,2,2,,2,2,1,1,2,3,1,2,1,2,1,1,1,1,1,1,2,1,,,,,,,,,,,,,,,,,,,,,,,,,,,,,,,,,,,,,,,,,,,,,,,,,,,,,,,,,,,,,,,,,,,,,,,,,,,,,,,,,,
046804,2,31,3,3,3,3,0,2,1,2,,2,2,2,,,6,1,2,1,1,1,1,1,2,1,2,1,1,1,1,,2,2,2,1,1,,1,1,2,1,1,2,120,1,1,2,1,1,2,2,2,,,,,,,,,,,,,,1,2,1,120,1,1,1,1,1,1,1,1,0,1,2,60,2,1,1,60,1,1,30,1,2,2,2,2,1,1,3,3,1,,2,2,2,,2,,1,1,1,1,1
046901,2,68,2,6,2,2,1,1,1,2,,2,2,1,1,2,3,1,2,2,2,1,3,2,1,1,1,1,2,1,2,2,2,2,2,2,2,2,2,2,,,,,,,,,,,,,,,,,,,,,,,,,,,,,,,,,,,,,,,,,,,,,,,,,,,,,,,,,,,,5,2,2,2,,2,,1,2,1,1,2
047002,2,20,8,2,3,4,1,2,1,1,1,1,2,1,1,2,6,1,2,2,2,1,1,1,2,1,1,1,1,1,2,1,2,2,2,2,1,,2,1,1,1,2,4,30,1,1,2,2,2,2,2,1,,,,,,,,,,,,,,,,,,,,,,,,,,,,4,20,1,2,,,,1,60,1,5,3,3,2,2,3,3,3,1,,2,2,2,,1,1,1,2,1,1,2
047103,2,20,3,1,2,3,0,2,1,2,,2,2,1,1,2,7,1,2,2,1,1,1,1,1,1,1,1,2,2,2,1,2,2,2,2,1,,1,1,8,1,2,2,30,1,1,2,2,1,2,2,1,,,,,,,,,,,,,,,,,,,,,,,,,,,,1,60,1,2,1,30,1,1,120,2,,1,3,2,1,1,3,3,1,,2,1,2,,1,1,1,2,1,1,2
047204,2,76,0,,1,3,1,1,2,2,,2,2,2,,,2,1,2,1,2,1,1,3,1,1,1,1,1,,,,,,,,,,,,,,,,,,,,,,,,,,,,,,,,,,,,,,,,,,,,,,,,,,,,,,,,,,,,,,,,,,,,,,,,,,,,,,,,,,
047301,1,52,2,3,2,2,1,2,1,1,1,2,2,1,1,2,2,1,2,2,1,1,1,1,1,1,1,1,1,1,2,2,2,2,2,2,2,2,2,1,,,,,,,,,,,,,,,,,,,,,,,,,,,,,,,,,,,,,,,,,,,,,,,,1,30,,,,,,,,,,,9,2,2,2,,2,,1,2,1,1,2
047402,2,84,0,,1,1,1,1,1,2,,2,2,2,,,2,1,2,2,1,1,1,3,3,1,1,1,1,1,2,2,2,2,2,2,2,2,2,2,,,,,,,,,,,,,,,,,,,,,,,,,,,,,,,,,,,,,,,,,,,,,,,,,,,,,,,,,,,,5,2,2,2,,2,,2,,,,
047503,2,35,6,3,2,3,1,1,1,2,,1,2,1,1,2,5,1,2,2,1,1,1,1,1,1,1,1,1,1,2,1,2,2,2,2,2,2,2,1,2,2,1,3,60,2,1,2,1,2,2,2,2,,,,,,,,,,,,,,,,,,,,,,,,,,,,,,,,,,,1,120,2,,3,3,1,1,3,3,3,1,,2,2,1,2,1,1,1,2,1,1,2
047604,2,32,3,3,1,2,0,1,1,2,,2,2,1,1,2,5,1,2,1,1,1,1,1,2,1,1,1,1,1,1,,2,1,2,2,2,2,2,1,1,2,1,2,15,2,1,1,2,2,2,2,2,4,2,15,1,2,2,2,2,1,2,2,2,2,,,,,,,,,,,,,,,,,,,,,,1,60,1,6,2,3,2,1,3,3,3,1,,2,2,2,,1,1,1,2,1,1,1
047701,1,81,0,,3,6,1,1,1,1,1,2,2,1,1,2,3,1,2,2,2,1,1,1,1,1,1,1,1,,,,,,,,,,,,,,,,,,,,,,,,,,,,,,,,,,,,,,,,,,,,,,,,,,,,,,,,,,,,,,,,,,,,,,,,,,,,,,,,,,
047802,1,16,6,1,3,4,1,2,1,1,1,2,1,1,1,2,4,1,2,2,1,1,1,1,1,1,1,1,1,1,2,2,2,2,2,1,2,2,1,1,,,,,,,,,,,,,,,,,,,,,,,,,,,1,2,1,15,1,0,1,0,0,0,0,0,0,2,,,,,4,240,1,3,60,2,,2,2,2,1,1,3,3,3,,2,2,1,2,1,1,1,1,2,2,2
047903,1,52,2,6,2,5,1,1,1,1,1,2,2,1,1,2,4,1,2,2,3,2,1,3,2,1,1,1,2,2,2,2,2,2,2,2,2,2,2,2,,,,,,,,,,,,,,,,,,,,,,,,,,,,,,,,,,,,,,,,,,,,,,,,,,,,,,,,,,,,7,2,2,2,,2,,1,2,1,2,2
048004,2,43,3,3,2,3,0,1,1,1,1,1,2,1,1,2,4,1,1,2,2,1,2,2,2,1,1,1,1,2,2,2,2,2,2,2,2,2,1,1,,,,,,,,,,,,,,,,,,,,,,,,,,,,,,,,,,,,,,,,,,,,,1,30,1,1,30,1,6,2,1,2,2,2,3,3,1,,2,2,2,,2,,1,1,1,2,2
048202,2,30,2,6,2,5,1,1,1,1,1,2,2,2,,,6,1,2,2,2,1,1,1,1,1,1,1,2,2,2,1,2,2,2,2,2,2,2,2,1,2,1,2,60,1,2,2,1,2,2,2,2,,,,,,,,,,,,,,,,,,,,,,,,,,,,,,,,,,,,,2,,2,3,2,2,2,3,3,1,,1,1,1,1,2,,1,2,1,1,2
048303,1,61,3,3,1,7,1,1,1,2,,2,2,2,,,2,1,2,2,2,3,2,2,2,1,2,2,2,1,1,,1,,1,,2,2,2,2,3,2,1,2,60,2,2,2,1,2,2,2,3,2,2,60,2,2,2,2,2,1,1,2,2,2,2,1,2,60,2,0,0,0,0,0,0,1,0,3,,,,,,,,,,1,6,3,3,1,2,2,3,1,1,,2,1,1,2,1,1,1,2,1,1,1
048404,2,21,3,3,1,2,1,1,1,1,1,2,2,2,,,3,1,2,2,1,1,1,1,1,1,1,1,2,2,1,,2,2,2,2,2,2,2,2,3,2,1,2,15,1,2,2,1,2,2,2,2,,,,,,,,,,,,,,,,,,,,,,,,,,,,,,,,,,,,,1,6,2,3,1,2,2,3,3,1,,1,1,1,1,1,1,1,1,1,1,1
048501,1,66,3,3,1,2,1,1,1,1,1,2,2,2,,,2,1,2,1,2,1,1,1,1,1,1,1,1,1,1,,1,,2,2,2,2,2,1,3,2,1,1,10,2,2,2,1,2,2,2,3,3,1,10,2,2,2,2,1,1,2,2,2,2,,,,,,,,,,,,,,,,,,,,,,1,5,2,,1,1,2,2,2,3,1,1,,2,1,2,,2,,1,2,2,2,2
048602,1,35,8,5,2,4,1,1,1,1,1,1,2,1,1,1,5,1,2,2,2,1,1,1,1,1,1,1,1,1,1,,1,,2,2,2,2,1,1,3,1,1,1,30,2,2,2,1,1,1,2,1,4,2,20,1,2,2,2,2,1,2,2,2,2,,,,,,,,,,,,,,,,,,,2,20,2,1,60,2,,4,3,2,1,1,3,3,1,,2,2,1,2,1,1,1,2,2,1,1
048703,2,30,3,3,1,2,1,1,1,1,1,2,2,1,1,2,4,1,2,2,1,1,1,1,1,1,1,1,2,1,1,,2,2,2,2,2,1,2,1,4,2,1,5,20,1,2,2,1,2,2,2,3,,,,,,,,,,,,,,,,,,,,,,,,,,,,5,20,1,2,,,,1,30,2,,2,3,2,1,3,3,3,1,,2,1,1,1,1,1,1,1,1,1,1
048804,1,34,8,4,1,3,1,1,1,2,,2,2,1,1,2,4,1,1,2,2,1,1,1,1,1,1,1,1,1,1,,1,,2,1,2,2,2,1,2,2,1,3,15,1,2,1,1,2,2,2,2,2,4,15,1,2,2,2,2,1,2,2,2,2,1,2,1,5,1,0,0,0,0,1,0,0,0,1,,,,,,,,1,20,2,,2,3,2,1,3,3,3,1,,2,2,2,,2,,1,2,1,1,1
048901,2,61,3,3,2,2,1,1,1,1,2,2,2,1,1,2,3,1,2,2,1,1,3,3,3,4,3,4,1,2,1,,2,2,2,2,2,2,2,2,1,2,1,2,120,1,2,2,1,2,2,2,3,,,,,,,,,,,,,,,,,,,,,,,,,,,,,,,,,,,,,1,5,4,4,2,2,3,3,3,1,,2,2,2,,2,,1,2,1,2,2
049002,1,35,3,3,3,4,1,1,2,2,,2,2,1,1,2,6,1,2,2,1,1,1,1,1,1,2,1,1,2,2,2,2,2,2,2,2,2,2,1,,,,,,,,,,,,,,,,,,,,,,,,,,,,,,,,,,,,,,,,,,,,,,,,1,15,,,,,,,,,,,1,2,2,1,2,2,,1,2,1,1,2
049103,1,63,0,,1,3,1,2,2,2,,2,2,2,,,1,1,2,2,1,1,2,2,1,1,1,1,1,,,,,,,,,,,,,,,,,,,,,,,,,,,,,,,,,,,,,,,,,,,,,,,,,,,,,,,,,,,,,,,,,,,,,,,,,,,,,,,,,,
049301,2,38,8,4,2,4,1,1,1,2,,1,2,1,1,1,2,1,2,2,1,1,1,1,1,1,1,1,2,1,1,,2,1,2,2,2,2,1,1,4,2,1,2,60,2,1,1,2,2,2,2,2,3,2,15,1,1,2,2,1,2,1,2,2,2,,,,,,,,,,,,,,,,,,,1,120,1,1,180,1,6,3,4,2,1,2,3,3,1,,2,1,1,1,1,1,1,2,1,1,1
049402,1,49,2,6,1,3,1,1,1,1,1,2,2,1,1,2,4,1,2,2,1,1,1,2,1,1,1,1,2,1,2,2,2,2,2,2,2,2,1,1,,,,,,,,,,,,,,,,,,,,,,,,,,,,,,,,,,,,,,,,,,,,,1,10,1,1,10,2,,2,4,2,2,2,3,3,1,,2,2,2,,1,1,1,2,2,2,2
049503,2,49,6,3,2,4,1,1,1,2,,2,2,1,1,2,2,1,2,2,1,1,1,1,1,1,1,1,2,1,1,,1,,2,2,1,,1,1,3,1,1,3,30,1,2,2,2,1,2,2,1,3,3,30,1,2,2,2,2,2,2,1,2,2,,,,,,,,,,,,,,,5,30,1,1,5,30,1,1,15,2,,2,4,2,1,2,3,3,1,,1,1,1,2,1,3,1,2,2,2,1
049604,1,46,3,3,2,3,1,1,1,1,1,2,2,1,1,2,3,1,2,2,1,1,1,1,1,1,1,1,1,1,1,,2,2,1,,2,2,2,2,4,2,1,4,180,1,1,2,2,2,2,2,2,,,,,,,,,,,,,,2,1,6,5,1,0,0,0,0,1,0,0,0,3,,,,,,,,,,1,6,4,3,1,2,3,3,3,1,,1,1,1,2,2,,1,2,1,1,1
049701,2,78,2,6,1,4,1,1,1,2,,2,2,2,,,2,1,2,2,3,1,1,2,1,1,1,1,2,2,2,2,2,2,2,2,2,2,2,2,,,,,,,,,,,,,,,,,,,,,,,,,,,,,,,,,,,,,,,,,,,,,,,,,,,,,,,,,,,,1,2,1,2,,2,,1,2,1,1,2
049802,2,59,8,4,3,6,2,1,1,1,1,1,2,1,1,2,3,1,2,2,2,1,1,1,1,1,1,1,2,1,1,,1,,1,,2,1,1,1,5,2,1,3,180,1,1,1,1,1,1,2,3,6,4,60,1,2,2,1,1,1,1,1,1,2,1,2,3,30,1,1,0,1,0,0,0,0,1,1,5,30,2,1,1,30,1,1,30,2,,2,4,1,1,3,3,3,1,,1,1,1,1,1,1,1,1,1,1,1
049903,2,59,6,3,2,4,1,1,1,1,1,2,2,1,1,2,2,1,2,2,2,3,3,1,3,1,1,1,2,1,1,,2,1,2,1,1,,1,1,6,2,1,1,40,1,1,1,1,1,1,2,4,5,2,30,2,1,2,1,1,1,2,2,1,2,1,2,3,60,1,0,1,0,0,1,0,0,0,1,1,240,1,2,1,180,1,1,180,1,8,1,4,2,2,1,3,3,1,,2,2,2,,1,1,1,1,1,1,1
050004,1,67,2,2,1,2,1,1,1,1,1,2,2,1,2,2,1,1,2,2,2,2,1,2,1,1,1,1,2,2,2,2,2,2,2,2,2,2,2,1,,,,,,,,,,,,,,,,,,,,,,,,,,,,,,,,,,,,,,,,,,,,,,,,1,30,,,,,,,,,,,6,2,2,2,,2,,1,1,1,1,2
050101,1,62,6,3,2,4,1,1,1,1,1,2,2,1,1,2,3,1,2,2,4,1,1,1,1,1,1,1,2,1,1,,1,,2,2,2,2,2,2,4,2,1,3,60,1,2,1,2,2,1,2,3,3,3,15,1,2,1,2,2,2,2,1,2,2,,,,,,,,,,,,,,,,,,,,,,,,2,,4,3,2,2,2,3,3,1,,2,2,2,,1,2,1,2,2,1,1
050202,1,12,2,6,2,3,1,1,1,1,1,2,2,2,,,8,1,2,2,1,1,1,2,2,1,1,1,2,1,1,,2,2,2,2,1,,2,2,4,1,1,2,40,1,2,2,2,1,2,2,1,,,,,,,,,,,,,,,,,,,,,,,,,,,,1,5,1,2,,,,,,2,,2,3,2,2,3,3,3,3,,1,2,2,,2,,1,2,2,2,2
050303,2,47,3,3,4,5,1,1,1,1,3,2,2,1,1,1,5,1,2,2,3,1,1,2,1,1,1,1,2,1,2,2,2,2,2,2,2,2,1,1,,,,,,,,,,,,,,,,,,,,,,,,,,,,,,,,,,,,,,,,,,,,,1,60,1,1,60,1,8,2,3,2,2,2,3,3,1,,2,2,2,,1,1,1,2,1,1,9
050404,2,41,2,6,3,4,2,1,1,1,1,1,2,1,1,1,4,1,2,2,1,1,1,1,1,1,1,1,2,1,2,2,2,2,2,2,2,2,1,1,,,,,,,,,,,,,,,,,,,,,,,,,,,,,,,,,,,,,,,,,,,,,1,120,1,1,180,2,,2,4,2,2,3,3,3,1,,2,2,2,,2,,1,2,1,1,1
050501,2,32,3,3,2,2,0,1,1,2,,2,1,1,1,2,4,1,2,2,2,1,1,1,2,1,1,1,2,2,2,2,2,2,2,2,2,2,2,1,,,,,,,,,,,,,,,,,,,,,,,,,,,,,,,,,,,,,,,,,,,,,,,,1,420,,,,,,,,,,,1,2,2,2,,2,,1,1,2,1,2
050703,1,36,8,4,1,4,1,1,1,1,2,1,2,1,1,2,3,1,2,2,1,1,1,1,1,1,1,1,2,2,2,1,2,2,2,2,2,2,2,1,9,2,1,1,4,1,2,2,2,1,2,2,3,,,,,,,,,,,,,,,,,,,,,,,,,,,,,,,,,,,1,300,2,,2,3,2,1,2,3,3,3,,2,2,2,,1,1,1,2,2,2,2
050804,1,15,3,3,2,2,1,1,1,2,,2,2,1,1,2,5,1,2,2,1,1,1,1,1,1,1,1,1,1,1,,2,1,2,2,2,2,1,1,4,2,1,2,20,1,1,1,1,2,1,2,2,4,4,20,1,1,2,1,1,2,2,1,2,2,,,,,,,,,,,,,,,,,,,2,15,1,1,60,2,,2,2,1,1,2,3,3,1,,2,1,1,2,1,1,1,2,2,1,1
050901,1,19,3,3,3,6,1,1,1,1,1,1,2,1,1,1,4,1,2,2,1,1,1,1,1,1,1,1,2,1,1,,2,2,2,2,2,2,1,1,2,2,1,3,30,1,2,1,1,1,2,2,3,,,,,,,,,,,,,,,,,,,,,,,,,,,,,,,,2,20,1,1,60,2,,3,3,2,1,2,3,3,1,,1,1,2,,1,1,1,1,1,1,1
051103,2,44,2,6,1,2,1,1,1,2,,2,2,1,1,1,4,1,2,2,1,1,1,2,3,1,3,3,2,1,1,,2,2,2,2,2,2,1,1,1,2,1,2,30,2,2,2,1,2,2,2,2,,,,,,,,,,,,,,,,,,,,,,,,,,,,,,,,1,120,1,1,10,2,,2,4,2,1,3,3,3,1,,2,1,1,2,2,,1,2,1,1,1
051204,1,45,6,3,2,4,1,1,1,2,,1,2,1,1,2,2,1,2,2,2,1,1,1,1,1,1,1,1,1,1,,2,2,1,,2,2,2,1,1,2,1,2,120,1,2,2,1,2,2,2,3,,,,,,,,,,,,,,2,1,2,15,1,0,1,0,0,0,0,0,0,3,,,,,,,,1,120,1,4,2,3,2,1,2,3,3,1,,2,1,1,2,1,2,1,1,1,1,1
051301,2,30,8,4,1,4,1,1,1,1,2,1,1,1,1,1,3,1,2,2,1,1,1,1,1,1,1,1,2,1,1,,2,1,2,2,2,2,2,1,1,2,1,5,60,1,2,2,2,1,2,2,3,2,4,120,2,2,1,2,2,2,2,2,2,2,,,,,,,,,,,,,,,,,,,,,,1,60,2,,3,3,2,1,3,3,3,1,,1,1,1,2,1,1,1,1,1,1,1
051402,2,67,5,2,2,4,1,1,1,1,1,2,2,1,1,1,3,1,2,2,3,3,2,2,2,1,2,2,2,1,1,,2,2,2,2,2,2,1,1,1,2,1,2,30,2,2,2,1,2,2,2,3,,,,,,,,,,,,,,,,,,,,,,,,,,,,,,,,1,15,1,1,5,2,,2,1,2,1,2,3,3,1,,2,1,2,,1,1,1,2,1,1,1
051503,1,50,8,4,1,6,3,1,1,1,1,1,2,1,1,1,2,1,2,2,1,1,1,1,1,1,1,1,2,1,1,,2,1,2,2,2,2,1,1,3,1,2,3,30,1,1,1,2,1,2,2,1,4,3,20,1,1,1,1,2,2,2,1,2,2,,,,,,,,,,,,,,,,,,,2,40,1,1,30,1,5,2,4,2,1,2,3,3,1,,1,1,1,2,1,1,1,1,1,1,1
051604,2,69,5,3,1,5,2,1,1,1,2,2,2,1,1,1,1,1,2,2,1,1,1,2,2,1,1,1,1,1,1,,2,2,2,2,2,2,2,1,1,2,1,3,10,1,2,2,1,2,2,2,2,,,,,,,,,,,,,,,,,,,,,,,,,,,,,,,,,,,2,20,2,,1,1,2,2,2,3,3,3,,1,1,2,,2,,1,2,2,1,1
051701,2,43,6,3,2,4,1,1,1,1,1,2,2,1,1,2,3,1,2,2,1,1,1,1,1,1,1,1,2,1,1,,2,2,2,2,2,2,2,1,1,2,1,5,10,1,2,2,1,2,2,2,2,,,,,,,,,,,,,,,,,,,,,,,,,,,,,,,,,,,1,15,2,,3,3,2,2,2,3,3,1,,2,2,2,,2,,1,2,2,1,1
051802,1,27,3,3,1,3,1,1,1,2,,2,2,1,1,2,1,1,2,2,1,1,1,1,1,1,1,1,2,2,2,2,1,,2,2,2,2,1,1,,,,,,,,,,,,,,2,4,20,1,2,2,2,2,2,1,2,2,2,,,,,,,,,,,,,,,,,,,1,20,1,1,280,2,,2,3,2,1,2,3,3,1,,2,2,1,2,1,1,1,2,2,1,2
051903,1,15,3,3,2,3,1,1,1,1,1,2,2,1,1,1,3,1,2,2,1,2,1,1,3,1,2,2,2,2,2,1,2,2,2,2,1,,2,1,5,1,2,2,60,1,1,1,1,1,1,2,4,,,,,,,,,,,,,,,,,,,,,,,,,,,,2,60,1,2,,,,1,120,2,,2,3,1,1,3,3,1,1,,2,2,2,,2,,1,1,2,2,2
052004,1,49,6,2,2,4,1,1,1,1,1,2,2,1,1,1,5,1,2,2,1,1,1,1,1,1,1,1,1,2,2,1,2,2,2,2,2,2,2,1,15,1,2,3,15,2,2,2,2,1,2,2,1,,,,,,,,,,,,,,,,,,,,,,,,,,,,,,,,,,,1,180,2,,2,2,2,1,3,3,3,1,,2,1,1,1,1,1,1,2,1,1,1
052202,1,37,8,4,1,1,1,1,2,2,,2,2,2,,,1,1,2,2,1,1,1,1,1,1,1,1,2,1,1,,2,2,2,2,2,2,2,1,3,1,2,2,30,1,1,1,2,2,2,2,1,,,,,,,,,,,,,,,,,,,,,,,,,,,,,,,,,,,1,120,2,,4,3,2,1,3,3,3,1,,1,1,1,1,1,3,1,2,2,2,1
052303,2,16,3,1,2,3,2,1,1,1,3,2,1,1,1,1,4,1,2,2,1,1,1,1,2,1,1,1,2,1,1,,2,2,2,2,2,2,1,1,12,1,2,1,120,1,1,1,1,2,1,2,1,,,,,,,,,,,,,,,,,,,,,,,,,,,,,,,,1,60,1,2,20,1,3,2,3,1,1,2,3,3,2,,2,1,1,2,1,1,1,1,1,1,1
052404,1,52,8,4,1,3,2,1,1,1,1,2,2,1,1,1,1,1,2,2,1,1,1,1,1,1,1,1,2,2,2,2,2,2,2,2,2,2,1,1,,,,,,,,,,,,,,,,,,,,,,,,,,,,,,,,,,,,,,,,,,,,,1,120,1,1,120,2,,2,3,2,1,2,3,3,1,,2,2,2,,2,,1,1,1,1,1
052501,1,70,6,3,3,5,2,1,1,1,2,2,2,1,1,1,4,1,2,2,1,1,1,1,1,1,1,1,2,1,1,,2,2,1,,2,2,2,1,2,2,1,1,120,1,2,2,1,1,2,2,2,,,,,,,,,,,,,,2,1,2,60,1,1,1,1,1,1,1,0,0,2,,,,,,,,1,20,2,,2,4,2,2,2,3,3,1,,2,2,1,1,1,2,1,1,1,2,1
052602,1,28,6,3,2,4,2,1,1,1,1,1,2,1,1,1,4,2,2,2,1,1,1,1,1,1,1,1,2,2,2,2,2,2,2,2,2,2,2,2,,,,,,,,,,,,,,,,,,,,,,,,,,,,,,,,,,,,,,,,,,,,,,,,,,,,,,,,,,,,1,2,2,2,,2,,1,2,2,2,2
052703,1,48,10,2,4,7,2,1,2,1,1,1,2,1,1,1,1,1,2,2,2,1,1,1,1,1,1,1,2,1,1,,2,2,2,1,1,,1,1,3,2,1,1,120,1,2,2,1,1,2,2,3,,,,,,,,,,,,,,1,2,7,20,2,1,1,1,0,1,1,1,0,1,1,15,1,2,1,60,1,1,60,2,,2,4,2,1,3,3,3,1,,2,1,1,2,1,1,1,1,1,1,1
052804,1,39,8,5,3,5,2,1,1,1,3,1,2,1,1,2,3,1,2,2,1,1,1,1,2,1,1,1,2,1,1,,2,2,2,1,2,2,1,1,3,2,1,5,20,1,1,1,1,2,2,2,1,,,,,,,,,,,,,,1,2,1,20,1,0,1,0,0,0,0,0,0,1,,,,,5,30,2,1,180,2,,2,2,1,1,3,3,3,1,,1,1,2,,1,1,1,1,1,1,1
052901,1,51,8,4,2,6,2,1,1,1,4,1,1,1,1,1,2,1,2,2,1,1,1,1,1,1,1,1,2,1,1,,2,2,2,2,2,2,2,1,2,1,2,2,30,1,2,2,2,1,2,2,1,,,,,,,,,,,,,,,,,,,,,,,,,,,,,,,,,,,1,40,2,,2,4,2,2,3,3,3,1,,1,1,1,2,1,1,1,2,2,1,1
053002,1,19,8,2,3,4,2,1,1,1,2,1,1,1,1,1,4,1,2,2,1,1,1,1,1,1,1,1,2,2,2,1,2,1,1,,2,1,1,1,3,1,2,4,30,2,1,1,2,1,2,2,1,15,2,45,1,2,1,1,1,2,1,1,2,2,2,1,2,60,2,0,1,1,1,0,1,0,0,3,5,10,1,2,1,60,1,1,60,2,,3,3,2,1,2,3,3,1,,2,1,2,,1,2,1,1,1,1,2
053103,1,37,8,5,2,5,1,1,1,1,2,1,2,1,1,1,4,1,2,2,1,1,1,1,1,1,1,1,2,1,2,1,1,,1,,2,2,1,1,2,1,2,5,30,2,1,1,2,2,1,2,2,5,3,30,1,1,1,2,1,2,1,1,2,2,1,2,5,10,1,0,1,0,0,0,1,1,0,1,,,,,1,30,1,1,60,2,,2,3,2,1,2,3,3,1,,1,2,2,,1,1,1,1,1,1,1
053204,1,98,8,5,3,5,2,1,1,1,2,1,2,1,1,2,4,1,2,2,2,3,2,1,1,1,1,1,2,1,2,1,2,2,2,2,2,2,1,1,2,1,2,4,40,1,2,1,1,2,2,2,1,,,,,,,,,,,,,,,,,,,,,,,,,,,,,,,,3,60,1,1,60,2,,1,2,2,2,2,3,1,1,,2,1,2,,1,1,1,1,1,2,1
053301,1,23,3,3,3,5,1,1,1,1,2,1,1,1,1,1,3,1,2,2,1,1,1,1,1,1,1,1,2,2,2,2,2,2,2,2,2,2,1,1,,,,,,,,,,,,,,,,,,,,,,,,,,,,,,,,,,,,,,,,,,,,,1,10,1,1,480,1,6,2,3,2,1,2,3,3,1,,2,2,2,,1,1,1,2,2,2,1
053402,1,28,6,3,2,3,1,1,1,1,1,1,2,1,1,2,1,1,2,2,1,1,1,1,1,1,1,1,2,2,2,2,2,2,2,2,2,2,2,1,,,,,,,,,,,,,,,,,,,,,,,,,,,,,,,,,,,,,,,,,,,,,,,,2,120,,,,,,,,,,,1,2,2,2,,2,,1,2,2,2,2
053503,1,30,6,3,2,3,1,1,1,2,,2,2,1,1,1,3,1,2,2,1,1,1,1,1,1,1,1,2,1,1,,2,2,2,2,2,2,2,1,1,2,1,2,30,1,2,2,1,2,2,2,3,,,,,,,,,,,,,,,,,,,,,,,,,,,,,,,,,,,1,60,2,,2,1,2,2,2,3,3,1,,2,2,1,2,2,,1,1,1,1,9
053604,2,54,2,6,1,2,1,1,1,1,1,2,2,1,1,2,2,1,2,2,1,1,1,1,1,1,1,1,2,1,1,,2,2,2,2,2,2,2,1,1,2,1,2,20,2,2,2,1,2,2,2,2,,,,,,,,,,,,,,,,,,,,,,,,,,,,,,,,,,,1,10,2,,2,1,2,2,2,3,3,1,,2,1,1,1,1,1,1,2,2,1,2
053701,1,46,8,5,3,7,2,1,1,1,4,1,2,1,1,1,4,1,1,2,2,1,1,1,1,1,1,1,1,2,2,1,2,2,2,2,2,2,1,1,2,2,1,4,30,1,2,1,1,2,2,2,3,,,,,,,,,,,,,,,,,,,,,,,,,,,,,,,,2,30,1,1,60,2,,2,3,2,1,2,3,3,1,,1,1,1,2,1,2,1,1,1,1,1
053802,1,42,6,3,4,6,3,1,1,1,2,1,2,1,1,2,6,1,2,2,1,1,1,1,1,1,1,1,2,2,2,1,2,2,2,2,2,2,2,1,1,2,1,5,60,1,1,2,2,2,2,2,2,,,,,,,,,,,,,,,,,,,,,,,,,,,,,,,,,,,5,60,2,,3,4,2,2,3,3,3,3,,2,2,2,,1,9,1,9,1,2,2
053903,1,73,8,5,4,6,2,1,1,1,1,1,2,1,1,1,2,1,2,2,2,1,2,2,1,1,1,1,2,1,1,,1,,1,,1,,1,1,2,2,1,2,30,1,1,1,2,2,2,2,3,7,3,20,1,1,1,2,1,1,1,1,1,2,2,1,7,20,1,0,1,1,0,0,0,1,0,3,5,10,2,1,1,30,1,1,30,2,,2,4,2,1,3,3,1,1,,1,1,1,1,1,1,1,1,1,1,1
054004,2,60,3,3,1,5,2,1,1,1,1,2,2,1,1,2,1,1,2,2,2,1,1,1,1,1,1,1,2,2,2,2,2,2,2,1,2,2,2,1,,,,,,,,,,,,,,,,,,,,,,,,,,,2,1,1,3,1,0,0,0,0,0,0,0,1,2,,,,,,,,1,20,2,,2,4,2,1,1,3,1,3,,2,1,2,,1,1,1,1,1,1,1
054101,1,29,6,3,1,3,1,1,1,1,1,2,1,1,1,1,3,1,2,2,1,1,1,1,2,1,1,1,2,1,2,2,2,2,1,,1,,1,1,,,,,,,,,,,,,,,,,,,,,,,,,,,1,2,6,10,1,0,0,0,0,1,0,0,0,1,1,10,1,2,1,30,1,1,240,1,5,4,4,2,1,1,3,3,1,,1,2,2,,1,1,1,1,1,1,1
054202,1,59,2,6,3,5,1,1,1,2,,1,2,1,1,2,3,1,2,2,1,1,1,1,1,1,1,1,2,1,1,,1,,1,,2,2,2,2,3,2,1,3,20,1,2,2,1,1,2,2,3,3,4,30,1,1,1,2,2,2,2,1,2,2,2,1,1,30,1,0,1,0,1,0,0,0,0,3,,,,,,,,,,2,,3,4,2,2,2,3,3,1,,2,1,1,1,1,1,1,2,2,2,2
054303,2,74,2,6,2,6,2,1,1,2,,2,2,1,1,2,3,1,2,2,1,1,1,1,2,1,1,1,2,2,2,1,2,2,2,2,2,2,2,1,1,2,1,2,20,1,2,2,1,2,2,2,2,,,,,,,,,,,,,,,,,,,,,,,,,,,,,,,,,,,1,20,2,,2,3,2,2,2,3,3,1,,1,2,2,,1,1,1,1,1,1,1
054404,2,15,3,2,3,7,3,1,1,1,2,1,1,1,1,1,5,1,2,2,1,1,1,1,2,1,1,1,2,2,2,1,2,1,2,2,2,1,2,1,3,2,1,2,60,2,2,2,1,2,2,2,3,1,5,5,2,2,1,2,2,2,2,2,2,2,,,,,,,,,,,,,,,4,1,2,1,,,,1,30,1,3,2,4,2,1,3,3,1,3,,1,1,1,2,1,1,1,1,1,1,1
054501,2,42,6,2,3,8,1,1,1,1,1,2,2,1,1,2,6,1,2,2,2,1,1,1,1,1,1,1,1,1,1,,1,,2,2,2,2,1,1,3,1,2,4,60,1,1,2,1,1,2,2,1,3,4,60,1,2,2,2,1,2,2,1,1,2,,,,,,,,,,,,,,,,,,,5,120,1,1,120,2,,3,4,1,1,3,3,3,3,,1,2,2,,1,1,1,1,1,1,1
054602,2,60,0,,3,4,0,1,1,2,,2,2,1,2,2,9,1,2,2,1,1,3,2,1,1,1,1,2,1,2,2,2,2,1,,2,2,2,2,,,,,,,,,,,,,,,,,,,,,,,,,,,2,1,3,20,1,0,0,1,1,1,1,1,0,3,,,,,,,,,,2,,1,4,2,2,1,1,3,3,,2,2,2,,2,,2,,,,
054703,1,45,3,3,2,6,1,1,1,1,2,2,2,1,1,2,5,1,2,2,3,2,3,4,3,3,1,1,2,2,2,2,2,2,2,2,2,2,1,1,,,,,,,,,,,,,,,,,,,,,,,,,,,,,,,,,,,,,,,,,,,,,5,60,1,5,20,2,,1,1,2,2,3,3,1,1,,2,2,1,2,1,1,1,2,1,1,1
054804,2,59,3,3,3,7,2,1,1,1,5,2,2,1,2,2,3,1,2,2,2,2,1,2,1,1,1,1,1,2,2,2,2,2,2,2,2,2,1,1,,,,,,,,,,,,,,,,,,,,,,,,,,,,,,,,,,,,,,,,,,,,,2,15,1,5,15,2,,3,1,2,2,3,1,1,3,,2,2,2,,2,,1,2,2,1,2
054901,1,25,8,2,3,5,2,1,1,1,2,2,2,1,1,2,4,1,2,2,1,1,1,1,1,1,1,1,2,2,2,2,2,2,1,,2,2,2,1,,,,,,,,,,,,,,,,,,,,,,,,,,,1,2,5,32,1,1,1,0,0,0,0,1,0,1,,,,,,,,1,60,2,,2,3,2,2,2,3,3,1,,2,2,2,,2,,1,1,1,1,1
055002,1,27,8,5,1,4,1,1,1,1,2,2,1,1,1,1,3,1,2,2,1,1,1,1,1,1,1,1,2,1,1,,2,1,2,2,2,1,1,1,1,2,1,3,60,2,2,1,2,2,2,2,2,5,3,15,2,2,2,2,2,2,1,2,1,2,,,,,,,,,,,,,,,5,15,1,2,2,30,1,1,120,2,,4,3,2,1,3,3,3,1,,2,1,1,1,1,1,1,1,1,1,2
055103,1,27,8,3,3,4,1,1,1,1,1,2,2,1,1,2,3,1,2,2,1,1,1,1,1,1,1,1,2,2,2,1,2,2,2,2,1,,1,1,4,1,2,2,60,1,1,1,1,2,1,2,1,,,,,,,,,,,,,,,,,,,,,,,,,,,,5,60,1,2,2,60,1,1,120,2,,1,4,2,1,2,3,2,3,,2,2,2,,1,1,1,2,1,2,2
055204,2,31,3,3,2,4,1,1,1,1,2,2,2,1,1,1,3,1,2,2,2,1,1,1,1,1,1,1,2,1,1,,2,2,2,2,2,2,1,1,4,2,1,2,10,2,2,1,2,2,2,2,2,,,,,,,,,,,,,,,,,,,,,,,,,,,,,,,,1,5,1,1,50,1,4,4,3,2,1,2,3,3,1,,1,1,1,1,1,1,1,2,1,1,1
055301,1,25,8,1,3,5,1,1,1,1,1,1,2,1,1,2,5,1,2,2,2,1,1,1,2,1,1,2,2,1,1,,2,1,2,1,2,1,1,1,2,1,1,3,180,2,2,2,1,1,2,2,1,2,5,15,2,1,2,2,1,2,2,2,2,2,2,1,1,10,1,0,1,0,0,0,0,0,0,2,5,20,1,2,1,30,1,1,30,2,,3,4,2,1,1,3,3,1,,2,2,2,,1,1,1,2,1,2,2
055402,2,16,6,2,3,5,1,1,1,1,1,1,2,1,1,1,5,1,2,2,2,1,1,1,2,1,1,1,2,2,2,2,2,2,2,2,2,2,2,1,,,,,,,,,,,,,,,,,,,,,,,,,,,,,,,,,,,,,,,,,,,,,,,,5,60,,,,,,,,,,,3,2,2,2,,2,,1,1,1,2,2
055503,1,16,3,3,2,4,1,1,1,1,2,2,2,1,1,1,5,1,2,2,1,1,1,1,2,1,2,1,2,2,2,2,2,2,2,2,2,2,1,1,,,,,,,,,,,,,,,,,,,,,,,,,,,,,,,,,,,,,,,,,,,,,1,5,1,1,60,2,,1,2,2,2,3,3,3,1,,2,2,2,,2,,1,1,1,2,2
055604,2,40,5,2,2,3,1,1,1,2,,1,2,1,1,1,4,1,2,2,1,1,1,1,1,1,1,1,2,2,2,2,2,2,2,2,2,2,2,1,,,,,,,,,,,,,,,,,,,,,,,,,,,,,,,,,,,,,,,,,,,,,,,,1,60,,,,,,,,,,,4,2,2,2,,2,,1,1,1,2,2
055701,1,13,3,1,3,4,1,1,1,1,2,2,1,1,1,1,4,1,2,2,1,1,1,1,2,1,1,1,2,2,2,1,2,1,2,2,1,,2,1,1,2,1,2,30,1,2,2,2,1,2,2,2,1,2,30,1,2,2,2,2,2,2,1,2,2,,,,,,,,,,,,,,,2,30,2,1,,,,2,60,2,,2,3,1,1,1,3,1,1,,2,2,1,2,1,1,1,1,1,1,1
055802,1,20,6,3,2,4,1,1,1,1,1,1,1,1,1,1,5,1,2,2,1,1,1,1,2,1,1,1,2,2,2,2,2,2,2,2,2,2,2,1,,,,,,,,,,,,,,,,,,,,,,,,,,,,,,,,,,,,,,,,,,,,,,,,1,120,,,,,,,,,,,1,2,2,2,,2,,1,1,1,1,1
055903,2,32,6,3,1,2,1,1,1,2,,2,2,2,,,1,1,2,2,1,1,1,1,1,1,1,1,2,1,1,,2,1,2,1,1,,1,1,4,2,1,3,30,1,2,2,2,1,1,2,4,1,4,10,1,2,2,2,2,2,2,2,1,2,1,2,1,3,1,0,0,0,0,1,0,0,0,1,4,60,2,1,1,20,1,1,60,2,,4,4,2,1,3,3,3,3,,2,2,2,,2,,1,2,1,1,2
056004,1,25,0,,2,4,1,1,1,2,,2,2,1,1,2,3,1,2,2,1,1,1,1,1,1,1,1,2,,,,,,,,,,,,,,,,,,,,,,,,,,,,,,,,,,,,,,,,,,,,,,,,,,,,,,,,,,,,,,,,,,,,,,,,,,,,,,,,,,
056101,2,27,3,3,4,6,1,1,1,1,1,1,1,1,1,1,5,1,2,2,1,1,1,1,1,1,2,1,2,2,2,1,1,,2,1,2,2,1,1,3,2,1,4,10,2,1,2,1,2,1,2,2,4,4,5,1,1,1,2,1,1,2,2,2,2,1,2,7,20,1,0,0,0,0,0,0,1,0,1,,,,,1,30,1,1,20,2,,4,3,2,1,3,3,3,1,,2,1,1,2,1,1,1,2,2,2,2
056202,1,22,3,3,3,4,1,1,2,2,,2,2,1,1,2,5,1,2,2,2,1,1,1,1,1,1,1,2,1,2,2,1,,2,1,1,,1,1,,,,,,,,,,,,,,4,5,4,1,1,2,2,1,1,2,1,2,2,1,2,2,45,1,1,1,0,0,1,0,0,0,1,3,40,1,2,1,120,1,1,180,2,,2,4,2,1,1,3,3,1,,2,1,2,,1,1,1,1,1,1,1
056303,2,58,3,3,2,4,1,1,1,2,,2,2,1,2,2,1,1,2,2,2,1,2,2,1,1,1,1,2,1,1,,1,,2,1,2,2,1,1,4,2,1,2,120,2,1,2,1,1,1,2,2,1,2,60,1,2,2,2,2,2,2,2,1,2,1,2,3,30,1,0,1,0,0,1,0,0,0,1,,,,,2,15,1,1,240,2,,2,4,1,1,1,3,3,1,,1,1,1,2,1,2,1,1,1,1,1
056404,2,12,2,6,2,4,1,1,1,1,1,1,2,1,1,2,5,1,2,2,1,1,1,1,1,1,1,1,2,2,2,1,2,2,2,2,2,2,2,2,3,2,1,1,60,2,2,1,1,2,2,2,3,,,,,,,,,,,,,,,,,,,,,,,,,,,,,,,,,,,,,1,5,3,4,2,1,2,3,1,3,,2,2,2,,1,2,1,1,1,1,2
056501,1,56,6,3,3,7,1,1,1,1,1,1,2,1,1,1,4,1,2,2,1,1,1,1,1,1,1,1,1,2,2,2,1,,1,,1,,1,1,,,,,,,,,,,,,,2,4,15,1,2,2,2,1,2,2,2,2,2,2,1,1,4,1,1,1,0,0,0,0,0,0,3,3,10,2,1,5,15,1,1,5,2,,1,1,2,2,2,1,1,3,,2,1,2,,1,1,1,1,1,1,2
056602,1,20,6,3,3,8,2,1,1,1,1,2,2,1,1,2,7,2,2,2,1,1,1,1,1,1,1,1,2,2,2,2,2,2,2,2,2,2,2,1,,,,,,,,,,,,,,,,,,,,,,,,,,,,,,,,,,,,,,,,,,,,,,,,1,400,,,,,,,,,,,1,2,2,1,2,2,,1,1,1,2,2
056703,1,54,3,3,2,3,0,1,1,2,,2,2,1,1,2,3,1,2,2,1,1,1,2,1,1,1,1,2,2,2,2,2,2,1,,2,2,2,2,,,,,,,,,,,,,,,,,,,,,,,,,,,2,1,2,15,1,0,0,0,0,1,0,0,0,3,,,,,,,,,,2,,2,4,2,2,1,3,3,1,,2,1,1,2,1,1,1,1,1,1,1
056804,1,45,3,3,4,8,1,1,1,1,1,2,2,1,1,2,5,1,2,2,2,1,1,1,1,1,1,1,2,1,2,2,2,2,2,1,2,2,1,1,,,,,,,,,,,,,,,,,,,,,,,,,,,1,1,1,60,1,1,1,1,1,1,1,1,0,3,,,,,1,30,1,1,20,1,4,3,3,2,1,2,3,3,1,,1,1,2,,1,1,1,1,1,1,1
056901,1,19,8,1,1,4,1,1,1,1,1,2,1,1,1,1,3,1,2,2,1,1,1,1,1,1,1,1,2,2,2,1,2,2,2,2,2,2,1,1,3,2,1,5,30,2,2,1,2,2,2,2,3,,,,,,,,,,,,,,,,,,,,,,,,,,,,,,,,4,5,2,1,300,1,5,2,4,2,1,3,3,1,1,,1,1,1,2,1,1,1,1,1,1,1
057002,2,53,3,3,4,6,1,1,1,1,2,1,1,1,1,1,5,1,2,2,1,1,1,1,1,1,1,1,2,1,1,,2,1,2,1,2,2,1,1,3,2,1,3,120,1,2,2,2,1,2,2,4,5,4,30,1,2,2,1,1,2,2,1,2,2,1,2,2,10,1,0,0,0,0,1,0,1,0,1,,,,,5,30,1,1,30,2,,2,3,2,2,2,3,3,1,,2,2,2,,2,,1,1,1,1,1
057103,1,41,3,3,2,5,1,1,1,1,1,2,2,1,1,2,3,1,2,2,1,1,1,1,1,1,1,1,2,1,2,2,2,2,2,2,2,2,2,1,,,,,,,,,,,,,,,,,,,,,,,,,,,,,,,,,,,,,,,,,,,,,,,,1,180,,,,,,,,,,,3,2,1,2,,1,2,1,1,1,1,1
057301,1,62,8,4,2,4,1,1,1,1,2,1,2,1,1,1,3,1,2,2,2,1,2,2,2,1,1,1,2,1,2,1,2,2,2,2,2,2,2,1,1,2,1,3,10,2,2,2,1,2,2,2,2,,,,,,,,,,,,,,,,,,,,,,,,,,,,,,,,,,,1,10,2,,2,3,2,2,2,3,3,1,,1,1,2,,1,1,1,2,2,1,1
057503,2,73,2,4,3,4,3,1,1,1,2,1,2,1,1,2,5,2,2,2,2,1,1,2,1,1,1,1,2,1,1,,2,2,2,2,2,2,2,1,3,2,1,1,30,1,2,2,1,2,2,2,3,,,,,,,,,,,,,,,,,,,,,,,,,,,,,,,,,,,1,60,2,,4,3,1,2,2,3,3,1,,2,1,1,2,1,1,1,1,9,1,1
057604,1,27,8,4,3,5,2,1,1,1,3,1,2,1,1,1,3,1,2,2,1,1,1,1,1,1,1,1,2,1,2,1,2,2,1,,2,2,1,1,1,1,2,3,60,1,2,2,2,2,1,2,3,,,,,,,,,,,,,,2,1,1,15,1,1,1,0,0,0,0,0,0,3,,,,,5,20,1,1,60,1,3,3,3,2,1,1,3,3,1,,1,1,1,1,1,2,1,2,2,1,1
057701,2,14,3,2,3,5,2,1,1,2,,1,2,1,1,1,5,1,2,2,1,1,1,1,2,1,1,1,2,2,2,2,2,2,2,2,2,2,2,1,,,,,,,,,,,,,,,,,,,,,,,,,,,,,,,,,,,,,,,,,,,,,,,,1,180,,,,,,,,,,,1,2,2,1,2,1,1,1,1,1,1,1
057802,2,16,3,3,3,4,1,1,2,1,1,2,2,1,1,2,8,1,2,2,1,1,1,1,1,1,1,1,2,2,2,2,1,,2,2,2,2,2,1,,,,,,,,,,,,,,3,4,15,1,2,2,2,2,2,2,2,1,2,,,,,,,,,,,,,,,,,,,,,,1,360,2,,3,3,2,2,3,3,3,3,,2,1,1,1,1,1,1,1,1,2,2
057903,1,37,8,4,2,3,1,1,1,1,2,2,2,1,1,1,4,1,2,2,1,1,1,1,1,1,1,1,2,2,2,1,2,2,2,2,2,2,2,1,1,2,1,5,180,1,2,2,2,1,2,2,2,,,,,,,,,,,,,,,,,,,,,,,,,,,,,,,,,,,1,360,2,,2,3,2,1,2,3,2,1,,2,1,1,2,1,1,1,1,1,1,1
058004,1,32,3,3,1,2,1,1,1,2,,2,2,2,,,4,1,2,2,1,1,1,1,2,1,1,1,2,1,1,,1,,1,,2,2,1,1,2,2,1,3,60,1,2,2,2,1,2,2,4,1,4,60,1,2,1,2,2,2,2,2,2,2,2,1,1,10,1,0,0,0,0,1,0,0,0,3,,,,,1,60,1,1,60,2,,2,1,2,1,2,3,3,1,,2,2,2,,2,,1,2,1,1,1
058101,2,51,6,3,3,5,1,1,1,1,2,2,2,1,1,2,5,1,2,2,1,1,1,1,1,1,1,1,2,2,2,2,2,2,2,2,2,2,2,1,,,,,,,,,,,,,,,,,,,,,,,,,,,,,,,,,,,,,,,,,,,,,,,,1,60,,,,,,,,,,,1,2,2,2,,2,,1,2,2,2,2
058202,2,45,6,3,3,6,1,1,1,1,2,1,1,1,1,1,6,1,2,2,1,1,1,1,1,1,1,1,2,1,1,,2,2,2,2,2,2,2,1,5,1,2,2,60,1,2,2,2,1,2,2,1,,,,,,,,,,,,,,,,,,,,,,,,,,,,,,,,,,,1,60,1,5,3,3,2,1,3,3,3,3,,2,1,2,,1,1,1,1,1,2,1
058303,1,12,2,5,2,3,1,1,1,1,2,2,2,1,1,2,5,1,2,2,1,2,1,1,2,1,1,1,2,1,1,,2,2,2,2,2,2,2,1,2,2,1,2,60,2,2,1,2,2,2,2,2,,,,,,,,,,,,,,,,,,,,,,,,,,,,,,,,,,,3,20,2,,2,2,1,1,3,3,1,1,,2,2,1,2,1,1,1,1,1,1,2
058404,1,28,6,3,1,3,1,1,1,1,1,2,1,1,1,1,3,1,2,2,1,1,1,1,1,1,1,1,2,2,2,1,2,2,2,2,2,2,2,1,1,1,2,1,10,2,2,2,1,2,2,2,1,,,,,,,,,,,,,,,,,,,,,,,,,,,,,,,,,,,1,120,1,6,2,4,2,2,1,3,3,3,,2,2,2,,2,,1,2,2,2,2
058501,2,74,5,3,3,8,3,1,1,1,5,2,2,1,1,1,2,1,2,2,1,1,1,1,1,1,1,1,2,2,2,2,2,2,2,2,2,2,1,1,,,,,,,,,,,,,,,,,,,,,,,,,,,,,,,,,,,,,,,,,,,,,1,120,1,1,120,1,8,2,4,2,2,2,3,3,1,,2,2,2,,2,,1,2,1,2,2
058602,1,13,3,1,2,4,1,1,1,1,1,2,1,1,1,2,5,1,1,2,1,1,1,1,1,1,1,1,2,2,2,1,2,1,2,1,1,,1,1,4,2,1,3,30,1,2,1,2,1,2,2,2,3,3,10,1,1,2,2,2,2,1,2,2,2,2,1,1,10,1,0,1,0,0,0,0,0,0,2,3,20,2,1,2,10,1,1,60,1,5,3,3,2,1,1,3,3,1,,2,2,1,2,1,1,1,1,1,1,1
058703,1,50,8,1,1,1,1,1,1,1,1,1,2,1,1,1,2,1,2,2,1,1,1,1,1,1,1,1,2,2,2,2,2,2,2,2,2,2,2,1,,,,,,,,,,,,,,,,,,,,,,,,,,,,,,,,,,,,,,,,,,,,,,,,1,20,,,,,,,,,,,6,1,2,2,,2,,1,1,1,2,2
058804,1,58,6,1,1,3,1,1,1,1,1,2,2,2,,,1,1,1,2,1,1,1,1,1,1,1,1,1,2,2,2,1,,1,,2,2,2,1,,,,,,,,,,,,,,10,2,15,1,2,1,2,2,2,2,2,2,2,2,1,7,20,1,1,1,1,1,0,0,0,0,3,,,,,,,,1,60,2,,3,1,2,2,2,3,1,3,,2,2,2,,2,,1,2,2,2,2
058901,2,61,8,3,2,5,1,1,1,2,,2,2,2,,,1,1,2,2,2,1,1,1,1,1,1,1,2,1,1,,1,,2,2,1,,1,1,3,2,1,1,120,1,2,2,2,2,1,2,4,10,2,60,2,2,1,1,1,2,1,2,2,2,,,,,,,,,,,,,,,3,60,2,1,2,20,1,2,10,2,,2,4,2,2,3,3,3,3,,2,1,1,1,1,1,1,2,1,1,1
059002,1,22,8,3,3,5,2,1,1,1,2,1,1,1,1,1,5,1,2,2,1,1,1,1,1,1,1,1,2,2,2,1,2,2,2,2,1,,1,1,2,1,2,5,30,2,1,1,2,2,2,2,1,,,,,,,,,,,,,,,,,,,,,,,,,,,,3,30,1,2,5,30,1,1,60,2,,2,4,2,1,2,3,3,1,,2,1,2,,1,1,1,1,1,1,2
059103,2,86,8,4,2,6,1,1,1,1,1,1,2,1,1,2,2,1,2,2,1,1,1,1,1,1,1,1,2,1,2,2,1,,2,2,2,2,2,2,,,,,,,,,,,,,,1,2,30,1,2,2,2,2,2,1,2,2,2,,,,,,,,,,,,,,,,,,,,,,,,2,,1,3,2,1,3,3,3,1,,1,1,1,2,2,,1,9,2,2,1
059301,1,27,8,4,3,5,2,1,1,1,2,1,1,1,1,1,4,1,2,2,1,1,1,1,1,2,1,1,2,2,2,2,2,2,2,2,2,2,1,1,,,,,,,,,,,,,,,,,,,,,,,,,,,,,,,,,,,,,,,,,,,,,2,60,1,1,480,1,3,4,3,2,1,2,3,3,1,,2,2,1,2,1,3,1,1,1,1,1
059402,2,42,10,2,3,5,2,1,1,1,1,1,1,1,1,1,5,1,2,2,1,1,1,1,1,1,1,1,2,2,2,1,2,2,2,2,2,2,2,1,1,2,1,1,60,2,2,1,2,2,2,2,2,,,,,,,,,,,,,,,,,,,,,,,,,,,,,,,,,,,1,210,1,3,3,3,1,1,1,3,3,1,,1,1,1,2,1,1,1,1,1,1,1
059503,2,18,8,1,3,5,1,1,1,1,2,1,2,1,1,1,3,1,2,2,1,1,1,1,1,1,1,1,2,2,2,1,2,2,1,,2,2,1,1,2,2,1,3,30,2,2,1,2,2,2,2,3,,,,,,,,,,,,,,2,1,1,20,1,0,0,0,1,0,0,0,0,3,,,,,2,30,1,1,480,1,3,3,3,2,1,2,3,3,1,,2,2,1,2,2,,1,1,1,1,1
059604,1,40,8,4,2,3,2,1,1,1,3,1,2,1,1,1,3,1,2,2,1,1,1,1,1,1,1,1,2,1,2,1,1,,1,,2,2,1,1,30,1,2,1,120,2,2,2,2,2,1,2,1,2,3,20,1,1,1,2,2,2,2,2,2,2,1,2,3,30,1,0,1,1,0,0,0,0,0,1,,,,,1,30,1,1,60,1,3,2,2,2,1,2,3,3,3,,2,1,2,,1,2,1,2,2,2,2
059701,1,44,8,5,3,5,2,1,1,2,,1,2,1,1,1,4,1,2,2,1,1,1,1,1,1,1,1,2,1,1,,1,,1,,2,2,1,1,3,2,1,4,60,1,2,2,2,1,1,2,4,3,3,60,1,1,2,2,2,2,1,1,2,2,1,2,3,10,1,0,1,0,0,0,0,1,0,1,,,,,1,10,1,1,60,2,,3,4,1,1,2,3,3,1,,1,1,1,1,1,2,1,1,1,1,1
059802,1,17,6,1,3,6,1,1,1,2,,2,2,1,1,2,2,1,2,2,2,1,1,1,2,1,1,1,2,1,1,,2,1,2,2,2,2,2,1,9,2,1,1,30,2,1,1,2,2,1,2,3,1,5,10,1,2,2,2,2,2,2,2,2,1,,,,,,,,,,,,,,,,,,,,,,1,240,2,,4,3,2,1,2,3,3,1,,2,2,2,,1,1,1,1,1,1,1
059903,1,39,6,3,3,4,1,1,1,2,,2,1,1,1,2,1,1,2,2,1,1,1,1,1,1,1,1,1,1,1,,1,,1,,1,,1,1,8,2,1,2,20,1,2,2,1,1,1,2,4,8,2,30,1,1,1,1,1,1,1,1,1,2,1,2,7,15,1,1,1,1,0,1,1,1,0,1,1,10,2,1,1,10,1,1,20,1,5,4,3,1,1,2,3,3,1,,2,1,1,2,1,1,1,1,1,1,2
060004,1,57,6,3,3,5,1,1,1,1,1,1,1,1,1,1,4,1,2,2,1,1,1,1,1,1,1,1,2,1,2,1,1,,2,2,2,2,2,1,8,2,1,2,40,2,1,1,2,2,2,2,2,2,4,30,2,2,2,2,2,2,1,2,2,2,,,,,,,,,,,,,,,,,,,,,,1,30,1,6,3,4,2,1,2,3,1,1,,2,1,1,1,1,1,1,1,1,1,1
060101,2,48,5,3,2,3,1,1,2,1,1,2,1,1,1,1,3,1,2,2,1,1,1,1,1,1,1,1,2,2,2,2,2,2,2,2,2,2,2,1,,,,,,,,,,,,,,,,,,,,,,,,,,,,,,,,,,,,,,,,,,,,,,,,1,180,,,,,,,,,,,1,2,2,2,,2,,1,9,9,9,9
060202,2,19,6,3,2,3,1,1,1,2,,2,2,1,1,2,5,1,2,2,1,1,1,1,2,1,1,1,2,2,2,2,2,2,2,2,2,2,1,1,,,,,,,,,,,,,,,,,,,,,,,,,,,,,,,,,,,,,,,,,,,,,1,30,1,1,60,2,,2,3,2,2,3,3,3,1,,1,1,2,,1,1,1,1,1,2,2
060303,2,48,5,3,2,2,1,1,1,2,,2,2,2,,,6,1,2,2,2,2,2,2,1,1,1,1,1,2,2,2,2,2,2,2,2,2,2,2,,,,,,,,,,,,,,,,,,,,,,,,,,,,,,,,,,,,,,,,,,,,,,,,,,,,,,,,,,,,6,1,2,2,,1,1,1,9,9,9,1
060404,2,42,8,4,1,3,1,1,2,1,1,2,2,1,1,1,1,1,2,2,1,1,1,1,1,1,1,1,2,2,2,2,2,2,2,2,2,2,2,1,,,,,,,,,,,,,,,,,,,,,,,,,,,,,,,,,,,,,,,,,,,,,,,,1,180,,,,,,,,,,,1,2,2,1,2,1,1,1,2,2,2,2
060501,2,34,6,3,2,4,1,1,1,2,,1,2,1,1,2,2,1,2,2,1,1,1,1,1,1,1,1,2,1,1,,2,2,2,2,2,2,1,1,1,2,1,1,30,1,2,2,1,2,2,2,3,,,,,,,,,,,,,,,,,,,,,,,,,,,,,,,,1,15,1,1,480,2,,4,4,2,1,1,3,3,1,,1,1,1,2,1,1,1,1,1,1,1
060602,2,62,3,3,2,4,1,1,1,2,,2,2,2,,,2,1,2,2,1,1,2,2,1,2,2,1,2,2,2,2,2,2,1,,2,2,2,1,,,,,,,,,,,,,,,,,,,,,,,,,,,2,1,2,2,1,1,0,0,0,1,0,0,0,3,,,,,,,,1,60,2,,2,2,2,2,3,1,3,1,,1,1,1,1,1,1,1,2,2,2,1
060703,1,29,8,4,3,14,1,1,1,2,,2,2,1,1,1,5,1,2,2,1,1,1,1,1,1,1,1,2,2,2,2,2,2,2,2,2,2,1,1,,,,,,,,,,,,,,,,,,,,,,,,,,,,,,,,,,,,,,,,,,,,,3,60,1,1,440,2,,2,3,1,1,2,3,3,1,,1,1,1,2,1,1,1,1,1,1,1
061002,1,47,8,4,2,3,2,1,1,1,2,1,2,1,1,2,4,1,2,2,1,1,1,1,1,1,1,1,2,1,2,1,2,1,2,2,2,2,1,1,2,1,2,5,60,1,2,1,2,2,2,2,1,15,5,15,1,2,2,2,2,1,1,2,2,2,,,,,,,,,,,,,,,,,,,1,10,1,1,180,1,3,4,4,2,1,1,3,3,1,,2,2,2,,1,1,1,1,2,9,1
061103,2,68,6,3,3,6,1,1,1,1,2,1,2,1,1,2,3,1,2,2,2,1,1,1,1,1,1,1,1,1,1,,1,,1,,2,1,2,1,2,2,1,1,60,1,2,2,1,1,2,2,3,2,2,60,1,2,2,2,2,2,2,2,1,2,2,1,2,60,1,1,1,1,1,1,1,1,0,3,5,60,2,1,,,,1,60,2,,2,4,1,2,2,3,3,1,,1,1,1,2,1,2,1,1,1,1,1
061301,1,25,0,,3,5,2,1,2,2,,2,2,1,1,1,4,1,2,2,1,1,1,1,1,1,1,1,2,,,,,,,,,,,,,,,,,,,,,,,,,,,,,,,,,,,,,,,,,,,,,,,,,,,,,,,,,,,,,,,,,,,,,,,,,,,,,,,,,,
061402,1,14,3,2,3,4,2,1,1,2,,1,2,1,1,2,4,1,2,2,2,2,1,1,1,1,1,2,1,1,1,,1,,2,2,1,,1,2,4,2,1,2,60,2,2,1,2,1,2,2,1,2,4,30,1,1,2,2,2,2,2,1,2,2,,,,,,,,,,,,,,,1,30,1,2,2,15,1,,,1,7,2,3,2,1,2,3,1,1,,2,1,2,,1,1,1,1,1,1,2
061503,2,60,2,6,2,4,2,1,1,2,,2,2,1,1,2,2,1,2,2,1,1,1,2,1,1,1,1,2,2,2,2,2,2,2,2,2,2,2,2,,,,,,,,,,,,,,,,,,,,,,,,,,,,,,,,,,,,,,,,,,,,,,,,,,,,,,,,,,,,4,2,1,1,1,2,,1,2,1,1,1
061604,2,63,3,3,3,6,1,1,1,2,,1,2,1,1,1,4,1,2,2,3,3,3,3,3,3,1,1,1,1,1,,1,,1,,1,,2,2,5,2,1,1,180,1,1,1,1,1,1,2,4,8,1,60,1,1,1,1,1,1,1,1,1,2,2,1,2,120,1,0,0,0,1,0,0,1,0,2,3,120,2,1,,,,,,2,,4,4,1,2,1,3,3,1,,2,2,2,,2,,1,2,2,2,2
061701,1,43,7,3,2,3,1,1,1,1,1,1,2,1,1,1,4,1,2,2,2,1,1,1,1,1,1,1,1,1,1,,1,,2,2,2,2,1,1,4,2,1,2,60,1,1,1,1,2,1,2,3,10,2,30,1,2,2,2,1,1,1,1,2,2,,,,,,,,,,,,,,,,,,,1,20,1,1,20,2,,2,4,1,1,1,3,3,1,,1,1,1,2,1,1,1,1,2,1,1
061802,1,51,3,3,1,4,1,1,1,1,1,2,2,1,1,2,1,1,2,2,1,1,1,1,1,1,1,1,1,2,2,1,2,2,1,,2,2,1,1,4,2,1,4,80,2,1,2,1,1,2,2,2,,,,,,,,,,,,,,2,1,3,20,1,0,1,0,1,0,0,0,1,3,,,,,2,90,1,1,180,2,,2,3,1,2,3,3,3,1,,2,1,1,3,1,1,1,2,1,2,2
061903,2,36,6,3,2,4,1,1,1,2,,1,2,1,1,2,2,1,2,2,1,1,1,1,1,1,1,1,2,1,2,1,2,2,2,2,2,2,1,1,4,2,1,2,10,2,1,2,2,2,2,2,2,,,,,,,,,,,,,,,,,,,,,,,,,,,,,,,,2,5,1,1,40,2,,4,3,1,1,2,3,3,1,,1,1,1,2,1,1,1,2,1,1,1
062004,2,14,3,1,1,3,1,1,1,1,2,2,1,1,1,1,6,1,1,2,2,1,1,1,2,1,2,2,2,2,2,1,2,2,2,2,2,2,1,1,5,2,1,3,30,1,2,1,2,2,2,2,2,,,,,,,,,,,,,,,,,,,,,,,,,,,,,,,,2,60,1,1,120,1,3,2,2,2,1,1,3,3,1,,2,2,1,2,1,1,1,1,1,1,1
062101,1,49,2,6,2,4,1,1,1,2,,2,2,2,,,8,1,2,2,1,1,1,1,1,1,1,1,1,2,2,2,2,2,2,2,2,2,2,2,,,,,,,,,,,,,,,,,,,,,,,,,,,,,,,,,,,,,,,,,,,,,,,,,,,,,,,,,,,,1,2,2,2,,2,,1,2,2,2,2
062202,2,48,2,6,3,4,1,1,1,2,,2,2,1,1,2,4,1,2,2,1,1,1,1,1,1,1,1,1,2,2,2,2,2,2,2,2,2,2,1,,,,,,,,,,,,,,,,,,,,,,,,,,,,,,,,,,,,,,,,,,,,,,,,1,60,,,,,,,,,,,1,2,2,2,,2,,1,2,2,2,2
062303,2,23,6,1,1,2,0,2,2,2,,2,2,1,2,2,2,1,2,2,1,1,2,1,1,1,1,1,2,2,2,1,2,2,2,2,2,2,2,1,98,1,2,2,30,2,2,1,2,1,2,2,1,,,,,,,,,,,,,,,,,,,,,,,,,,,,,,,,,,,1,180,2,,2,2,2,2,3,3,3,1,,1,2,1,2,1,1,1,1,1,1,1
062404,2,28,3,3,2,3,1,1,2,2,,2,2,1,1,2,5,1,2,2,2,1,1,1,1,1,1,1,1,1,1,,2,2,2,2,2,2,2,1,4,2,1,1,30,2,2,1,1,1,2,2,2,,,,,,,,,,,,,,,,,,,,,,,,,,,,,,,,,,,1,180,2,,4,4,1,1,2,3,3,1,,2,1,2,,2,,1,1,1,1,1
062501,1,58,6,3,2,3,2,1,1,2,,2,2,2,,,2,1,2,2,1,1,1,1,2,1,1,1,2,2,2,1,2,2,2,2,2,2,1,1,1,2,1,4,30,1,2,1,2,2,2,2,3,,,,,,,,,,,,,,,,,,,,,,,,,,,,,,,,1,20,1,1,180,2,,2,4,2,1,1,3,3,1,,2,2,2,,1,1,1,2,2,2,2
062602,1,18,6,1,3,5,2,1,1,1,1,1,1,1,1,2,4,1,2,2,1,1,1,2,1,1,1,1,2,2,2,2,2,2,2,2,2,2,1,1,,,,,,,,,,,,,,,,,,,,,,,,,,,,,,,,,,,,,,,,,,,,,5,120,1,1,180,1,6,2,2,2,1,2,3,3,3,,2,2,1,2,2,,1,1,1,1,2
062703,2,58,2,6,2,4,1,1,1,1,1,2,2,1,1,1,2,1,2,2,1,1,2,1,1,1,2,1,1,2,1,,2,2,2,2,2,2,2,2,1,2,1,2,60,2,2,2,1,2,2,2,3,,,,,,,,,,,,,,,,,,,,,,,,,,,,,,,,,,,,,1,5,4,4,1,2,3,3,3,1,,2,1,1,1,2,,1,2,2,2,2
062804,1,76,2,2,2,3,1,1,1,2,,2,2,1,1,2,3,1,2,2,2,2,1,3,1,2,1,1,1,2,2,2,2,2,2,2,2,2,2,2,,,,,,,,,,,,,,,,,,,,,,,,,,,,,,,,,,,,,,,,,,,,,,,,,,,,,,,,,,,,1,2,2,2,,2,,1,2,2,2,2
062901,1,15,3,3,2,4,2,1,1,2,,2,2,1,1,1,3,1,2,2,1,1,1,1,1,1,1,1,2,1,1,,2,2,2,2,1,,1,1,9,1,2,1,30,1,2,2,2,1,2,2,1,,,,,,,,,,,,,,,,,,,,,,,,,,,,5,180,1,2,2,15,1,1,60,2,,4,4,2,1,1,3,3,1,,2,2,2,,2,,1,2,2,2,2
063002,1,13,3,1,3,5,1,1,1,1,1,1,1,1,1,2,4,1,2,2,1,1,1,1,2,1,1,1,2,2,2,1,2,2,2,2,2,1,2,1,2,2,1,3,20,2,2,1,2,1,2,2,4,,,,,,,,,,,,,,,,,,,,,,,,,,,,5,10,2,1,,,,1,300,2,,2,1,2,1,1,3,3,1,,1,1,1,2,1,1,1,1,1,1,1
063103,1,70,2,1,1,3,0,1,1,2,,2,2,2,,,1,1,2,2,1,1,1,3,3,1,1,1,2,1,2,2,2,2,2,2,2,2,2,2,,,,,,,,,,,,,,,,,,,,,,,,,,,,,,,,,,,,,,,,,,,,,,,,,,,,,,,,,,,,9,2,1,1,2,1,1,1,1,1,2,2
063204,2,72,0,,1,3,1,1,1,2,,2,2,2,,,1,1,2,2,1,1,1,2,1,1,1,1,2,2,2,2,2,2,2,2,2,2,2,2,,,,,,,,,,,,,,,,,,,,,,,,,,,,,,,,,,,,,,,,,,,,,,,,,,,,,,,,,,,,1,2,2,2,,2,,2,,,,
063301,2,30,6,3,2,4,3,1,1,1,2,1,2,1,2,1,2,1,2,2,1,1,1,1,1,1,1,1,2,1,2,2,1,,2,2,2,2,1,1,,,,,,,,,,,,,,1,2,10,1,2,1,2,1,2,1,2,2,2,,,,,,,,,,,,,,,,,,,2,10,1,1,120,2,,2,4,2,1,1,3,2,1,,2,2,1,2,1,4,1,1,1,1,1
063402,1,25,8,5,3,5,3,1,1,1,2,1,2,1,1,1,7,1,2,2,1,1,1,1,1,1,1,3,2,1,1,,2,2,2,2,2,2,1,1,36,1,2,2,240,1,2,1,2,1,1,2,1,,,,,,,,,,,,,,,,,,,,,,,,,,,,,,,,2,20,1,1,120,1,3,3,4,2,2,2,3,3,1,,1,1,1,1,1,4,1,1,2,1,1
063503,1,18,6,3,3,4,2,1,1,1,2,1,2,1,1,1,3,1,2,2,1,1,1,1,1,1,1,1,2,2,2,1,1,,1,,2,2,2,1,2,2,1,2,30,1,2,1,1,2,2,2,2,2,2,5,1,1,1,2,2,2,1,2,2,2,1,2,2,7,1,1,1,0,0,0,0,0,0,1,,,,,,,,1,240,2,,3,3,1,1,3,3,1,1,,1,1,1,2,1,2,1,1,1,1,1
063604,1,43,8,5,1,4,3,1,1,1,2,1,1,1,1,1,4,1,2,2,1,1,1,1,1,1,1,1,2,2,2,2,2,2,2,2,2,2,1,1,,,,,,,,,,,,,,,,,,,,,,,,,,,,,,,,,,,,,,,,,,,,,2,5,1,1,480,1,3,3,3,1,1,2,3,1,1,,2,2,2,,1,1,1,2,2,2,2
063701,2,14,3,2,4,6,1,1,1,1,1,1,2,1,1,1,4,1,2,2,2,1,1,1,2,1,1,1,2,1,1,,2,2,2,1,1,,1,1,10,1,1,2,60,1,2,2,1,1,2,2,2,,,,,,,,,,,,,,2,1,1,30,2,0,0,0,0,0,0,1,0,2,2,60,2,1,1,60,1,1,300,2,,3,4,1,1,1,3,3,1,,2,2,1,2,1,1,1,1,1,1,1
063802,2,21,8,4,2,3,2,1,1,1,1,1,1,1,1,1,3,1,2,2,1,1,1,1,2,1,1,1,1,1,1,,2,2,2,2,1,,1,1,4,1,1,1,300,1,2,1,2,1,2,2,3,,,,,,,,,,,,,,,,,,,,,,,,,,,,3,240,1,1,4,240,1,1,240,1,6,2,2,2,2,2,3,3,1,,2,2,2,,2,,1,1,1,1,1
063903,2,72,3,1,1,4,2,1,1,1,1,2,2,1,1,2,1,1,2,2,1,1,1,3,2,2,2,1,1,2,1,,2,2,2,2,2,2,2,2,1,2,1,1,10,1,2,2,1,2,2,2,3,,,,,,,,,,,,,,,,,,,,,,,,,,,,,,,,,,,,,2,,2,3,2,2,3,3,1,1,,1,1,2,,1,1,1,1,1,1,1
064004,2,81,2,5,2,3,1,1,1,2,,1,2,1,1,1,3,1,2,2,3,1,1,1,1,1,1,1,2,2,2,2,2,2,2,2,2,2,2,1,,,,,,,,,,,,,,,,,,,,,,,,,,,,,,,,,,,,,,,,,,,,,,,,2,10,,,,,,,,,,,6,2,1,1,1,1,1,1,1,2,2,2
064101,2,28,8,5,2,3,1,1,1,1,1,2,2,1,1,1,3,1,2,2,1,1,1,1,1,1,1,1,1,2,2,2,2,2,2,2,2,2,2,1,,,,,,,,,,,,,,,,,,,,,,,,,,,,,,,,,,,,,,,,,,,,,,,,1,120,,,,,,,,,,,1,2,2,2,,2,,1,1,1,1,1
064202,2,20,8,1,4,5,1,1,1,1,1,1,1,1,1,1,4,1,2,2,1,1,1,1,1,1,1,1,2,1,1,,2,2,2,2,2,2,1,1,2,2,1,2,30,1,2,1,2,2,2,2,3,,,,,,,,,,,,,,,,,,,,,,,,,,,,,,,,2,315,1,1,180,2,,2,3,2,1,1,3,2,3,,1,1,1,2,1,1,1,1,1,1,1
064404,1,59,2,4,2,3,0,1,1,2,,2,2,1,1,1,3,1,2,2,2,2,2,1,1,1,1,1,2,2,2,2,2,2,2,2,2,2,2,2,,,,,,,,,,,,,,,,,,,,,,,,,,,,,,,,,,,,,,,,,,,,,,,,,,,,,,,,,,,,6,2,2,2,,2,,1,2,2,2,2
064501,2,56,0,,1,3,1,1,1,2,,2,2,2,,,1,1,2,2,2,1,1,1,1,1,1,1,1,,,,,,,,,,,,,,,,,,,,,,,,,,,,,,,,,,,,,,,,,,,,,,,,,,,,,,,,,,,,,,,,,,,,,,,,,,,,,,,,,,
064602,2,72,2,3,2,3,0,1,1,1,2,2,2,2,,,2,1,2,2,1,2,1,1,2,1,1,1,2,2,1,,2,2,2,2,2,2,2,2,2,2,1,2,20,1,2,2,1,2,1,2,3,,,,,,,,,,,,,,,,,,,,,,,,,,,,,,,,,,,,,2,,1,3,2,2,1,3,1,1,,2,1,1,2,1,1,1,1,1,1,2
064703,2,23,6,3,3,4,1,1,1,1,1,2,2,1,1,1,4,1,2,2,1,1,1,1,1,1,1,1,2,1,2,2,2,2,2,2,2,2,2,1,,,,,,,,,,,,,,,,,,,,,,,,,,,,,,,,,,,,,,,,,,,,,,,,1,540,,,,,,,,,,,2,2,1,2,,2,,1,1,1,1,2
064804,2,66,3,2,1,3,1,1,1,2,,2,2,2,,,2,1,2,2,2,1,1,1,1,1,1,1,2,1,1,,2,2,2,2,2,2,2,1,2,2,1,1,40,1,2,2,1,2,2,2,3,,,,,,,,,,,,,,,,,,,,,,,,,,,,,,,,,,,1,25,2,,2,2,2,2,2,3,3,1,,2,2,2,,2,,1,1,1,1,2
064901,1,31,6,3,1,2,1,1,1,1,1,1,1,1,1,1,1,1,2,2,1,1,1,1,1,1,1,1,1,1,1,,2,2,2,2,2,2,2,1,3,2,1,2,120,1,2,1,1,2,2,2,3,,,,,,,,,,,,,,,,,,,,,,,,,,,,,,,,,,,1,120,2,,3,2,2,1,2,3,2,3,,1,1,1,1,1,2,1,1,1,1,1
065002,2,67,2,6,3,4,2,1,1,1,1,2,2,2,,,2,1,2,2,3,1,1,1,1,1,1,1,2,1,1,,2,2,2,2,2,2,1,1,1,2,1,3,30,1,2,2,2,2,1,2,2,,,,,,,,,,,,,,,,,,,,,,,,,,,,,,,,1,30,1,2,30,2,,2,1,2,2,3,3,3,1,,2,2,2,,2,,1,2,2,2,2
065103,1,55,3,3,2,3,1,1,2,2,,2,2,1,1,2,5,1,2,2,2,1,1,1,1,1,1,1,2,1,2,2,2,2,1,,1,,2,1,,,,,,,,,,,,,,,,,,,,,,,,,,,2,1,2,20,1,0,1,0,0,0,0,0,0,2,3,10,2,1,,,,2,15,1,3,2,2,1,1,2,3,1,1,,1,1,1,1,1,2,1,1,1,1,1
065204,1,18,6,2,2,3,1,1,1,1,1,2,2,1,1,2,3,1,2,2,1,1,1,1,1,1,2,1,2,2,2,2,2,2,2,2,2,2,2,1,,,,,,,,,,,,,,,,,,,,,,,,,,,,,,,,,,,,,,,,,,,,,,,,1,180,,,,,,,,,,,1,1,1,1,1,1,1,1,2,2,2,2
065301,2,25,3,3,1,2,1,1,1,2,,2,2,2,,,3,1,2,2,1,1,1,1,1,1,1,1,2,2,2,2,2,2,2,2,2,2,2,1,,,,,,,,,,,,,,,,,,,,,,,,,,,,,,,,,,,,,,,,,,,,,,,,1,120,,,,,,,,,,,1,2,2,2,,2,,1,1,1,1,1
065402,2,27,10,2,1,3,1,1,1,2,,1,2,1,1,2,3,1,2,2,1,1,1,1,1,1,1,1,2,1,1,,2,2,2,2,2,2,2,1,60,2,1,1,60,1,1,2,2,1,2,2,3,,,,,,,,,,,,,,,,,,,,,,,,,,,,,,,,,,,1,60,2,,2,2,1,1,1,3,3,1,,2,2,2,,2,,1,1,1,1,1
065503,2,33,6,3,2,3,1,1,1,1,1,1,1,1,1,1,4,1,2,2,1,1,1,1,1,1,1,1,2,2,2,2,2,2,2,2,2,2,2,1,,,,,,,,,,,,,,,,,,,,,,,,,,,,,,,,,,,,,,,,,,,,,,,,1,30,,,,,,,,,,,6,2,2,2,,2,,1,1,1,1,1
065604,2,65,8,4,1,3,1,1,1,2,,2,2,1,1,2,1,1,2,2,1,1,1,2,1,1,1,1,2,1,1,,1,,2,2,2,2,2,2,3,2,1,2,60,1,2,1,1,2,1,2,3,3,1,20,1,1,2,1,1,1,2,2,2,2,,,,,,,,,,,,,,,,,,,,,,,,2,,2,2,1,2,1,3,1,1,,2,1,1,2,2,,1,2,1,1,2
065701,1,46,3,3,2,3,1,1,1,2,,2,2,1,1,2,3,1,2,2,2,1,1,1,2,2,1,2,1,1,1,,2,2,2,2,2,2,1,1,3,2,1,1,30,1,2,2,1,2,1,2,2,,,,,,,,,,,,,,,,,,,,,,,,,,,,,,,,2,20,1,1,60,1,3,3,1,2,2,2,3,3,3,,2,2,1,2,2,,1,1,1,1,2
065802,1,71,2,6,2,3,1,1,1,1,1,2,2,1,1,2,3,1,2,2,1,1,1,2,2,1,1,1,2,2,2,2,2,2,2,2,2,2,2,2,,,,,,,,,,,,,,,,,,,,,,,,,,,,,,,,,,,,,,,,,,,,,,,,,,,,,,,,,,,,1,2,2,2,,2,,1,2,2,2,2
065903,1,62,8,5,3,7,1,1,1,1,4,1,2,1,1,2,3,1,2,2,2,1,1,1,1,1,1,1,1,1,1,,2,2,2,2,2,2,2,1,1,2,1,1,60,2,2,1,2,2,2,2,3,,,,,,,,,,,,,,,,,,,,,,,,,,,,,,,,,,,1,180,2,,2,3,2,2,1,3,2,2,,2,2,2,,2,,1,1,1,2,2
066004,1,34,6,3,2,3,0,1,1,2,,2,2,1,1,2,5,1,2,2,1,1,1,1,1,2,1,1,2,2,2,2,2,2,2,2,2,2,2,1,,,,,,,,,,,,,,,,,,,,,,,,,,,,,,,,,,,,,,,,,,,,,,,,1,24,,,,,,,,,,,3,2,2,1,2,1,1,1,1,1,2,2
066101,2,31,6,3,2,3,1,1,2,2,,2,2,1,1,2,4,1,2,2,2,1,1,1,2,1,1,1,2,2,2,2,2,2,2,2,2,2,2,1,,,,,,,,,,,,,,,,,,,,,,,,,,,,,,,,,,,,,,,,,,,,,,,,1,180,,,,,,,,,,,1,2,2,2,,2,,1,1,1,1,1
066202,1,15,3,3,2,5,2,1,1,1,1,1,1,1,1,2,4,1,2,2,1,1,1,1,1,1,1,1,2,2,2,2,2,2,2,2,2,2,2,1,,,,,,,,,,,,,,,,,,,,,,,,,,,,,,,,,,,,,,,,,,,,,,,,1,120,,,,,,,,,,,1,2,2,2,,2,,1,2,2,2,2
066303,1,48,6,3,1,2,1,2,2,2,,2,2,2,,,5,1,2,2,3,2,2,1,2,1,1,1,2,2,2,1,1,,2,2,2,2,2,1,2,2,1,3,15,2,2,2,1,2,2,2,3,2,4,15,2,2,2,2,2,2,2,1,2,2,,,,,,,,,,,,,,,,,,,,,,5,15,1,3,2,4,2,2,3,3,3,1,,2,2,2,,2,,1,2,2,2,2
066404,1,24,8,5,3,6,4,1,1,1,2,1,2,1,1,1,5,1,2,2,1,1,1,1,1,1,1,1,2,1,1,,2,2,2,2,2,2,1,1,4,1,2,2,120,2,2,1,2,2,2,2,3,,,,,,,,,,,,,,,,,,,,,,,,,,,,,,,,1,60,2,1,120,2,,3,4,2,1,2,3,3,1,,2,1,1,2,1,2,1,1,1,1,1
066501,2,20,6,2,2,3,0,1,1,2,,2,2,1,1,1,5,1,2,2,1,1,1,1,1,1,1,1,2,1,1,,2,2,2,2,2,2,2,1,3,1,1,2,120,1,2,1,2,2,2,2,3,,,,,,,,,,,,,,,,,,,,,,,,,,,,,,,,,,,1,30,2,,2,3,2,1,3,3,1,1,,1,1,1,1,1,1,1,1,1,1,1
066602,1,20,6,3,1,2,1,2,1,2,,2,2,2,,,1,1,2,2,2,1,1,1,1,1,1,1,1,2,2,2,2,2,2,2,2,2,2,1,,,,,,,,,,,,,,,,,,,,,,,,,,,,,,,,,,,,,,,,,,,,,,,,1,30,,,,,,,,,,,1,2,1,1,2,1,1,1,1,1,1,2
066703,2,70,2,2,1,3,2,1,1,2,,2,2,2,,,1,1,2,2,1,2,3,2,3,1,1,1,1,1,2,2,2,2,2,2,2,2,2,1,,,,,,,,,,,,,,,,,,,,,,,,,,,,,,,,,,,,,,,,,,,,,,,,1,60,,,,,,,,,,,6,2,2,2,,2,,1,2,2,2,2
066804,1,47,6,1,1,2,1,1,1,1,1,2,2,2,,,1,1,2,2,2,2,1,1,1,1,1,1,2,1,1,,1,,1,,1,,1,1,2,1,2,2,10,1,1,2,1,1,1,2,1,2,2,10,1,1,1,1,2,1,2,2,2,2,1,2,2,10,1,1,1,0,0,0,0,0,0,1,1,120,1,2,1,100,1,1,30,1,6,2,2,1,1,1,3,3,1,,2,2,1,2,1,1,1,1,1,1,1
066901,1,91,0,,1,3,2,1,1,2,,2,2,2,,,1,1,2,2,1,1,1,1,1,1,1,1,1,2,1,,2,2,2,2,2,2,2,2,5,2,1,1,60,1,2,2,2,1,2,2,3,,,,,,,,,,,,,,,,,,,,,,,,,,,,,,,,,,,,,2,,1,2,2,2,2,1,1,3,,2,2,2,,2,,2,,,,
067002,2,82,3,3,2,4,2,1,1,2,,1,2,1,1,1,1,1,2,2,1,1,1,1,1,1,1,1,2,1,1,,2,2,1,,2,2,2,2,2,2,1,2,60,1,1,2,2,1,2,2,2,,,,,,,,,,,,,,2,1,7,30,1,0,1,0,0,0,0,0,0,3,,,,,,,,,,2,,2,3,2,2,3,3,1,1,,2,2,2,,2,,1,1,1,1,2
067103,2,31,6,3,2,3,1,1,1,1,1,2,1,1,1,2,5,1,2,2,1,1,1,1,1,1,1,1,2,1,1,,2,2,2,2,2,2,1,1,2,1,2,2,60,1,1,2,2,1,1,2,1,,,,,,,,,,,,,,,,,,,,,,,,,,,,,,,,2,30,1,1,30,1,8,3,3,2,2,2,3,3,1,,2,2,2,,1,1,1,1,1,1,1
067301,2,44,6,3,2,3,1,1,1,2,,2,2,1,1,1,6,1,2,2,2,1,1,1,1,1,1,1,1,2,2,1,2,2,2,2,2,2,2,1,1,2,1,2,60,2,2,2,1,2,2,2,2,,,,,,,,,,,,,,,,,,,,,,,,,,,,,,,,,,,1,20,2,,3,4,1,1,3,3,3,1,,2,2,2,,1,1,1,2,2,2,2
067402,2,38,3,3,2,3,1,1,1,1,1,1,2,2,,,4,1,2,2,1,1,1,1,1,1,1,1,2,2,2,2,1,,2,2,2,2,2,1,,,,,,,,,,,,,,2,2,30,1,2,2,1,1,2,2,2,2,2,,,,,,,,,,,,,,,,,,,,,,1,30,2,,2,3,2,1,2,3,3,1,,2,2,2,,2,,1,2,2,2,2
067503,1,44,6,4,2,3,1,1,1,1,1,1,2,1,1,1,5,1,2,2,1,1,1,1,1,1,1,1,2,2,2,2,2,2,2,2,2,2,2,2,,,,,,,,,,,,,,,,,,,,,,,,,,,,,,,,,,,,,,,,,,,,,,,,,,,,,,,,,,,,1,2,2,2,,2,,1,9,9,9,9
067604,2,46,3,3,1,2,1,1,1,2,,1,2,1,1,2,3,1,2,2,2,1,1,1,2,2,2,1,2,2,2,2,2,2,2,2,2,2,2,2,,,,,,,,,,,,,,,,,,,,,,,,,,,,,,,,,,,,,,,,,,,,,,,,,,,,,,,,,,,,1,2,2,2,,2,,1,1,2,1,2
067701,1,49,8,5,2,3,2,1,1,1,2,1,2,1,1,1,5,1,2,2,1,1,1,1,1,1,1,1,2,1,1,,1,,2,2,2,2,2,1,2,1,1,1,30,1,2,2,1,2,1,2,1,1,2,15,1,2,2,2,2,1,2,2,2,2,,,,,,,,,,,,,,,,,,,,,,1,150,2,,2,3,1,1,3,3,2,1,,2,2,2,,2,,1,1,2,2,2
067802,2,29,6,1,2,3,1,1,1,1,1,2,1,1,1,2,5,1,2,2,1,1,1,1,1,1,1,1,2,1,1,,2,2,2,2,2,2,2,1,2,1,2,2,30,1,2,2,2,2,1,2,1,,,,,,,,,,,,,,,,,,,,,,,,,,,,,,,,,,,1,60,2,,2,3,1,1,2,3,3,1,,2,2,2,,1,1,1,2,2,2,1
068004,1,48,3,3,3,4,1,1,1,1,1,1,2,1,1,1,4,1,2,2,2,1,2,1,1,1,1,1,2,1,1,,1,,2,2,2,2,2,1,2,2,1,3,30,1,2,2,1,1,1,2,3,2,3,60,1,2,1,1,2,2,2,2,2,2,,,,,,,,,,,,,,,,,,,,,,1,120,2,,3,3,1,1,2,3,3,1,,2,2,2,,2,,1,1,1,1,1
068101,1,26,6,3,1,3,1,1,1,1,1,1,1,1,1,1,2,1,2,2,1,1,1,1,1,1,1,1,1,1,1,,2,2,2,2,2,2,1,1,2,1,1,2,120,2,2,1,1,1,2,2,1,,,,,,,,,,,,,,,,,,,,,,,,,,,,,,,,1,120,2,1,60,2,,2,3,2,1,1,3,3,1,,2,1,2,,1,1,1,1,1,1,1
068303,1,15,3,2,1,2,1,1,1,2,,1,2,1,1,2,4,1,2,2,1,1,1,1,1,1,1,1,2,2,2,1,2,1,2,2,2,2,1,1,3,1,1,3,40,1,1,1,2,1,2,2,2,6,2,20,1,2,2,2,2,2,1,1,1,2,,,,,,,,,,,,,,,,,,,2,10,1,1,90,2,,1,2,2,1,3,3,1,1,,2,2,1,2,1,1,1,2,1,1,2
068404,2,48,3,2,4,6,1,1,1,1,2,1,2,1,1,1,5,1,1,2,1,1,2,2,2,1,2,2,1,2,2,2,2,2,2,2,2,2,2,1,,,,,,,,,,,,,,,,,,,,,,,,,,,,,,,,,,,,,,,,,,,,,,,,1,120,,,,,,,,,,,1,2,2,2,,2,,1,2,2,2,2
068501,2,25,8,5,2,5,2,1,1,1,1,1,2,1,1,1,1,1,2,2,1,1,1,1,1,1,1,1,2,1,1,,2,2,2,1,2,2,1,1,3,2,1,1,40,1,2,1,1,2,2,2,3,,,,,,,,,,,,,,1,2,1,20,1,1,0,0,0,0,0,0,0,1,,,,,2,30,1,1,280,2,,2,3,2,1,1,3,3,1,,1,1,1,2,1,3,1,1,1,1,1
068703,2,51,3,3,2,3,1,1,1,2,,2,2,1,1,2,1,1,2,2,1,1,1,2,2,1,1,1,1,2,2,2,2,2,2,2,2,2,2,1,,,,,,,,,,,,,,,,,,,,,,,,,,,,,,,,,,,,,,,,,,,,,,,,1,120,,,,,,,,,,,1,1,1,1,2,1,1,1,9,9,9,9
068804,1,18,8,1,2,3,1,1,1,1,1,1,1,1,1,1,4,1,2,2,1,1,1,1,1,1,1,1,2,2,2,2,2,2,2,2,1,,1,1,,,,,,,,,,,,,,,,,,,,,,,,,,,,,,,,,,,,,,,,,3,30,1,2,1,30,1,1,50,1,6,2,3,2,1,2,3,3,1,,1,2,2,,2,,1,1,1,1,1
068901,2,16,6,1,2,3,1,1,1,1,2,1,2,1,1,1,4,1,2,2,1,1,1,1,2,1,1,1,2,2,2,1,2,2,2,2,2,2,2,1,1,2,1,2,120,1,2,2,1,2,2,2,3,,,,,,,,,,,,,,,,,,,,,,,,,,,,,,,,,,,1,180,2,,2,3,2,1,3,3,3,1,,2,2,2,,2,,1,2,2,2,2
069204,1,59,2,4,1,3,1,1,1,2,,2,2,1,1,2,2,1,2,2,1,1,1,1,1,1,1,1,2,2,2,2,2,2,2,2,2,2,2,1,,,,,,,,,,,,,,,,,,,,,,,,,,,,,,,,,,,,,,,,,,,,,,,,1,20,,,,,,,,,,,1,2,2,2,,2,,1,9,1,2,2
069301,1,32,6,3,3,4,2,1,1,1,1,1,2,2,,,5,1,2,2,1,1,1,1,1,1,1,1,2,2,2,2,2,2,2,2,2,2,2,2,,,,,,,,,,,,,,,,,,,,,,,,,,,,,,,,,,,,,,,,,,,,,,,,,,,,,,,,,,,,1,2,2,2,,2,,1,2,2,2,2
069402,2,33,3,1,2,4,1,1,1,2,,1,2,1,1,1,5,1,2,2,1,1,1,1,1,1,1,1,2,2,2,1,2,2,2,2,2,2,1,1,1,2,1,4,30,2,2,1,2,2,2,2,2,,,,,,,,,,,,,,,,,,,,,,,,,,,,,,,,5,5,2,1,60,2,,2,4,2,1,1,3,3,1,,2,2,2,,2,,1,2,2,2,2
069604,2,34,8,5,2,3,1,1,1,1,1,1,2,1,1,1,3,1,2,2,1,1,1,1,1,1,1,1,2,1,1,,2,2,2,2,2,2,1,1,3,1,1,1,60,2,2,1,2,2,2,2,2,,,,,,,,,,,,,,,,,,,,,,,,,,,,,,,,1,30,2,1,180,1,6,4,3,1,1,1,3,3,1,,2,2,2,,2,,1,1,1,1,1
069701,1,37,3,3,3,4,0,1,1,1,1,1,2,1,1,2,6,1,2,2,2,2,2,2,1,1,1,1,1,1,2,1,2,2,2,2,2,2,2,1,10,2,1,1,90,2,2,2,1,2,2,2,2,,,,,,,,,,,,,,,,,,,,,,,,,,,,,,,,,,,1,60,1,6,4,3,1,1,1,3,1,1,,2,1,2,,1,2,1,1,1,1,1
069802,1,47,3,3,3,4,0,1,1,1,1,2,2,2,,,4,1,2,2,1,1,1,1,2,1,1,1,2,2,2,2,2,2,2,2,2,2,2,1,,,,,,,,,,,,,,,,,,,,,,,,,,,,,,,,,,,,,,,,,,,,,,,,1,240,,,,,,,,,,,3,2,2,2,,2,,1,1,1,2,2
070004,1,15,2,6,3,5,2,2,1,1,1,2,2,1,2,2,3,1,2,2,1,1,1,1,1,1,1,1,2,2,2,2,2,2,2,2,2,2,2,1,,,,,,,,,,,,,,,,,,,,,,,,,,,,,,,,,,,,,,,,,,,,,,,,2,60,,,,,,,,,,,1,2,1,1,1,2,,1,1,1,2,2
070101,1,47,3,3,2,5,1,1,1,1,2,1,2,1,1,1,4,1,2,2,2,1,1,1,1,1,1,1,2,1,1,,2,2,2,2,2,2,1,1,4,1,2,4,20,2,1,2,2,2,2,2,1,,,,,,,,,,,,,,,,,,,,,,,,,,,,,,,,2,10,2,1,15,2,,4,4,2,1,2,3,3,1,,1,1,1,2,1,2,1,1,1,1,1
070303,2,18,6,2,3,4,2,1,1,1,1,2,2,1,2,2,3,1,2,2,1,1,1,1,1,1,1,1,2,2,2,2,2,2,2,2,2,2,2,1,,,,,,,,,,,,,,,,,,,,,,,,,,,,,,,,,,,,,,,,,,,,,,,,1,60,,,,,,,,,,,1,2,2,2,,2,,1,9,1,2,2
070404,1,61,8,5,1,1,0,2,1,1,1,2,2,2,,,1,1,2,2,2,1,1,2,2,2,2,1,2,2,2,2,1,,2,2,2,2,2,1,,,,,,,,,,,,,,2,3,60,1,2,2,2,2,1,2,2,2,2,,,,,,,,,,,,,,,,,,,,,,1,120,2,,3,3,1,1,1,3,3,1,,2,2,2,,2,,1,2,9,9,2
070501,1,46,6,3,2,4,1,1,1,1,1,1,1,1,1,2,4,1,2,2,1,1,1,1,1,1,1,1,2,2,2,2,1,,2,2,2,2,2,2,,,,,,,,,,,,,,4,2,60,1,2,2,2,2,1,2,2,2,2,,,,,,,,,,,,,,,,,,,,,,,,2,,2,3,2,1,2,3,3,1,,2,2,2,,2,,1,2,2,2,2
070602,1,41,8,5,1,3,1,1,1,1,1,1,2,1,1,1,2,1,2,2,1,1,1,1,2,1,2,1,2,1,1,,2,2,2,2,2,2,2,1,3,2,1,2,30,1,1,1,2,2,2,2,3,,,,,,,,,,,,,,,,,,,,,,,,,,,,,,,,,,,1,90,2,,2,3,2,1,3,3,3,1,,2,2,2,,1,2,1,2,2,2,2
070703,1,30,3,3,1,3,1,1,2,1,1,2,1,1,1,1,1,1,2,2,1,1,1,1,1,1,1,1,1,2,2,2,2,2,2,2,2,2,1,1,,,,,,,,,,,,,,,,,,,,,,,,,,,,,,,,,,,,,,,,,,,,,1,60,1,1,60,2,,2,2,2,2,3,3,3,3,,1,1,2,,1,1,1,2,2,1,2
070804,1,53,8,5,1,3,1,1,1,2,,1,2,1,1,1,1,1,2,2,1,1,1,1,1,1,1,1,2,1,1,,2,2,2,2,2,2,1,1,4,2,1,2,4,2,2,1,2,2,2,2,4,,,,,,,,,,,,,,,,,,,,,,,,,,,,,,,,3,20,2,1,30,2,,3,3,2,1,2,3,3,2,,2,2,2,,2,,1,9,9,9,9
071002,1,16,3,3,2,4,1,1,1,1,1,1,2,1,1,2,3,1,2,2,1,1,1,1,1,1,1,1,1,2,2,1,2,2,2,2,2,2,2,1,1,1,2,2,60,2,1,2,2,2,2,2,1,,,,,,,,,,,,,,,,,,,,,,,,,,,,,,,,,,,1,240,2,,3,3,2,1,2,3,3,1,,2,1,1,2,1,1,1,2,2,1,1
071103,1,48,6,3,1,3,1,1,1,1,1,2,2,1,1,2,1,1,2,2,1,1,1,1,1,1,1,1,2,2,2,2,2,2,2,2,2,2,2,2,,,,,,,,,,,,,,,,,,,,,,,,,,,,,,,,,,,,,,,,,,,,,,,,,,,,,,,,,,,,3,2,2,2,,2,,1,2,2,2,2
071204,1,39,6,3,1,2,1,1,1,1,1,2,1,2,,,1,1,2,2,1,1,1,1,1,1,1,1,2,1,1,,2,2,2,2,1,,2,1,1,2,1,2,120,1,2,2,2,1,2,2,4,,,,,,,,,,,,,,,,,,,,,,,,,,,,5,60,2,1,,,,1,180,2,,2,3,2,1,2,3,3,1,,1,1,1,2,1,2,1,2,2,2,2
071301,2,29,6,3,2,4,2,1,1,1,1,1,2,1,1,2,3,1,2,2,1,1,1,1,1,1,1,1,2,1,1,,2,2,2,2,2,2,2,1,1,2,1,1,30,1,2,2,2,2,1,2,3,,,,,,,,,,,,,,,,,,,,,,,,,,,,,,,,,,,1,30,2,,2,3,2,2,3,3,3,1,,2,2,2,,2,,1,2,2,2,2
071402,2,32,6,3,1,4,1,1,1,2,,2,1,1,1,1,1,1,2,2,1,1,1,1,1,1,1,2,2,1,1,,2,2,2,2,2,2,1,1,6,2,1,2,30,1,2,2,1,1,2,2,3,,,,,,,,,,,,,,,,,,,,,,,,,,,,,,,,2,20,2,1,480,1,3,3,3,2,1,1,3,3,1,,1,1,2,,2,,1,2,2,2,2
071503,1,46,3,3,1,2,1,1,1,1,1,2,2,2,,,2,1,2,2,2,1,1,1,1,1,1,1,1,2,2,2,2,2,2,2,2,2,2,1,,,,,,,,,,,,,,,,,,,,,,,,,,,,,,,,,,,,,,,,,,,,,,,,1,5,,,,,,,,,,,3,2,2,2,,2,,1,2,2,2,2
071604,1,39,10,2,1,4,2,1,1,1,2,1,2,1,1,1,2,1,2,2,1,1,1,1,1,1,1,1,2,1,1,,2,2,2,2,2,2,1,1,6,1,2,2,120,2,1,2,2,2,2,2,1,,,,,,,,,,,,,,,,,,,,,,,,,,,,,,,,1,60,2,1,30,2,,4,3,2,1,2,3,3,1,,1,1,1,2,1,4,1,1,1,1,1
071701,1,41,8,5,1,3,1,1,1,2,,1,1,1,1,1,1,1,2,2,1,1,1,1,1,1,1,1,2,1,1,,2,2,2,2,2,2,1,1,1,2,1,3,60,1,2,2,1,1,2,2,3,,,,,,,,,,,,,,,,,,,,,,,,,,,,,,,,1,30,1,1,190,2,,2,3,2,1,1,3,2,1,,1,1,1,1,1,1,1,1,1,1,1
071802,1,25,8,5,1,3,1,1,1,1,1,1,2,1,1,1,1,1,2,2,1,1,1,1,1,1,1,1,2,2,2,2,2,2,2,2,2,2,2,1,,,,,,,,,,,,,,,,,,,,,,,,,,,,,,,,,,,,,,,,,,,,,,,,1,200,,,,,,,,,,,2,1,1,1,2,1,1,1,1,1,1,1
072101,1,21,6,1,3,6,1,1,1,1,2,1,2,1,1,2,4,1,2,2,1,1,1,1,1,1,1,1,2,2,2,2,2,2,2,2,2,2,2,1,,,,,,,,,,,,,,,,,,,,,,,,,,,,,,,,,,,,,,,,,,,,,,,,1,240,,,,,,,,,,,1,2,1,1,3,2,,1,2,2,1,2
072202,2,35,8,5,3,5,1,1,1,1,3,1,2,1,1,2,4,1,2,2,1,1,1,1,1,1,1,1,2,1,1,,2,2,2,2,2,2,1,1,1,1,1,2,60,1,2,2,1,2,2,2,1,,,,,,,,,,,,,,,,,,,,,,,,,,,,,,,,2,60,2,1,60,2,,3,3,2,1,3,3,3,1,,1,1,1,2,2,,1,2,1,2,1
072303,2,61,8,5,1,5,1,1,1,2,,1,2,1,1,1,1,1,1,2,2,1,1,2,1,1,1,1,2,1,1,,2,2,2,2,2,2,1,1,2,2,1,2,120,1,2,1,1,2,2,2,3,,,,,,,,,,,,,,,,,,,,,,,,,,,,,,,,5,40,1,2,15,1,8,2,3,1,1,1,3,3,1,,1,1,1,2,1,5,1,2,2,2,2
072404,1,15,6,1,2,3,1,1,1,1,1,1,1,1,1,2,3,1,2,2,1,1,1,1,1,1,1,1,1,2,2,1,2,2,2,2,1,,2,1,3,2,1,1,20,1,2,2,2,1,2,2,3,,,,,,,,,,,,,,,,,,,,,,,,,,,,4,30,2,1,,,,1,30,2,,2,3,2,2,2,1,1,2,,2,2,2,,2,,1,1,1,1,1
072501,2,17,3,3,2,2,1,1,2,2,,1,2,2,,,1,1,2,2,1,2,1,1,2,1,1,2,2,2,1,,2,2,2,2,2,2,2,2,2,2,1,2,40,1,2,2,2,1,2,2,3,,,,,,,,,,,,,,,,,,,,,,,,,,,,,,,,,,,,,1,5,2,3,2,1,3,3,3,1,,2,2,2,,1,2,1,1,9,1,9
072602,1,45,8,5,1,3,1,1,1,1,2,1,2,1,1,1,2,1,2,2,2,1,1,1,1,1,1,1,2,1,1,,2,2,2,2,2,2,1,1,3,1,1,2,60,1,2,2,2,1,1,2,3,,,,,,,,,,,,,,,,,,,,,,,,,,,,,,,,1,60,1,1,120,2,,3,3,2,1,3,3,3,3,,1,1,2,,1,3,1,1,1,1,1
072703,2,42,6,3,1,2,1,1,1,2,,2,2,1,1,2,1,1,2,2,1,1,1,1,1,1,1,1,2,2,2,2,2,2,2,2,2,2,2,1,,,,,,,,,,,,,,,,,,,,,,,,,,,,,,,,,,,,,,,,,,,,,,,,1,180,,,,,,,,,,,3,2,2,2,,2,,1,2,2,2,2
072804,2,34,8,5,2,4,1,1,1,1,1,1,2,1,1,2,5,1,2,2,1,1,1,1,1,1,1,1,2,1,1,,2,2,2,2,2,2,1,1,2,1,2,2,45,1,2,2,1,2,1,2,1,,,,,,,,,,,,,,,,,,,,,,,,,,,,,,,,3,25,1,1,90,2,,2,3,2,1,2,3,3,1,,1,1,2,,1,1,1,1,1,1,1
072901,1,25,6,3,2,4,1,1,1,2,,1,2,1,1,1,2,1,2,2,1,1,1,1,1,1,1,1,2,2,2,2,2,2,2,2,2,2,2,1,,,,,,,,,,,,,,,,,,,,,,,,,,,,,,,,,,,,,,,,,,,,,,,,1,60,,,,,,,,,,,3,2,1,1,2,1,2,1,2,2,2,2
073002,1,60,6,3,3,5,2,1,1,2,,1,2,1,1,2,3,1,1,2,1,1,1,1,1,1,1,1,1,1,1,,2,1,2,2,2,2,1,2,20,2,1,1,60,1,2,2,1,1,1,2,3,4,3,10,1,2,1,2,1,2,2,2,2,2,,,,,,,,,,,,,,,,,,,2,30,2,,,2,,2,3,2,1,2,3,3,1,,2,2,2,,2,,1,2,2,2,2
073103,1,56,3,3,1,2,1,1,1,2,,2,2,1,1,2,1,1,2,2,2,1,1,1,1,1,1,1,2,2,2,2,2,2,2,2,2,2,2,1,,,,,,,,,,,,,,,,,,,,,,,,,,,,,,,,,,,,,,,,,,,,,,,,1,20,,,,,,,,,,,3,2,2,2,,2,,1,1,1,1,2
073204,2,98,0,,1,1,1,2,1,2,,2,2,2,,,2,1,2,2,1,1,1,1,1,1,1,1,2,,,,,,,,,,,,,,,,,,,,,,,,,,,,,,,,,,,,,,,,,,,,,,,,,,,,,,,,,,,,,,,,,,,,,,,,,,,,,,,,,,
073301,1,53,2,1,2,3,2,1,1,1,1,2,2,2,,,2,1,2,2,1,1,1,1,1,1,1,1,1,2,2,2,2,2,2,2,2,2,2,2,,,,,,,,,,,,,,,,,,,,,,,,,,,,,,,,,,,,,,,,,,,,,,,,,,,,,,,,,,,,4,2,2,2,,2,,1,1,1,1,2
073402,1,75,0,,1,1,0,2,2,1,1,2,2,2,,,1,1,2,2,2,2,1,2,2,1,1,1,1,2,1,,2,2,2,2,2,2,2,2,1,2,1,2,60,1,2,2,1,2,2,2,2,,,,,,,,,,,,,,,,,,,,,,,,,,,,,,,,,,,,,2,,1,2,2,2,3,3,1,1,,2,2,2,,2,,2,,,,
073503,2,22,3,3,1,3,1,1,1,1,1,2,2,1,1,2,2,1,2,2,1,1,1,1,1,1,1,1,2,1,1,,2,1,2,2,2,1,1,1,1,1,2,4,60,1,2,2,2,1,1,2,2,1,4,60,1,1,2,2,2,2,2,1,1,2,,,,,,,,,,,,,,,3,60,1,2,3,60,1,1,60,2,,2,3,2,1,2,3,3,2,,2,1,1,2,1,1,1,1,1,1,1
073604,1,57,0,,1,3,1,1,1,2,,2,2,2,,,1,1,2,2,3,1,1,3,1,1,1,1,2,,,,,,,,,,,,,,,,,,,,,,,,,,,,,,,,,,,,,,,,,,,,,,,,,,,,,,,,,,,,,,,,,,,,,,,,,,,,,,,,,,
073701,1,27,8,5,1,1,0,2,2,2,,2,2,1,1,2,1,1,2,2,1,1,1,1,2,1,1,1,1,1,1,,2,2,2,2,1,,2,1,2,2,1,2,60,1,1,1,1,2,1,2,2,,,,,,,,,,,,,,,,,,,,,,,,,,,,2,60,2,1,,,,1,120,2,,2,4,1,1,1,3,3,1,,1,2,1,2,1,1,1,1,1,1,1
073802,1,64,2,4,2,2,0,2,2,2,,2,2,2,,,2,1,2,2,3,2,2,2,1,1,1,1,1,,,,,,,,,,,,,,,,,,,,,,,,,,,,,,,,,,,,,,,,,,,,,,,,,,,,,,,,,,,,,,,,,,,,,,,,,,,,,,,,,,
073903,2,73,2,5,2,3,1,1,2,2,,2,2,2,,,1,1,2,2,1,1,1,1,1,1,1,1,1,2,1,,2,2,2,2,2,2,2,2,1,2,1,3,15,1,2,2,1,2,2,2,3,,,,,,,,,,,,,,,,,,,,,,,,,,,,,,,,,,,,,2,,2,2,2,2,2,3,3,3,,2,1,1,2,1,1,1,2,2,2,2
074004,2,42,6,3,3,5,1,1,1,1,1,1,2,1,1,2,5,1,2,2,1,1,1,1,1,1,1,1,2,1,1,,2,2,2,2,2,2,1,1,2,2,1,2,30,1,2,2,1,2,2,2,3,,,,,,,,,,,,,,,,,,,,,,,,,,,,,,,,2,20,1,1,120,1,8,3,3,1,1,3,3,1,1,,2,1,2,,2,,1,1,1,1,1
074101,2,50,8,5,1,4,1,1,1,2,,1,2,1,1,1,1,1,2,2,2,1,1,1,1,1,1,1,1,1,1,,2,2,2,2,2,2,1,1,20,1,1,1,180,2,2,1,1,1,1,2,3,,,,,,,,,,,,,,,,,,,,,,,,,,,,,,,,1,180,2,1,60,1,3,4,4,1,1,1,3,3,1,,1,1,2,,2,,1,1,1,2,2
074202,1,94,2,3,1,3,1,1,2,1,1,2,2,2,,,2,1,2,2,2,3,2,1,2,2,2,1,2,2,2,2,2,2,2,2,2,2,2,2,,,,,,,,,,,,,,,,,,,,,,,,,,,,,,,,,,,,,,,,,,,,,,,,,,,,,,,,,,,,1,2,2,2,,2,,1,2,2,2,2
074303,2,61,2,6,1,1,1,1,1,2,,2,2,2,,,1,1,2,2,2,1,1,1,1,1,1,1,1,,,,,,,,,,,,,,,,,,,,,,,,,,,,,,,,,,,,,,,,,,,,,,,,,,,,,,,,,,,,,,,,,,,,,,,,,,,,,,,,,,
074404,2,79,2,5,1,4,0,1,2,2,,2,2,2,,,2,1,2,2,1,1,1,1,2,1,1,1,2,1,2,2,1,,2,2,2,2,2,2,,,,,,,,,,,,,,20,1,30,1,2,2,2,2,2,2,2,2,1,,,,,,,,,,,,,,,,,,,,,,,,2,,4,4,2,2,2,3,3,3,,2,2,2,,2,,1,1,1,1,2
074602,1,67,6,1,2,2,1,1,2,2,,2,2,2,,,1,1,2,2,3,2,2,2,1,1,1,1,1,1,1,,2,2,2,2,2,2,2,1,1,2,1,2,15,1,2,2,1,2,2,2,2,,,,,,,,,,,,,,,,,,,,,,,,,,,,,,,,,,,5,20,1,3,2,1,2,2,1,3,3,1,,2,1,1,1,1,1,1,2,1,1,2
074703,1,52,2,6,2,4,1,1,1,2,,1,2,2,,,3,1,2,2,1,1,1,1,1,1,1,1,2,2,2,2,2,2,2,2,2,2,2,1,,,,,,,,,,,,,,,,,,,,,,,,,,,,,,,,,,,,,,,,,,,,,,,,1,120,,,,,,,,,,,1,2,2,2,,2,,1,1,1,2,2
074804,1,40,8,5,3,6,1,1,1,1,1,1,2,1,1,1,5,1,2,2,1,1,1,1,1,1,1,1,2,2,2,1,2,2,2,2,2,2,1,1,3,2,1,2,20,2,2,2,1,2,2,2,3,,,,,,,,,,,,,,,,,,,,,,,,,,,,,,,,1,20,1,1,240,2,,2,1,2,1,1,3,1,1,,2,1,1,2,2,,1,2,1,1,1
074901,2,44,3,3,1,2,0,1,2,2,,2,2,1,1,2,3,1,2,2,2,1,1,1,2,1,1,1,2,1,1,,2,2,2,2,2,2,2,1,1,1,1,1,15,1,2,2,1,2,2,2,2,,,,,,,,,,,,,,,,,,,,,,,,,,,,,,,,,,,5,15,2,,4,3,2,1,1,3,3,1,,1,1,1,1,1,1,1,2,1,1,2
075002,2,50,2,2,1,4,1,1,1,1,1,2,2,1,1,1,4,1,2,2,3,1,1,1,1,1,1,1,2,1,2,1,2,2,2,2,2,2,2,2,2,2,1,2,30,1,1,2,1,2,2,2,2,,,,,,,,,,,,,,,,,,,,,,,,,,,,,,,,,,,,,1,5,2,2,2,2,3,3,3,1,,2,2,2,,2,,1,2,1,1,2
075204,2,65,6,3,3,4,2,1,2,2,,2,2,2,,,1,1,2,2,3,2,2,3,2,3,2,1,2,2,2,2,2,2,2,2,2,2,2,2,,,,,,,,,,,,,,,,,,,,,,,,,,,,,,,,,,,,,,,,,,,,,,,,,,,,,,,,,,,,6,2,2,2,,2,,1,2,1,2,2
075301,1,62,2,6,2,3,0,1,1,2,,2,2,1,1,2,8,1,2,2,2,1,1,1,2,1,1,1,2,1,2,2,1,,2,2,2,2,2,1,,,,,,,,,,,,,,1,2,20,1,1,2,2,2,2,2,2,2,2,,,,,,,,,,,,,,,,,,,,,,2,20,2,,2,3,1,2,3,3,3,1,,2,2,2,,2,,1,2,1,1,1
075402,2,48,0,,1,3,0,1,2,1,1,2,2,2,,,2,1,2,2,1,1,1,2,1,1,1,1,2,,,,,,,,,,,,,,,,,,,,,,,,,,,,,,,,,,,,,,,,,,,,,,,,,,,,,,,,,,,,,,,,,,,,,,,,,,,,,,,,,,
075503,2,40,6,3,1,3,0,1,2,2,,2,2,2,,,6,1,2,2,2,1,1,2,1,1,1,1,2,1,1,,1,,2,2,2,2,2,1,1,2,1,2,30,1,2,2,2,2,1,2,2,2,2,30,1,2,2,2,2,1,2,2,2,2,,,,,,,,,,,,,,,,,,,,,,2,60,2,,2,2,1,2,3,3,3,1,,2,1,2,,2,,1,1,1,1,1
075701,2,70,2,2,1,3,1,1,2,2,,2,2,2,,,1,1,2,2,2,1,2,2,1,1,1,1,2,,,,,,,,,,,,,,,,,,,,,,,,,,,,,,,,,,,,,,,,,,,,,,,,,,,,,,,,,,,,,,,,,,,,,,,,,,,,,,,,,,
075802,1,12,2,5,4,6,3,1,1,1,1,1,2,1,1,1,5,1,2,2,1,1,1,1,1,1,1,1,2,2,2,2,2,2,2,2,2,2,2,1,,,,,,,,,,,,,,,,,,,,,,,,,,,,,,,,,,,,,,,,,,,,,,,,5,60,,,,,,,,,,,5,2,2,1,2,1,1,1,2,2,2,2
075903,2,15,3,3,3,3,0,1,2,2,,2,2,2,,,4,1,2,2,2,1,1,1,1,1,1,1,1,2,2,1,2,2,2,2,2,2,2,1,1,2,1,2,60,2,2,2,1,2,2,2,2,,,,,,,,,,,,,,,,,,,,,,,,,,,,,,,,,,,1,180,1,5,1,1,2,1,1,3,3,1,,2,2,2,,1,1,1,1,2,2,2
076004,2,60,0,,1,3,0,1,1,2,,2,2,2,,,3,1,2,1,1,1,1,1,1,1,1,1,1,,,,,,,,,,,,,,,,,,,,,,,,,,,,,,,,,,,,,,,,,,,,,,,,,,,,,,,,,,,,,,,,,,,,,,,,,,,,,,,,,,
076101,1,13,3,1,2,3,1,1,2,2,,2,2,2,,,6,1,2,2,2,1,1,1,2,1,1,1,2,2,2,2,2,2,2,2,2,2,1,1,,,,,,,,,,,,,,,,,,,,,,,,,,,,,,,,,,,,,,,,,,,,,2,30,1,1,60,2,,1,1,1,1,2,3,1,3,,2,2,1,2,2,,1,1,1,1,1
076202,2,30,8,5,3,5,3,1,1,1,1,1,2,1,1,1,4,1,2,2,1,1,1,1,2,1,1,1,2,1,1,,2,2,2,2,2,2,1,1,4,1,1,2,60,1,2,2,1,1,2,2,1,,,,,,,,,,,,,,,,,,,,,,,,,,,,,,,,2,30,1,1,180,2,,2,3,1,1,3,3,3,1,,1,2,1,2,1,2,1,1,1,1,1
076303,2,41,8,5,2,5,2,1,1,1,2,1,2,1,1,1,4,1,2,2,1,1,1,1,2,1,1,1,2,1,1,,2,2,2,2,2,2,1,1,3,2,1,2,30,1,2,2,1,2,1,2,2,,,,,,,,,,,,,,,,,,,,,,,,,,,,,,,,1,60,1,1,180,2,,3,3,1,1,3,3,3,1,,2,1,1,1,1,1,1,1,1,1,1
076404,2,48,2,6,3,4,0,1,1,1,1,2,2,1,1,1,3,1,2,2,1,1,1,2,1,1,1,1,1,1,1,,1,,2,2,2,2,2,1,5,2,1,2,15,1,1,2,1,2,2,2,2,2,2,15,1,2,2,2,1,1,2,2,2,2,,,,,,,,,,,,,,,,,,,,,,1,30,2,,1,3,1,2,3,3,1,1,,2,1,2,,2,,1,1,1,1,2
076501,1,58,3,3,2,4,2,1,1,2,,2,2,2,,,1,1,2,2,2,2,1,1,1,1,1,1,1,1,2,2,2,2,2,2,2,2,2,1,,,,,,,,,,,,,,,,,,,,,,,,,,,,,,,,,,,,,,,,,,,,,,,,1,60,,,,,,,,,,,1,2,2,2,,2,,1,1,1,1,1
076703,2,45,0,,1,1,1,2,2,2,,2,2,2,,,1,1,2,1,2,1,1,2,1,1,1,1,1,,,,,,,,,,,,,,,,,,,,,,,,,,,,,,,,,,,,,,,,,,,,,,,,,,,,,,,,,,,,,,,,,,,,,,,,,,,,,,,,,,
076901,1,27,8,4,1,4,1,2,2,2,,1,2,2,,,1,1,2,1,1,2,1,1,1,1,1,1,1,2,2,1,1,,2,2,2,2,1,1,4,1,1,2,30,2,2,1,2,2,2,2,1,5,4,30,2,2,2,2,2,2,1,2,2,2,,,,,,,,,,,,,,,,,,,1,120,2,1,180,2,,3,2,1,1,1,3,3,1,,1,2,1,2,1,2,1,1,1,1,1
077002,1,18,6,3,4,6,2,1,1,1,1,2,2,1,1,1,4,1,2,2,1,1,1,1,1,1,1,1,2,2,2,1,2,2,2,2,2,2,1,1,3,2,1,2,60,2,2,1,2,2,2,2,2,,,,,,,,,,,,,,,,,,,,,,,,,,,,,,,,3,30,2,1,180,2,,2,3,1,1,2,3,3,1,,2,1,1,3,1,1,1,2,1,1,1
077103,1,35,3,3,8,11,1,2,1,2,,2,2,1,1,2,16,2,2,2,2,1,1,4,2,1,1,1,1,1,2,2,1,,2,2,2,2,2,1,,,,,,,,,,,,,,5,3,180,1,2,2,2,2,2,2,2,1,2,,,,,,,,,,,,,,,,,,,,,,1,240,2,,2,3,1,1,2,3,3,1,,2,2,2,,2,,1,2,1,1,1
077301,1,34,6,3,1,1,0,2,2,2,,2,2,2,,,1,1,2,2,1,1,1,1,1,1,1,1,1,2,2,1,2,2,2,2,2,2,2,1,2,2,1,2,15,1,1,1,1,1,2,2,2,,,,,,,,,,,,,,,,,,,,,,,,,,,,,,,,,,,1,30,2,,1,1,1,1,2,3,3,1,,2,1,1,3,1,1,1,2,1,1,2
077402,2,47,2,6,1,3,1,1,2,2,,2,2,1,1,2,2,1,2,2,1,1,1,1,1,1,1,1,1,2,2,1,2,2,2,2,2,2,2,2,1,2,1,5,30,2,1,2,2,2,2,2,3,,,,,,,,,,,,,,,,,,,,,,,,,,,,,,,,,,,,,2,,2,2,2,2,2,3,3,1,,1,1,2,,1,1,1,2,1,1,1
077503,2,45,3,3,2,4,0,1,1,1,1,1,2,1,1,2,3,1,2,2,2,1,1,1,1,1,1,1,2,1,1,,1,,2,2,2,2,1,1,4,1,1,2,60,2,2,2,1,2,2,2,3,2,3,10,1,2,2,1,2,1,2,2,2,2,,,,,,,,,,,,,,,,,,,1,120,1,1,30,2,,2,2,1,2,3,3,1,1,,2,2,2,,2,,1,2,1,1,1
077604,2,59,8,5,1,4,2,1,1,1,1,1,2,1,1,1,2,1,2,2,1,1,1,1,2,1,1,1,2,2,2,2,2,2,2,2,2,2,2,1,,,,,,,,,,,,,,,,,,,,,,,,,,,,,,,,,,,,,,,,,,,,,,,,1,360,,,,,,,,,,,1,2,2,2,,2,,1,2,1,1,1
077701,1,28,6,3,1,3,1,1,1,1,1,1,2,1,1,1,4,1,2,2,1,1,1,1,1,1,1,1,2,1,1,,1,,2,2,2,1,1,1,2,1,1,1,30,1,1,2,1,1,1,2,3,3,2,30,1,2,2,2,1,2,2,1,2,2,,,,,,,,,,,,,,,5,15,1,2,2,120,1,1,120,1,6,4,3,1,1,1,3,3,1,,1,1,1,2,1,4,1,1,1,1,1
077802,2,18,6,2,2,4,1,1,1,1,1,1,2,1,1,1,3,1,2,2,1,1,1,1,1,1,1,1,2,2,2,1,2,2,2,2,1,,1,1,2,2,1,4,20,1,2,2,1,1,2,2,3,,,,,,,,,,,,,,,,,,,,,,,,,,,,3,20,1,2,3,20,1,1,240,2,,2,3,2,1,1,3,3,1,,2,2,2,,1,1,1,1,1,1,1
077903,2,43,8,5,2,4,1,1,1,1,1,1,2,1,1,1,4,1,2,2,2,1,1,1,1,1,1,1,2,1,1,,2,2,2,2,2,2,2,1,5,1,1,1,20,1,1,2,1,2,2,2,3,,,,,,,,,,,,,,,,,,,,,,,,,,,,,,,,,,,2,60,2,,1,3,1,1,1,3,3,1,,2,2,2,,1,1,1,2,2,2,1
078004,2,67,3,1,2,4,1,1,2,2,,2,2,1,1,2,2,1,2,2,2,1,1,1,1,1,1,1,2,1,1,,2,2,2,2,2,2,2,1,1,2,1,1,30,2,2,2,1,2,2,2,2,,,,,,,,,,,,,,,,,,,,,,,,,,,,,,,,,,,2,10,2,,1,1,1,2,2,3,1,1,,2,2,2,,2,,1,2,2,1,2
078202,1,17,6,2,2,4,1,1,1,1,1,1,2,1,1,2,4,1,2,2,1,1,1,1,1,1,1,1,2,1,1,,1,,2,2,1,,1,1,2,1,2,3,120,1,1,2,2,1,2,2,2,1,3,30,1,1,2,2,2,2,2,2,2,2,,,,,,,,,,,,,,,3,60,1,2,3,60,2,2,120,2,,2,2,2,1,2,3,3,1,,2,1,2,,1,1,1,1,1,1,1
078303,2,40,8,4,2,4,2,1,1,1,1,1,2,1,1,2,4,1,2,2,2,2,1,1,1,1,1,1,2,2,1,,2,2,2,2,2,1,2,2,2,2,1,3,60,2,2,1,1,2,2,2,2,,,,,,,,,,,,,,,,,,,,,,,,,,,,2,20,2,1,,,,,,2,,3,3,2,1,3,3,3,1,,1,2,2,,1,1,1,1,1,1,1
078404,1,65,2,2,2,4,0,2,1,2,,2,2,1,1,1,6,1,2,2,2,1,1,2,1,1,1,1,2,,,,,,,,,,,,,,,,,,,,,,,,,,,,,,,,,,,,,,,,,,,,,,,,,,,,,,,,,,,,,,,,,,,,,,,,,,,,,,,,,,
078501,1,51,8,5,1,2,1,1,2,1,1,1,2,1,1,2,5,1,2,2,2,2,1,1,2,1,1,1,2,1,1,,2,2,2,2,2,2,1,1,3,1,1,2,120,1,2,1,2,2,1,2,1,,,,,,,,,,,,,,,,,,,,,,,,,,,,,,,,2,120,1,2,60,2,,3,2,1,1,3,3,3,1,,2,1,2,,1,2,1,2,1,2,2
078602,2,22,8,3,2,4,0,1,1,2,,2,2,1,1,1,3,1,2,2,1,1,1,1,1,1,1,1,2,1,1,,1,,2,2,2,2,2,2,3,1,2,2,120,2,2,1,2,2,2,2,2,2,2,120,2,2,2,2,2,2,2,1,2,2,,,,,,,,,,,,,,,,,,,,,,,,2,,1,3,2,1,1,3,3,1,,1,1,1,2,1,1,1,2,1,1,1
078703,2,19,6,3,2,4,1,1,1,2,,1,2,2,,,3,1,2,2,1,1,1,1,2,1,1,1,2,2,2,1,2,2,2,2,2,2,2,1,2,2,1,2,120,2,2,1,2,2,2,2,3,,,,,,,,,,,,,,,,,,,,,,,,,,,,,,,,,,,1,120,2,,2,2,1,2,2,3,1,3,,2,1,1,2,1,1,1,1,1,1,1
078804,1,21,8,1,2,5,1,1,2,2,,1,1,1,1,1,3,1,2,2,1,1,1,1,1,1,1,1,2,2,2,1,2,2,2,2,2,2,1,1,12,1,1,2,15,2,2,1,2,2,2,2,1,,,,,,,,,,,,,,,,,,,,,,,,,,,,,,,,1,300,1,1,480,2,,3,2,2,1,3,3,3,1,,1,1,1,2,1,2,1,2,2,2,2
078901,1,43,3,3,2,4,2,1,1,2,,2,2,1,1,2,3,1,2,2,1,2,1,1,1,1,1,1,1,1,1,,1,,2,2,2,2,1,2,30,1,2,2,120,1,2,2,1,2,2,2,1,5,2,60,1,1,2,1,2,2,2,2,2,2,,,,,,,,,,,,,,,,,,,2,30,1,,,2,,2,3,1,2,2,3,3,1,,2,2,2,,1,1,1,1,2,1,2
079002,2,34,6,3,1,1,0,1,2,2,,2,2,1,1,2,5,1,2,2,1,1,1,1,1,1,1,1,2,2,2,2,2,2,2,2,2,2,2,1,,,,,,,,,,,,,,,,,,,,,,,,,,,,,,,,,,,,,,,,,,,,,,,,2,60,,,,,,,,,,,1,2,2,2,,2,,1,1,1,1,1
079103,2,61,2,2,1,2,0,1,1,2,,2,2,2,,,1,1,2,2,3,2,2,2,3,1,2,2,2,,,,,,,,,,,,,,,,,,,,,,,,,,,,,,,,,,,,,,,,,,,,,,,,,,,,,,,,,,,,,,,,,,,,,,,,,,,,,,,,,,
079204,2,60,3,3,2,3,0,1,1,2,,2,2,2,,,3,1,1,2,1,1,1,2,1,1,1,1,2,2,2,2,2,2,2,2,2,2,2,2,,,,,,,,,,,,,,,,,,,,,,,,,,,,,,,,,,,,,,,,,,,,,,,,,,,,,,,,,,,,6,2,2,1,1,1,1,1,2,1,1,1
079301,1,32,8,4,2,3,1,1,1,2,,1,1,1,1,1,2,1,2,2,1,1,1,1,1,1,1,1,2,1,2,2,1,,2,2,2,2,1,1,,,,,,,,,,,,,,20,2,20,1,2,2,2,2,2,2,1,2,2,,,,,,,,,,,,,,,,,,,2,90,1,1,120,2,,3,3,2,1,1,3,3,1,,1,2,2,,1,1,1,1,2,1,1
079402,1,61,3,3,2,4,1,1,2,2,,2,2,1,1,2,5,1,2,2,1,1,1,1,1,1,1,1,2,1,1,,2,2,2,2,2,2,2,1,2,2,1,4,60,2,1,1,1,2,2,2,2,,,,,,,,,,,,,,,,,,,,,,,,,,,,,,,,,,,2,60,1,8,2,3,1,2,3,3,1,1,,2,2,2,,2,,1,2,1,2,2
079503,1,33,8,4,4,4,1,1,1,1,1,2,2,1,1,2,4,1,2,2,2,1,1,1,1,1,1,1,2,2,2,1,2,2,2,2,2,1,1,1,1,1,2,4,60,1,2,1,2,2,2,2,1,,,,,,,,,,,,,,,,,,,,,,,,,,,,3,60,1,2,1,120,1,1,180,2,,2,2,2,1,2,3,3,1,,2,1,1,2,1,1,1,2,1,1,2
079701,1,12,2,5,2,4,1,1,1,2,,2,2,1,1,1,2,1,2,2,1,2,1,1,1,1,1,1,2,2,2,1,2,2,2,2,2,2,2,2,3,2,1,2,20,2,2,2,2,2,1,2,2,,,,,,,,,,,,,,,,,,,,,,,,,,,,,,,,,,,,,2,,2,1,1,2,2,3,3,1,,2,2,1,2,1,1,1,2,2,1,2
079903,2,66,0,,2,3,1,1,1,2,,2,2,1,1,2,1,1,2,2,3,1,3,3,1,1,1,1,2,,,,,,,,,,,,,,,,,,,,,,,,,,,,,,,,,,,,,,,,,,,,,,,,,,,,,,,,,,,,,,,,,,,,,,,,,,,,,,,,,,
080004,1,20,8,2,2,4,1,1,1,2,,1,2,1,1,1,2,1,2,2,1,1,1,1,1,1,1,1,2,2,2,1,2,2,2,2,2,2,1,1,1,2,1,2,10,1,2,2,2,1,2,2,3,,,,,,,,,,,,,,,,,,,,,,,,,,,,,,,,2,10,2,1,120,2,,2,3,2,1,3,3,3,1,,1,2,1,2,1,1,1,1,1,1,1
080101,2,72,2,6,2,4,2,1,1,2,,2,2,2,,,1,1,2,2,1,1,2,2,1,1,1,1,2,2,1,,2,2,2,2,2,2,2,2,1,2,1,2,30,2,2,2,1,2,2,2,3,,,,,,,,,,,,,,,,,,,,,,,,,,,,,,,,,,,,,2,,2,1,2,2,2,3,1,1,,2,2,1,2,2,,1,2,1,1,2
080303,2,26,2,6,2,4,3,1,1,2,,1,2,1,1,2,7,1,2,2,1,1,1,1,1,1,1,1,2,2,2,2,2,2,2,2,2,2,1,1,,,,,,,,,,,,,,,,,,,,,,,,,,,,,,,,,,,,,,,,,,,,,2,30,2,1,120,2,,2,1,2,1,2,3,1,1,,1,2,1,1,2,,1,1,1,1,1
080501,2,28,8,4,3,7,2,1,1,1,3,1,1,1,1,1,6,1,2,2,1,1,1,1,2,1,1,1,2,1,1,,1,,1,,2,2,1,1,3,2,1,2,20,1,2,1,2,2,1,2,3,4,1,5,1,2,2,2,2,2,1,2,2,2,1,2,2,3,1,1,0,0,0,0,0,1,0,1,,,,,2,5,1,1,180,2,,3,3,2,1,1,3,3,1,,1,2,2,,1,1,1,2,2,2,2
080602,1,58,8,5,3,5,3,1,1,1,3,1,1,1,1,1,5,1,2,2,1,1,1,1,1,1,1,1,2,1,1,,2,2,2,2,2,2,1,1,10,2,1,2,15,1,2,1,2,2,2,2,1,,,,,,,,,,,,,,,,,,,,,,,,,,,,,,,,3,15,1,1,60,2,,3,3,2,1,1,3,1,1,,2,2,2,,1,1,1,2,1,2,1
080703,2,57,6,3,2,4,2,1,2,1,1,1,2,1,1,2,2,1,2,2,1,1,1,1,1,1,1,1,2,1,1,,2,2,2,2,2,2,1,2,24,2,1,2,60,1,2,2,2,2,1,2,2,,,,,,,,,,,,,,,,,,,,,,,,,,,,,,,,2,30,2,,,2,,2,3,1,2,3,3,3,1,,2,1,2,,1,1,1,1,1,1,2
080804,1,27,6,3,3,5,1,1,1,2,,2,2,1,1,1,4,1,1,2,1,1,1,1,1,1,1,1,2,2,2,2,2,2,2,2,2,2,1,1,,,,,,,,,,,,,,,,,,,,,,,,,,,,,,,,,,,,,,,,,,,,,2,60,1,1,120,2,,3,3,2,1,1,3,3,1,,2,1,1,1,1,1,1,2,1,1,1
080901,1,74,8,4,3,4,2,1,1,1,3,1,2,1,1,1,4,1,2,2,1,1,1,1,1,1,1,1,1,2,2,2,1,,2,2,2,2,2,1,,,,,,,,,,,,,,2,3,15,1,1,1,2,2,1,1,1,2,2,,,,,,,,,,,,,,,,,,,,,,1,20,2,,1,3,2,2,1,3,3,1,,2,1,1,1,2,,1,2,1,2,2
081002,2,57,5,3,2,4,1,1,1,1,1,2,2,1,1,1,4,2,2,2,1,1,1,2,1,1,1,1,2,1,1,,2,2,2,2,2,2,1,1,3,2,1,1,60,1,2,2,1,2,1,2,2,,,,,,,,,,,,,,,,,,,,,,,,,,,,,,,,1,60,2,1,60,1,1,2,3,1,1,2,3,3,1,,2,2,2,,2,,1,2,1,2,2
081103,2,56,8,5,3,6,1,1,1,1,1,1,2,1,1,2,2,1,2,2,3,1,1,1,1,1,1,1,2,1,1,,1,,2,2,2,2,1,1,1,2,1,2,60,1,2,2,2,1,2,2,3,1,5,15,1,2,2,2,1,2,2,2,1,2,,,,,,,,,,,,,,,,,,,1,120,1,1,180,2,,2,3,2,1,3,3,3,1,,2,2,2,,2,,1,2,1,2,2
081204,1,33,8,4,3,5,2,1,2,1,1,1,2,1,1,2,3,1,2,1,1,1,1,1,1,1,1,1,2,1,1,,1,,2,1,1,,1,1,10,2,1,1,60,1,1,1,2,1,2,2,3,2,2,30,1,2,2,1,2,2,1,1,1,2,1,2,1,20,1,1,0,0,0,0,0,0,0,1,3,60,2,1,1,120,2,1,180,2,,3,3,2,1,3,3,3,1,,1,1,2,,1,4,1,1,1,1,1
081301,2,50,7,3,2,4,1,1,1,1,1,1,2,1,1,1,2,1,2,2,2,1,1,1,1,1,1,1,1,1,2,1,2,2,2,2,1,,1,1,3,1,2,4,120,2,1,1,1,2,2,2,1,,,,,,,,,,,,,,,,,,,,,,,,,,,,3,60,1,2,4,60,1,3,60,2,,2,4,2,1,2,3,3,1,,1,1,2,,1,3,1,1,1,1,1
081402,2,28,8,5,2,3,1,1,1,2,,2,2,1,1,2,3,1,2,2,2,1,1,1,2,1,1,1,2,1,1,,2,2,2,2,2,2,1,1,3,2,1,1,120,1,2,2,2,1,2,2,3,,,,,,,,,,,,,,,,,,,,,,,,,,,,,,,,3,30,1,1,60,1,5,2,3,2,1,3,3,3,1,,1,1,1,1,1,1,1,1,1,1,1
081503,2,29,8,4,2,4,1,1,1,2,,1,2,1,1,2,3,1,2,2,1,1,1,1,1,1,1,1,2,1,1,,2,1,2,2,2,2,1,1,5,2,1,2,360,1,2,1,1,2,2,2,3,1,4,10,1,2,2,2,2,2,2,2,1,2,,,,,,,,,,,,,,,,,,,3,60,2,1,250,1,5,3,4,2,1,3,3,3,1,,2,2,2,,2,,1,1,1,1,1
081604,1,51,5,3,1,3,1,1,1,2,,1,2,1,1,2,1,1,2,2,1,1,1,1,1,1,1,1,2,2,2,2,2,2,2,2,2,2,2,1,,,,,,,,,,,,,,,,,,,,,,,,,,,,,,,,,,,,,,,,,,,,,,,,5,5,,,,,,,,,,,4,2,2,2,,2,,1,2,1,1,2
081701,1,71,3,3,1,3,1,1,1,2,,2,2,1,1,2,2,1,2,2,2,1,1,3,1,1,1,1,2,1,2,2,1,,2,2,2,2,2,1,,,,,,,,,,,,,,2,2,60,1,2,2,2,2,1,2,2,2,2,,,,,,,,,,,,,,,,,,,,,,1,120,2,,2,2,2,2,2,3,3,1,,2,1,2,,2,,1,2,1,1,2
081903,1,32,8,3,1,2,2,1,2,1,1,1,2,1,1,1,1,1,2,2,1,1,1,1,1,1,1,1,2,1,1,,2,2,2,2,2,1,2,1,2,1,1,3,120,1,2,2,2,1,2,2,2,,,,,,,,,,,,,,,,,,,,,,,,,,,,3,60,1,2,,,,1,120,2,,2,3,2,1,1,3,1,1,,2,2,2,,1,1,1,1,1,1,2
082004,2,25,8,5,1,2,1,1,1,2,,1,2,1,1,2,1,1,2,2,1,1,1,1,1,1,1,1,1,1,1,,2,1,2,2,2,2,1,1,3,2,1,2,30,2,2,1,1,2,1,2,3,2,2,30,2,2,1,2,2,2,1,1,2,2,,,,,,,,,,,,,,,,,,,1,180,1,1,240,2,,2,3,2,1,2,3,3,1,,1,1,1,1,1,3,1,2,1,1,2
082101,2,27,3,3,2,3,0,1,1,1,1,2,2,2,,,7,1,2,2,1,1,1,1,1,1,1,1,2,2,2,2,2,2,2,2,2,2,2,1,,,,,,,,,,,,,,,,,,,,,,,,,,,,,,,,,,,,,,,,,,,,,,,,1,180,,,,,,,,,,,1,2,2,2,,2,,1,1,1,1,1
082202,2,13,2,6,1,3,0,1,1,2,,2,2,1,1,2,4,1,2,2,2,1,1,1,2,1,2,1,2,1,1,,2,2,2,2,2,2,1,1,6,1,1,1,20,1,2,1,1,1,2,2,2,,,,,,,,,,,,,,,,,,,,,,,,,,,,,,,,2,15,1,1,10,2,,3,3,2,1,1,3,3,1,,2,1,1,3,1,1,1,1,1,1,1
082303,2,44,3,3,3,4,0,1,1,2,,2,2,2,,,5,2,2,1,2,1,1,1,1,1,1,1,1,2,2,1,2,2,2,2,2,2,2,1,3,1,2,2,15,1,1,2,2,2,2,2,1,,,,,,,,,,,,,,,,,,,,,,,,,,,,,,,,,,,1,20,2,,2,2,2,1,3,3,3,3,,2,2,2,,2,,1,1,1,1,1
082404,2,35,2,6,1,2,1,1,2,2,,2,2,2,,,4,1,2,2,1,1,1,1,1,1,1,1,2,2,2,2,2,2,2,2,2,2,2,1,,,,,,,,,,,,,,,,,,,,,,,,,,,,,,,,,,,,,,,,,,,,,,,,2,30,,,,,,,,,,,1,2,2,2,,2,,1,1,1,1,1
082501,2,58,8,3,4,4,3,1,1,1,1,2,2,1,1,2,5,2,2,2,2,1,2,3,1,1,1,1,1,1,1,,1,,2,2,2,2,2,2,8,2,1,1,60,1,1,1,1,2,1,2,2,9,1,60,1,2,2,2,1,1,2,2,2,2,,,,,,,,,,,,,,,,,,,,,,,,1,8,1,1,2,2,3,3,3,1,,1,1,1,3,1,5,1,1,1,1,1
082602,2,18,6,3,2,5,1,1,1,2,,2,2,1,1,2,4,1,2,2,2,1,1,1,1,1,1,1,1,2,2,1,2,2,2,2,2,1,1,1,2,2,1,5,60,1,2,1,2,1,2,2,4,,,,,,,,,,,,,,,,,,,,,,,,,,,,5,30,2,1,1,60,1,1,60,2,,2,3,1,2,3,3,3,1,,1,1,1,1,1,1,1,1,1,2,1
082703,1,23,3,3,2,3,0,1,2,1,1,2,2,1,1,2,7,1,2,2,1,1,1,1,1,1,1,1,2,2,2,2,2,2,2,2,2,2,2,2,,,,,,,,,,,,,,,,,,,,,,,,,,,,,,,,,,,,,,,,,,,,,,,,,,,,,,,,,,,,4,2,2,1,2,2,,1,1,1,1,1
082804,2,24,6,1,1,2,0,1,2,2,,2,2,2,,,3,1,2,2,1,1,1,1,1,1,1,1,2,2,2,2,2,2,2,2,2,2,2,1,,,,,,,,,,,,,,,,,,,,,,,,,,,,,,,,,,,,,,,,,,,,,,,,1,480,,,,,,,,,,,1,2,2,2,,2,,1,1,1,1,1
082901,1,33,2,6,1,3,0,1,2,2,,2,2,2,,,3,1,2,2,1,1,1,1,1,1,1,1,2,1,2,2,2,2,2,2,2,2,2,1,,,,,,,,,,,,,,,,,,,,,,,,,,,,,,,,,,,,,,,,,,,,,,,,1,120,,,,,,,,,,,5,2,2,2,,2,,1,2,1,1,1
083002,1,14,3,2,2,4,0,1,1,2,,2,2,2,,,5,1,2,2,1,1,1,1,1,1,1,1,2,2,2,1,2,2,2,2,2,2,2,1,1,1,2,3,15,2,1,2,2,2,2,2,1,,,,,,,,,,,,,,,,,,,,,,,,,,,,,,,,,,,5,120,2,,3,2,2,2,2,3,3,1,,2,1,1,2,1,1,1,2,1,1,2
083103,1,49,2,6,1,2,0,1,2,2,,2,2,2,,,1,1,2,2,1,1,1,1,1,1,1,1,2,2,2,1,2,2,2,2,2,2,2,2,1,2,1,2,20,1,2,2,2,2,1,2,2,,,,,,,,,,,,,,,,,,,,,,,,,,,,,,,,,,,,,2,,2,2,2,1,3,3,1,1,,2,2,2,,2,,1,2,1,1,2
083204,2,44,3,3,2,3,1,1,1,2,,2,2,2,,,3,1,2,2,1,1,1,2,1,1,1,1,2,2,2,2,2,2,2,2,2,2,2,1,,,,,,,,,,,,,,,,,,,,,,,,,,,,,,,,,,,,,,,,,,,,,,,,1,180,,,,,,,,,,,3,2,1,1,1,1,1,1,1,1,1,1
083301,2,24,6,3,2,3,0,1,2,2,,2,2,2,,,6,1,2,1,1,1,1,1,1,1,1,1,1,1,1,,1,,2,2,2,2,2,1,6,2,1,3,15,1,1,2,2,2,2,2,3,3,5,5,1,2,2,2,2,1,2,2,2,2,,,,,,,,,,,,,,,,,,,,,,5,15,2,,2,4,2,1,1,3,3,1,,2,1,1,1,1,1,1,1,1,1,1
083402,2,26,2,3,2,3,0,1,2,2,,2,2,1,1,2,2,1,2,1,1,1,1,1,1,1,1,1,1,2,2,1,2,2,2,2,2,2,2,1,1,2,1,3,60,1,2,2,1,2,2,2,3,,,,,,,,,,,,,,,,,,,,,,,,,,,,,,,,,,,1,120,1,3,2,4,2,2,2,3,3,1,,2,1,1,2,1,1,1,1,1,1,1
083503,2,28,3,3,2,3,0,1,1,1,1,2,2,1,2,2,5,1,2,1,1,1,1,1,1,1,1,1,1,2,2,1,2,2,2,2,2,2,2,1,2,2,1,2,20,1,2,2,2,1,2,2,2,,,,,,,,,,,,,,,,,,,,,,,,,,,,,,,,,,,2,30,2,,2,2,1,2,2,3,1,1,,2,2,2,,2,,1,2,1,1,2
083604,1,54,2,1,1,2,0,1,1,2,,2,2,2,,,8,1,2,1,3,1,1,1,1,1,1,1,1,2,2,2,2,2,2,2,2,2,2,2,,,,,,,,,,,,,,,,,,,,,,,,,,,,,,,,,,,,,,,,,,,,,,,,,,,,,,,,,,,,1,2,2,2,,2,,1,2,2,2,2
083701,2,13,2,6,1,2,0,2,2,2,,2,2,2,,,7,1,2,1,1,1,1,1,1,1,1,1,1,2,2,1,2,2,2,2,2,2,2,2,1,2,1,2,20,1,2,2,2,1,2,2,2,,,,,,,,,,,,,,,,,,,,,,,,,,,,,,,,,,,,,2,,1,3,2,1,3,3,3,1,,2,1,1,1,2,,1,2,1,1,2
083802,2,20,3,2,2,3,0,2,2,2,,2,2,2,,,5,1,2,1,1,1,1,1,1,1,1,1,1,1,1,,1,,2,2,2,2,2,1,1,2,1,2,60,1,2,2,2,1,2,2,2,1,2,30,1,2,2,2,2,2,2,2,1,2,,,,,,,,,,,,,,,,,,,,,,1,180,2,,2,2,2,1,3,3,1,1,,2,1,1,1,2,,1,1,1,1,2
083903,1,25,3,1,3,3,0,2,2,2,,2,2,2,,,9,1,2,1,1,1,1,1,1,1,1,1,1,2,2,2,2,2,2,2,2,2,2,1,,,,,,,,,,,,,,,,,,,,,,,,,,,,,,,,,,,,,,,,,,,,,,,,2,60,,,,,,,,,,,5,2,2,2,,2,,1,2,2,2,2
084004,1,37,2,6,1,2,0,2,2,2,,2,2,2,,,3,1,2,1,1,1,1,1,1,1,1,1,1,1,2,2,2,2,2,2,2,2,2,2,,,,,,,,,,,,,,,,,,,,,,,,,,,,,,,,,,,,,,,,,,,,,,,,,,,,,,,,,,,,9,2,1,2,,2,,1,1,1,1,2
084101,1,64,2,2,2,3,0,1,1,1,1,2,2,2,,,2,1,2,2,3,1,1,3,1,1,1,1,2,2,1,,2,2,2,2,2,2,2,2,1,2,1,2,30,2,2,2,1,2,2,2,3,,,,,,,,,,,,,,,,,,,,,,,,,,,,,,,,,,,,,2,,2,2,2,2,3,3,3,1,,2,2,2,,2,,1,2,1,1,2
084202,2,67,2,1,2,3,0,1,1,1,1,2,2,2,,,2,1,2,2,3,2,3,3,1,1,1,1,2,,,,,,,,,,,,,,,,,,,,,,,,,,,,,,,,,,,,,,,,,,,,,,,,,,,,,,,,,,,,,,,,,,,,,,,,,,,,,,,,,,
084303,2,64,0,,1,2,0,1,2,2,,2,2,2,,,3,1,2,2,1,1,1,1,1,1,1,1,2,,,,,,,,,,,,,,,,,,,,,,,,,,,,,,,,,,,,,,,,,,,,,,,,,,,,,,,,,,,,,,,,,,,,,,,,,,,,,,,,,,
084404,2,29,2,6,1,2,0,2,1,2,,2,2,1,1,2,4,1,2,2,1,1,1,1,1,1,1,1,2,2,2,1,2,2,1,,2,2,2,1,1,2,1,3,20,1,2,2,1,2,1,2,2,,,,,,,,,,,,,,2,1,1,20,1,0,1,1,0,0,0,0,0,2,,,,,,,,1,20,2,,1,2,2,1,2,3,1,1,,2,2,2,,2,,1,2,1,1,1
084602,2,45,2,6,4,7,0,2,1,2,,2,2,2,,,9,1,2,1,1,1,1,1,1,1,3,3,1,2,2,2,2,2,2,2,2,2,2,2,,,,,,,,,,,,,,,,,,,,,,,,,,,,,,,,,,,,,,,,,,,,,,,,,,,,,,,,,,,,6,2,2,2,,2,,1,2,2,2,2
084703,2,38,3,3,2,3,0,2,2,2,,2,2,2,,,9,1,2,1,1,1,1,1,1,1,1,1,1,2,1,,2,2,2,2,2,2,2,2,1,2,1,2,10,1,2,2,2,2,1,2,2,,,,,,,,,,,,,,,,,,,,,,,,,,,,,,,,,,,,,2,,1,2,2,1,3,3,2,2,,2,2,2,,2,,1,2,1,1,2
084804,2,24,2,6,2,3,0,2,2,1,1,2,2,2,,,4,1,2,1,1,1,1,1,1,1,1,1,1,2,2,2,2,2,2,2,2,2,2,2,,,,,,,,,,,,,,,,,,,,,,,,,,,,,,,,,,,,,,,,,,,,,,,,,,,,,,,,,,,,4,2,2,1,1,2,,1,2,2,1,2
084901,1,29,3,3,1,2,0,2,2,2,,2,2,2,,,13,1,2,2,1,1,1,1,1,1,1,1,2,2,2,1,2,2,2,2,2,2,2,1,2,1,2,3,120,1,1,2,1,2,2,2,1,,,,,,,,,,,,,,,,,,,,,,,,,,,,,,,,,,,1,60,2,,2,2,2,1,2,3,1,1,,2,1,1,1,2,,1,1,1,1,2
085002,1,16,6,1,1,2,0,2,2,2,,2,2,2,,,4,1,2,2,1,1,1,1,1,1,1,1,2,2,2,2,2,2,2,2,2,2,1,1,,,,,,,,,,,,,,,,,,,,,,,,,,,,,,,,,,,,,,,,,,,,,3,20,1,1,300,2,,1,2,2,2,3,3,1,1,,2,2,2,,2,,1,1,1,1,2
085103,1,37,2,6,1,1,0,2,2,2,,2,2,2,,,7,1,2,2,2,1,1,1,1,1,1,1,1,1,1,,1,,2,2,2,2,2,1,2,2,1,4,60,2,2,2,1,1,2,2,2,3,5,60,2,2,2,1,2,1,2,1,2,2,,,,,,,,,,,,,,,,,,,,,,5,60,2,,1,1,2,2,3,3,3,1,,2,1,1,1,2,,1,1,1,1,2
085204,2,33,3,3,1,3,0,2,2,2,,2,2,1,1,2,3,1,2,2,1,1,1,1,2,1,1,1,2,1,1,,2,2,2,2,2,2,1,1,1,2,1,2,15,2,1,2,1,2,2,2,3,,,,,,,,,,,,,,,,,,,,,,,,,,,,,,,,5,30,1,5,30,1,8,2,1,2,2,3,3,3,3,,2,2,1,2,2,,1,2,1,1,2
085301,1,48,2,2,1,2,0,1,2,2,,2,2,1,1,2,2,1,2,2,2,1,1,2,1,1,1,1,2,1,1,,2,1,2,1,2,2,1,1,4,2,1,1,30,1,2,2,1,2,2,2,3,1,3,10,1,2,2,2,2,1,2,2,2,2,1,2,3,10,1,0,0,0,0,0,0,1,1,1,,,,,1,15,1,1,30,2,,2,3,1,1,2,3,3,1,,2,1,1,2,1,1,1,2,1,1,2
085402,2,27,3,3,2,4,1,1,1,2,,2,2,1,1,2,4,1,1,2,1,1,1,1,1,1,1,1,2,2,2,2,1,,2,2,2,2,1,1,,,,,,,,,,,,,,1,4,5,2,2,2,2,2,2,2,1,2,2,,,,,,,,,,,,,,,,,,,3,5,2,1,180,2,,2,2,2,1,2,3,3,3,,2,2,2,,1,1,1,1,1,1,1
085503,1,92,0,,2,4,0,1,1,2,,2,2,2,,,2,1,2,2,3,3,3,3,2,1,1,1,2,2,2,2,2,2,2,2,2,2,2,2,,,,,,,,,,,,,,,,,,,,,,,,,,,,,,,,,,,,,,,,,,,,,,,,,,,,,,,,,,,,6,2,1,2,,2,,2,,,,
085604,2,28,3,3,2,3,1,1,1,1,1,2,2,1,1,2,5,1,2,2,1,1,1,1,1,1,1,1,2,1,1,,1,,1,,2,2,2,2,10,2,1,2,60,1,1,2,1,2,2,2,2,4,4,30,1,2,2,2,1,2,2,2,2,2,2,1,1,15,1,1,0,0,0,0,0,0,0,3,,,,,,,,,,2,,2,2,1,2,1,3,1,1,,1,1,1,2,1,1,1,1,1,1,1
085701,2,36,6,3,1,3,1,1,1,2,,1,2,2,,,4,1,2,2,1,1,1,1,1,1,1,1,1,1,1,,1,,2,1,1,,1,1,3,1,2,1,30,1,2,2,1,2,2,2,2,2,2,15,1,2,1,2,2,1,2,2,2,2,1,2,2,10,1,1,0,0,0,0,0,0,0,2,3,20,1,2,2,20,1,1,15,2,,2,3,1,1,1,3,3,1,,1,1,1,2,1,1,1,1,1,1,1
085802,1,32,2,6,1,1,0,1,1,2,,2,2,2,,,5,1,2,2,1,1,1,1,1,1,1,1,2,1,2,2,2,2,2,2,2,2,2,1,,,,,,,,,,,,,,,,,,,,,,,,,,,,,,,,,,,,,,,,,,,,,,,,1,30,,,,,,,,,,,1,2,2,2,,2,,1,1,1,1,2
085903,2,17,3,3,2,3,0,1,1,2,,1,2,2,,,8,1,2,2,1,1,1,1,1,1,1,1,2,1,1,,2,1,2,2,2,1,1,1,2,1,2,1,120,1,1,2,2,2,2,2,1,1,2,60,1,2,2,2,1,2,2,2,2,2,,,,,,,,,,,,,,,1,60,1,2,1,60,1,1,60,2,,1,4,2,1,1,3,1,1,,2,1,1,2,1,2,1,1,1,1,1
086004,2,38,3,3,2,2,0,1,1,2,,2,2,1,1,2,7,1,2,2,1,1,1,1,1,1,1,1,1,1,1,,2,2,2,2,2,2,2,1,1,2,1,2,120,1,2,2,1,2,2,2,2,,,,,,,,,,,,,,,,,,,,,,,,,,,,,,,,,,,1,30,2,,2,2,2,1,2,3,3,1,,2,1,2,,2,,1,1,1,2,2
086101,1,13,2,5,2,3,0,2,2,2,,2,2,2,,,7,1,2,1,1,1,1,1,1,1,1,1,1,1,1,,2,2,2,2,2,2,2,1,6,2,1,4,120,2,2,1,2,2,1,2,2,,,,,,,,,,,,,,,,,,,,,,,,,,,,,,,,,,,2,15,2,,1,1,1,2,3,3,1,1,,2,1,1,1,2,,1,2,1,1,1
086202,2,50,2,6,1,2,0,1,2,2,,2,2,2,,,2,1,2,1,2,1,1,1,2,1,1,1,1,,,,,,,,,,,,,,,,,,,,,,,,,,,,,,,,,,,,,,,,,,,,,,,,,,,,,,,,,,,,,,,,,,,,,,,,,,,,,,,,,,
086303,1,42,2,5,1,2,0,2,2,2,,2,2,2,,,10,1,2,1,1,1,1,1,1,1,1,1,1,2,1,,2,2,2,2,2,2,2,2,1,2,1,3,20,1,2,2,2,1,1,2,2,,,,,,,,,,,,,,,,,,,,,,,,,,,,,,,,,,,,,2,,2,2,2,1,2,3,2,1,,2,1,1,2,2,,1,2,1,1,2
086404,1,29,6,3,4,6,0,2,2,2,,2,2,2,,,8,1,2,1,3,1,1,1,1,1,1,1,1,1,1,,2,2,2,2,2,2,1,1,3,1,1,2,30,2,2,1,1,2,2,2,1,,,,,,,,,,,,,,,,,,,,,,,,,,,,,,,,2,40,1,1,180,1,3,2,3,1,1,2,3,3,1,,2,2,1,1,2,,1,2,1,1,1
086501,2,45,2,5,2,4,0,1,2,2,,2,2,2,,,5,1,2,1,2,1,1,1,1,1,1,1,1,2,2,1,2,2,2,2,2,2,2,2,1,2,1,2,10,1,2,2,1,2,2,2,2,,,,,,,,,,,,,,,,,,,,,,,,,,,,,,,,,,,,,2,,1,1,2,2,3,3,3,1,,2,2,2,,2,,1,1,1,1,1
086602,1,70,2,3,1,2,0,2,2,2,,2,2,2,,,1,1,2,1,1,1,1,1,1,1,1,1,1,1,1,,1,,2,1,2,2,2,2,4,2,1,2,120,1,2,2,1,2,2,2,2,5,4,120,1,2,2,2,1,1,2,2,2,2,2,1,3,5,1,0,1,0,1,0,0,0,0,2,,,,,,,,,,1,1,4,2,1,2,1,3,3,1,,1,2,2,,1,1,1,1,1,1,1
086703,2,26,3,2,1,2,0,2,2,2,,2,2,2,,,4,1,2,1,1,1,1,1,1,1,1,1,1,1,2,2,2,2,2,2,2,2,2,1,,,,,,,,,,,,,,,,,,,,,,,,,,,,,,,,,,,,,,,,,,,,,,,,1,120,,,,,,,,,,,4,2,2,2,,2,,1,1,1,1,2
086804,2,30,6,3,2,3,1,1,1,2,,1,1,2,,,4,1,2,1,1,2,1,1,1,1,1,1,1,1,1,,2,2,2,2,2,2,1,1,2,2,1,2,15,1,1,2,1,2,2,2,3,,,,,,,,,,,,,,,,,,,,,,,,,,,,,,,,1,10,1,1,180,2,,2,2,2,1,1,3,1,1,,2,2,2,,2,,1,2,1,1,1
086901,1,64,2,3,2,3,0,1,1,2,,2,2,2,,,4,1,2,2,1,1,1,1,1,1,1,1,2,1,1,,2,2,1,,2,2,2,2,1,2,1,3,30,1,2,1,2,2,2,2,2,,,,,,,,,,,,,,2,1,1,30,1,0,1,0,0,0,0,0,0,2,,,,,,,,,,2,,1,1,2,2,3,3,3,1,,1,1,1,2,1,1,1,1,1,1,1
087002,1,59,2,4,1,1,0,2,2,1,1,2,2,1,1,1,1,1,2,2,2,1,1,1,1,1,1,1,1,1,1,,2,2,2,2,2,2,2,1,1,1,1,1,15,1,2,2,1,2,2,2,3,,,,,,,,,,,,,,,,,,,,,,,,,,,,,,,,,,,1,30,2,,2,2,2,2,3,3,3,1,,2,2,2,,2,,1,1,2,1,2
087103,2,26,6,3,2,3,1,1,1,2,,2,2,2,,,2,1,2,2,1,1,1,1,1,1,1,1,2,2,2,2,2,2,2,2,2,2,2,1,,,,,,,,,,,,,,,,,,,,,,,,,,,,,,,,,,,,,,,,,,,,,,,,1,120,,,,,,,,,,,4,2,1,2,,2,,1,2,1,1,2
087204,1,26,2,6,1,2,0,2,2,2,,2,2,2,,,1,1,2,2,1,1,1,1,1,1,1,1,2,1,2,2,1,,2,2,2,2,2,1,,,,,,,,,,,,,,2,2,60,1,2,2,2,1,2,2,2,2,2,,,,,,,,,,,,,,,,,,,,,,2,60,2,,2,2,1,2,3,3,1,1,,2,1,1,2,1,1,1,1,1,1,2
087301,1,13,3,2,3,5,0,1,1,1,1,2,2,2,,,4,1,2,2,1,1,1,1,1,1,1,1,2,1,1,,2,2,2,2,2,2,1,1,15,2,1,2,60,1,1,2,2,2,2,2,2,,,,,,,,,,,,,,,,,,,,,,,,,,,,,,,,2,60,1,1,60,1,3,2,2,1,2,1,3,3,1,,2,1,1,1,1,1,1,1,1,1,2
087503,1,62,2,6,1,3,0,1,1,2,,2,2,2,,,1,1,2,2,1,1,1,1,1,1,1,1,2,2,1,,2,2,2,2,2,2,2,2,1,2,1,2,30,1,2,2,1,2,2,2,2,,,,,,,,,,,,,,,,,,,,,,,,,,,,,,,,,,,,,2,,1,3,2,1,2,3,1,3,,2,2,2,,2,,1,2,2,1,2
087604,2,82,2,6,3,5,0,1,1,1,1,2,2,2,,,2,1,2,2,2,3,1,1,2,1,1,1,1,2,1,,2,2,2,2,2,2,2,2,1,2,1,3,30,1,2,2,1,2,2,2,3,,,,,,,,,,,,,,,,,,,,,,,,,,,,,,,,,,,,,2,,1,2,2,1,2,3,1,1,,2,2,2,,2,,1,2,1,1,2
087701,1,68,2,3,2,2,0,1,1,2,,2,2,2,,,3,1,2,1,3,1,1,1,1,1,1,1,1,,,,,,,,,,,,,,,,,,,,,,,,,,,,,,,,,,,,,,,,,,,,,,,,,,,,,,,,,,,,,,,,,,,,,,,,,,,,,,,,,,
087802,2,23,2,6,1,2,1,2,2,2,,2,2,2,,,5,1,2,1,1,1,1,1,1,1,1,1,2,2,2,2,2,2,2,2,2,2,2,1,,,,,,,,,,,,,,,,,,,,,,,,,,,,,,,,,,,,,,,,,,,,,,,,2,60,,,,,,,,,,,5,2,1,2,,2,,1,1,1,1,1
087903,1,34,0,,2,3,0,2,2,2,,2,2,2,,,11,1,1,1,4,1,1,4,2,1,1,1,1,,,,,,,,,,,,,,,,,,,,,,,,,,,,,,,,,,,,,,,,,,,,,,,,,,,,,,,,,,,,,,,,,,,,,,,,,,,,,,,,,,
088004,1,29,6,3,3,5,1,1,2,2,,2,2,2,,,10,1,2,1,1,1,1,1,1,1,1,1,1,2,2,2,1,,2,2,2,2,1,1,,,,,,,,,,,,,,2,4,60,1,2,2,2,2,2,2,2,1,2,,,,,,,,,,,,,,,,,,,2,40,1,1,120,2,,2,2,2,1,3,3,3,1,,2,1,2,,2,,1,1,1,1,2
088105,2,74,0,,1,2,0,2,2,2,,2,2,2,,,1,1,2,1,2,2,2,3,3,2,3,2,1,,,,,,,,,,,,,,,,,,,,,,,,,,,,,,,,,,,,,,,,,,,,,,,,,,,,,,,,,,,,,,,,,,,,,,,,,,,,,,,,,,
088201,2,46,8,4,3,4,2,1,1,1,2,1,2,1,1,2,2,1,2,2,1,1,1,1,1,1,1,1,2,1,2,1,2,1,1,,1,,1,1,3,1,2,2,60,2,1,1,2,2,2,2,2,10,2,120,2,2,2,2,1,2,1,1,2,2,1,2,7,90,1,1,1,1,1,1,1,1,0,1,2,15,1,2,1,60,1,1,480,1,6,4,4,2,1,2,3,3,1,,2,1,2,,1,1,1,2,1,2,2
088302,2,38,10,1,3,5,2,1,1,1,2,1,1,1,1,1,5,1,2,2,1,1,1,1,1,1,1,1,2,2,2,2,1,,1,,2,2,1,1,,,,,,,,,,,,,,1,3,15,1,2,1,2,1,2,2,2,2,2,1,2,1,15,1,0,1,0,0,0,1,0,0,1,,,,,1,10,1,1,60,2,,2,3,2,1,1,3,1,3,,2,2,2,,1,1,1,2,2,2,2
088403,1,48,10,2,3,7,2,1,1,1,2,1,2,1,1,1,4,1,2,2,1,1,1,1,1,1,1,1,2,1,1,,1,,1,,2,2,2,1,4,1,2,1,25,2,2,1,1,2,1,2,1,5,1,15,1,1,2,1,1,2,1,1,2,2,1,2,2,5,1,0,0,0,0,0,1,0,0,1,,,,,,,,1,10,2,,2,3,2,1,1,3,3,1,,1,1,1,1,1,2,1,1,1,1,1
088504,2,22,8,1,3,4,2,1,1,1,4,1,1,1,1,1,5,1,2,2,1,1,1,1,1,1,1,1,2,1,1,,2,2,2,2,1,,1,1,3,1,2,3,120,1,2,2,2,1,2,2,3,,,,,,,,,,,,,,,,,,,,,,,,,,,,4,60,1,2,2,68,1,1,180,2,,1,3,2,1,3,3,3,1,,2,2,2,,1,2,1,1,1,2,1
088601,2,20,8,1,3,6,1,1,1,1,2,1,2,1,1,1,4,1,1,2,1,1,1,1,1,1,1,1,2,2,2,2,2,2,2,2,2,2,2,1,,,,,,,,,,,,,,,,,,,,,,,,,,,,,,,,,,,,,,,,,,,,,,,,1,30,,,,,,,,,,,1,2,2,2,,2,,1,2,1,2,2
088702,2,82,2,2,1,5,1,1,1,2,,2,2,1,1,1,1,1,2,2,1,1,1,2,1,1,1,1,2,2,2,2,2,2,2,2,2,2,2,2,,,,,,,,,,,,,,,,,,,,,,,,,,,,,,,,,,,,,,,,,,,,,,,,,,,,,,,,,,,,1,2,2,2,,2,,1,2,2,2,2
088803,2,56,8,5,2,4,1,1,1,1,1,1,2,1,1,2,4,1,2,2,1,1,1,1,1,1,1,1,2,1,1,,2,2,2,2,2,2,2,1,1,2,1,2,30,1,2,2,2,1,2,2,3,,,,,,,,,,,,,,,,,,,,,,,,,,,,,,,,,,,1,60,2,,2,3,2,2,2,3,3,1,,2,2,2,,2,,1,2,2,2,2
088904,2,23,8,3,2,5,1,1,1,1,1,1,2,1,1,2,4,1,2,2,1,1,1,1,1,1,1,1,2,1,1,,1,,2,2,1,,1,1,2,1,1,2,60,1,2,2,2,1,2,2,1,3,2,30,2,2,2,2,2,2,1,2,2,2,,,,,,,,,,,,,,,2,15,1,2,1,60,1,1,60,2,,2,2,2,1,2,3,3,1,,2,1,1,2,1,1,1,1,1,1,2
089001,1,45,10,2,4,7,2,1,1,1,1,1,1,1,1,1,6,1,2,2,1,1,1,1,1,1,1,1,2,1,1,,2,2,1,,2,2,1,1,2,2,1,3,60,1,2,2,2,1,1,2,4,,,,,,,,,,,,,,2,1,1,20,1,1,0,0,0,1,0,0,0,3,,,,,2,30,1,1,30,1,5,2,3,1,1,2,3,3,1,,1,1,1,1,1,2,1,1,1,1,1
089102,2,22,8,4,3,4,1,1,1,1,2,1,1,1,1,1,1,1,1,2,3,2,1,1,2,1,1,1,2,2,2,1,2,1,2,2,2,2,1,1,2,1,2,2,120,2,2,1,2,1,2,2,1,2,3,120,2,2,2,2,2,2,1,2,2,2,,,,,,,,,,,,,,,,,,,2,30,1,1,180,2,,3,3,2,1,1,3,3,1,,2,2,1,2,1,3,1,1,1,1,1
089203,2,53,5,1,3,6,2,1,1,1,2,2,1,1,1,2,3,1,2,2,1,1,1,1,1,1,1,1,2,1,2,1,2,2,2,2,2,2,2,1,4,2,1,4,30,2,1,2,2,2,2,2,4,,,,,,,,,,,,,,,,,,,,,,,,,,,,,,,,,,,1,20,2,,2,3,2,2,1,3,3,1,,2,2,2,,1,1,1,1,1,1,9
089304,2,82,2,4,1,3,1,1,1,2,,2,2,2,,,1,1,2,2,1,1,2,3,1,2,1,1,2,2,2,2,2,2,2,2,2,2,2,2,,,,,,,,,,,,,,,,,,,,,,,,,,,,,,,,,,,,,,,,,,,,,,,,,,,,,,,,,,,,1,2,2,2,,2,,1,2,2,2,2
089401,2,51,6,2,1,3,1,1,1,2,,1,2,1,1,2,3,1,2,2,1,1,1,1,1,1,1,1,2,1,1,,2,2,1,,2,2,1,1,4,1,1,2,60,1,2,1,2,1,1,2,1,,,,,,,,,,,,,,1,2,7,10,1,0,0,0,0,0,0,0,1,1,,,,,2,30,1,1,10,2,,4,4,1,1,2,3,3,1,,2,1,1,1,1,9,1,2,1,2,2
089603,2,51,3,3,2,4,1,1,1,2,,2,2,1,1,2,2,1,2,2,1,1,1,1,1,1,1,1,2,2,2,2,2,2,2,2,2,2,2,1,,,,,,,,,,,,,,,,,,,,,,,,,,,,,,,,,,,,,,,,,,,,,,,,5,30,,,,,,,,,,,3,2,1,2,,1,1,1,2,1,1,2
089704,1,63,11,3,3,4,1,1,1,1,2,1,2,1,1,1,3,1,2,2,2,2,1,1,2,1,1,1,1,1,1,,2,2,2,2,2,2,1,1,7,2,1,1,60,1,2,2,2,1,2,2,3,,,,,,,,,,,,,,,,,,,,,,,,,,,,,,,,1,60,1,1,60,1,5,2,3,1,1,2,3,3,1,,1,1,1,1,1,4,1,1,1,1,1
089902,2,41,6,3,3,5,2,1,1,1,2,1,1,1,1,1,4,1,2,2,1,1,1,1,1,1,1,1,2,2,2,1,2,2,2,2,2,2,1,1,2,2,1,4,5,2,1,2,2,2,2,2,3,,,,,,,,,,,,,,,,,,,,,,,,,,,,,,,,1,60,1,1,120,1,8,2,2,2,1,2,3,3,3,,2,2,2,,2,,1,1,1,1,1
090104,2,35,3,3,3,5,2,1,1,1,2,1,1,1,1,2,4,1,2,2,1,1,1,1,2,1,1,1,2,1,1,,1,,1,,2,2,2,1,1,2,1,2,30,1,2,2,2,1,2,2,3,2,4,15,1,1,2,2,1,2,2,1,2,2,1,1,1,15,1,0,1,0,0,0,0,1,0,1,,,,,,,,1,120,1,3,2,2,2,1,2,3,3,1,,1,1,1,1,1,1,1,1,1,1,1
090201,2,72,2,3,2,4,1,1,1,2,,2,2,2,,,1,1,2,2,1,1,1,2,2,1,1,1,1,1,1,,1,,2,2,2,2,2,2,2,2,1,2,30,1,2,2,1,2,2,2,3,3,1,30,1,2,2,2,2,2,2,2,1,2,,,,,,,,,,,,,,,,,,,,,,,,2,,1,3,2,2,2,3,3,1,,2,2,2,,2,,1,1,1,1,1
090403,2,28,8,5,2,7,4,1,1,1,3,1,2,1,1,1,2,1,2,2,1,1,1,1,1,1,1,1,2,1,1,,2,2,2,1,2,2,1,1,2,2,1,2,30,1,2,2,1,2,2,2,3,,,,,,,,,,,,,,1,2,3,10,1,0,0,0,0,0,0,1,0,1,,,,,1,60,1,1,180,2,,2,3,2,1,1,3,1,1,,1,1,2,,1,1,1,1,1,1,2
090601,1,19,6,2,3,5,2,1,1,1,1,1,2,1,1,1,4,1,2,2,1,1,1,1,1,1,1,1,2,1,1,,2,2,2,2,2,2,1,1,1,2,1,2,60,1,2,2,1,2,2,2,2,,,,,,,,,,,,,,,,,,,,,,,,,,,,,,,,1,120,1,1,180,2,,2,2,2,2,1,2,2,1,,2,2,2,,2,,1,1,2,2,2
090702,2,26,2,6,2,4,1,1,1,1,2,2,2,1,1,2,4,1,2,2,1,1,1,1,2,1,1,1,1,1,2,1,2,2,2,2,2,2,1,1,3,1,2,1,20,1,1,2,2,2,2,2,1,,,,,,,,,,,,,,,,,,,,,,,,,,,,,,,,2,20,1,1,30,2,,2,4,2,1,1,3,1,1,,2,1,2,,2,,1,1,2,1,1
090803,2,58,2,6,2,3,1,1,1,2,,2,2,1,1,2,3,1,2,2,2,1,1,2,2,1,1,1,1,2,2,2,2,2,2,2,2,2,2,1,,,,,,,,,,,,,,,,,,,,,,,,,,,,,,,,,,,,,,,,,,,,,,,,1,120,,,,,,,,,,,1,2,1,2,,2,,1,2,1,1,2
090904,2,57,3,3,2,4,1,1,1,2,,2,2,1,1,2,1,1,2,2,1,1,1,2,1,1,1,1,2,2,2,2,2,2,2,2,2,2,2,1,,,,,,,,,,,,,,,,,,,,,,,,,,,,,,,,,,,,,,,,,,,,,,,,1,15,,,,,,,,,,,1,1,1,1,1,1,1,1,2,2,2,2
091001,2,29,6,1,2,3,1,1,1,1,1,1,1,1,1,1,5,1,2,2,1,1,1,1,2,1,1,1,2,1,1,,2,2,1,,2,2,1,1,3,1,1,2,180,1,2,1,1,2,2,2,1,,,,,,,,,,,,,,2,1,1,60,1,0,0,0,0,1,0,0,0,2,,,,,1,90,1,1,120,2,,2,3,2,1,1,3,3,1,,1,1,2,,1,2,1,1,1,1,2
091102,2,27,8,5,3,5,1,1,1,1,2,1,1,1,1,2,3,1,2,2,1,1,1,1,1,1,1,1,2,1,1,,2,1,2,2,1,,2,1,2,2,1,5,90,1,2,2,2,1,2,2,3,1,5,15,1,2,2,2,1,2,2,2,2,2,,,,,,,,,,,,,,,2,180,1,2,,,,1,360,2,,4,3,2,2,1,3,3,1,,1,1,2,,1,1,1,1,2,1,1
091203,1,27,3,3,1,2,1,1,1,2,,1,2,1,1,2,1,1,2,2,1,1,1,1,1,1,1,1,2,2,2,1,2,2,2,1,2,2,2,1,10,1,2,4,60,1,2,2,2,2,1,2,1,,,,,,,,,,,,,,1,2,1,20,1,0,0,0,0,0,0,0,1,1,,,,,,,,1,120,2,,4,4,1,1,2,3,3,1,,2,2,2,,2,,1,1,1,1,1
091304,1,78,2,6,2,4,1,1,1,1,1,1,2,1,1,2,2,1,2,2,2,1,1,4,1,1,1,1,2,1,1,,2,2,1,,2,2,2,2,1,2,1,2,30,1,2,2,1,2,2,2,3,,,,,,,,,,,,,,2,1,3,30,2,0,0,0,0,0,0,0,1,3,,,,,,,,,,2,,1,1,1,2,3,3,1,1,,2,2,2,,2,,1,1,1,1,2
091401,1,41,3,3,1,5,1,1,1,1,1,2,2,1,1,1,1,1,2,2,1,1,1,1,1,1,1,1,2,2,2,2,2,2,2,2,2,2,1,1,,,,,,,,,,,,,,,,,,,,,,,,,,,,,,,,,,,,,,,,,,,,,2,120,1,2,120,1,6,2,3,2,1,2,3,3,1,,2,2,2,,1,1,1,2,1,1,1
091603,2,35,8,5,2,4,1,1,1,1,2,1,1,1,1,1,3,1,2,2,1,1,1,1,2,1,1,1,2,1,2,1,1,,1,,2,2,2,1,10,2,1,2,5,2,2,1,2,2,2,2,2,1,4,5,1,2,2,2,2,2,1,2,2,2,1,2,7,5,1,0,0,0,0,0,0,0,1,1,,,,,,,,1,15,1,3,3,3,2,1,3,3,2,1,,2,1,1,2,1,3,1,2,1,1,1
091704,2,42,8,5,2,6,2,1,1,1,2,1,2,1,1,1,4,1,2,2,1,1,1,1,1,1,1,1,2,2,2,2,1,,2,2,2,2,1,1,,,,,,,,,,,,,,1,5,10,1,2,2,2,2,2,2,2,1,2,,,,,,,,,,,,,,,,,,,5,30,1,2,30,2,,2,4,2,1,2,3,3,1,,1,1,1,2,1,3,1,1,1,1,1
091801,1,62,3,3,1,4,1,1,1,1,1,2,2,1,1,2,2,1,2,2,2,1,1,1,1,1,1,1,2,1,2,2,1,,1,,2,1,2,1,,,,,,,,,,,,,,5,1,400,2,2,2,2,2,2,2,1,2,2,2,1,2,20,1,0,1,0,0,0,0,0,0,2,5,5,1,2,,,,5,20,2,,2,4,2,2,2,3,3,1,,1,1,1,1,1,1,1,1,1,1,1
091902,2,16,6,2,2,2,1,1,2,2,,2,2,1,1,1,3,1,2,2,1,1,1,1,2,1,1,1,2,2,2,1,2,1,2,2,2,2,2,1,2,2,1,2,60,2,2,1,2,2,2,2,2,2,4,60,2,2,1,2,2,2,2,2,2,2,,,,,,,,,,,,,,,,,,,,,,1,120,2,,4,2,2,1,3,3,1,3,,2,2,2,,2,,1,1,1,2,2
092003,2,28,3,2,1,3,0,1,2,2,,2,2,1,1,2,4,1,2,2,2,1,1,2,1,1,1,2,2,1,1,,2,1,2,2,1,,1,1,5,1,1,1,90,1,2,2,2,1,1,1,2,1,3,30,1,1,2,2,2,2,2,2,2,2,,,,,,,,,,,,,,,1,30,1,2,1,120,1,1,60,2,,2,4,1,1,1,3,3,1,,1,1,1,1,1,1,1,1,1,1,1
092104,2,27,6,3,2,4,1,1,1,1,1,2,2,1,1,1,6,1,2,2,1,1,1,1,2,1,1,1,2,1,2,1,2,2,2,2,2,2,1,1,1,2,1,4,15,2,1,2,2,2,2,2,2,,,,,,,,,,,,,,,,,,,,,,,,,,,,,,,,2,10,1,1,30,1,8,4,4,2,1,1,3,3,1,,1,1,1,2,1,2,1,1,1,1,1
092201,2,35,6,3,1,3,1,1,1,1,1,2,2,1,2,1,4,1,2,1,1,1,1,1,1,1,1,1,1,2,2,1,2,2,2,2,1,,1,1,5,1,2,4,120,1,1,2,2,1,2,2,3,,,,,,,,,,,,,,,,,,,,,,,,,,,,1,120,1,2,2,60,1,1,120,2,,3,2,2,1,1,3,3,3,,2,2,2,,1,9,1,1,1,1,2
092302,1,49,3,3,1,3,1,1,2,2,,1,2,1,1,2,1,1,1,2,2,2,1,1,1,1,2,2,1,1,1,,1,,1,,1,,2,1,4,2,1,4,30,2,2,2,1,1,1,2,2,3,4,30,1,2,2,2,2,2,2,1,1,2,2,1,7,20,2,0,0,0,0,1,0,0,0,3,3,20,2,1,,,,1,30,1,7,2,4,2,2,2,3,3,1,,1,2,2,,1,2,1,1,2,1,1
092403,2,50,3,3,1,2,1,1,1,1,1,2,2,2,,,2,1,2,2,1,1,1,2,1,1,1,1,2,1,1,,2,1,2,2,2,2,2,1,1,2,1,1,40,1,2,2,1,2,2,2,2,1,4,20,1,2,2,2,2,1,2,2,2,2,,,,,,,,,,,,,,,,,,,,,,1,15,1,8,4,4,1,1,3,3,3,1,,2,2,2,,1,9,1,2,1,1,1
092504,2,20,3,3,2,4,1,1,1,1,1,2,1,1,1,1,4,1,2,2,1,1,1,1,1,1,1,1,2,2,2,1,2,2,2,2,2,2,2,1,5,2,1,5,5,2,1,2,2,2,2,2,2,,,,,,,,,,,,,,,,,,,,,,,,,,,,,,,,,,,1,200,1,3,2,3,2,1,2,3,1,1,,2,2,2,,2,,1,1,1,1,2
092601,2,32,3,3,2,3,1,1,1,1,2,1,2,1,1,2,4,1,2,2,1,1,1,1,2,1,1,1,2,2,2,1,2,2,2,2,2,2,2,1,1,1,2,1,30,1,2,2,2,1,2,2,1,,,,,,,,,,,,,,,,,,,,,,,,,,,,,,,,,,,1,120,2,,3,4,2,2,2,3,3,2,,2,1,1,2,1,1,1,1,1,1,1
092702,2,30,6,3,2,4,1,1,1,1,1,1,2,1,1,1,4,1,2,2,1,2,1,1,3,1,1,1,2,2,2,2,2,1,2,1,2,2,1,1,,,,,,,,,,,,,,60,2,120,1,2,2,2,1,2,2,2,2,2,1,2,7,15,2,0,0,0,0,1,0,0,0,1,,,,,5,15,1,1,240,2,,2,4,1,1,1,3,3,1,,1,1,1,1,1,2,1,1,1,1,1
092803,2,12,2,6,2,3,1,1,1,2,,2,2,2,,,2,1,2,2,1,1,1,1,1,1,1,1,2,2,2,2,2,2,2,1,2,1,1,1,,,,,,,,,,,,,,,,,,,,,,,,,,,1,2,2,30,1,0,0,0,0,1,0,0,0,1,2,180,1,2,5,30,1,1,60,2,,2,2,2,1,2,3,3,1,,2,2,2,,1,1,1,1,1,1,2
092904,2,42,3,3,2,4,1,1,1,1,2,1,2,1,1,1,3,1,2,2,2,1,1,1,3,1,1,1,2,1,2,2,2,2,2,2,2,2,2,1,,,,,,,,,,,,,,,,,,,,,,,,,,,,,,,,,,,,,,,,,,,,,,,,1,30,,,,,,,,,,,3,2,1,1,2,2,,1,1,1,1,2
093001,1,16,6,2,2,3,1,1,1,1,1,1,2,2,,,4,1,2,2,1,1,1,1,1,1,1,1,2,1,1,,2,2,2,2,1,,1,1,4,2,1,3,180,1,2,2,2,1,2,2,3,,,,,,,,,,,,,,,,,,,,,,,,,,,,5,120,1,2,4,60,2,1,30,1,7,2,4,2,1,1,3,3,1,,2,1,2,,1,1,1,1,2,1,1
093102,2,38,6,3,3,5,1,1,1,1,1,1,2,1,1,1,3,1,2,2,1,1,1,1,1,1,1,1,2,1,1,,2,2,2,2,2,2,1,1,3,1,1,1,60,1,2,2,1,1,1,2,3,,,,,,,,,,,,,,,,,,,,,,,,,,,,,,,,5,15,1,5,20,2,,3,2,1,1,2,3,3,1,,2,2,2,,2,,1,1,1,1,1
093203,2,21,6,3,1,2,1,1,1,1,1,2,2,1,1,1,4,1,2,2,2,2,1,1,2,1,1,1,2,2,2,1,2,2,2,2,2,2,1,1,10,2,1,3,30,1,2,2,2,1,2,2,2,,,,,,,,,,,,,,,,,,,,,,,,,,,,,,,,1,15,1,1,30,2,,1,3,2,2,3,3,3,1,,2,1,1,2,2,,1,1,1,1,1
093304,1,17,3,2,2,2,1,1,2,2,,2,2,1,1,2,4,1,2,2,1,1,1,1,1,1,1,1,2,1,1,,2,2,2,2,1,,1,1,1,1,2,2,30,1,2,2,1,2,1,2,1,,,,,,,,,,,,,,,,,,,,,,,,,,,,2,60,1,2,2,120,1,1,120,2,,2,2,2,1,1,3,3,3,,2,2,2,,2,,1,2,1,9,1
093401,2,45,0,,1,2,1,1,1,2,,2,2,1,1,2,2,1,2,2,3,1,1,1,3,1,2,1,1,,,,,,,,,,,,,,,,,,,,,,,,,,,,,,,,,,,,,,,,,,,,,,,,,,,,,,,,,,,,,,,,,,,,,,,,,,,,,,,,,,
093603,1,54,3,3,3,5,1,1,1,2,,1,2,1,1,2,5,1,2,2,1,1,1,1,1,1,1,1,1,1,1,,2,2,2,2,2,2,1,2,1,1,2,4,180,1,2,2,1,1,2,2,1,,,,,,,,,,,,,,,,,,,,,,,,,,,,,,,,1,60,1,,,2,,2,3,1,1,1,3,3,1,,2,2,2,,1,1,1,1,1,1,1
093704,2,32,10,2,2,8,2,1,1,1,3,1,1,1,1,1,4,1,2,2,2,1,1,1,2,1,1,2,2,1,1,,1,,2,2,2,2,1,1,1,2,1,2,15,1,2,2,1,2,2,2,3,1,2,30,2,2,2,2,2,2,1,2,2,2,,,,,,,,,,,,,,,,,,,3,15,2,1,30,2,,2,3,2,1,1,3,3,1,,1,2,1,2,1,1,1,1,1,1,1
093801,2,25,3,3,2,3,1,1,1,2,,2,2,2,,,2,1,2,2,1,1,1,2,2,1,1,2,2,2,2,1,2,2,2,2,2,1,1,1,1,1,2,4,30,1,2,2,1,2,2,2,1,,,,,,,,,,,,,,,,,,,,,,,,,,,,5,30,1,2,2,20,1,1,60,2,,2,4,2,2,3,3,3,2,,2,2,2,,2,,1,2,2,2,2
093902,1,22,8,2,1,2,1,1,1,1,1,2,2,1,1,2,3,1,2,2,1,1,1,1,1,1,1,1,2,2,2,1,2,2,2,2,2,2,1,1,4,1,1,2,120,2,2,1,2,2,2,2,2,,,,,,,,,,,,,,,,,,,,,,,,,,,,,,,,2,30,1,1,240,1,6,3,3,2,1,1,3,3,1,,2,2,2,,2,,1,2,1,1,2
094104,2,20,3,1,1,2,1,1,1,2,,2,2,1,1,1,8,1,2,2,1,1,1,1,1,1,1,1,2,1,1,,2,2,2,2,2,2,1,1,1,2,1,2,120,1,2,2,2,2,1,2,2,,,,,,,,,,,,,,,,,,,,,,,,,,,,,,,,2,60,1,1,30,2,,2,2,2,2,2,3,3,3,,2,2,2,,2,,1,1,1,1,1
094302,1,47,6,3,3,5,1,1,1,1,4,1,1,1,1,1,4,1,2,2,1,1,1,1,1,1,1,1,2,2,2,1,2,2,2,2,2,2,1,1,1,1,2,5,30,1,2,2,2,2,2,1,1,,,,,,,,,,,,,,,,,,,,,,,,,,,,,,,,5,30,1,1,30,2,,3,3,2,1,3,3,3,3,,2,1,2,,2,,1,1,1,1,1
094403,1,18,3,3,3,5,1,1,1,1,2,1,2,1,1,1,4,1,1,2,2,1,1,1,1,1,1,1,2,1,1,,2,2,2,2,2,2,2,1,1,1,2,2,40,2,1,2,2,2,2,2,1,,,,,,,,,,,,,,,,,,,,,,,,,,,,,,,,,,,1,120,1,3,2,3,2,1,2,3,1,1,,1,1,2,,1,1,1,1,1,1,1
094504,1,54,6,3,1,3,1,1,1,1,1,2,2,2,,,1,1,2,2,1,1,1,1,2,1,1,1,2,1,1,,2,2,1,,2,2,1,1,2,1,2,2,20,1,2,2,1,2,2,2,1,,,,,,,,,,,,,,2,1,5,60,1,0,1,0,0,0,0,1,0,3,,,,,2,15,1,1,15,2,,2,2,2,2,2,3,3,3,,2,2,2,,2,,1,1,1,1,1
094601,2,15,3,2,2,2,1,1,1,2,,2,2,1,1,2,5,1,2,2,1,2,1,1,3,1,1,1,2,2,2,1,2,2,2,2,2,1,1,1,5,1,1,1,30,2,2,1,2,2,2,2,2,,,,,,,,,,,,,,,,,,,,,,,,,,,,4,20,1,1,5,20,1,5,40,1,7,2,1,1,1,1,3,1,1,,2,1,2,,1,2,1,1,1,1,1
094702,2,24,6,3,1,3,1,2,1,1,1,2,1,1,1,2,2,1,2,2,2,1,1,1,2,1,1,1,2,1,1,,2,2,2,1,2,2,1,1,2,2,1,1,30,1,2,2,2,1,2,2,2,,,,,,,,,,,,,,2,1,1,20,2,0,0,0,0,1,0,0,0,2,,,,,1,10,2,1,60,2,,2,3,1,1,3,3,3,1,,1,1,2,,1,1,1,1,1,1,1
094803,1,21,6,3,2,3,1,1,1,1,1,2,2,1,1,2,2,1,2,2,1,1,1,1,1,1,1,1,2,1,2,2,2,2,2,2,1,,1,1,,,,,,,,,,,,,,,,,,,,,,,,,,,,,,,,,,,,,,,,,1,20,1,1,2,120,1,2,120,2,,2,2,2,1,2,3,3,3,,1,1,1,2,1,2,1,1,2,1,1
094904,1,18,3,3,4,4,1,1,1,1,1,2,1,1,1,1,2,1,2,2,1,1,1,1,1,1,1,1,1,2,2,2,2,2,2,2,2,1,2,1,,,,,,,,,,,,,,,,,,,,,,,,,,,,,,,,,,,,,,,,,5,20,1,2,,,,1,20,2,,3,2,2,1,3,3,3,3,,2,2,2,,2,,1,2,1,2,2
095001,2,61,3,3,2,4,1,1,1,2,,2,2,2,,,2,1,2,2,1,1,1,1,2,1,1,1,2,1,1,,2,2,2,1,2,2,1,1,1,2,1,2,60,1,2,2,1,2,2,2,2,,,,,,,,,,,,,,2,1,2,30,1,0,0,0,0,0,0,1,0,3,,,,,1,20,2,2,60,1,4,4,4,2,1,1,3,3,1,,1,1,1,2,1,1,1,9,1,1,1
095102,1,36,6,3,3,6,2,1,1,2,,1,1,1,1,1,4,1,2,2,1,1,1,1,1,1,1,1,2,1,1,,2,2,2,1,2,2,1,2,8,2,1,1,240,1,2,2,2,2,1,2,4,,,,,,,,,,,,,,1,2,7,20,1,0,1,1,0,0,0,0,0,1,,,,,2,60,1,,,1,6,2,3,2,1,2,3,3,1,,2,1,2,,1,5,1,2,2,2,2
095203,2,83,0,,1,2,1,1,1,1,1,2,2,1,1,2,2,1,2,1,2,2,1,1,1,1,1,1,1,2,2,2,2,2,2,2,2,2,2,2,,,,,,,,,,,,,,,,,,,,,,,,,,,,,,,,,,,,,,,,,,,,,,,,,,,,,,,,,,,,6,2,1,2,,2,,2,,,,
095401,2,49,2,6,2,3,1,1,1,1,2,2,2,1,1,1,6,1,2,2,2,1,1,1,1,1,1,1,2,1,2,2,1,,1,,1,,2,1,,,,,,,,,,,,,,2,2,30,1,2,2,2,1,2,2,2,2,2,2,1,1,15,1,0,0,0,0,1,0,0,0,3,3,20,2,1,,,,1,5,2,,3,2,2,2,3,3,3,1,,2,2,1,2,2,,1,2,1,1,2
095502,1,21,3,3,2,3,1,1,2,1,1,2,2,2,,,4,1,2,2,2,1,1,1,1,1,1,1,2,2,2,2,2,2,2,2,2,2,1,1,,,,,,,,,,,,,,,,,,,,,,,,,,,,,,,,,,,,,,,,,,,,,1,60,1,1,120,2,,2,2,2,2,1,3,3,1,,2,2,1,2,2,,1,2,1,1,2
095603,2,34,6,3,1,2,1,1,1,1,1,2,2,2,,,1,1,2,2,1,1,1,1,1,1,1,3,2,1,1,,1,,2,2,1,,1,1,2,2,1,2,15,2,2,2,1,2,1,2,2,3,5,30,1,2,2,2,2,2,2,2,1,2,,,,,,,,,,,,,,,3,20,1,2,2,15,1,1,180,2,,2,2,2,1,3,3,1,3,,2,1,1,2,1,1,1,1,1,1,1
095704,1,38,6,3,2,4,1,1,1,1,1,1,2,1,1,2,3,1,2,2,1,1,1,1,1,1,1,1,2,1,2,2,2,2,2,2,1,,1,1,,,,,,,,,,,,,,,,,,,,,,,,,,,,,,,,,,,,,,,,,2,60,1,2,3,30,1,2,60,2,,2,3,2,1,3,3,3,3,,2,2,2,,2,,1,2,1,1,2
095801,2,72,8,5,1,4,2,1,1,1,1,1,2,1,1,2,3,1,2,2,2,1,2,2,1,2,1,1,2,1,1,,2,2,2,2,1,,1,1,6,2,1,2,30,1,2,2,2,1,1,2,2,,,,,,,,,,,,,,,,,,,,,,,,,,,,5,15,1,2,2,30,1,1,60,2,,3,4,1,2,1,3,3,1,,2,1,2,,1,1,1,2,9,1,1
095902,2,31,8,5,1,6,2,1,1,1,2,1,1,1,1,1,2,1,2,2,2,1,1,1,2,1,1,2,2,2,2,1,2,2,2,1,2,2,2,1,1,2,1,4,30,2,2,2,1,2,2,2,3,,,,,,,,,,,,,,1,2,3,10,1,0,0,0,0,1,0,0,0,1,,,,,,,,1,180,1,4,4,4,2,2,2,3,3,3,,2,2,2,,1,1,1,1,1,2,2
096104,2,66,3,3,3,4,2,1,1,1,1,1,2,1,1,2,2,1,2,2,2,1,1,1,1,1,1,1,2,1,1,,2,2,2,2,2,2,2,1,2,2,1,2,2,1,2,2,2,1,2,2,3,,,,,,,,,,,,,,,,,,,,,,,,,,,,,,,,,,,1,15,2,,2,3,2,2,2,3,3,1,,1,1,1,1,1,1,1,1,1,1,1
096302,2,17,5,1,2,2,1,1,1,2,,2,2,1,1,2,3,1,2,2,1,1,1,1,1,1,1,1,2,2,2,1,2,2,2,2,2,2,1,1,2,1,2,4,60,1,2,2,2,1,2,2,1,,,,,,,,,,,,,,,,,,,,,,,,,,,,,,,,2,30,1,1,120,2,,4,3,2,2,3,3,3,1,,2,2,2,,2,,1,1,1,1,1
096403,1,70,2,6,2,4,2,1,1,1,1,2,2,1,1,2,2,1,2,1,1,1,1,1,1,1,1,1,1,2,2,2,2,2,2,2,2,2,2,1,,,,,,,,,,,,,,,,,,,,,,,,,,,,,,,,,,,,,,,,,,,,,,,,1,10,,,,,,,,,,,2,2,2,2,,2,,1,2,2,2,2
096601,1,73,2,6,2,5,1,1,1,2,,2,2,2,,,3,1,2,2,1,1,1,2,3,1,1,1,2,1,2,2,2,2,2,2,2,2,2,2,,,,,,,,,,,,,,,,,,,,,,,,,,,,,,,,,,,,,,,,,,,,,,,,,,,,,,,,,,,,1,2,2,2,,2,,1,2,2,2,2
096702,1,63,2,6,3,4,1,1,1,1,1,1,1,1,1,1,8,1,2,2,2,4,1,4,4,1,1,2,2,2,2,2,2,2,2,2,2,2,1,1,,,,,,,,,,,,,,,,,,,,,,,,,,,,,,,,,,,,,,,,,,,,,5,60,1,1,120,2,,1,2,2,2,3,3,1,3,,2,2,2,,2,,1,2,1,1,2
096803,1,52,3,3,2,3,1,2,2,2,,2,2,2,,,1,1,2,2,2,1,1,1,1,1,1,1,2,1,2,2,2,2,2,2,2,2,2,1,,,,,,,,,,,,,,,,,,,,,,,,,,,,,,,,,,,,,,,,,,,,,,,,1,30,,,,,,,,,,,5,2,1,1,2,2,,1,2,1,1,2
096904,2,60,6,3,3,5,2,1,1,2,,1,1,1,1,2,5,1,2,2,2,2,2,2,2,2,1,2,2,1,1,,1,,2,2,2,2,1,1,1,1,2,2,60,1,1,2,2,2,2,2,1,24,2,60,1,2,2,2,2,1,2,2,2,2,,,,,,,,,,,,,,,,,,,2,30,1,1,60,1,8,3,3,2,1,2,3,3,1,,2,1,2,,1,2,1,1,1,1,1
097001,2,46,3,3,2,3,1,1,1,1,2,1,2,1,1,1,3,1,2,2,2,1,2,1,1,1,1,1,2,2,2,2,2,2,2,2,2,2,2,1,,,,,,,,,,,,,,,,,,,,,,,,,,,,,,,,,,,,,,,,,,,,,,,,1,30,,,,,,,,,,,4,2,1,2,,2,,1,2,1,1,2
097203,1,27,8,5,2,3,1,1,1,1,2,2,2,1,1,1,3,1,2,2,1,1,1,1,1,1,1,1,2,1,1,,2,2,2,2,2,2,2,1,6,1,1,2,60,1,2,2,2,1,2,2,3,,,,,,,,,,,,,,,,,,,,,,,,,,,,,,,,,,,1,120,1,8,2,3,2,2,1,3,3,1,,1,1,2,,1,1,1,1,1,1,1
097304,2,51,2,6,2,3,1,1,1,1,1,2,2,1,1,2,3,1,2,2,2,1,1,2,1,1,1,1,1,1,1,,2,2,2,2,2,2,1,1,1,2,1,2,30,1,2,2,1,2,2,2,2,,,,,,,,,,,,,,,,,,,,,,,,,,,,,,,,3,60,1,1,20,1,6,1,3,2,2,2,3,1,1,,2,2,2,,2,,1,1,1,1,2
097401,1,43,6,3,2,6,1,1,1,1,9,2,1,1,1,1,2,1,2,2,2,1,1,2,1,1,1,1,2,2,2,1,2,2,2,2,2,2,1,1,1,2,1,2,30,1,2,2,1,2,2,2,2,,,,,,,,,,,,,,,,,,,,,,,,,,,,,,,,1,240,2,1,240,2,,4,4,2,1,3,3,3,1,,2,1,2,,1,5,1,1,1,1,2
097502,2,54,6,3,2,4,1,1,1,1,3,1,1,1,1,1,4,1,2,2,1,1,1,2,2,1,1,2,2,1,1,,1,,2,2,2,2,1,1,6,1,2,2,60,1,2,2,1,2,2,2,1,12,2,60,1,2,2,2,2,1,2,2,2,2,,,,,,,,,,,,,,,,,,,1,60,1,1,30,2,,4,4,2,1,2,3,3,1,,2,1,1,2,1,5,1,2,1,1,1
097603,1,73,5,2,3,5,1,1,1,1,1,1,1,1,1,1,4,1,2,2,2,2,1,2,1,1,1,1,1,1,1,,2,1,1,,2,2,2,2,1,2,1,2,120,1,2,2,2,1,1,2,2,2,3,60,1,2,2,2,1,2,2,1,2,2,2,1,3,60,1,0,0,0,0,1,0,1,0,3,,,,,,,,,,2,,3,3,2,2,3,3,3,1,,2,2,2,,2,,1,1,1,1,2
097704,2,63,2,5,1,2,1,1,2,2,,2,2,1,1,1,1,1,2,2,1,1,1,2,2,2,1,2,1,,,,,,,,,,,,,,,,,,,,,,,,,,,,,,,,,,,,,,,,,,,,,,,,,,,,,,,,,,,,,,,,,,,,,,,,,,,,,,,,,,
097801,2,62,3,1,2,4,1,1,1,1,1,2,2,1,1,1,2,1,2,2,2,1,1,2,1,1,1,1,2,2,2,2,2,2,2,2,2,2,2,1,,,,,,,,,,,,,,,,,,,,,,,,,,,,,,,,,,,,,,,,,,,,,,,,5,30,,,,,,,,,,,1,2,2,2,,2,,1,1,1,1,1
097902,2,32,6,3,2,4,1,1,1,1,2,1,1,1,1,1,6,1,2,2,1,1,1,1,1,1,1,1,2,2,2,1,1,,2,2,2,2,1,1,4,1,2,2,100,1,2,1,2,2,2,2,1,3,2,100,1,2,2,2,1,2,2,2,2,2,,,,,,,,,,,,,,,,,,,2,90,1,1,120,1,6,3,3,2,1,3,3,3,1,,1,1,1,1,1,1,1,1,1,1,1
098003,2,30,8,5,2,5,1,1,1,1,2,1,1,1,1,1,4,1,2,2,2,1,1,1,1,1,1,1,2,1,1,,1,,1,,2,2,1,1,2,1,1,1,30,1,1,2,2,2,1,2,3,3,2,30,1,2,2,2,2,2,1,2,2,2,1,2,3,20,1,0,0,0,0,0,0,1,0,1,,,,,1,40,2,1,40,2,,2,3,2,2,2,3,3,1,,2,1,2,,1,1,1,1,1,1,1
098201,2,36,6,3,2,4,1,1,1,2,,2,2,1,1,1,4,1,2,2,1,1,1,1,1,1,1,1,2,1,1,,2,2,2,2,1,,1,1,1,2,1,3,120,2,2,2,1,2,2,2,2,,,,,,,,,,,,,,,,,,,,,,,,,,,,5,30,1,2,5,30,2,1,40,2,,4,1,1,1,2,3,3,2,,1,1,2,,1,1,1,1,1,1,1
098302,2,48,8,5,1,3,1,1,2,1,1,2,2,1,1,2,1,1,2,2,2,1,1,1,2,1,1,2,2,1,1,,1,,2,2,2,2,1,1,2,2,1,1,30,1,2,2,1,2,2,2,3,3,4,60,1,2,2,2,2,1,2,2,2,2,,,,,,,,,,,,,,,,,,,2,60,1,1,30,2,,2,3,2,1,1,3,3,1,,2,1,2,,1,2,1,2,2,1,1
098403,1,15,6,1,2,4,2,1,1,2,,1,1,1,1,1,4,1,2,2,1,1,1,1,1,1,1,1,2,1,2,1,1,,2,2,1,,2,1,4,2,1,2,60,1,1,2,2,2,2,2,2,1,2,10,1,1,2,2,2,2,2,2,2,2,,,,,,,,,,,,,,,1,120,2,1,,,,1,10,2,,2,3,2,2,1,3,3,3,,2,1,1,2,1,2,1,1,1,1,1
098504,1,57,3,3,3,6,1,1,1,2,,1,1,1,1,1,4,1,2,2,1,1,2,1,2,1,1,1,2,2,2,2,2,2,2,2,2,2,2,2,,,,,,,,,,,,,,,,,,,,,,,,,,,,,,,,,,,,,,,,,,,,,,,,,,,,,,,,,,,,6,2,2,2,,2,,1,2,1,1,1
098601,2,67,2,5,1,2,1,1,1,2,,1,2,1,1,1,2,1,2,2,1,1,1,1,2,1,1,1,2,1,2,2,2,2,2,2,2,2,2,2,,,,,,,,,,,,,,,,,,,,,,,,,,,,,,,,,,,,,,,,,,,,,,,,,,,,,,,,,,,,9,2,2,2,,2,,1,2,1,1,2
098803,1,68,2,5,1,2,1,1,2,2,,2,2,2,,,1,1,2,2,1,1,1,3,2,1,1,1,2,2,2,2,2,2,1,,2,2,2,2,,,,,,,,,,,,,,,,,,,,,,,,,,,2,1,7,60,1,0,1,0,0,0,0,1,0,3,,,,,,,,,,2,,1,3,2,2,2,3,3,1,,2,1,2,,2,,1,1,1,1,1
099001,1,29,8,5,1,5,2,1,1,1,1,2,2,1,1,2,1,1,2,2,1,1,1,1,1,1,1,1,2,2,2,1,2,1,2,2,2,2,1,1,6,1,1,2,30,2,2,1,2,2,2,2,2,3,5,30,1,1,2,2,2,2,2,2,2,2,,,,,,,,,,,,,,,,,,,2,120,1,1,120,1,4,3,3,2,1,2,3,1,1,,1,1,1,2,1,2,1,1,1,1,1
099102,2,19,6,3,4,6,2,1,1,1,2,1,2,1,2,1,7,1,2,2,2,1,1,1,2,1,1,1,2,1,1,,2,2,2,1,2,2,1,1,2,2,1,2,60,2,2,1,2,2,2,2,2,,,,,,,,,,,,,,2,1,1,15,2,0,0,0,0,0,0,1,0,2,,,,,2,30,1,1,180,1,3,2,3,2,1,1,3,3,3,,2,1,1,1,1,1,1,1,1,1,1
099203,2,13,2,6,3,7,1,1,1,1,2,1,2,1,1,2,3,1,2,2,2,1,1,1,3,1,1,1,2,1,1,,2,2,1,,1,,2,1,2,1,2,2,5,1,2,2,2,1,2,2,1,,,,,,,,,,,,,,2,1,1,1,1,0,1,0,0,0,0,0,0,3,1,15,2,1,,,,1,30,1,7,2,2,1,1,1,3,3,1,,1,2,1,2,1,1,1,1,1,1,1
099304,1,28,8,1,1,1,0,2,2,2,,2,2,2,,,2,1,2,2,1,1,1,1,1,1,1,1,1,1,2,2,2,2,2,2,2,2,2,1,,,,,,,,,,,,,,,,,,,,,,,,,,,,,,,,,,,,,,,,,,,,,,,,1,30,,,,,,,,,,,1,2,2,2,,2,,1,2,2,2,2
099401,2,82,2,6,1,2,1,1,2,2,,2,2,2,,,1,1,2,2,1,1,1,2,1,2,1,2,1,2,1,,2,2,2,2,2,2,2,2,1,2,1,1,30,1,2,2,1,2,2,2,2,,,,,,,,,,,,,,,,,,,,,,,,,,,,,,,,,,,,,2,,4,2,2,2,3,3,3,1,,2,1,2,,1,5,1,9,9,9,2
099502,1,35,3,3,3,4,1,1,1,1,1,2,1,1,1,2,4,1,2,2,1,1,1,1,1,1,1,1,1,1,2,2,2,2,2,2,2,2,2,1,,,,,,,,,,,,,,,,,,,,,,,,,,,,,,,,,,,,,,,,,,,,,,,,1,60,,,,,,,,,,,3,2,1,2,,1,1,1,2,1,2,1
099603,2,27,6,3,3,5,1,1,1,1,1,1,2,1,1,1,3,1,2,2,1,1,1,1,1,1,1,1,2,1,1,,2,2,2,2,2,2,1,1,4,2,1,1,20,1,2,2,2,1,2,2,2,,,,,,,,,,,,,,,,,,,,,,,,,,,,,,,,2,30,1,1,60,2,,2,3,2,1,2,3,3,1,,2,2,1,2,1,1,1,1,1,1,1
099704,1,17,6,1,3,4,1,1,1,1,1,2,1,2,,,4,1,2,2,1,1,1,1,1,1,1,1,2,1,1,,2,2,2,2,2,1,2,1,2,2,1,2,20,1,2,2,1,2,2,2,2,,,,,,,,,,,,,,,,,,,,,,,,,,,,3,20,2,1,,,,1,10,2,,2,3,2,2,2,3,3,2,,2,1,1,2,1,1,1,1,1,2,2
099801,1,30,3,3,1,2,0,2,2,2,,2,2,2,,,3,1,2,1,1,1,1,1,1,1,1,1,1,1,1,,2,2,2,2,2,2,2,1,6,2,1,2,60,1,2,2,2,1,2,2,3,,,,,,,,,,,,,,,,,,,,,,,,,,,,,,,,,,,2,30,2,,2,1,1,1,1,3,3,1,,2,2,2,,1,1,1,1,1,1,1
099902,2,64,0,,1,3,0,2,2,2,,2,2,2,,,1,1,2,1,3,1,2,3,1,1,1,1,1,,,,,,,,,,,,,,,,,,,,,,,,,,,,,,,,,,,,,,,,,,,,,,,,,,,,,,,,,,,,,,,,,,,,,,,,,,,,,,,,,,
100003,1,57,0,,1,1,0,2,2,2,,2,2,2,,,2,1,2,1,2,2,2,2,2,1,1,1,1,,,,,,,,,,,,,,,,,,,,,,,,,,,,,,,,,,,,,,,,,,,,,,,,,,,,,,,,,,,,,,,,,,,,,,,,,,,,,,,,,,
100104,1,12,2,5,1,2,0,2,2,1,1,2,2,2,,,4,1,2,1,1,1,1,1,1,1,1,1,1,1,1,,2,2,2,2,1,,2,2,3,2,1,2,30,1,2,1,2,2,2,2,2,,,,,,,,,,,,,,,,,,,,,,,,,,,,2,60,2,1,,,,,,2,,1,1,2,2,2,3,1,1,,2,1,1,1,1,1,1,2,2,2,2
100201,1,74,3,1,3,3,1,1,1,1,1,2,2,1,1,2,1,1,2,2,2,2,2,2,2,1,1,1,1,2,2,2,2,2,2,2,2,2,2,1,,,,,,,,,,,,,,,,,,,,,,,,,,,,,,,,,,,,,,,,,,,,,,,,1,30,,,,,,,,,,,6,1,2,1,2,2,,1,2,1,1,2
100302,1,66,2,6,1,2,1,1,2,1,1,2,2,2,,,1,1,2,2,2,1,1,2,2,1,1,1,2,2,2,2,2,2,2,2,2,2,2,1,,,,,,,,,,,,,,,,,,,,,,,,,,,,,,,,,,,,,,,,,,,,,,,,1,15,,,,,,,,,,,1,2,2,2,,2,,1,2,1,1,2
100403,2,76,2,4,1,4,1,1,1,2,,2,2,1,1,2,1,1,2,2,1,1,1,1,1,1,2,1,2,1,1,,2,2,1,,2,2,2,1,5,2,1,1,10,1,2,2,1,2,1,2,2,,,,,,,,,,,,,,2,1,2,10,1,0,1,0,0,0,0,1,0,2,,,,,,,,2,5,2,,2,2,2,2,3,3,1,1,,2,1,1,1,2,,1,1,1,1,9
100504,2,48,3,3,2,4,0,1,2,2,,2,2,2,,,1,1,2,2,2,1,2,2,2,1,1,1,2,1,1,,2,2,2,2,2,2,2,1,1,2,1,4,10,1,2,2,1,2,1,2,2,,,,,,,,,,,,,,,,,,,,,,,,,,,,,,,,,,,2,5,2,,1,2,2,2,3,3,1,3,,2,2,2,,1,1,1,2,1,2,2
100601,2,72,8,4,2,3,1,1,1,1,1,2,2,1,1,1,1,1,2,2,2,1,1,1,2,1,1,1,2,1,1,,2,1,2,1,2,2,1,1,2,2,1,2,60,1,2,1,2,1,1,2,3,2,4,10,1,2,2,2,2,2,1,2,1,2,2,1,3,60,1,1,0,1,1,0,0,1,0,1,,,,,1,60,1,1,30,2,,2,3,1,1,2,3,3,1,,1,1,1,2,1,4,1,2,2,2,1
100702,2,74,8,5,4,5,3,1,1,1,2,1,2,1,1,1,2,1,2,2,1,1,1,1,2,1,1,1,2,1,2,1,2,1,1,,2,1,1,1,1,2,1,5,30,1,2,2,2,1,2,2,3,4,2,30,1,2,2,2,2,2,2,1,2,2,1,2,7,30,1,1,0,0,0,0,0,1,0,1,1,15,1,2,1,30,1,1,60,1,3,2,3,1,1,2,3,3,1,,1,1,1,1,1,4,1,1,1,1,1
100803,1,54,8,5,4,6,2,1,1,1,1,1,2,1,1,1,1,1,2,2,2,1,1,1,1,1,1,1,2,1,1,,2,2,1,,2,2,1,1,10,1,1,2,60,1,2,1,2,1,1,2,3,,,,,,,,,,,,,,1,2,1,30,1,1,0,1,0,0,1,0,0,1,,,,,1,20,1,1,60,2,,4,4,1,1,2,3,3,1,,1,1,1,2,1,4,1,1,1,2,2
100904,1,37,8,5,2,3,1,1,1,1,2,1,1,1,1,1,1,1,2,2,2,1,1,1,1,1,1,1,2,1,1,,1,,1,,2,1,1,1,6,1,1,1,30,2,2,1,2,1,1,2,1,1,4,60,1,1,2,2,2,2,2,2,2,2,1,2,7,20,1,1,0,0,0,0,1,0,0,1,3,30,2,1,1,60,2,1,30,2,,1,4,1,1,1,3,3,1,,1,1,1,2,1,2,1,1,1,1,1
101001,2,70,7,3,2,4,1,1,1,2,,2,2,1,1,2,2,1,2,2,2,1,1,1,1,1,1,1,2,2,2,2,2,2,2,1,2,2,2,1,,,,,,,,,,,,,,,,,,,,,,,,,,,1,2,7,10,1,0,0,1,0,0,0,0,0,1,,,,,,,,1,90,2,,4,3,2,1,3,1,1,2,,1,1,1,1,1,1,1,2,2,2,2
101102,1,76,2,6,2,4,1,1,1,2,,2,2,1,1,2,3,1,2,2,1,1,1,1,2,1,1,1,2,1,1,,2,2,1,,1,,2,1,1,2,1,3,60,2,2,2,1,2,2,2,2,,,,,,,,,,,,,,2,1,1,20,1,0,1,0,0,0,1,0,0,3,3,30,2,1,,,,5,15,2,,3,3,1,2,2,3,3,1,,2,2,2,,1,1,1,1,1,1,1
101203,1,58,8,3,2,4,1,1,1,2,,1,1,1,1,1,3,1,2,2,1,1,1,1,1,1,1,1,2,1,2,1,2,1,1,,2,2,1,1,2,1,1,3,15,2,1,2,2,2,2,2,2,1,4,15,2,1,2,2,2,2,2,2,2,2,2,1,7,30,1,1,1,1,1,1,1,1,0,3,,,,,2,10,2,5,10,2,,4,4,2,1,3,3,3,1,,2,2,2,,2,,1,1,1,1,1
101304,2,82,5,2,2,3,1,1,1,1,1,2,2,1,1,1,2,1,2,2,2,1,1,2,2,2,2,1,1,1,2,2,1,,2,1,2,2,1,1,,,,,,,,,,,,,,3,4,15,1,2,2,1,2,2,2,2,1,2,1,2,7,15,1,0,0,0,0,0,0,1,0,1,,,,,2,15,1,2,15,2,,1,3,2,2,2,3,3,1,,2,1,2,,2,,1,2,1,1,1
101401,2,13,2,6,2,4,1,1,1,1,1,1,2,1,1,2,6,1,2,2,1,1,1,2,3,2,2,1,2,1,1,,1,,2,1,1,,1,1,3,2,1,3,30,1,2,2,2,1,2,2,2,2,5,5,1,2,2,2,2,2,2,2,1,2,2,1,1,5,2,0,1,0,0,0,0,0,0,2,1,30,2,1,1,20,1,2,30,1,3,2,4,1,2,1,3,3,1,,1,1,2,,1,1,1,1,1,1,1
101502,2,38,10,2,2,5,1,1,1,1,1,1,1,1,1,1,2,1,2,2,1,1,1,1,1,1,1,1,2,1,2,1,2,1,2,1,2,2,1,1,20,1,2,5,60,2,2,1,2,2,2,2,1,10,2,15,1,2,2,2,1,2,2,1,1,2,1,2,1,5,1,1,0,0,0,0,0,0,0,1,,,,,5,60,2,1,10,1,6,2,3,1,1,1,3,3,1,,2,1,2,,1,1,1,1,1,1,1
101603,2,22,6,3,2,4,1,1,1,2,,1,2,1,1,1,2,1,2,2,1,1,1,1,1,1,1,1,2,2,2,2,2,2,2,2,2,2,1,1,,,,,,,,,,,,,,,,,,,,,,,,,,,,,,,,,,,,,,,,,,,,,1,30,1,1,60,2,,3,3,2,1,2,3,3,1,,2,2,1,2,1,1,1,1,1,1,1
101704,2,50,6,3,2,4,1,1,1,1,1,1,2,1,1,1,2,1,2,2,1,1,1,1,1,1,1,1,2,1,1,,2,2,2,1,2,2,2,1,12,2,1,4,180,2,1,2,2,2,2,2,1,,,,,,,,,,,,,,1,2,7,10,1,0,0,0,0,1,0,0,0,1,,,,,,,,1,15,2,,4,3,2,1,2,3,3,1,,2,2,2,,1,3,1,2,2,2,2
101801,2,53,8,4,1,4,1,1,1,1,1,1,2,1,1,2,1,1,2,2,1,1,1,1,1,1,1,1,1,1,1,,2,1,1,,2,2,1,1,2,2,1,2,30,1,2,2,1,1,2,2,3,3,4,15,1,2,2,1,1,2,2,1,2,2,1,2,5,10,1,1,0,0,0,0,0,1,1,1,,,,,2,20,1,1,60,2,,2,3,2,1,2,3,3,3,,2,1,2,,1,1,1,2,2,2,2
102104,2,43,3,2,2,4,1,1,1,1,1,1,1,1,1,2,6,1,2,2,1,1,1,1,1,1,1,1,1,1,1,,2,1,2,1,2,2,1,1,4,1,2,2,60,1,2,2,2,1,2,2,1,10,1,60,1,2,2,1,2,2,2,1,1,2,1,2,2,60,1,0,0,1,0,0,0,1,0,1,,,,,2,30,1,1,60,1,3,1,4,2,1,2,3,3,2,,1,2,2,,1,1,1,1,1,1,1
102201,1,75,8,5,2,5,1,1,1,1,2,1,1,1,1,1,2,1,2,2,2,1,1,1,1,1,1,1,1,1,1,,1,,2,2,2,2,1,2,4,2,1,2,180,1,2,2,2,1,2,2,3,2,2,60,1,2,2,1,2,2,2,2,2,2,,,,,,,,,,,,,,,,,,,5,30,1,,,2,,3,3,2,2,2,3,3,1,,2,1,2,,1,1,1,1,1,1,1
102302,2,67,6,3,3,5,1,1,1,1,1,1,2,1,1,1,3,1,2,2,2,2,1,1,2,1,1,1,2,2,2,2,2,2,2,2,2,2,2,1,,,,,,,,,,,,,,,,,,,,,,,,,,,,,,,,,,,,,,,,,,,,,,,,1,120,,,,,,,,,,,4,2,1,2,,2,,1,2,2,2,1
102504,1,73,8,5,1,5,1,1,1,1,1,1,2,1,1,2,2,1,2,2,1,1,1,1,1,1,1,1,2,1,1,,2,2,2,2,2,2,2,1,3,2,1,1,60,1,2,2,2,1,2,2,2,,,,,,,,,,,,,,,,,,,,,,,,,,,,,,,,,,,1,120,2,,2,3,2,2,2,3,3,1,,1,1,1,1,1,2,1,2,1,1,1
102601,2,64,9,2,2,3,1,1,2,1,1,1,1,1,1,1,3,1,2,2,2,3,1,1,1,1,1,1,1,1,1,,2,2,2,2,2,2,2,1,6,2,1,1,120,1,2,1,2,2,2,2,3,,,,,,,,,,,,,,,,,,,,,,,,,,,,,,,,,,,1,60,2,,3,3,2,2,3,3,3,1,,2,2,2,,1,5,1,9,9,9,9
102702,2,25,3,3,2,5,1,1,1,2,,2,2,2,,,2,1,1,2,1,1,1,1,1,1,1,1,1,1,2,2,2,2,2,2,1,,1,1,,,,,,,,,,,,,,,,,,,,,,,,,,,,,,,,,,,,,,,,,2,30,1,2,1,60,2,1,60,2,,1,1,2,1,2,3,1,3,,2,1,1,2,1,1,1,1,2,1,1
102803,1,43,8,5,1,4,1,1,1,1,1,1,1,1,1,1,2,1,2,2,1,1,1,1,1,1,1,1,2,1,1,,1,,2,2,2,2,1,1,4,2,1,2,60,1,2,2,1,1,2,2,3,3,2,60,1,2,2,1,2,2,2,1,2,2,,,,,,,,,,,,,,,,,,,1,120,2,1,15,1,5,1,3,1,1,1,3,3,1,,1,1,2,,1,5,1,1,1,1,1
102904,1,51,8,5,2,6,1,1,1,1,1,1,1,1,1,1,4,1,2,2,1,1,1,1,1,1,1,1,1,1,2,1,2,1,2,2,1,,1,1,20,1,2,2,180,2,2,1,2,2,2,2,1,30,2,180,2,1,1,1,2,2,1,1,2,2,,,,,,,,,,,,,,,3,180,1,2,1,120,2,1,120,1,3,3,2,2,1,1,3,3,1,,2,1,2,,1,2,1,1,1,1,1
103001,2,34,10,2,3,5,3,1,1,1,1,1,2,1,1,1,1,1,2,2,1,1,1,1,1,1,1,1,2,1,1,,2,2,1,,2,2,1,1,5,1,2,3,20,1,2,2,2,1,2,2,1,,,,,,,,,,,,,,1,2,1,30,1,0,0,0,0,0,1,0,0,3,,,,,2,120,2,1,60,2,,4,4,2,1,3,3,3,1,,1,1,1,2,1,5,1,1,1,1,1
103203,2,45,10,2,3,5,3,1,1,1,1,1,2,1,1,1,5,1,2,2,1,1,1,1,1,1,1,1,2,1,1,,2,2,2,2,2,2,1,1,5,2,1,2,30,1,2,2,2,1,1,2,3,,,,,,,,,,,,,,,,,,,,,,,,,,,,,,,,1,60,2,1,45,1,3,4,4,2,2,1,3,3,1,,1,1,2,,1,5,1,1,1,1,1
103304,2,58,8,5,3,6,3,1,1,1,1,1,2,1,1,1,3,1,2,2,4,1,1,1,1,1,1,1,2,1,1,,2,2,2,2,2,2,1,1,16,2,1,1,120,2,2,1,2,2,1,2,3,,,,,,,,,,,,,,,,,,,,,,,,,,,,,,,,1,20,1,2,10,2,,2,4,2,2,2,3,3,1,,2,1,2,,1,5,1,1,1,1,1
103401,2,63,8,5,3,5,2,1,1,2,,1,1,1,1,2,1,1,2,2,1,1,1,1,1,1,1,1,2,1,2,2,1,,2,2,2,2,2,2,,,,,,,,,,,,,,2,2,60,1,2,2,2,2,2,2,1,2,2,,,,,,,,,,,,,,,,,,,,,,,,2,,3,3,2,2,3,3,3,1,,1,1,1,1,1,3,1,1,1,1,1
103502,2,32,6,3,4,8,2,1,1,1,2,1,2,1,1,1,4,1,2,2,1,1,1,1,1,1,1,1,2,2,2,2,2,2,2,2,2,2,1,1,,,,,,,,,,,,,,,,,,,,,,,,,,,,,,,,,,,,,,,,,,,,,1,60,2,1,60,2,,2,2,2,2,2,3,3,3,,2,2,2,,2,,1,1,1,1,1
103603,2,62,3,3,3,4,1,1,1,2,,2,2,1,1,1,3,1,2,2,1,1,1,1,1,1,1,1,1,1,2,2,2,2,2,2,2,2,2,1,,,,,,,,,,,,,,,,,,,,,,,,,,,,,,,,,,,,,,,,,,,,,,,,1,60,,,,,,,,,,,6,1,2,2,,1,1,1,1,1,1,1
103704,1,15,3,3,2,5,2,1,1,1,2,1,1,1,1,1,3,1,2,2,1,1,1,1,1,1,1,1,2,2,2,1,1,,2,2,2,2,1,1,3,1,2,3,120,2,2,2,2,1,2,2,1,1,4,120,1,2,2,2,2,2,2,1,1,2,,,,,,,,,,,,,,,,,,,1,120,1,1,90,2,,4,4,1,1,2,3,3,1,,1,1,1,2,1,1,1,2,2,2,1
103801,1,50,8,4,3,8,3,1,1,1,2,1,2,1,1,1,5,1,2,2,2,1,1,1,1,1,1,1,2,1,2,1,1,,1,,2,2,1,1,20,1,2,2,30,1,1,1,1,2,1,2,1,3,2,30,1,2,1,2,1,2,1,1,2,2,1,2,7,30,1,1,0,0,0,0,1,1,0,1,,,,,1,30,1,1,30,1,4,3,3,2,1,3,3,3,1,,2,1,2,,1,2,1,1,1,2,2
103902,2,43,7,3,3,5,2,1,1,1,1,1,2,1,1,2,4,1,2,2,3,1,1,1,1,1,1,1,2,1,1,,1,,1,,1,,2,1,3,2,1,1,60,2,1,2,2,1,2,2,3,2,2,40,1,2,2,2,2,2,2,2,1,2,2,1,1,20,1,0,1,1,0,0,1,0,0,3,2,60,2,1,,,,1,60,2,,3,3,2,1,2,3,3,1,,1,1,1,1,1,3,1,1,1,1,1
104003,2,50,8,2,3,4,1,1,1,2,,1,1,1,1,1,3,1,2,2,2,1,1,2,2,1,1,1,2,1,1,,2,2,2,1,2,2,1,1,2,2,1,2,40,1,2,2,1,1,2,2,4,,,,,,,,,,,,,,1,2,7,60,1,1,0,0,0,0,1,1,0,1,,,,,2,180,2,1,60,1,6,4,4,2,1,3,3,3,1,,2,2,2,,1,1,1,2,1,1,1
104104,2,64,3,3,2,4,1,2,2,2,,2,2,1,1,1,5,1,2,2,1,1,1,2,1,1,1,1,2,2,2,2,1,,2,2,2,2,1,1,,,,,,,,,,,,,,1,5,15,1,2,2,2,2,1,2,2,2,2,,,,,,,,,,,,,,,,,,,1,60,1,1,12,2,,1,2,2,2,3,3,3,1,,1,1,1,2,1,1,1,1,1,1,1
104201,2,56,6,3,2,3,1,1,1,2,,1,2,1,1,2,2,1,2,2,1,1,1,1,1,1,1,1,2,1,1,,2,2,2,2,2,2,2,1,1,2,1,2,15,1,2,2,2,2,1,2,4,,,,,,,,,,,,,,,,,,,,,,,,,,,,,,,,,,,1,60,2,,3,2,2,1,2,3,3,1,,1,1,1,1,2,,1,2,1,1,1
104302,2,36,8,4,1,2,1,1,1,2,,1,1,1,1,1,2,1,2,2,3,1,1,1,1,1,1,1,2,1,1,,2,1,1,,1,,1,1,3,1,1,2,120,1,2,1,2,2,2,2,4,5,2,60,2,2,2,2,2,2,1,2,2,2,1,2,4,10,1,1,0,1,0,0,0,0,0,1,3,60,1,2,1,120,1,1,120,2,,4,4,1,2,3,3,3,1,,1,1,1,1,1,2,1,1,1,2,2
104403,1,54,6,3,1,3,1,1,1,2,,1,2,1,1,1,1,1,2,2,1,2,1,2,1,1,1,2,2,2,2,2,2,1,1,,2,2,2,1,,,,,,,,,,,,,,1,5,20,1,1,2,2,2,2,2,2,2,2,2,1,1,10,1,0,1,0,0,0,0,0,0,3,,,,,,,,2,15,2,,2,2,2,2,2,3,3,1,,2,2,2,,2,,1,2,1,1,2
104504,2,80,2,6,3,5,2,1,1,1,1,2,2,1,1,2,4,1,2,2,3,1,2,2,1,1,1,1,2,1,2,1,2,2,2,2,2,2,2,2,12,2,1,2,15,2,1,2,1,2,2,2,2,,,,,,,,,,,,,,,,,,,,,,,,,,,,,,,,,,,,,2,,1,2,1,2,3,3,1,1,,2,2,2,,2,,1,2,1,1,2
104601,1,26,6,1,1,3,1,1,1,2,,2,2,1,1,2,4,1,2,2,2,1,1,1,3,1,1,1,2,2,2,2,2,2,2,2,2,2,2,1,,,,,,,,,,,,,,,,,,,,,,,,,,,,,,,,,,,,,,,,,,,,,,,,1,60,,,,,,,,,,,6,1,1,1,2,1,1,1,2,1,1,1
104702,2,17,6,3,2,4,1,1,1,2,,1,1,1,1,2,5,1,2,2,1,1,1,1,1,1,1,1,2,1,2,2,2,2,2,2,2,1,1,1,,,,,,,,,,,,,,,,,,,,,,,,,,,,,,,,,,,,,,,,,5,10,2,1,1,60,1,1,60,1,3,2,2,2,1,1,3,1,1,,1,1,1,2,1,1,1,1,2,1,1
104803,1,31,3,3,1,2,1,1,1,2,,1,2,1,1,1,2,1,2,2,2,1,1,1,1,1,1,1,2,2,2,1,2,2,2,1,2,1,1,1,1,1,2,4,10,1,2,2,2,1,2,2,1,,,,,,,,,,,,,,2,1,1,5,1,0,1,0,0,0,0,0,0,3,5,5,1,2,2,10,1,1,240,2,,2,4,2,1,2,3,3,1,,1,1,1,1,1,1,1,1,1,1,1
104904,1,58,3,3,2,4,1,1,1,2,,1,2,1,1,2,2,1,2,2,2,1,1,1,2,1,1,1,2,2,2,2,2,2,1,,2,2,2,1,,,,,,,,,,,,,,,,,,,,,,,,,,,2,1,3,25,1,0,0,0,0,0,0,1,0,3,,,,,,,,1,15,2,,2,2,2,2,3,3,3,3,,2,2,2,,2,,1,2,1,2,2
105001,1,32,6,3,4,5,1,1,1,2,,2,1,1,1,2,1,1,2,2,2,1,1,1,1,1,1,1,2,2,1,,2,2,2,2,2,2,2,2,2,2,1,4,120,1,2,1,2,2,2,2,1,,,,,,,,,,,,,,,,,,,,,,,,,,,,,,,,,,,,,2,,2,4,2,1,2,3,3,1,,2,2,2,,1,1,1,1,1,1,1
105102,1,31,6,3,1,3,1,1,1,2,,1,2,1,1,1,3,1,1,2,1,1,1,1,1,1,1,1,1,2,2,1,2,2,2,2,2,2,2,1,13,2,1,1,240,2,1,2,2,2,2,2,1,,,,,,,,,,,,,,,,,,,,,,,,,,,,,,,,,,,1,60,2,,4,4,2,1,2,3,3,1,,2,1,1,1,1,2,1,1,1,1,2
105203,1,38,3,3,2,3,1,1,1,1,1,2,2,2,,,2,1,2,2,1,1,1,1,2,1,1,1,2,2,2,2,2,2,1,,2,2,1,1,,,,,,,,,,,,,,,,,,,,,,,,,,,2,1,4,15,1,0,1,0,0,0,0,0,0,2,,,,,1,20,1,1,60,2,,4,2,2,1,2,3,3,1,,1,1,1,2,1,1,1,1,1,1,1
105304,2,75,2,6,4,6,1,1,1,2,,1,2,1,1,1,4,1,1,2,2,3,3,3,2,2,1,1,2,2,2,1,2,1,2,2,2,2,1,1,1,1,2,4,15,1,2,2,2,2,1,2,1,2,1,30,1,2,1,2,2,2,2,1,2,2,,,,,,,,,,,,,,,,,,,1,5,1,1,20,1,8,1,2,2,1,2,3,3,1,,2,1,1,2,2,,1,1,1,1,2
105401,2,79,2,6,1,4,1,1,1,2,,2,2,1,1,2,1,1,2,2,3,2,2,2,3,1,1,2,2,1,2,2,2,2,2,2,2,2,2,2,,,,,,,,,,,,,,,,,,,,,,,,,,,,,,,,,,,,,,,,,,,,,,,,,,,,,,,,,,,,9,2,2,2,,2,,1,2,1,1,2
105502,1,67,2,6,1,3,1,1,1,2,,2,2,1,1,2,2,1,2,2,2,1,1,2,1,1,1,1,2,2,2,2,2,2,1,,2,2,2,1,,,,,,,,,,,,,,,,,,,,,,,,,,,2,1,1,15,1,0,1,0,0,0,0,0,0,3,,,,,,,,1,20,2,,1,2,2,2,3,3,1,1,,2,2,2,,2,,1,2,1,2,2
105603,1,45,6,3,3,6,1,1,1,1,1,1,1,1,1,1,4,1,2,2,1,1,1,1,1,1,1,1,2,1,2,2,2,2,2,2,2,2,1,1,,,,,,,,,,,,,,,,,,,,,,,,,,,,,,,,,,,,,,,,,,,,,1,30,1,1,40,2,,2,2,2,1,2,3,3,1,,2,2,2,,2,,1,2,1,1,2
105704,1,39,8,4,1,2,1,1,1,1,1,1,2,1,1,1,4,1,1,2,1,1,1,1,1,1,1,1,2,2,2,2,1,,1,,2,2,1,1,,,,,,,,,,,,,,1,2,30,1,2,2,1,2,2,2,2,2,2,1,2,4,15,1,1,1,1,0,0,1,0,0,1,,,,,2,30,1,1,60,2,,4,4,2,1,1,3,3,1,,1,2,2,,1,1,1,2,1,1,1
105801,2,27,6,2,1,2,1,1,1,2,,2,2,1,1,1,2,1,1,1,1,2,1,1,2,1,2,2,1,1,1,,1,,2,2,2,2,1,1,1,2,1,3,30,1,2,2,1,2,1,2,4,4,2,30,2,2,2,2,2,1,2,1,2,2,,,,,,,,,,,,,,,,,,,2,15,2,5,10,1,3,2,2,1,2,1,3,3,1,,1,2,2,,1,1,1,1,1,1,1
105902,1,26,6,1,2,4,1,1,1,1,1,1,2,1,1,1,4,1,2,2,1,1,1,1,1,1,2,1,2,1,2,2,2,1,2,1,2,1,1,1,,,,,,,,,,,,,,2,2,15,1,1,2,2,2,2,2,2,2,2,1,2,2,10,1,0,0,0,0,0,0,1,0,1,2,10,1,2,5,10,1,2,15,2,,2,3,2,1,1,3,3,1,,2,1,1,1,2,,1,1,1,1,1
106003,2,68,2,6,2,4,1,1,1,1,1,1,2,1,1,2,2,1,2,2,2,2,3,2,3,2,1,1,2,2,2,2,2,2,1,,2,2,2,1,,,,,,,,,,,,,,,,,,,,,,,,,,,2,1,1,30,1,1,0,0,0,0,0,1,0,3,,,,,,,,1,10,2,,1,2,1,2,3,3,1,3,,2,2,2,,2,,1,1,1,1,2
106104,2,72,0,,1,2,1,1,1,2,,2,2,1,1,2,2,1,2,2,4,3,1,3,2,1,1,1,2,1,1,,1,,2,2,2,2,2,2,2,2,1,5,20,2,2,2,1,2,2,2,2,2,2,30,2,2,2,2,2,1,2,1,2,2,,,,,,,,,,,,,,,,,,,,,,,,2,,1,1,2,1,3,3,1,1,,2,1,1,1,2,,2,,,,
106201,1,60,3,3,1,4,1,1,1,2,,2,2,1,1,2,2,1,2,2,2,1,1,1,1,1,1,1,2,2,2,1,2,2,1,,2,2,1,1,1,2,1,1,60,1,2,2,1,2,2,2,2,,,,,,,,,,,,,,1,2,7,240,1,0,0,0,0,0,0,1,0,1,,,,,1,120,1,1,180,2,,3,4,2,2,2,3,3,1,,2,2,2,,2,,1,2,2,2,2
106302,2,66,6,3,2,4,1,1,1,1,1,1,2,1,1,2,1,1,2,2,2,1,1,1,1,1,1,1,2,1,2,1,2,2,2,2,2,2,1,1,30,2,1,1,180,2,1,2,2,2,2,2,1,,,,,,,,,,,,,,,,,,,,,,,,,,,,,,,,2,10,1,1,120,2,,2,3,2,2,2,3,1,1,,1,2,2,,1,1,1,2,1,1,1
106403,2,59,3,3,2,3,1,1,1,1,1,1,1,1,1,1,2,1,2,2,2,1,1,1,2,1,1,1,2,1,1,,2,1,1,,1,,1,1,1,1,1,1,15,2,2,2,1,2,2,2,3,1,1,15,1,2,2,2,2,2,2,1,2,2,1,2,7,30,1,1,0,1,0,0,0,1,0,1,3,5,1,2,1,30,1,1,90,2,,3,3,2,1,2,3,3,1,,1,1,1,2,1,1,1,1,1,1,1
106504,2,28,8,4,4,7,3,1,1,1,1,1,2,1,1,2,6,2,2,2,3,1,1,1,1,1,1,1,2,1,1,,1,,2,1,2,2,1,1,7,1,1,2,40,1,2,2,2,1,1,2,3,20,1,60,1,2,1,1,1,2,1,1,2,2,1,2,7,30,1,1,0,0,0,0,1,0,1,1,,,,,3,30,1,1,30,1,3,4,4,2,1,3,3,3,1,,1,1,1,2,1,5,1,2,1,1,9
106601,2,39,6,3,2,4,1,1,1,2,,1,2,1,1,1,1,1,2,2,2,1,1,1,1,1,1,1,2,2,2,2,2,2,2,2,2,2,2,1,,,,,,,,,,,,,,,,,,,,,,,,,,,,,,,,,,,,,,,,,,,,,,,,1,40,,,,,,,,,,,2,2,2,2,,1,1,1,1,1,1,1
106702,1,46,8,4,1,3,1,1,1,1,1,2,2,1,1,1,2,1,2,2,2,1,1,2,1,1,1,1,2,1,1,,2,2,1,,2,2,1,1,2,1,2,3,25,1,2,2,1,1,2,2,1,,,,,,,,,,,,,,1,2,1,20,1,0,1,0,0,0,1,1,0,1,,,,,1,15,1,2,10,2,,1,2,2,1,3,3,3,3,,2,1,1,2,1,1,1,1,1,1,2
106803,1,36,3,3,2,2,1,1,1,1,1,2,2,1,1,1,5,1,2,2,1,2,1,1,1,1,1,1,2,1,1,,2,1,2,2,2,2,1,1,1,2,1,3,40,1,2,2,2,1,2,2,2,2,4,10,1,2,2,2,1,2,2,2,2,2,,,,,,,,,,,,,,,,,,,5,10,1,1,30,2,,4,4,2,2,2,3,3,3,,2,1,1,1,1,1,1,1,1,1,1
106904,2,72,2,6,1,2,1,1,1,2,,2,2,1,1,2,2,1,2,2,1,3,4,4,3,4,2,2,2,2,1,,2,2,2,2,2,2,2,2,1,2,1,2,60,1,2,2,1,2,2,2,2,,,,,,,,,,,,,,,,,,,,,,,,,,,,,,,,,,,,,2,,1,2,2,2,3,3,1,1,,2,2,2,,2,,1,2,1,2,2
107001,1,20,3,3,1,3,1,1,2,2,,2,2,1,2,2,2,1,2,2,1,1,1,1,1,1,1,1,2,1,1,,2,2,2,2,2,2,1,1,1,1,2,2,30,1,2,2,1,2,2,2,1,,,,,,,,,,,,,,,,,,,,,,,,,,,,,,,,1,60,1,1,15,2,,3,3,2,1,2,3,3,1,,2,2,1,1,2,,1,1,1,2,2
107203,2,53,3,3,5,7,2,1,1,2,,1,2,1,1,1,10,2,2,2,3,1,1,1,1,1,1,1,2,2,2,2,2,2,2,2,2,2,2,1,,,,,,,,,,,,,,,,,,,,,,,,,,,,,,,,,,,,,,,,,,,,,,,,1,20,,,,,,,,,,,2,2,2,2,,1,1,1,1,1,1,1
107304,2,32,3,3,2,4,1,1,1,1,1,1,2,1,1,1,5,1,2,2,3,1,2,1,1,1,1,2,1,2,2,1,2,2,2,2,2,2,2,2,1,1,2,5,30,1,2,2,1,2,2,2,1,,,,,,,,,,,,,,,,,,,,,,,,,,,,,,,,,,,,,2,,2,3,2,1,3,3,3,1,,1,2,2,,1,1,1,1,1,1,1
107401,2,16,6,2,2,4,1,1,1,1,1,1,2,1,1,1,3,1,2,2,1,1,1,1,1,1,1,1,2,1,1,,2,2,2,2,1,,1,1,24,2,1,1,120,1,2,1,2,1,1,2,2,,,,,,,,,,,,,,,,,,,,,,,,,,,,2,20,1,2,2,30,2,1,90,1,4,3,3,2,1,1,3,3,1,,1,1,1,2,1,3,1,1,1,1,2
107502,1,51,6,1,3,6,2,1,1,1,2,1,1,1,1,1,2,1,2,2,3,1,2,2,2,1,1,1,2,1,1,,2,2,2,1,2,2,1,1,2,2,1,3,60,1,2,2,1,2,2,2,2,,,,,,,,,,,,,,2,1,2,15,1,0,0,0,0,1,0,0,0,1,,,,,1,30,1,1,30,2,,2,3,2,1,1,3,3,1,,1,1,1,2,1,5,1,1,1,1,1
107603,2,39,10,2,2,5,2,1,1,1,2,1,1,1,1,1,3,1,2,2,1,1,1,1,1,1,1,1,2,1,1,,1,,2,2,2,2,1,1,1,1,2,3,60,1,2,2,2,1,2,2,1,1,4,20,1,2,2,2,2,2,1,2,2,2,,,,,,,,,,,,,,,,,,,1,30,1,1,60,2,,2,3,2,1,2,3,3,1,,1,1,1,1,1,1,1,1,1,1,1
107704,1,37,8,4,3,5,3,1,1,1,1,1,2,1,1,2,3,2,2,2,1,1,1,1,1,1,1,1,2,2,2,2,2,2,1,,2,2,1,1,,,,,,,,,,,,,,,,,,,,,,,,,,,2,1,1,30,1,0,0,0,1,0,0,1,0,3,,,,,1,60,2,1,60,1,6,3,3,2,1,3,3,3,1,,2,1,2,,1,1,1,1,1,1,1
107801,2,76,2,6,3,6,3,1,1,1,3,1,2,1,1,2,2,1,2,2,2,1,1,1,1,1,1,1,2,1,1,,2,2,2,2,2,2,1,2,2,2,1,2,30,1,2,2,1,1,2,2,2,,,,,,,,,,,,,,,,,,,,,,,,,,,,,,,,2,15,1,,,2,,1,2,2,2,2,3,3,1,,2,2,2,,2,,1,9,2,2,2
107902,2,74,3,3,3,5,1,1,1,1,1,2,2,1,1,2,3,1,2,2,2,1,1,1,1,1,1,1,2,2,1,,2,2,2,2,2,2,2,2,3,2,1,2,20,1,2,2,1,2,2,2,3,,,,,,,,,,,,,,,,,,,,,,,,,,,,,,,,,,,,,2,,2,2,2,2,2,3,3,1,,2,2,2,,1,1,1,1,1,1,1
108003,2,40,6,3,3,5,1,1,2,2,,2,2,1,1,2,6,1,1,2,1,1,1,1,1,1,1,1,1,1,1,,2,2,2,2,2,2,2,1,3,2,1,3,30,2,1,1,2,2,2,2,2,,,,,,,,,,,,,,,,,,,,,,,,,,,,,,,,,,,2,20,2,,2,2,2,1,1,3,3,1,,1,2,1,2,1,4,1,1,1,1,1
108104,1,63,6,3,1,2,1,1,1,2,,2,2,1,1,2,1,1,2,2,1,2,1,1,1,1,1,1,2,1,1,,2,2,2,2,2,2,1,2,10,1,1,2,60,1,2,1,2,2,1,2,2,,,,,,,,,,,,,,,,,,,,,,,,,,,,,,,,2,20,1,,,2,,2,3,1,1,2,3,3,1,,2,2,2,,2,,1,1,1,2,2
108201,1,41,8,5,2,4,1,1,1,1,1,1,2,1,1,1,4,1,2,2,1,1,1,1,1,1,1,1,2,1,1,,1,,2,1,1,,1,2,3,1,1,2,30,2,1,1,2,2,1,2,1,1,4,10,2,1,2,2,2,2,1,2,2,2,1,2,1,5,1,1,1,0,0,0,0,0,0,2,3,15,1,2,1,20,1,,,2,,3,3,2,1,2,3,3,1,,1,1,1,1,1,1,1,1,1,1,1
108302,1,46,6,3,1,2,1,1,1,2,,2,2,1,1,2,1,1,2,2,2,1,1,1,1,1,1,1,2,1,1,,2,2,2,2,2,2,1,1,1,1,2,2,40,1,2,2,2,2,1,2,1,,,,,,,,,,,,,,,,,,,,,,,,,,,,,,,,2,20,1,1,60,2,,2,3,2,1,2,3,3,1,,2,2,2,,2,,1,1,2,1,2
108403,1,45,6,3,1,2,1,1,1,2,,2,2,1,1,2,1,1,2,2,1,1,1,1,1,1,1,1,2,2,2,2,2,2,2,2,2,2,2,2,,,,,,,,,,,,,,,,,,,,,,,,,,,,,,,,,,,,,,,,,,,,,,,,,,,,,,,,,,,,3,2,1,2,,1,1,1,2,2,2,2
108504,1,66,8,3,2,4,1,1,1,1,1,1,1,1,1,1,1,1,2,2,2,2,1,1,2,1,1,1,2,1,2,2,2,2,2,2,2,2,1,2,,,,,,,,,,,,,,,,,,,,,,,,,,,,,,,,,,,,,,,,,,,,,2,15,1,,,2,,3,3,2,1,2,3,3,1,,2,2,2,,1,2,1,1,1,2,1
108601,1,34,6,3,4,6,2,1,1,1,1,1,1,1,1,1,6,1,2,2,1,1,1,1,1,1,1,1,2,1,2,1,1,,1,,1,,1,1,3,1,2,3,20,2,2,1,2,2,2,2,2,2,4,20,1,1,2,2,1,2,1,2,2,2,1,2,3,40,1,1,1,0,0,1,0,1,0,1,2,120,1,1,1,20,1,1,180,1,3,2,4,2,1,2,3,3,1,,2,2,1,2,1,1,1,1,1,1,2
108702,1,69,2,6,1,1,1,1,1,1,1,1,1,1,1,2,2,1,2,2,2,1,2,3,2,1,3,2,2,1,1,,2,2,2,2,2,2,2,1,3,2,1,2,40,2,2,1,2,2,2,2,3,,,,,,,,,,,,,,,,,,,,,,,,,,,,,,,,,,,2,10,2,,1,2,2,2,3,3,1,3,,2,2,2,,2,,1,1,1,1,1
108904,1,33,6,3,2,3,1,1,1,2,,1,1,1,1,1,3,1,2,2,1,2,1,1,1,1,1,2,2,1,1,,1,,1,,1,,1,1,12,1,1,2,60,1,2,1,2,2,1,2,4,4,2,20,1,2,1,1,2,2,1,1,2,2,2,1,7,40,1,1,0,0,0,0,1,0,0,1,2,10,1,2,2,20,1,1,180,2,,2,3,2,1,3,3,3,1,,1,1,1,2,1,5,1,2,2,2,2
109001,2,51,8,4,1,4,2,1,1,1,2,1,2,1,1,1,1,1,2,2,1,1,1,1,1,1,1,1,2,1,1,,2,2,1,,2,2,1,1,8,1,2,1,30,1,2,2,2,1,1,2,1,,,,,,,,,,,,,,1,2,3,40,1,1,1,1,1,1,1,1,0,1,,,,,1,15,2,2,20,2,,4,3,2,1,2,3,3,1,,1,1,2,,1,3,1,2,2,2,2
109203,2,36,8,5,2,4,2,1,1,1,1,1,2,1,1,1,2,1,2,2,1,1,1,1,1,1,1,1,2,1,1,,2,2,2,2,2,2,1,1,2,2,1,3,120,1,2,2,2,1,2,2,4,,,,,,,,,,,,,,,,,,,,,,,,,,,,,,,,2,30,1,1,120,1,8,3,3,2,1,3,3,3,1,,1,1,1,2,1,5,1,1,1,1,1
109304,2,50,8,4,3,6,4,1,1,1,1,1,2,1,1,1,3,1,2,2,1,1,1,1,1,1,1,1,2,1,1,,2,2,2,2,2,2,1,1,3,2,1,1,45,1,2,2,1,2,1,2,3,,,,,,,,,,,,,,,,,,,,,,,,,,,,,,,,1,15,1,1,10,1,3,3,3,2,1,2,3,3,1,,1,1,1,1,1,3,1,1,1,1,1
109401,2,72,2,3,1,3,1,1,1,2,,2,2,1,1,2,1,1,2,2,3,2,4,2,2,1,1,1,2,2,2,2,2,2,2,2,2,2,2,1,,,,,,,,,,,,,,,,,,,,,,,,,,,,,,,,,,,,,,,,,,,,,,,,1,15,,,,,,,,,,,3,2,1,1,2,2,,1,2,1,1,2
109502,1,16,3,3,2,4,1,1,1,2,,2,2,1,1,2,3,1,2,2,1,1,1,1,1,1,1,1,2,2,2,2,2,2,2,2,2,2,1,1,,,,,,,,,,,,,,,,,,,,,,,,,,,,,,,,,,,,,,,,,,,,,1,120,1,1,60,2,,3,2,2,1,3,3,3,1,,2,1,1,2,1,1,1,2,1,1,2
109704,1,46,6,2,3,5,1,1,1,2,,1,2,1,1,2,1,1,2,2,1,1,1,1,1,1,1,1,1,1,1,,1,,1,,2,2,1,1,3,1,2,2,30,1,2,2,2,1,1,2,1,2,1,30,1,1,1,2,1,2,2,2,2,2,1,2,3,30,1,1,0,1,0,0,0,0,0,1,,,,,1,30,1,1,120,2,,2,4,2,1,2,3,3,1,,1,1,1,1,1,1,1,2,1,1,1
109801,2,57,6,3,2,4,1,1,1,1,1,1,1,1,1,1,1,1,2,2,1,1,1,1,1,1,1,1,2,2,2,2,2,2,2,2,2,2,1,1,,,,,,,,,,,,,,,,,,,,,,,,,,,,,,,,,,,,,,,,,,,,,1,20,1,1,90,2,,3,4,2,2,3,3,3,1,,2,2,2,,2,,1,1,1,1,1
109902,1,48,8,4,2,3,1,1,1,1,1,1,2,1,1,2,2,1,2,2,2,1,1,1,2,1,1,1,2,1,1,,2,2,2,2,1,,1,1,12,2,1,1,60,1,2,2,2,1,1,2,3,,,,,,,,,,,,,,,,,,,,,,,,,,,,3,60,2,1,1,60,1,1,40,2,,2,3,2,1,2,3,3,1,,1,1,1,2,1,5,1,1,1,1,1
110003,1,54,6,3,2,4,1,1,1,1,1,1,2,1,1,1,1,1,2,2,1,1,1,1,1,1,1,1,2,1,2,2,1,,1,,2,2,1,1,,,,,,,,,,,,,,5,2,40,1,2,2,2,2,2,2,1,2,2,2,1,2,30,1,1,1,0,0,1,0,1,0,3,,,,,1,40,1,1,60,2,,3,4,1,1,2,3,3,1,,2,2,2,,1,2,1,1,1,1,1
110104,2,37,6,3,2,4,1,1,1,2,,1,2,1,1,1,3,1,2,2,1,1,1,1,1,1,1,1,2,2,2,2,2,2,2,2,2,2,1,1,,,,,,,,,,,,,,,,,,,,,,,,,,,,,,,,,,,,,,,,,,,,,1,30,1,1,60,2,,3,3,1,1,2,3,3,1,,2,2,2,,1,1,1,1,1,1,1
110201,2,83,2,3,1,4,1,1,1,2,,2,2,1,1,2,2,1,2,2,2,2,2,3,2,3,1,1,2,2,2,1,1,,2,2,2,2,2,2,2,2,1,1,30,1,2,2,1,1,2,2,3,1,5,15,1,2,2,1,2,2,2,2,2,2,,,,,,,,,,,,,,,,,,,,,,,,2,,1,2,2,2,3,3,3,1,,2,2,2,,2,,1,2,1,2,2
110302,2,20,6,3,3,6,1,1,1,2,,1,1,1,1,1,6,1,2,2,1,1,1,1,1,1,1,2,2,1,1,,2,2,2,2,2,2,1,1,2,1,2,1,20,1,1,2,1,2,2,2,1,,,,,,,,,,,,,,,,,,,,,,,,,,,,,,,,1,15,1,1,60,2,,4,3,2,1,2,3,3,1,,1,2,2,,2,,1,1,1,2,2
110403,2,67,3,3,1,2,1,1,1,2,,2,2,1,1,2,2,1,2,2,2,1,1,1,2,1,1,1,2,1,2,2,1,,2,2,2,2,2,2,,,,,,,,,,,,,,20,2,10,1,2,2,1,2,2,2,2,2,2,,,,,,,,,,,,,,,,,,,,,,,,2,,2,2,2,2,3,3,3,1,,2,1,1,1,1,1,1,2,2,1,2
110504,1,36,8,3,2,4,1,1,1,2,,1,2,1,1,2,3,1,2,2,2,1,1,1,1,1,1,1,2,1,1,,2,1,1,,2,2,1,1,2,2,1,2,30,1,1,2,2,1,1,2,3,3,2,30,2,2,1,2,2,2,2,1,2,2,1,2,5,15,2,1,0,0,1,0,0,0,0,1,,,,,2,30,1,1,30,2,,4,3,2,1,2,3,3,1,,1,1,1,2,1,1,1,1,1,1,1
110601,2,43,3,3,4,5,1,1,1,2,,2,2,1,1,2,8,1,2,2,1,2,1,1,1,1,1,1,2,1,1,,1,,1,,1,,2,1,2,2,1,1,30,2,1,1,2,1,1,2,4,2,5,10,2,2,2,1,2,2,2,2,2,2,2,1,3,10,1,0,0,0,0,1,0,0,0,3,1,30,2,1,,,,1,10,1,8,2,4,2,1,3,3,3,1,,2,1,1,1,1,1,1,2,1,2,2
110702,2,25,6,3,2,3,1,1,2,1,1,2,2,1,1,1,2,1,2,2,1,1,1,1,1,1,1,1,2,1,1,,2,2,2,2,2,2,1,1,2,2,1,1,20,1,1,2,1,2,2,2,4,,,,,,,,,,,,,,,,,,,,,,,,,,,,,,,,1,5,1,1,60,2,,2,2,2,1,3,3,3,1,,2,1,1,1,1,1,1,2,1,2,1
110803,1,81,3,3,1,4,1,1,2,1,1,2,2,2,,,2,1,2,2,2,1,1,1,1,1,1,1,2,2,1,,2,2,2,2,2,2,2,2,12,2,1,2,120,1,2,1,2,1,2,2,2,,,,,,,,,,,,,,,,,,,,,,,,,,,,,,,,,,,,,2,,1,3,1,2,2,3,3,1,,1,1,1,1,1,1,1,1,1,1,1
110904,2,49,3,3,2,4,1,2,2,2,,2,2,1,1,2,1,1,2,2,1,1,1,1,2,1,1,1,1,1,2,2,2,2,2,2,2,2,2,1,,,,,,,,,,,,,,,,,,,,,,,,,,,,,,,,,,,,,,,,,,,,,,,,5,5,,,,,,,,,,,1,1,1,1,2,1,4,1,2,1,1,1
111001,1,26,8,4,1,3,1,1,1,1,1,1,2,1,1,2,2,1,1,2,2,1,1,1,1,1,1,1,2,1,1,,2,1,1,,2,2,1,1,2,1,2,1,180,2,1,1,2,2,2,2,1,2,2,120,2,2,2,2,1,2,1,2,2,2,2,1,1,60,1,1,0,1,0,0,0,0,0,2,,,,,1,120,2,1,120,2,,2,4,2,1,1,3,3,3,,1,2,2,,1,1,1,2,2,2,1
111102,2,65,3,3,3,4,1,1,1,2,,1,2,1,1,2,6,1,2,2,1,1,1,1,2,1,1,1,2,1,2,1,1,,2,1,1,,1,1,2,2,1,2,30,1,2,2,2,1,1,2,4,1,2,30,1,2,2,2,2,2,1,1,2,2,2,1,1,20,1,1,1,1,0,0,1,1,0,2,3,40,2,1,1,60,1,1,10,2,,2,3,2,2,3,3,3,1,,2,1,1,2,2,,1,2,1,1,9
111203,2,18,6,3,2,3,1,1,1,1,1,1,2,1,1,2,4,1,2,2,1,1,1,1,1,1,1,1,2,1,1,,2,2,2,2,2,2,1,1,1,2,1,2,30,1,2,2,2,1,2,2,3,,,,,,,,,,,,,,,,,,,,,,,,,,,,,,,,5,20,1,1,120,2,,3,3,2,1,3,3,3,1,,1,1,1,2,1,2,1,2,2,2,2
111304,1,15,3,3,3,5,1,1,1,2,,2,2,1,1,2,5,1,2,2,1,1,1,1,1,1,1,1,2,1,1,,2,1,2,2,1,,1,1,5,1,2,2,30,1,1,2,1,1,1,2,1,2,2,30,1,1,2,2,1,2,1,1,1,2,,,,,,,,,,,,,,,2,30,1,2,1,60,1,1,100,1,7,4,4,2,1,1,3,3,1,,2,2,1,2,1,2,1,1,1,1,2
111401,1,72,3,2,3,4,1,1,1,1,1,2,2,1,1,2,4,1,2,2,3,1,3,4,1,3,3,2,2,1,2,2,2,2,2,2,2,2,2,2,,,,,,,,,,,,,,,,,,,,,,,,,,,,,,,,,,,,,,,,,,,,,,,,,,,,,,,,,,,,6,1,2,2,,2,,1,2,1,1,2
111502,2,44,2,6,3,4,1,1,1,2,,1,2,1,1,1,4,1,2,2,1,1,1,2,1,1,1,1,2,2,2,2,2,2,2,2,2,2,1,1,,,,,,,,,,,,,,,,,,,,,,,,,,,,,,,,,,,,,,,,,,,,,1,25,1,1,60,1,3,3,3,2,1,2,3,1,1,,2,1,1,2,2,,1,2,1,1,2
111603,2,27,6,3,2,4,1,1,1,1,1,2,1,1,1,1,2,1,2,2,1,1,1,1,1,1,1,1,2,2,2,2,2,2,2,2,2,2,1,1,,,,,,,,,,,,,,,,,,,,,,,,,,,,,,,,,,,,,,,,,,,,,1,40,1,1,90,2,,3,3,1,1,3,3,3,1,,2,2,2,,2,,1,1,1,1,1
111704,2,24,7,4,2,5,1,1,1,1,1,1,2,1,1,1,3,1,1,2,1,1,1,1,1,1,1,1,1,1,1,,1,,2,2,2,2,1,1,2,1,2,1,20,1,2,1,2,2,2,2,1,1,2,10,1,2,1,2,2,2,2,2,2,2,,,,,,,,,,,,,,,,,,,1,120,1,1,20,2,,4,2,2,1,3,3,3,1,,1,1,1,1,1,1,1,1,1,1,1
111801,1,67,3,3,3,5,1,1,1,2,,2,2,1,1,2,7,1,2,2,2,2,1,1,1,1,1,1,2,1,2,2,2,2,2,2,2,2,1,1,,,,,,,,,,,,,,,,,,,,,,,,,,,,,,,,,,,,,,,,,,,,,1,120,1,1,30,2,,2,2,2,2,2,3,3,1,,2,2,2,,2,,1,2,2,2,2
111902,2,61,6,3,2,4,1,1,1,1,1,1,2,1,1,2,2,1,2,2,2,1,1,1,1,1,1,1,2,1,1,,2,2,2,2,2,2,2,1,1,2,1,2,30,1,2,2,2,1,2,2,3,,,,,,,,,,,,,,,,,,,,,,,,,,,,,,,,,,,1,20,2,,2,3,2,1,1,3,3,1,,2,2,2,,2,,1,1,1,1,1
112003,1,33,8,5,3,6,2,1,1,1,1,1,2,1,1,1,2,1,2,2,2,1,1,1,1,1,1,1,2,1,1,,2,2,2,2,1,,1,2,2,2,1,2,45,1,1,2,2,1,2,2,2,,,,,,,,,,,,,,,,,,,,,,,,,,,,3,30,1,2,2,60,1,,,2,,3,3,2,1,3,3,3,1,,2,1,1,1,1,3,1,2,2,1,2
112201,2,78,0,,1,1,1,1,2,2,,2,2,2,,,2,1,2,1,1,1,1,1,1,1,1,1,1,,,,,,,,,,,,,,,,,,,,,,,,,,,,,,,,,,,,,,,,,,,,,,,,,,,,,,,,,,,,,,,,,,,,,,,,,,,,,,,,,,
112302,1,56,8,4,3,6,2,1,1,1,4,1,1,1,1,1,6,2,2,2,1,1,1,1,1,1,1,1,2,2,1,,2,2,2,2,2,2,2,2,7,2,1,1,60,1,2,2,1,1,2,2,3,,,,,,,,,,,,,,,,,,,,,,,,,,,,,,,,,,,,,1,5,2,2,1,2,1,3,3,1,,2,2,2,,1,1,1,2,2,2,2
112403,2,17,6,2,1,1,1,1,1,1,1,2,2,2,,,5,1,2,2,1,1,1,1,1,1,1,1,2,1,1,,2,2,2,2,1,,2,1,4,1,1,2,60,1,2,1,2,2,1,2,3,,,,,,,,,,,,,,,,,,,,,,,,,,,,2,30,1,2,,,,1,30,1,5,3,3,1,1,2,3,3,1,,2,1,2,,1,4,1,1,1,1,2
112504,1,15,3,2,2,3,1,1,1,1,1,1,2,1,1,2,6,1,1,2,2,2,3,2,2,2,2,2,1,1,1,,2,2,2,2,2,2,1,2,3,2,1,1,60,1,2,2,2,1,1,2,3,,,,,,,,,,,,,,,,,,,,,,,,,,,,,,,,2,40,2,,,2,,2,3,1,1,1,3,3,1,,1,1,2,,1,1,1,1,2,1,1
112601,1,43,8,6,3,4,3,1,1,1,1,1,1,1,1,1,5,1,2,2,2,1,1,1,2,1,1,1,2,1,1,,1,,2,1,1,,1,1,2,2,1,3,20,1,2,2,2,1,2,2,3,3,4,30,1,2,2,2,2,2,1,2,2,2,1,2,3,15,2,0,0,0,0,0,1,0,0,1,5,20,2,1,1,60,1,1,15,2,,2,3,2,1,3,3,3,1,,2,2,2,,1,1,1,1,1,1,1
112702,2,40,3,3,1,3,1,2,2,2,,1,2,1,1,2,2,1,2,2,2,2,1,1,2,1,1,1,2,1,1,,1,,2,2,2,2,2,1,1,2,1,2,60,1,2,1,2,1,1,2,3,1,5,60,1,2,2,1,1,2,1,1,2,2,,,,,,,,,,,,,,,,,,,,,,1,60,2,,2,2,1,1,2,3,3,1,,1,2,2,,2,,1,1,1,1,1
112803,2,33,8,4,2,5,1,1,1,2,,1,1,1,1,1,2,2,2,2,1,1,1,1,1,1,1,1,2,1,1,,2,1,1,,2,2,1,1,4,1,1,3,60,1,1,1,1,2,2,2,1,11,2,30,1,2,1,1,2,2,1,2,1,2,1,2,1,30,1,1,0,0,1,1,1,0,0,1,,,,,1,15,1,1,120,1,6,3,4,2,1,1,3,3,1,,1,1,1,2,1,1,1,2,1,1,1
112904,1,59,3,2,1,4,1,1,1,1,1,2,2,1,1,2,1,1,2,2,1,1,1,1,2,1,1,2,1,2,2,2,2,2,2,2,2,2,2,2,,,,,,,,,,,,,,,,,,,,,,,,,,,,,,,,,,,,,,,,,,,,,,,,,,,,,,,,,,,,3,2,2,2,,1,2,1,2,1,2,2
113001,2,69,3,3,4,6,2,1,1,1,1,2,2,1,1,2,5,2,2,2,2,3,1,3,4,1,2,1,2,2,1,,2,2,2,2,2,2,2,2,3,2,1,1,60,1,2,2,2,1,2,2,3,,,,,,,,,,,,,,,,,,,,,,,,,,,,,,,,,,,,,2,,2,2,2,2,1,3,3,1,,2,2,2,,2,,1,2,2,2,2
113102,1,28,6,3,1,2,0,1,1,1,1,2,1,2,,,1,1,2,2,2,1,1,1,1,1,1,2,2,2,2,1,2,2,2,2,2,2,2,1,1,2,1,2,40,1,1,2,2,1,2,2,4,,,,,,,,,,,,,,,,,,,,,,,,,,,,,,,,,,,1,90,2,,3,3,1,2,2,3,3,3,,1,1,1,2,1,2,1,1,1,2,1
113203,1,56,8,2,3,3,1,1,1,1,2,1,2,1,1,1,4,1,2,2,2,1,1,1,1,1,1,1,2,1,1,,2,2,2,1,2,2,1,1,2,1,1,2,15,1,2,2,2,1,2,2,1,,,,,,,,,,,,,,1,2,7,5,1,1,0,1,0,0,0,0,0,1,,,,,5,10,1,1,15,1,3,3,4,2,1,3,3,3,1,,2,1,2,,1,5,1,2,2,2,2
113304,2,36,3,3,3,5,1,1,1,2,,2,2,2,,,5,1,1,2,1,1,1,1,1,1,1,1,2,1,1,,2,2,2,2,2,2,2,1,1,2,1,2,30,1,2,2,2,1,2,2,3,,,,,,,,,,,,,,,,,,,,,,,,,,,,,,,,,,,1,30,2,,3,4,2,1,1,3,3,1,,2,2,2,,2,,1,2,1,1,1
113401,2,76,8,4,1,3,2,1,1,1,1,1,1,1,1,1,1,1,2,2,3,1,1,1,1,1,1,1,1,2,2,2,2,2,2,2,2,2,2,1,,,,,,,,,,,,,,,,,,,,,,,,,,,,,,,,,,,,,,,,,,,,,,,,1,60,,,,,,,,,,,6,2,1,1,1,1,5,1,1,1,1,2
113502,2,28,8,5,2,5,1,1,1,1,1,1,1,1,1,1,2,1,2,2,1,1,1,1,1,1,1,1,2,1,1,,2,2,2,2,1,,2,1,3,1,1,2,120,1,2,2,2,1,2,2,3,,,,,,,,,,,,,,,,,,,,,,,,,,,,3,60,1,2,,,,1,120,1,1,3,3,1,1,3,3,3,1,,1,1,1,2,1,9,1,1,9,1,9
113704,1,37,8,4,2,3,2,1,1,1,1,1,1,1,1,1,2,1,2,2,2,1,1,1,1,1,1,2,2,1,1,,2,1,2,1,2,2,1,2,12,1,1,1,30,1,2,1,2,1,1,2,3,9,3,15,1,2,2,2,2,2,1,1,1,2,1,2,1,10,1,1,0,0,0,0,0,1,0,1,,,,,1,15,1,,,2,,2,3,2,2,2,3,3,2,,2,1,2,,1,4,1,2,1,2,2
113902,2,80,6,3,2,5,2,1,1,1,2,2,2,1,1,2,3,1,2,2,2,1,1,1,1,1,1,1,2,2,2,2,2,2,1,,2,2,2,2,,,,,,,,,,,,,,,,,,,,,,,,,,,2,1,3,68,1,1,1,1,0,0,0,1,0,2,,,,,,,,,,2,,3,3,2,2,2,3,3,1,,2,1,2,,1,1,1,2,2,2,2
114003,2,64,8,4,3,6,2,1,1,1,1,1,2,1,1,1,2,1,2,2,2,1,1,1,1,1,1,1,2,2,2,2,1,,2,2,2,2,2,2,,,,,,,,,,,,,,3,2,60,1,2,2,2,1,2,2,1,2,2,,,,,,,,,,,,,,,,,,,,,,,,2,,2,3,2,2,3,3,3,1,,1,1,1,2,1,2,1,1,1,1,1
114201,1,35,8,4,1,2,1,1,1,1,1,1,2,1,1,2,2,1,2,2,3,1,1,1,1,1,1,1,2,1,1,,2,2,1,,1,,1,1,30,1,1,1,120,2,1,1,2,2,1,2,3,,,,,,,,,,,,,,1,2,2,30,2,1,0,0,1,1,1,1,0,1,5,60,2,1,1,60,2,1,128,1,3,4,3,1,1,1,3,3,1,,2,1,2,,1,4,1,1,1,1,1
114302,2,42,8,5,2,4,1,1,1,1,1,1,2,1,1,1,3,1,2,2,2,1,1,1,1,1,1,1,2,1,1,,1,,2,2,2,2,1,1,3,1,1,2,15,2,1,1,1,2,1,2,1,2,3,10,2,2,1,2,1,1,1,1,2,2,,,,,,,,,,,,,,,,,,,4,10,1,1,30,2,,4,3,2,1,1,3,3,3,,2,2,2,,2,,1,1,1,1,2
114702,1,45,3,3,1,3,1,2,1,2,,1,2,1,1,1,1,1,2,2,3,1,1,2,1,1,1,2,2,1,1,,2,1,2,1,2,2,1,1,2,2,1,3,60,1,2,2,2,1,1,2,3,90,1,20,1,2,2,1,1,1,2,1,1,2,1,2,7,15,1,0,0,0,0,0,0,1,0,1,,,,,1,60,1,1,120,2,,2,2,1,1,3,3,3,1,,1,1,2,,1,1,1,1,2,1,1
114904,1,62,8,5,3,5,3,1,1,1,1,1,2,1,1,1,1,1,2,2,1,1,1,1,2,1,1,1,2,1,2,2,2,2,2,2,2,2,1,1,,,,,,,,,,,,,,,,,,,,,,,,,,,,,,,,,,,,,,,,,,,,,1,120,1,1,60,2,,3,3,2,1,2,3,3,1,,1,1,1,2,1,4,1,1,1,9,1
115001,1,38,8,6,1,3,1,1,1,2,,1,2,1,1,1,1,1,2,2,2,1,1,1,1,1,1,1,2,1,1,,1,,1,,2,2,1,1,3,1,2,1,40,2,2,1,2,1,1,2,2,2,3,20,1,2,1,1,1,2,1,1,2,2,1,2,7,20,1,0,0,1,0,0,0,1,0,1,,,,,2,30,1,1,15,2,,2,2,1,1,1,3,3,1,,2,2,2,,1,1,1,1,1,1,1
115304,2,65,3,3,2,4,1,1,1,2,,2,2,1,1,2,2,1,2,2,2,1,2,2,1,1,1,1,1,1,1,,2,2,2,2,2,2,2,1,2,2,1,3,60,1,2,2,2,1,2,2,2,,,,,,,,,,,,,,,,,,,,,,,,,,,,,,,,,,,1,15,2,,2,3,2,1,2,3,3,3,,2,1,2,,2,,1,9,1,1,1
115401,1,36,8,4,2,3,1,1,1,2,,1,2,1,1,1,2,2,2,2,2,1,1,1,1,1,1,1,1,1,1,,1,,1,,1,,1,1,2,2,1,2,120,1,2,2,2,1,1,2,3,1,1,15,2,2,2,2,2,2,2,1,2,2,2,1,1,30,1,1,0,0,0,0,0,0,0,2,1,25,1,2,1,20,1,1,120,2,,2,4,2,1,1,3,3,1,,1,1,1,2,1,5,1,2,1,1,1
115603,1,20,6,3,2,4,1,1,1,1,1,2,2,1,2,2,4,1,2,2,1,1,1,1,1,1,1,1,2,1,2,2,1,,2,2,1,,2,1,,,,,,,,,,,,,,10,1,15,1,1,2,2,2,2,1,1,1,2,,,,,,,,,,,,,,,1,15,1,1,,,,1,60,2,,2,4,2,1,2,3,3,1,,1,1,1,2,1,5,1,1,1,1,1
115902,2,27,8,5,3,5,1,1,1,2,,1,1,1,1,1,3,1,2,2,1,1,1,1,1,1,1,1,2,1,1,,2,1,1,,2,2,1,1,3,2,1,2,180,1,2,1,2,2,1,2,3,5,3,40,2,2,1,2,2,2,2,2,2,2,1,2,2,180,2,1,0,0,0,0,0,0,0,1,,,,,1,120,2,1,120,2,,3,3,2,1,1,3,3,1,,1,1,2,,1,2,1,1,1,1,1
116003,1,65,8,2,1,4,1,1,1,1,1,1,2,1,1,2,2,1,2,2,1,1,1,1,1,1,1,1,2,1,1,,1,,2,1,1,,1,1,2,1,1,2,30,1,2,2,2,1,2,2,2,2,4,20,1,1,1,2,2,2,2,2,2,2,1,2,7,15,1,1,1,0,0,0,0,1,0,1,5,5,2,1,2,10,1,2,20,2,,2,3,1,1,2,3,3,1,,2,1,2,,1,1,1,1,1,1,1
116104,2,22,8,4,3,6,2,1,1,1,2,1,2,1,1,1,4,1,2,2,1,1,1,1,1,1,1,1,2,1,2,1,1,,1,,2,2,1,1,5,2,1,3,30,2,1,1,2,2,1,2,2,2,4,15,1,2,1,2,2,2,2,2,2,2,2,1,1,15,1,0,0,0,0,0,1,0,0,2,,,,,4,15,2,2,15,2,,2,3,2,1,1,3,1,1,,2,2,2,,1,1,1,1,2,2,1
116201,2,73,7,3,2,5,1,1,2,1,1,1,2,1,1,2,2,1,2,2,1,1,1,1,1,1,1,1,2,2,1,,2,2,2,2,2,2,2,2,3,2,1,3,90,1,2,2,2,1,2,2,4,,,,,,,,,,,,,,,,,,,,,,,,,,,,,,,,,,,,,2,,2,2,1,1,2,3,3,1,,1,1,1,1,1,1,1,2,1,1,1
116403,1,22,3,3,2,3,1,1,1,2,,1,1,1,1,1,4,1,2,2,1,1,1,1,1,1,1,1,2,2,2,2,2,2,2,2,2,2,2,1,,,,,,,,,,,,,,,,,,,,,,,,,,,,,,,,,,,,,,,,,,,,,,,,1,60,,,,,,,,,,,3,2,2,2,,1,2,1,1,1,1,1
116504,1,36,8,4,1,2,1,1,1,1,1,1,1,1,1,1,1,1,2,2,2,1,1,1,1,1,1,2,2,2,2,1,2,2,2,2,2,2,2,1,1,1,2,2,40,1,2,2,2,1,2,2,1,,,,,,,,,,,,,,,,,,,,,,,,,,,,,,,,,,,1,90,2,,3,3,1,2,3,3,3,3,,1,1,1,2,1,2,1,1,1,2,1
116601,1,57,3,3,1,1,0,2,2,2,,2,2,2,,,1,1,2,2,3,1,1,1,1,3,1,1,1,2,2,2,2,2,2,2,2,2,2,2,,,,,,,,,,,,,,,,,,,,,,,,,,,,,,,,,,,,,,,,,,,,,,,,,,,,,,,,,,,,6,2,2,2,,2,,1,1,1,1,1
116702,2,47,3,3,3,4,3,1,1,2,,2,2,2,,,6,1,2,2,3,1,3,3,2,1,1,1,2,2,2,1,2,2,2,2,2,2,2,1,20,2,1,1,10,2,1,2,2,2,2,1,4,,,,,,,,,,,,,,,,,,,,,,,,,,,,,,,,,,,1,10,2,,2,4,2,1,2,3,3,1,,2,1,1,2,1,1,1,1,1,1,1
116803,2,45,6,3,2,3,1,1,1,2,,2,2,1,1,2,5,1,2,2,2,1,1,1,1,1,1,1,2,1,1,,2,2,2,2,2,2,2,1,1,2,1,2,30,1,2,2,2,1,2,2,2,,,,,,,,,,,,,,,,,,,,,,,,,,,,,,,,,,,1,30,1,3,2,3,1,2,2,3,3,1,,1,2,1,2,2,,1,1,1,1,1
117102,2,37,8,1,2,4,1,1,1,1,1,1,1,1,1,1,4,1,1,2,2,1,1,1,1,1,1,1,2,1,1,,1,,1,,2,2,1,1,4,2,1,2,30,2,2,1,2,2,2,2,2,3,3,20,1,2,2,2,2,2,2,1,2,2,2,1,3,15,1,0,1,1,0,0,0,1,0,3,,,,,2,10,2,1,30,1,3,3,3,1,1,1,3,3,1,,1,1,1,2,1,2,1,1,1,1,1
117203,1,47,8,5,2,3,1,1,1,1,1,1,2,1,1,1,1,1,2,2,2,1,2,2,2,1,1,2,2,1,1,,2,2,1,,2,2,1,1,50,1,2,1,240,2,1,1,2,1,1,2,2,,,,,,,,,,,,,,1,2,7,240,2,0,0,0,0,0,1,0,0,1,,,,,1,90,1,1,60,2,,4,4,1,1,2,3,3,1,,1,1,1,2,1,3,1,2,1,2,2
117401,1,53,3,3,1,1,0,1,1,2,,2,2,2,,,2,1,2,2,2,2,1,1,1,1,1,1,1,2,2,1,1,,2,2,2,2,2,2,3,2,1,3,30,1,2,2,2,1,2,2,2,1,4,30,1,2,2,2,2,2,2,1,2,2,,,,,,,,,,,,,,,,,,,,,,,,2,,1,1,1,2,3,3,1,1,,1,1,1,2,1,2,1,1,1,1,1
117502,1,47,6,3,1,2,1,1,2,1,1,1,1,1,1,1,1,1,2,2,2,1,1,1,1,1,1,1,1,1,2,1,1,,2,1,2,1,1,1,10,1,2,2,90,1,1,1,1,2,2,2,2,1,2,120,1,2,2,2,2,2,1,2,2,2,2,1,1,60,1,0,1,0,0,0,0,0,0,3,2,60,1,2,1,60,1,1,60,2,,4,4,1,1,2,3,3,1,,1,1,1,2,1,2,1,1,1,1,1
117603,1,45,6,3,2,3,2,1,1,1,1,1,2,1,1,1,4,1,2,2,2,1,1,1,2,1,1,1,2,2,2,1,2,2,2,1,2,2,2,1,3,2,1,4,10,2,1,2,2,2,2,2,2,,,,,,,,,,,,,,1,2,3,10,1,0,1,0,0,0,0,1,0,1,,,,,,,,1,120,1,3,1,3,2,1,2,3,1,1,,2,1,1,2,1,3,1,1,9,2,2
117902,1,41,10,2,2,4,2,1,1,1,2,1,2,1,1,1,3,1,2,2,2,1,1,1,1,1,1,2,2,1,1,,2,2,2,2,2,2,1,1,1,2,1,2,40,1,1,2,2,2,1,2,3,,,,,,,,,,,,,,,,,,,,,,,,,,,,,,,,1,30,1,1,60,2,,3,4,1,1,3,3,3,1,,1,1,1,2,1,2,1,1,1,1,1
118201,2,26,8,1,3,4,1,1,1,1,1,2,1,1,1,1,3,1,2,2,2,1,1,1,1,1,1,1,2,1,2,2,2,2,2,2,2,2,1,1,,,,,,,,,,,,,,,,,,,,,,,,,,,,,,,,,,,,,,,,,,,,,1,10,1,1,30,2,,2,4,2,1,2,3,3,1,,2,1,1,1,1,1,1,1,1,1,1
118302,2,48,8,4,2,4,1,1,1,1,1,1,1,1,1,1,3,1,2,2,2,1,1,1,2,1,1,1,2,1,1,,2,2,2,2,1,,1,1,3,1,1,4,15,1,2,2,1,1,2,2,3,,,,,,,,,,,,,,,,,,,,,,,,,,,,2,15,2,1,1,60,1,1,60,2,,1,3,2,1,1,3,3,1,,2,1,1,2,1,1,1,2,1,1,2
118403,2,30,8,4,2,5,1,1,1,2,,1,2,1,1,1,1,1,2,2,2,1,1,1,1,1,1,1,1,1,1,,2,1,1,,2,2,1,1,7,2,1,1,60,1,2,2,2,1,2,2,3,3,2,120,1,2,1,2,2,2,2,1,2,2,1,2,3,180,1,0,0,0,0,0,0,1,0,2,,,,,1,60,1,1,60,1,4,2,3,2,1,2,3,3,1,,2,2,2,,2,,1,2,1,2,1
118504,2,54,6,3,2,3,1,1,1,1,1,1,2,1,1,1,2,1,2,2,2,1,1,1,1,1,1,1,2,2,2,1,2,1,2,2,2,2,2,1,1,2,1,5,15,1,2,2,2,1,2,2,2,1,4,10,1,2,2,2,2,1,2,2,2,2,,,,,,,,,,,,,,,,,,,,,,1,15,2,,3,4,2,1,3,3,3,3,,1,2,2,,2,,1,1,1,1,1
118601,1,59,6,3,2,4,1,1,1,2,,1,1,1,2,1,4,2,2,2,2,2,1,1,2,1,1,1,2,2,2,1,1,,2,2,2,2,1,1,2,1,2,2,60,1,1,1,1,2,2,2,1,5,3,60,2,2,2,2,1,2,1,1,1,2,,,,,,,,,,,,,,,,,,,2,20,2,2,60,2,,2,1,2,1,2,3,1,1,,2,2,2,,2,,1,1,1,1,1
118702,2,43,2,6,1,4,1,1,1,1,2,1,1,1,1,1,2,1,1,2,2,1,1,1,2,1,1,1,2,2,2,2,2,2,2,2,2,2,1,1,,,,,,,,,,,,,,,,,,,,,,,,,,,,,,,,,,,,,,,,,,,,,2,10,1,1,240,2,,2,3,2,1,3,3,1,3,,1,1,2,,2,,1,1,1,2,2
118803,2,55,3,3,3,3,2,1,1,2,,1,1,1,1,1,4,1,2,2,2,2,1,1,1,1,1,1,2,1,2,1,2,1,2,2,1,,2,1,3,2,1,2,20,2,2,1,2,2,2,2,2,2,2,20,2,2,2,1,2,2,2,2,2,2,,,,,,,,,,,,,,,5,5,2,1,,,,1,10,1,8,1,1,1,2,3,3,1,1,,1,1,1,1,1,1,1,1,1,1,1
118904,2,28,7,3,1,3,1,1,1,2,,1,2,1,1,1,1,1,2,2,1,1,1,2,1,2,1,1,2,1,1,,2,2,1,,2,2,1,1,2,2,1,1,30,2,2,1,1,2,2,2,3,,,,,,,,,,,,,,1,2,2,20,1,0,0,0,0,0,0,1,0,1,,,,,1,10,1,1,20,2,,4,4,2,1,3,3,3,1,,1,1,1,2,1,1,1,1,1,1,1
119102,2,69,2,5,2,4,1,1,1,2,,2,2,1,1,2,5,1,2,2,2,2,3,2,2,1,1,1,1,1,2,2,1,,2,2,2,2,1,2,,,,,,,,,,,,,,4,1,60,2,2,2,2,2,1,2,2,2,2,,,,,,,,,,,,,,,,,,,2,60,2,,,2,,2,1,2,1,2,3,3,1,,2,2,2,,2,,1,2,1,1,1
119203,2,40,8,4,1,4,1,1,1,2,,1,2,1,1,1,2,1,2,2,1,1,1,1,2,1,1,2,1,1,1,,1,,2,1,2,2,1,1,10,1,1,2,180,2,2,1,2,2,2,2,1,20,2,45,2,2,2,2,2,2,1,2,2,2,1,2,3,10,1,0,0,0,0,0,0,1,0,1,,,,,2,60,2,1,60,1,5,4,4,1,1,2,3,3,1,,2,1,1,2,2,,1,1,1,1,1
119304,2,97,2,6,2,3,1,1,1,1,1,1,2,1,1,1,3,1,2,2,1,1,3,3,1,2,1,1,2,1,1,,1,,2,2,2,2,2,2,3,2,1,1,40,1,2,2,2,1,1,2,3,2,4,30,1,2,2,2,2,2,2,1,2,2,,,,,,,,,,,,,,,,,,,,,,,,2,,2,3,2,2,2,3,3,1,,2,2,2,,1,1,1,1,1,1,1
119401,1,36,8,4,2,2,1,1,1,2,,1,1,1,1,1,1,1,2,2,1,1,1,1,1,1,1,1,1,1,2,2,1,,1,,1,,2,2,,,,,,,,,,,,,,5,3,15,1,1,1,1,2,2,2,2,2,2,1,2,2,5,1,0,1,0,0,0,0,1,0,1,5,60,2,1,,,,,,2,,1,2,2,1,3,3,1,1,,1,1,1,2,1,1,1,1,1,1,1
119502,1,30,3,3,1,3,1,1,2,2,,1,1,1,1,1,1,1,2,2,2,1,1,1,2,1,1,1,2,1,1,,1,,2,1,1,,1,1,3,1,1,3,60,1,1,1,2,1,2,2,1,10,2,20,1,2,1,2,2,2,1,1,2,2,1,2,1,5,1,0,0,0,0,0,1,0,0,1,3,60,1,1,2,60,1,1,120,2,,3,3,2,1,2,3,3,1,,2,2,2,,2,,1,1,1,2,2
119603,1,61,3,2,2,5,1,1,1,2,,2,1,2,,,1,1,2,2,2,1,2,1,1,1,1,1,2,1,1,,1,,2,1,2,2,1,1,1,2,1,4,60,1,2,1,2,2,2,2,2,2,3,60,1,2,2,2,2,2,1,2,2,2,1,2,7,60,1,1,1,0,0,0,0,0,0,1,,,,,2,60,1,1,30,1,8,2,3,1,1,2,3,3,1,,1,1,1,2,1,1,1,1,1,1,1
119704,2,45,8,6,1,1,1,1,1,2,,2,2,1,1,1,1,1,1,2,3,1,1,1,1,1,1,1,2,1,2,2,2,2,2,2,2,2,2,1,,,,,,,,,,,,,,,,,,,,,,,,,,,,,,,,,,,,,,,,,,,,,,,,1,60,,,,,,,,,,,3,2,2,2,,1,1,1,1,1,1,1
119801,2,48,8,2,2,6,1,1,1,1,1,1,1,1,1,1,6,1,2,2,1,1,1,4,1,1,1,1,2,1,1,,1,,2,1,1,,2,1,3,2,1,2,60,1,2,2,2,1,2,2,3,2,2,60,1,2,2,1,1,2,2,2,2,2,1,2,2,30,1,1,0,1,0,0,0,0,0,1,3,30,2,1,,,,1,60,2,,3,4,1,1,3,3,3,1,,1,1,1,2,1,2,1,1,1,1,1
119902,1,74,2,6,2,3,1,1,1,1,1,1,1,1,1,1,3,1,2,2,2,2,2,2,1,1,1,1,2,2,2,2,2,2,2,2,2,2,2,2,,,,,,,,,,,,,,,,,,,,,,,,,,,,,,,,,,,,,,,,,,,,,,,,,,,,,,,,,,,,1,1,1,2,,1,1,1,1,1,1,1
120003,2,63,8,4,3,6,1,1,1,1,1,1,2,1,1,1,5,1,2,2,2,1,1,1,1,1,1,1,2,1,1,,2,2,1,,2,2,2,1,5,2,1,2,60,1,2,2,2,1,2,2,3,,,,,,,,,,,,,,1,2,4,5,1,1,0,0,0,0,0,1,0,1,,,,,,,,2,5,2,,3,4,2,2,1,3,3,3,,2,1,2,,2,,1,9,9,9,9
120104,1,44,6,3,2,3,1,1,1,2,,2,2,1,1,2,1,1,2,2,1,1,1,1,1,1,1,1,2,1,1,,2,2,2,2,2,2,1,1,3,1,2,1,60,1,2,2,2,1,2,2,1,,,,,,,,,,,,,,,,,,,,,,,,,,,,,,,,1,30,1,1,60,2,,2,3,2,2,1,3,3,1,,2,2,2,,2,,1,2,2,2,2
120201,1,66,6,3,2,3,2,1,1,1,2,1,2,1,1,1,3,1,2,2,2,1,1,1,2,1,2,1,2,1,1,,2,2,2,2,1,,1,1,2,2,1,5,15,1,2,2,2,2,1,2,3,,,,,,,,,,,,,,,,,,,,,,,,,,,,5,15,2,1,1,25,1,1,25,2,,1,2,2,1,1,3,1,1,,2,2,2,,2,,1,2,2,2,2
120302,1,40,8,4,2,4,1,1,1,1,1,1,1,1,1,1,2,1,2,2,2,1,1,1,1,1,1,1,2,1,1,,2,2,2,2,2,2,1,1,3,2,1,2,40,1,2,2,2,1,1,2,3,,,,,,,,,,,,,,,,,,,,,,,,,,,,,,,,1,40,1,1,60,2,,3,3,1,1,2,3,3,1,,1,1,1,2,1,4,1,1,1,1,1
120403,2,43,8,4,2,4,1,1,1,1,1,1,1,1,1,1,2,1,2,2,1,1,1,1,1,1,1,1,2,1,1,,2,2,2,2,2,2,1,1,4,2,1,1,30,1,1,2,1,1,2,2,3,,,,,,,,,,,,,,,,,,,,,,,,,,,,,,,,1,60,1,1,60,2,,3,3,1,1,2,3,3,1,,1,1,1,2,1,2,1,1,1,1,1
120504,1,43,10,2,2,5,2,1,1,2,,1,2,1,2,1,1,1,2,2,1,1,1,1,2,1,1,1,2,1,1,,2,2,2,1,2,2,2,1,4,2,1,2,30,1,2,1,1,2,1,2,3,,,,,,,,,,,,,,2,1,3,30,2,0,0,0,0,0,1,0,0,3,,,,,,,,1,45,2,,2,4,2,1,2,3,3,1,,2,2,2,,1,1,1,2,1,2,2
120601,2,48,3,3,4,5,1,1,1,2,,2,2,2,,,4,1,2,2,2,1,1,1,1,1,1,1,2,1,1,,2,2,2,2,2,2,1,1,1,1,2,5,30,1,2,2,2,1,2,2,1,,,,,,,,,,,,,,,,,,,,,,,,,,,,,,,,1,30,1,2,30,2,,2,3,1,1,1,3,3,1,,1,1,2,,1,1,1,1,1,1,1
120702,1,35,3,3,3,5,1,1,1,1,1,2,1,1,1,2,6,2,2,2,1,1,1,1,1,1,1,1,2,2,2,1,2,2,2,1,2,2,1,2,1,1,2,5,10,2,1,2,2,2,2,2,1,,,,,,,,,,,,,,1,2,1,10,2,0,0,0,1,1,0,0,0,1,,,,,3,3,1,,,2,,2,4,2,1,2,3,1,1,,1,1,1,2,1,2,1,1,1,1,1
121001,2,47,7,4,2,3,0,1,2,2,,1,2,1,2,2,3,1,2,2,3,1,1,1,1,1,1,1,2,2,2,1,2,2,2,2,2,2,1,1,2,2,1,3,60,2,2,1,2,1,2,2,3,,,,,,,,,,,,,,,,,,,,,,,,,,,,,,,,2,120,2,1,240,2,,3,4,1,1,1,3,3,1,,1,1,1,1,1,5,1,1,1,1,1
121203,1,41,2,3,1,1,0,2,2,2,,2,2,2,,,1,1,2,2,2,1,3,3,4,1,3,4,1,,,,,,,,,,,,,,,,,,,,,,,,,,,,,,,,,,,,,,,,,,,,,,,,,,,,,,,,,,,,,,,,,,,,,,,,,,,,,,,,,,
121304,2,35,3,3,2,2,1,1,1,1,1,1,2,2,,,4,1,2,2,1,1,1,1,1,1,1,1,1,1,1,,1,,2,2,2,1,1,1,1,2,1,2,60,1,2,2,1,1,2,2,3,3,4,30,1,2,2,2,2,2,2,2,1,2,,,,,,,,,,,,,,,5,2,1,1,5,120,1,1,120,2,,3,4,1,1,1,3,3,1,,2,2,2,,1,1,1,1,1,1,1
121401,2,30,3,3,1,1,1,2,1,2,,2,2,2,,,4,1,2,2,1,1,1,3,1,1,1,1,2,2,2,1,2,1,2,1,1,,2,1,5,2,1,3,30,2,2,2,2,1,1,2,2,2,5,30,2,1,1,2,2,2,1,2,2,2,2,1,1,30,2,0,0,0,0,1,0,0,0,2,5,2,2,1,,,,1,30,1,8,1,2,1,1,3,3,1,1,,2,2,2,,1,1,1,1,1,1,1
121502,2,27,3,3,1,1,0,1,1,2,,2,2,2,,,5,1,2,2,1,1,1,1,2,1,1,1,2,2,2,2,2,2,2,2,2,2,2,1,,,,,,,,,,,,,,,,,,,,,,,,,,,,,,,,,,,,,,,,,,,,,,,,1,60,,,,,,,,,,,4,1,1,1,2,1,1,1,2,1,1,1
121603,2,63,2,6,1,1,1,1,1,2,,2,2,2,,,5,2,1,2,1,1,1,1,1,1,1,1,2,2,2,2,2,2,2,2,2,2,2,2,,,,,,,,,,,,,,,,,,,,,,,,,,,,,,,,,,,,,,,,,,,,,,,,,,,,,,,,,,,,1,2,2,2,,2,,1,2,2,2,2
121704,2,33,6,3,2,3,1,1,1,2,,1,2,1,1,1,6,1,1,2,3,3,3,1,2,1,1,1,1,2,2,2,2,2,2,2,2,2,1,1,,,,,,,,,,,,,,,,,,,,,,,,,,,,,,,,,,,,,,,,,,,,,3,60,1,1,90,2,,4,2,2,1,1,3,3,3,,1,1,2,,1,1,1,1,1,1,1
121801,2,17,3,3,3,4,2,1,1,1,1,2,2,1,1,2,5,1,1,2,1,1,1,1,1,1,1,1,2,1,1,,2,2,2,2,2,2,1,1,3,1,2,2,60,1,1,1,2,1,1,2,1,,,,,,,,,,,,,,,,,,,,,,,,,,,,,,,,2,120,1,1,60,1,5,2,2,1,1,1,3,3,1,,1,1,1,2,1,1,1,1,1,1,1
121902,2,59,99,9,2,3,1,1,1,2,,2,2,2,,,4,1,2,1,2,1,1,1,1,1,1,1,1,,,,,,,,,,,,,,,,,,,,,,,,,,,,,,,,,,,,,,,,,,,,,,,,,,,,,,,,,,,,,,,,,,,,,,,,,,,,,,,,,,
122003,2,42,3,3,3,5,1,1,1,2,,1,2,1,1,2,5,1,2,1,1,1,1,1,2,1,1,1,1,2,2,1,2,2,2,2,2,1,2,1,1,2,1,3,3,1,1,1,2,1,1,2,1,,,,,,,,,,,,,,,,,,,,,,,,,,,,3,20,1,1,,,,2,20,2,,1,3,1,1,2,3,3,1,,1,2,2,,2,,1,1,1,1,1
122104,1,31,3,1,2,4,1,1,1,2,,2,2,2,,,2,1,1,2,1,1,1,1,2,1,3,1,1,2,2,2,2,2,2,2,1,,2,1,,,,,,,,,,,,,,,,,,,,,,,,,,,,,,,,,,,,,,,,,2,60,1,2,,,,1,240,2,,2,1,2,2,2,3,1,3,,2,2,1,2,2,,1,1,1,2,1
122201,2,36,3,3,1,2,0,2,1,2,,2,2,1,1,2,3,1,2,2,2,1,2,2,2,1,1,2,1,2,2,2,2,2,2,2,2,2,2,1,,,,,,,,,,,,,,,,,,,,,,,,,,,,,,,,,,,,,,,,,,,,,,,,1,240,,,,,,,,,,,1,2,2,2,,2,,1,1,1,1,1
122302,1,58,2,6,4,5,2,1,1,1,1,1,2,2,,,8,2,1,2,2,1,1,1,1,1,1,1,1,1,2,1,1,,1,,1,,1,1,1,2,1,2,30,2,1,2,2,2,2,2,2,1,2,120,1,1,2,1,1,1,1,1,1,2,2,1,2,60,1,0,1,1,0,1,0,1,0,3,2,60,2,1,5,30,1,1,30,2,,2,2,1,2,1,3,3,1,,2,1,1,1,2,,1,2,1,1,2
122403,2,17,3,3,3,5,1,1,2,2,,2,2,1,1,2,7,1,2,2,1,1,1,1,1,1,1,1,1,2,2,1,2,1,2,1,2,2,1,1,2,2,1,5,120,1,1,1,1,1,1,2,3,2,4,60,1,2,2,2,2,2,2,1,2,2,2,1,1,120,1,1,0,0,1,1,0,1,0,3,,,,,5,30,1,1,30,2,,4,4,2,1,2,3,3,1,,1,1,1,2,1,3,1,1,1,1,1
122504,1,25,6,3,5,8,1,1,1,1,3,1,2,1,1,2,5,1,1,2,1,1,1,1,1,1,1,1,1,1,2,2,2,2,2,2,2,2,2,1,,,,,,,,,,,,,,,,,,,,,,,,,,,,,,,,,,,,,,,,,,,,,,,,2,20,,,,,,,,,,,3,2,2,2,,2,,1,1,1,2,2
122601,1,38,2,6,2,3,0,1,1,2,,1,2,1,2,2,7,1,2,2,1,1,1,1,1,1,1,1,2,2,2,2,2,2,2,2,2,2,2,1,,,,,,,,,,,,,,,,,,,,,,,,,,,,,,,,,,,,,,,,,,,,,,,,1,180,,,,,,,,,,,3,2,2,2,,2,,1,2,2,2,2
122702,2,34,3,3,1,2,0,1,2,2,,2,2,2,,,3,1,2,2,1,1,1,1,1,1,1,1,2,2,1,,2,2,2,2,2,2,2,2,3,2,1,4,30,1,2,2,1,1,2,2,4,,,,,,,,,,,,,,,,,,,,,,,,,,,,,,,,,,,,,1,8,1,3,2,2,1,3,3,1,,2,2,2,,2,,1,1,1,2,2
122904,1,28,3,3,1,1,0,2,1,2,,1,2,2,,,3,1,2,2,1,1,1,1,1,1,1,1,2,2,2,1,2,2,2,2,1,,2,1,3,2,1,4,60,2,1,2,2,1,1,2,1,,,,,,,,,,,,,,,,,,,,,,,,,,,,2,180,1,2,,,,1,180,1,8,2,3,2,1,2,3,3,3,,2,1,2,,1,1,1,1,1,1,1
123001,1,29,8,3,2,3,1,1,1,1,1,1,2,1,1,2,3,1,2,2,3,4,4,1,1,1,1,1,2,1,1,,2,2,2,2,2,2,1,1,4,2,1,2,60,1,2,2,2,1,1,2,3,,,,,,,,,,,,,,,,,,,,,,,,,,,,,,,,1,120,2,1,60,2,,4,4,2,1,1,3,3,1,,2,1,1,1,1,1,1,1,1,1,1
123102,1,57,2,6,1,3,1,1,1,2,,2,2,2,,,2,1,2,2,2,3,2,2,3,2,1,1,2,2,2,1,2,2,2,2,2,2,2,2,1,2,1,2,15,2,2,2,1,2,2,2,2,,,,,,,,,,,,,,,,,,,,,,,,,,,,,,,,,,,,,2,,1,2,2,2,2,3,1,1,,2,2,2,,2,,1,2,1,2,2
123203,1,31,6,3,2,4,1,1,1,2,,1,2,1,1,2,5,1,2,2,1,1,1,1,1,1,1,1,2,1,2,1,2,1,1,,1,,1,1,1,1,2,3,15,2,1,2,2,2,2,2,1,2,3,5,2,2,1,2,2,2,2,2,2,2,1,2,1,15,2,1,0,0,0,0,0,0,0,2,4,20,1,2,2,10,1,2,20,2,,2,3,2,1,3,3,3,1,,1,1,1,1,1,1,1,1,1,1,1
123304,1,59,2,6,2,4,1,1,2,2,,2,2,1,1,2,3,1,2,1,2,2,2,2,1,1,1,1,1,2,2,1,2,2,2,2,2,2,1,1,3,2,1,3,30,2,1,2,2,2,2,2,1,,,,,,,,,,,,,,,,,,,,,,,,,,,,,,,,5,30,2,5,15,2,,1,2,2,1,2,3,1,3,,2,2,2,,1,1,1,2,1,2,2
123401,2,22,6,2,3,6,1,1,1,1,1,1,1,1,1,1,4,1,2,2,1,1,1,1,1,1,1,1,2,2,2,1,2,1,1,,2,2,2,1,1,2,1,3,60,1,2,2,2,1,2,2,3,2,3,120,1,2,2,2,2,2,2,1,2,2,1,2,2,30,1,0,0,0,0,0,0,1,0,1,,,,,,,,1,60,1,6,4,4,2,1,3,3,3,1,,2,2,2,,1,1,1,1,1,1,1
123502,1,98,3,3,4,7,1,1,1,1,1,1,1,1,1,2,6,1,1,2,1,1,1,1,2,1,1,1,2,2,2,1,2,2,2,2,2,2,1,1,3,2,1,3,45,1,2,2,2,2,1,2,2,,,,,,,,,,,,,,,,,,,,,,,,,,,,,,,,4,40,1,4,30,2,,2,2,2,1,3,3,3,1,,2,1,1,2,1,2,1,1,1,1,1
123704,2,32,6,3,1,1,1,1,1,2,,2,2,1,1,2,5,1,2,2,1,1,1,1,1,1,1,1,2,2,2,2,2,2,2,2,2,2,1,1,,,,,,,,,,,,,,,,,,,,,,,,,,,,,,,,,,,,,,,,,,,,,2,180,1,1,240,1,8,4,2,2,1,3,3,3,1,,2,2,1,2,1,1,1,2,1,1,2
123801,1,61,6,3,1,1,1,1,2,1,1,2,2,1,2,1,2,1,2,2,2,2,1,1,1,1,1,1,2,1,1,,2,2,1,,2,2,1,1,7,2,1,2,120,2,1,2,2,2,2,2,4,,,,,,,,,,,,,,2,1,7,15,1,0,0,0,0,0,0,1,0,2,,,,,2,30,2,2,15,2,,2,3,2,1,2,3,3,1,,1,1,2,,1,1,1,1,1,1,1
124003,1,19,3,3,2,3,0,1,2,2,,1,2,1,1,2,4,1,2,2,1,1,1,1,1,1,1,1,2,1,1,,2,2,2,2,2,2,1,1,3,2,1,1,60,2,2,2,1,1,2,2,3,,,,,,,,,,,,,,,,,,,,,,,,,,,,,,,,2,120,1,2,50,2,,2,4,2,1,3,3,3,1,,2,2,1,2,1,1,1,1,1,1,1
124104,2,19,6,3,1,10,0,2,2,2,,2,2,1,1,2,1,1,2,2,1,1,1,1,1,1,1,1,2,2,2,1,2,2,2,2,2,2,2,1,1,2,1,3,30,2,2,2,2,1,2,2,2,,,,,,,,,,,,,,,,,,,,,,,,,,,,,,,,,,,1,180,1,5,1,2,2,1,3,3,3,1,,2,1,1,2,1,1,1,1,1,1,1
124201,1,57,3,3,1,2,0,2,2,2,,2,2,1,2,2,1,1,2,2,1,1,1,1,1,1,1,1,2,1,2,2,2,2,2,2,2,2,1,1,,,,,,,,,,,,,,,,,,,,,,,,,,,,,,,,,,,,,,,,,,,,,1,10,1,1,20,2,,3,3,2,2,2,3,3,1,,2,2,2,,2,,1,2,2,2,2
124302,2,15,3,3,4,5,2,1,1,1,1,1,2,1,1,2,5,1,2,2,1,1,1,1,1,1,1,1,2,1,1,,2,2,1,,1,,1,1,3,2,1,2,120,1,2,1,2,1,2,2,2,,,,,,,,,,,,,,1,2,1,60,1,0,0,0,1,0,0,0,0,3,2,30,2,1,2,60,1,2,120,2,,3,3,2,1,1,3,3,1,,1,1,1,2,1,1,1,1,1,1,1
124403,1,27,3,3,3,4,1,1,1,2,,1,2,1,1,1,6,2,2,2,1,1,1,1,1,1,1,1,2,1,1,,2,2,2,2,2,2,1,1,4,2,1,2,120,1,2,2,1,1,2,2,3,,,,,,,,,,,,,,,,,,,,,,,,,,,,,,,,2,60,1,2,120,1,3,2,3,2,1,1,3,3,1,,2,2,2,,1,2,1,1,2,1,1
124601,2,77,2,2,2,5,1,1,1,1,1,2,2,1,1,2,2,1,2,2,2,1,1,1,2,1,1,1,2,2,2,1,2,2,2,2,2,2,2,2,1,2,1,1,5,2,2,2,1,2,2,2,3,,,,,,,,,,,,,,,,,,,,,,,,,,,,,,,,,,,,,1,5,1,1,2,2,2,3,3,1,,2,1,1,1,1,1,1,2,2,2,2
124702,2,65,2,2,3,4,1,1,1,2,,2,2,2,,,6,1,2,2,2,1,3,3,1,3,1,1,2,2,1,,2,2,2,2,2,2,2,2,4,2,1,3,30,1,2,1,1,2,2,2,2,,,,,,,,,,,,,,,,,,,,,,,,,,,,,,,,,,,,,2,,2,2,2,2,2,3,3,1,,2,1,1,2,1,2,1,2,2,2,2
124803,1,13,2,6,5,8,0,1,1,1,3,2,2,1,1,2,16,2,2,2,1,1,1,1,2,1,1,2,2,1,1,,2,2,2,2,2,2,2,1,4,1,2,2,60,1,2,1,2,1,1,2,2,,,,,,,,,,,,,,,,,,,,,,,,,,,,,,,,,,,2,20,2,,2,3,2,1,1,3,3,3,,2,1,2,,1,1,1,1,1,2,1
124904,2,40,3,3,2,4,1,1,1,2,,2,2,2,,,4,1,1,2,1,1,1,1,1,1,1,1,2,2,2,2,2,2,1,,2,2,2,1,,,,,,,,,,,,,,,,,,,,,,,,,,,2,1,2,60,1,1,1,0,1,1,0,1,0,2,,,,,,,,1,120,2,,2,3,2,2,1,3,3,1,,2,2,2,,2,,1,1,1,1,2
125001,2,72,2,6,2,4,1,1,1,2,,2,2,1,1,2,2,1,2,2,2,1,3,3,2,1,1,2,1,2,2,2,2,2,2,2,2,2,2,2,,,,,,,,,,,,,,,,,,,,,,,,,,,,,,,,,,,,,,,,,,,,,,,,,,,,,,,,,,,,1,2,2,2,,2,,1,1,1,1,1
125102,2,44,10,2,2,4,2,1,1,1,1,1,1,1,1,1,3,1,2,2,2,1,1,1,1,1,1,1,2,1,1,,1,,2,1,2,2,1,1,1,2,1,1,10,1,2,2,1,1,2,2,3,10,2,28,1,2,2,2,2,2,1,1,1,2,1,2,3,20,1,1,0,1,0,0,1,0,0,1,,,,,1,30,2,1,30,2,,3,3,2,1,1,3,3,1,,1,2,2,,2,,1,1,1,1,1
125203,1,30,8,2,2,3,0,1,1,2,,1,2,1,1,2,4,1,2,2,1,1,1,1,1,1,1,1,2,1,1,,2,1,1,,1,,1,1,3,1,1,1,30,1,1,1,1,1,1,2,1,2,2,10,1,2,1,2,1,2,1,1,1,2,1,2,1,10,1,1,1,1,0,0,1,1,0,1,5,10,1,2,1,15,1,1,40,2,,4,3,1,1,1,3,3,1,,1,1,1,1,1,1,1,1,1,1,1
125304,2,63,6,3,2,4,1,1,1,1,1,2,2,2,,,1,1,2,2,1,1,1,1,1,1,1,1,2,1,1,,2,2,1,,2,2,2,2,1,2,1,2,20,1,2,2,1,2,2,2,4,,,,,,,,,,,,,,2,1,2,30,1,1,0,1,0,0,1,1,0,3,,,,,,,,,,2,,3,3,2,1,3,3,3,1,,2,2,1,1,1,1,1,1,1,2,2
125401,1,36,8,4,2,5,1,1,1,1,1,1,2,1,1,1,2,1,2,2,1,1,1,1,1,1,1,1,1,1,1,,2,1,1,,1,,2,1,7,1,1,2,90,1,2,1,2,2,1,2,1,2,3,60,2,2,2,2,1,2,1,2,2,2,1,2,2,60,1,1,0,0,1,0,0,1,0,1,5,30,1,2,,,,1,480,2,,3,4,2,1,1,3,3,1,,1,1,1,1,1,5,1,1,1,2,2
125502,2,55,3,3,4,5,1,1,1,1,1,2,1,1,1,1,5,1,1,2,3,2,3,1,2,1,2,1,1,2,2,1,2,2,2,2,2,2,1,1,1,2,1,5,120,2,1,1,1,1,2,2,2,,,,,,,,,,,,,,,,,,,,,,,,,,,,,,,,2,10,1,1,30,1,8,1,2,2,1,3,3,1,1,,2,2,2,,2,,1,2,1,2,2
125603,2,69,2,6,4,5,1,1,1,2,,1,2,1,1,2,4,1,2,2,3,2,3,3,3,3,3,2,2,2,2,2,2,2,2,2,2,2,2,2,,,,,,,,,,,,,,,,,,,,,,,,,,,,,,,,,,,,,,,,,,,,,,,,,,,,,,,,,,,,1,2,2,2,,2,,1,1,1,1,1
125704,1,54,7,3,3,6,1,1,1,1,2,1,2,1,1,2,5,1,2,2,2,1,1,3,1,1,1,1,2,1,1,,1,,1,,2,2,1,1,8,1,1,2,60,1,1,1,1,2,1,2,1,2,2,20,1,1,1,2,1,1,1,1,2,2,1,1,1,30,1,1,0,1,1,0,1,1,0,1,,,,,1,20,1,1,60,1,2,3,4,2,1,2,3,3,1,,1,1,1,2,1,3,1,9,1,1,1
125801,1,54,3,3,1,3,0,1,2,2,,1,2,1,1,2,4,1,2,1,1,2,1,1,1,1,1,1,1,1,1,,1,,1,,2,2,2,1,3,2,1,2,60,1,1,1,1,1,1,2,2,2,4,60,1,2,2,2,2,2,1,2,2,2,2,1,2,60,1,1,1,1,1,1,1,1,0,3,,,,,,,,2,30,2,,1,2,1,2,1,2,1,1,,2,2,2,,2,,1,2,2,2,2
125902,2,71,0,,4,9,0,1,1,2,,2,2,1,1,2,9,2,2,2,1,1,1,1,1,1,1,1,1,,,,,,,,,,,,,,,,,,,,,,,,,,,,,,,,,,,,,,,,,,,,,,,,,,,,,,,,,,,,,,,,,,,,,,,,,,,,,,,,,,
126003,2,33,2,6,6,10,1,1,1,1,3,1,2,1,1,1,9,1,1,2,1,1,1,1,2,1,1,2,1,1,2,1,2,2,2,2,2,2,2,1,1,2,1,1,60,1,2,2,2,1,2,2,3,,,,,,,,,,,,,,,,,,,,,,,,,,,,,,,,,,,1,60,1,5,2,2,1,1,2,3,3,1,,2,2,2,,2,,1,1,1,1,1
126104,2,68,2,6,2,4,0,1,1,2,,2,2,1,1,2,1,1,2,2,2,1,3,3,1,1,1,1,2,2,2,1,2,2,2,2,2,1,2,1,6,2,1,4,10,2,2,2,2,2,2,1,4,,,,,,,,,,,,,,,,,,,,,,,,,,,,5,20,2,1,,,,1,30,2,,2,3,1,1,3,3,3,1,,2,1,2,,2,,1,2,1,1,2
126302,2,32,6,3,1,1,0,1,1,2,,2,2,1,1,1,5,1,2,2,1,1,1,1,1,1,1,1,2,2,2,1,2,1,2,2,1,,1,1,1,2,1,2,60,1,2,2,2,1,2,2,2,2,2,30,1,2,2,2,2,2,2,2,1,2,,,,,,,,,,,,,,,2,30,1,2,5,30,1,1,60,2,,2,3,2,1,3,3,1,1,,2,2,2,,2,,1,1,1,1,2
126403,1,75,2,6,1,1,0,1,1,2,,2,2,1,1,2,2,1,2,2,2,1,1,1,1,1,1,1,2,2,2,2,2,2,2,1,2,1,2,2,,,,,,,,,,,,,,,,,,,,,,,,,,,2,1,2,30,1,1,1,0,0,1,0,0,1,2,5,20,2,1,,,,,,2,,1,3,2,2,3,3,1,1,,2,2,2,,2,,1,2,1,1,2
126504,1,14,3,2,1,2,0,2,2,2,,2,2,1,1,2,3,1,1,2,3,1,1,1,4,1,1,1,2,2,2,2,2,2,2,2,2,2,2,1,,,,,,,,,,,,,,,,,,,,,,,,,,,,,,,,,,,,,,,,,,,,,,,,1,420,,,,,,,,,,,1,1,2,1,2,1,1,1,1,1,1,1
126601,2,38,7,3,1,1,0,2,2,2,,2,2,2,,,4,1,2,2,2,1,1,1,1,1,1,1,2,2,2,1,2,2,2,2,2,2,1,1,1,2,1,4,60,2,2,1,2,2,2,2,2,,,,,,,,,,,,,,,,,,,,,,,,,,,,,,,,1,20,1,1,20,2,,2,3,2,1,2,3,3,1,,2,1,2,,2,,1,1,1,1,1
126702,1,76,2,2,2,5,0,1,1,2,,2,2,1,1,1,3,1,2,2,1,2,1,3,1,1,1,2,2,2,2,2,2,2,2,2,2,2,2,2,,,,,,,,,,,,,,,,,,,,,,,,,,,,,,,,,,,,,,,,,,,,,,,,,,,,,,,,,,,,6,2,2,2,,2,,1,2,2,2,2
126803,1,25,6,3,2,3,1,1,1,2,,1,2,1,1,1,5,1,1,2,1,2,1,1,1,1,1,1,2,1,1,,2,2,1,,2,1,1,1,2,2,1,2,20,1,1,1,1,1,1,2,2,,,,,,,,,,,,,,1,2,1,5,1,0,0,0,0,1,0,0,0,1,5,40,2,1,1,50,1,1,60,2,,2,1,2,1,3,3,3,3,,2,2,2,,1,1,1,2,1,1,1
126904,2,52,3,2,2,3,1,2,1,1,1,2,2,2,,,10,2,2,2,2,1,2,3,2,2,2,1,1,2,2,2,2,2,2,2,2,2,2,1,,,,,,,,,,,,,,,,,,,,,,,,,,,,,,,,,,,,,,,,,,,,,,,,1,5,,,,,,,,,,,6,2,2,2,,2,,1,2,2,2,2
127401,2,24,6,3,1,2,1,1,1,2,,2,2,1,1,1,3,1,2,2,1,1,1,1,1,1,1,1,2,1,1,,1,,2,1,1,,1,1,10,1,2,1,320,1,2,2,2,1,2,2,1,2,4,25,1,2,2,2,2,2,2,1,2,2,1,2,4,30,1,1,0,0,0,0,0,1,0,1,1,320,1,2,2,15,1,1,30,2,,2,4,2,2,1,3,3,3,,2,2,2,,1,1,1,1,2,2,2
127603,2,51,8,4,2,4,2,1,1,2,,1,2,1,1,2,2,1,1,2,2,2,1,1,1,1,1,1,2,1,1,,1,,2,2,1,,2,1,12,1,1,1,120,1,2,1,2,2,1,2,1,6,2,20,1,2,2,2,2,2,1,2,2,2,,,,,,,,,,,,,,,3,60,2,1,,,,1,120,2,,4,3,2,1,1,3,3,1,,2,2,2,,2,,1,2,2,2,2
127704,1,36,8,4,2,4,1,1,1,2,,2,2,1,1,1,4,1,2,2,1,1,1,1,1,1,1,1,2,1,2,1,2,2,2,2,2,2,1,1,3,1,1,3,120,2,1,2,2,2,2,2,2,,,,,,,,,,,,,,,,,,,,,,,,,,,,,,,,5,120,2,1,60,2,,3,3,2,1,2,3,3,2,,2,2,2,,1,1,1,9,9,9,9
127801,1,44,3,3,1,3,1,2,2,2,,2,2,2,,,1,1,2,2,1,1,4,4,4,4,3,3,2,2,2,2,2,2,2,2,2,2,2,1,,,,,,,,,,,,,,,,,,,,,,,,,,,,,,,,,,,,,,,,,,,,,,,,1,240,,,,,,,,,,,1,1,1,1,1,1,1,1,1,1,1,1
127902,2,26,8,5,2,4,1,1,1,2,,1,1,1,1,1,3,2,2,2,1,1,1,1,1,1,1,1,2,2,2,1,2,1,2,2,2,2,2,1,20,1,2,2,20,2,2,1,2,2,2,2,1,15,1,30,1,2,2,2,2,2,1,2,2,2,,,,,,,,,,,,,,,,,,,,,,1,120,2,,3,3,2,1,2,3,3,1,,2,2,2,,1,1,1,2,2,2,1
128003,2,26,8,5,3,5,2,1,1,1,1,1,2,1,1,2,3,1,2,2,2,1,1,1,2,1,1,2,2,1,1,,1,,2,1,2,2,1,1,1,2,1,2,60,1,2,2,2,1,2,2,2,3,2,15,1,2,2,2,2,2,2,1,2,2,1,2,1,30,1,0,0,1,0,1,0,0,0,1,,,,,1,120,1,1,180,1,3,4,3,1,1,1,3,3,1,,1,1,1,1,1,5,1,1,1,1,1
128104,2,25,10,2,3,6,3,1,1,1,1,1,2,1,1,1,4,1,2,2,2,1,1,1,1,1,1,1,2,1,1,,2,2,1,,2,2,1,1,3,2,1,1,60,2,2,2,2,2,1,2,3,,,,,,,,,,,,,,1,2,2,30,1,0,0,0,1,1,0,0,0,1,,,,,2,30,2,1,180,2,,3,3,2,1,1,3,1,3,,2,2,2,,2,,1,1,1,1,2
128201,1,24,8,4,2,3,3,1,1,1,2,1,1,1,1,1,2,1,2,2,1,1,1,1,1,1,1,1,2,1,1,,1,,2,2,2,2,2,1,3,2,1,2,120,1,2,2,1,2,2,2,3,1,5,5,2,1,2,2,2,2,2,2,2,2,,,,,,,,,,,,,,,,,,,,,,1,180,2,,2,3,2,1,1,3,3,1,,1,1,1,2,1,2,1,1,1,1,1
128302,1,78,8,5,4,8,2,1,1,1,3,1,2,1,1,1,3,1,2,2,1,1,1,1,2,1,1,1,2,1,1,,2,1,2,1,2,2,1,1,4,2,1,1,30,1,2,2,1,2,2,2,3,1,1,20,1,2,2,2,1,2,2,2,2,2,1,2,1,5,1,1,0,0,0,0,0,0,0,1,,,,,1,60,1,1,10,1,5,3,2,2,1,2,3,3,1,,2,1,1,1,1,3,1,1,1,1,1
128601,1,15,6,1,2,4,1,1,1,2,,2,2,1,1,2,2,1,2,2,1,1,1,1,1,1,1,1,2,1,1,,2,1,2,2,1,,1,1,8,1,1,2,60,1,2,2,2,1,1,2,1,4,2,30,1,1,2,2,2,2,2,2,2,2,,,,,,,,,,,,,,,1,120,1,2,2,20,1,1,60,1,5,2,3,1,1,1,3,3,1,,2,1,1,2,1,1,1,1,1,1,1
128702,2,73,2,6,1,3,1,1,1,2,,2,2,1,1,2,1,1,2,2,1,2,1,1,1,1,1,1,2,1,2,2,2,2,2,2,2,2,1,1,,,,,,,,,,,,,,,,,,,,,,,,,,,,,,,,,,,,,,,,,,,,,1,30,1,1,60,2,,2,2,2,2,1,3,1,3,,2,2,2,,2,,1,2,1,2,2
128904,2,50,6,3,3,5,3,1,1,2,,2,2,1,1,2,3,1,2,2,1,1,1,2,1,1,1,1,2,1,1,,1,,1,,2,2,1,1,3,2,1,1,60,1,2,2,1,2,2,2,2,2,2,40,1,2,2,2,2,1,2,2,2,2,1,2,1,15,1,1,0,0,0,0,0,0,0,1,,,,,5,15,1,1,5,2,,3,3,2,1,2,3,3,1,,2,1,2,,1,1,1,2,1,1,2
129001,1,40,8,1,1,3,1,1,1,1,1,2,2,1,1,2,4,1,2,2,1,1,1,1,1,1,1,1,2,1,2,1,2,1,2,2,2,2,1,1,1,1,2,5,30,1,2,2,2,1,2,2,1,1,2,30,1,2,2,2,2,2,1,2,2,2,,,,,,,,,,,,,,,,,,,2,30,1,1,30,2,,2,2,2,1,3,3,3,1,,1,2,1,2,1,1,1,1,1,1,1
129102,2,25,6,3,3,4,1,1,1,2,,2,2,1,1,2,5,1,2,2,1,1,1,1,1,1,1,1,2,1,1,,1,,2,1,1,,1,1,3,1,2,3,15,1,2,2,2,1,2,2,1,1,4,5,1,1,2,2,2,2,2,2,2,2,1,2,1,5,1,0,0,0,0,0,0,1,0,1,2,15,1,2,1,30,1,1,180,2,,3,2,2,2,1,3,3,1,,2,1,1,2,1,1,1,1,1,1,1
129203,2,76,2,3,2,3,1,1,1,2,,2,2,1,1,2,1,1,2,2,1,1,1,4,2,1,1,1,2,,,,,,,,,,,,,,,,,,,,,,,,,,,,,,,,,,,,,,,,,,,,,,,,,,,,,,,,,,,,,,,,,,,,,,,,,,,,,,,,,,
129304,1,27,7,3,2,4,1,1,1,2,,1,2,2,,,2,1,2,2,1,1,1,1,1,1,1,1,2,1,1,,1,,2,2,2,2,1,1,5,2,1,2,60,1,2,1,2,1,2,2,2,3,4,60,1,2,1,2,2,2,1,2,2,2,,,,,,,,,,,,,,,,,,,1,60,1,5,10,2,,2,3,2,1,2,3,3,1,,2,2,2,,2,,1,1,1,1,1
129401,1,13,3,1,3,4,2,1,1,1,1,2,2,1,1,2,7,1,2,2,2,1,1,1,1,1,1,1,2,1,2,2,2,2,2,2,1,,1,1,,,,,,,,,,,,,,,,,,,,,,,,,,,,,,,,,,,,,,,,,2,240,1,2,3,120,1,1,180,1,5,2,3,2,2,1,3,3,3,,2,2,2,,1,1,1,1,1,2,2
129502,2,69,3,3,3,4,1,1,1,1,1,2,2,1,1,2,1,1,2,1,1,2,1,2,1,1,1,1,2,2,2,2,2,2,2,2,2,2,2,1,,,,,,,,,,,,,,,,,,,,,,,,,,,,,,,,,,,,,,,,,,,,,,,,1,240,,,,,,,,,,,2,2,2,2,,2,,1,2,2,2,2
129704,1,12,2,5,2,2,1,1,1,1,1,1,1,1,1,1,5,1,2,2,2,1,1,1,1,1,1,1,2,2,2,1,1,,2,2,2,2,1,2,2,2,1,2,10,2,2,1,2,2,2,2,2,2,2,5,1,2,2,2,2,2,2,1,2,2,,,,,,,,,,,,,,,,,,,1,5,2,,,2,,4,3,2,1,1,3,1,1,,2,2,2,,1,1,1,1,1,1,2
129801,1,34,6,3,2,3,1,1,1,1,1,1,2,2,,,2,1,2,2,1,1,1,1,1,1,1,1,2,1,2,1,2,2,2,2,2,2,1,1,1,2,1,5,120,1,2,2,2,2,1,2,2,,,,,,,,,,,,,,,,,,,,,,,,,,,,,,,,2,10,1,1,180,2,,3,3,2,1,1,3,3,1,,2,2,2,,1,1,1,1,1,1,1
129902,2,32,10,2,1,2,1,1,1,1,1,1,2,1,1,2,3,1,2,2,1,1,1,1,1,1,1,1,2,1,1,,2,1,2,1,2,2,1,1,1,1,2,3,60,1,2,1,2,2,2,2,2,4,4,30,1,2,1,2,2,2,2,2,1,2,1,2,2,15,1,1,0,0,0,0,0,0,0,1,,,,,1,30,1,1,120,1,3,2,4,2,1,2,3,3,1,,2,1,2,,1,1,1,1,1,1,1
130003,1,13,3,1,3,6,1,1,1,1,2,1,1,1,1,1,4,1,2,2,2,1,1,1,3,1,1,1,2,1,1,,1,,2,2,1,,1,1,15,1,1,2,40,1,2,2,2,1,1,2,1,3,4,30,1,2,2,2,2,2,2,2,1,2,,,,,,,,,,,,,,,1,15,1,1,3,10,1,1,60,2,,4,4,2,1,1,3,3,1,,1,1,2,,1,5,1,1,1,2,1
130104,2,28,8,5,3,6,3,1,1,1,3,1,2,1,1,1,6,1,2,2,1,1,1,1,1,1,1,1,2,1,1,,1,,1,,2,2,1,1,2,2,1,3,20,1,2,2,2,1,2,2,3,2,2,15,1,2,1,1,2,2,1,2,2,2,1,2,7,30,1,0,0,0,0,0,0,1,0,1,,,,,4,15,1,1,120,1,3,3,4,2,1,2,3,3,1,,1,2,2,,1,5,1,1,1,1,9
130302,1,73,8,3,1,5,3,1,1,1,1,1,2,1,1,2,3,1,2,2,1,1,1,1,2,1,1,1,2,1,2,2,2,2,2,2,2,2,2,1,,,,,,,,,,,,,,,,,,,,,,,,,,,,,,,,,,,,,,,,,,,,,,,,1,30,,,,,,,,,,,2,2,1,1,1,1,1,1,1,1,1,1
130403,1,62,8,4,3,5,1,1,1,1,1,1,2,1,1,2,1,1,2,2,1,1,1,1,1,1,1,1,2,1,2,2,2,2,2,2,2,2,1,1,,,,,,,,,,,,,,,,,,,,,,,,,,,,,,,,,,,,,,,,,,,,,1,180,2,1,60,2,,1,1,2,2,3,3,1,1,,2,1,2,,1,3,1,2,2,2,2
130504,2,44,10,2,2,8,5,1,1,1,2,1,2,1,1,1,3,1,2,2,1,1,1,1,1,1,1,1,2,1,1,,1,,1,,2,2,1,1,4,2,1,2,60,1,2,2,2,1,2,2,3,10,2,20,1,2,2,2,2,2,2,2,1,2,1,2,7,10,1,1,0,0,0,0,0,0,0,1,,,,,1,120,2,1,30,1,5,3,3,1,1,2,3,3,1,,2,1,1,1,1,5,1,1,1,1,1
130601,1,76,8,4,3,5,2,1,2,1,2,1,2,1,1,2,2,2,2,2,2,1,1,2,1,1,1,1,1,1,1,,2,2,2,2,2,2,2,1,1,2,1,2,20,1,2,2,1,2,2,2,2,,,,,,,,,,,,,,,,,,,,,,,,,,,,,,,,,,,2,25,1,5,4,4,2,2,1,3,3,1,,2,2,2,,2,,1,1,1,1,9
130702,1,28,8,4,4,7,2,1,1,2,,1,2,1,1,2,5,1,2,2,1,1,1,1,2,1,2,1,2,1,2,2,1,,1,,2,2,1,1,,,,,,,,,,,,,,15,1,30,1,1,1,2,1,2,1,1,1,2,1,2,6,30,1,0,1,0,0,0,1,0,1,1,,,,,2,30,1,1,40,2,,2,1,2,1,3,3,1,1,,1,1,2,,1,2,1,2,1,2,2
130803,2,35,8,4,1,4,2,1,1,1,1,2,2,1,1,1,3,1,2,2,3,1,1,1,1,1,1,1,2,1,2,2,2,2,2,2,2,2,2,1,,,,,,,,,,,,,,,,,,,,,,,,,,,,,,,,,,,,,,,,,,,,,,,,1,30,,,,,,,,,,,1,2,1,2,,1,1,1,1,1,1,1
130904,1,18,8,1,3,4,1,1,2,2,,1,2,1,1,2,1,1,2,2,1,2,1,1,2,1,1,1,2,1,1,,2,1,1,,2,2,1,1,10,2,1,1,45,1,2,2,1,2,1,2,3,4,1,15,2,2,2,1,2,2,2,1,2,2,1,2,4,30,1,1,0,0,0,0,0,0,0,1,,,,,2,60,1,1,240,2,,1,3,1,1,3,3,3,3,,2,1,1,2,1,5,1,2,2,2,2
131001,2,22,8,3,3,4,1,1,1,1,1,2,2,1,1,2,3,1,2,2,2,1,1,1,2,1,1,1,2,1,1,,2,1,2,1,2,2,2,1,1,2,1,2,15,1,2,1,2,2,2,2,2,4,5,6,2,2,2,2,2,2,1,2,2,2,2,1,1,5,2,0,0,0,1,0,0,0,0,1,,,,,,,,1,300,1,5,4,4,2,1,3,3,3,1,,1,2,1,2,1,1,1,1,1,1,2
131102,1,69,6,2,2,4,2,1,1,1,1,1,2,1,1,1,4,1,1,2,1,1,1,1,1,1,1,1,1,1,1,,1,,2,1,2,2,1,1,5,2,1,2,60,1,2,2,1,1,1,2,3,1,1,120,1,2,1,2,2,2,2,1,2,2,1,2,7,120,1,1,0,0,0,0,0,0,0,1,,,,,1,120,1,1,15,1,6,3,4,2,1,2,3,3,1,,2,2,2,,2,,1,1,2,1,2
131203,2,65,3,3,2,3,1,1,1,2,,2,2,1,1,1,3,1,2,2,1,1,1,2,1,1,1,1,2,1,1,,2,2,2,2,2,2,2,1,1,2,1,2,30,1,2,2,1,2,2,2,3,,,,,,,,,,,,,,,,,,,,,,,,,,,,,,,,,,,1,15,2,,3,3,2,2,1,1,3,2,,2,2,2,,2,,1,2,1,1,1
131304,1,26,3,3,2,4,2,1,1,2,,1,1,1,1,1,2,1,2,2,1,1,1,1,1,1,1,1,2,1,1,,1,,1,,2,2,2,1,10,1,1,2,30,1,2,1,2,2,2,2,1,15,2,120,1,2,2,2,2,1,2,2,2,2,2,1,2,10,2,0,0,0,0,1,0,0,0,3,,,,,,,,1,60,2,,3,2,2,1,1,3,3,1,,2,1,1,1,1,5,1,1,1,1,2
131401,2,26,99,9,4,5,1,1,1,2,,2,1,1,1,2,8,1,2,2,1,1,1,1,2,1,1,1,2,1,1,,2,1,2,1,1,,2,1,3,2,1,1,120,1,2,2,2,1,1,2,3,2,2,10,1,1,2,2,1,2,2,1,1,2,1,2,2,20,1,0,0,1,0,0,0,0,0,1,5,60,1,2,,,,1,20,2,,2,4,2,1,1,3,3,1,,2,2,1,2,1,1,1,2,2,2,2
131502,2,36,3,3,2,4,1,1,1,1,2,2,2,1,1,2,4,1,2,2,1,1,1,1,1,1,1,1,2,2,2,2,2,2,2,2,2,2,2,1,,,,,,,,,,,,,,,,,,,,,,,,,,,,,,,,,,,,,,,,,,,,,,,,2,10,,,,,,,,,,,1,2,2,2,,2,,1,2,2,2,2
131704,2,15,3,2,3,4,1,1,1,2,,1,2,1,1,1,4,1,2,2,1,1,1,1,2,1,1,1,2,2,2,1,2,1,2,2,2,2,2,1,1,2,1,1,15,2,2,2,2,1,2,2,2,1,2,20,2,2,2,2,2,2,2,1,2,2,,,,,,,,,,,,,,,,,,,,,,1,60,1,3,2,2,2,1,2,3,3,1,,1,2,2,,1,1,1,1,1,1,1
131801,1,65,6,3,3,4,2,1,1,1,2,2,2,1,1,2,3,1,2,2,2,2,1,1,1,1,1,1,1,1,2,1,1,,1,,2,2,1,1,3,1,2,2,30,1,2,1,2,2,2,2,1,1,2,30,1,2,2,2,2,2,1,2,2,2,1,2,7,15,1,0,0,0,0,0,0,1,0,1,,,,,1,20,1,1,15,2,,2,3,2,1,1,3,3,1,,2,2,2,,2,,1,2,1,1,1
131902,1,26,6,3,2,3,1,1,1,1,1,1,1,1,1,2,2,1,1,2,2,1,1,1,1,1,1,1,2,1,2,1,2,2,2,1,1,,1,1,2,2,1,2,60,1,2,1,2,2,2,2,3,,,,,,,,,,,,,,2,1,1,15,2,0,0,0,0,0,0,1,0,2,3,60,1,2,2,30,1,1,60,2,,2,3,2,2,1,3,3,1,,2,2,2,,1,1,1,2,2,2,2
132003,1,36,8,4,2,4,1,1,1,1,1,1,1,1,1,1,5,1,2,2,1,1,1,1,1,1,1,1,2,2,2,1,1,,2,2,2,2,2,1,10,2,1,2,15,2,2,1,2,2,2,2,2,3,2,20,1,1,2,2,2,2,2,2,2,2,,,,,,,,,,,,,,,,,,,,,,1,10,1,3,4,2,2,1,2,3,3,3,,2,2,2,,2,,1,2,2,2,1
132201,1,26,8,5,1,3,1,1,1,1,2,2,2,1,1,2,2,1,2,2,1,1,1,1,2,1,1,1,2,1,2,1,1,,1,,1,,1,1,5,1,1,3,60,2,1,1,2,2,2,2,1,2,2,30,2,2,1,2,1,2,2,2,2,2,2,1,1,20,1,0,0,0,0,0,0,1,0,2,1,30,1,2,1,30,1,1,60,2,,2,3,1,1,1,3,3,1,,1,1,1,2,1,1,1,1,1,1,1
132302,2,60,4,4,2,4,2,1,1,1,1,2,2,1,1,2,3,1,2,2,2,3,2,2,2,1,1,1,1,1,2,2,2,2,2,2,2,2,2,1,,,,,,,,,,,,,,,,,,,,,,,,,,,,,,,,,,,,,,,,,,,,,,,,1,120,,,,,,,,,,,4,2,1,2,,2,,1,1,2,2,1
132504,2,23,6,3,2,3,1,1,1,1,1,2,1,1,1,1,3,1,2,2,1,1,1,1,1,1,1,1,2,1,1,,2,2,2,2,2,2,1,1,4,1,2,2,120,1,2,2,1,2,2,2,3,,,,,,,,,,,,,,,,,,,,,,,,,,,,,,,,3,20,1,1,300,2,,4,3,2,1,1,3,3,3,,1,1,1,1,1,1,1,2,2,2,2
132601,2,35,10,2,1,3,1,1,1,1,1,1,2,1,1,1,2,1,2,2,1,1,1,2,2,1,1,1,1,1,1,,2,2,2,2,2,2,1,1,3,1,1,2,30,1,2,2,2,1,2,2,3,,,,,,,,,,,,,,,,,,,,,,,,,,,,,,,,3,15,1,1,60,2,,2,3,2,1,1,3,2,1,,2,1,2,,2,,1,1,2,1,2
132702,2,20,3,3,4,5,1,1,1,1,1,2,2,1,1,2,8,1,2,2,1,1,1,1,1,1,1,1,2,1,1,,2,2,2,2,2,2,2,1,3,1,2,1,120,1,2,2,2,1,2,2,1,,,,,,,,,,,,,,,,,,,,,,,,,,,,,,,,,,,1,360,1,5,2,4,2,1,1,3,3,3,,1,1,1,2,1,2,1,1,1,2,1
132803,2,14,3,2,3,5,2,1,1,1,1,1,2,1,1,2,5,1,2,2,1,1,1,1,1,1,1,1,2,1,1,,2,2,2,2,2,2,2,1,3,2,1,2,30,1,2,2,2,1,2,2,2,,,,,,,,,,,,,,,,,,,,,,,,,,,,,,,,,,,1,5,2,,3,3,2,1,3,3,3,1,,1,1,1,2,1,1,1,1,1,1,1
132904,2,19,6,3,3,4,2,1,1,1,3,1,1,1,1,1,3,1,2,2,2,1,1,1,1,1,1,1,2,1,1,,2,2,2,2,2,2,1,1,4,1,1,2,20,1,2,2,1,1,2,2,1,,,,,,,,,,,,,,,,,,,,,,,,,,,,,,,,1,15,1,1,30,2,,2,3,2,1,1,3,3,1,,2,2,2,,1,1,1,1,1,2,2
133001,2,14,3,1,3,4,1,1,1,1,2,1,2,1,1,2,4,1,1,2,1,1,1,1,1,1,1,1,2,1,1,,2,2,2,1,1,,2,1,2,1,2,3,30,1,2,2,2,1,2,2,1,,,,,,,,,,,,,,2,1,2,10,2,0,0,0,0,0,0,0,1,2,5,30,1,2,,,,1,60,1,5,4,3,2,1,3,3,3,1,,2,2,2,,1,1,1,1,1,1,1
133102,2,40,6,3,2,4,2,1,1,1,1,1,2,1,1,2,3,1,2,2,2,1,1,1,2,1,1,1,2,1,2,2,1,,2,2,2,2,1,1,,,,,,,,,,,,,,5,3,15,2,2,2,1,2,2,2,1,1,2,,,,,,,,,,,,,,,,,,,2,20,1,1,60,1,6,3,3,2,1,2,3,3,1,,1,1,1,1,1,1,1,1,1,1,1
133203,2,32,8,4,2,4,1,1,1,1,1,1,1,1,1,2,3,1,2,2,1,1,1,1,1,1,1,1,2,2,2,2,2,2,2,2,2,2,1,1,,,,,,,,,,,,,,,,,,,,,,,,,,,,,,,,,,,,,,,,,,,,,1,60,1,1,60,2,,4,3,2,1,2,3,3,3,,2,2,2,,2,,1,9,9,9,9
133401,1,37,3,2,2,4,1,1,1,2,,2,2,2,,,1,1,2,2,3,1,1,1,1,1,1,1,2,1,2,2,2,2,2,2,2,2,2,1,,,,,,,,,,,,,,,,,,,,,,,,,,,,,,,,,,,,,,,,,,,,,,,,1,240,,,,,,,,,,,3,1,1,1,1,1,1,1,1,1,1,1
133704,2,46,6,1,1,3,1,1,1,2,,1,2,1,1,2,3,1,2,2,2,1,1,1,2,1,1,1,2,1,1,,2,2,2,2,1,,2,1,3,2,1,1,15,1,2,2,1,2,2,2,2,,,,,,,,,,,,,,,,,,,,,,,,,,,,2,20,1,2,,,,1,180,2,,2,2,2,1,1,3,3,3,,2,2,2,,2,,1,2,2,2,2
133801,1,15,3,2,3,6,2,1,1,1,3,1,1,1,1,1,2,1,2,2,1,1,1,1,2,1,1,1,2,1,1,,2,1,1,,2,2,1,1,4,2,1,2,60,1,2,2,2,1,2,2,3,5,2,20,2,2,2,2,2,2,1,2,2,2,2,1,1,20,1,0,0,0,0,0,0,1,0,2,,,,,5,30,1,1,60,2,,4,3,1,2,1,3,3,1,,2,1,2,,1,3,1,1,1,1,1
133902,1,14,3,1,3,4,2,1,1,1,2,2,1,1,1,2,3,1,1,2,1,1,1,2,2,1,2,1,1,1,1,,1,,2,1,2,2,1,1,3,2,1,3,20,1,2,2,2,1,2,2,2,3,1,30,1,2,2,2,2,2,2,2,1,2,2,1,1,30,1,0,0,0,0,0,1,0,0,3,,,,,2,20,2,1,60,2,,4,3,1,1,2,3,3,1,,1,1,1,2,1,3,1,2,1,1,1
134003,2,12,2,6,2,4,1,1,1,1,1,2,2,1,1,2,3,1,2,2,2,1,1,1,2,1,1,1,2,1,1,,2,2,2,2,1,,2,1,4,2,1,2,30,2,2,1,2,2,2,2,2,,,,,,,,,,,,,,,,,,,,,,,,,,,,5,15,1,2,,,,1,30,2,,2,3,2,1,3,3,3,1,,2,1,1,2,1,2,1,1,1,1,1
134104,1,35,8,5,2,4,1,1,1,1,2,2,2,1,1,2,4,1,2,2,1,1,1,1,1,1,1,1,2,1,2,1,1,,1,,2,2,1,1,4,2,1,2,20,2,2,1,2,2,2,2,3,1,3,20,1,2,2,2,2,2,2,1,2,2,1,2,7,10,1,0,1,0,0,1,0,0,0,1,,,,,1,30,2,1,120,2,,4,3,2,1,2,3,3,1,,1,1,1,2,1,5,1,1,1,1,1
134201,1,61,2,6,2,3,2,1,1,1,1,1,1,1,1,2,2,1,2,2,2,3,3,1,3,1,1,1,1,1,2,2,1,,2,2,2,2,1,1,,,,,,,,,,,,,,1,2,60,1,2,2,2,2,2,2,2,1,2,,,,,,,,,,,,,,,,,,,5,5,1,1,60,2,,2,3,2,1,3,3,1,1,,2,1,1,1,2,,1,2,1,2,2
134302,2,21,3,3,4,7,2,1,1,1,2,1,2,1,1,2,7,1,1,2,2,1,1,1,2,1,2,1,1,1,2,1,2,1,2,2,2,2,2,1,3,1,2,3,38,2,1,1,1,1,1,2,1,1,4,15,1,2,1,2,2,2,2,2,1,2,,,,,,,,,,,,,,,,,,,,,,1,90,2,,2,1,2,1,3,3,3,1,,2,1,1,2,1,1,1,2,1,1,1
134403,1,66,2,3,3,4,1,1,1,1,1,2,2,1,1,2,4,1,2,2,3,2,3,3,3,2,2,1,1,2,2,2,2,2,2,2,2,2,2,2,,,,,,,,,,,,,,,,,,,,,,,,,,,,,,,,,,,,,,,,,,,,,,,,,,,,,,,,,,,,6,2,2,2,,2,,1,2,2,2,2
134504,1,87,0,,1,4,1,1,2,1,1,2,2,2,,,1,1,2,2,3,1,3,3,3,3,3,2,2,,,,,,,,,,,,,,,,,,,,,,,,,,,,,,,,,,,,,,,,,,,,,,,,,,,,,,,,,,,,,,,,,,,,,,,,,,,,,,,,,,
134601,2,79,0,,2,4,1,1,2,2,,2,2,2,,,1,1,2,2,1,1,1,3,2,1,1,1,2,1,2,2,2,1,2,2,2,2,2,2,,,,,,,,,,,,,,1,3,10,1,2,2,1,2,2,2,2,2,2,,,,,,,,,,,,,,,,,,,,,,,,2,,2,4,2,2,2,3,3,1,,2,1,1,1,1,1,2,,,,
134702,2,49,3,3,1,3,1,1,1,2,,2,2,1,1,2,1,1,2,2,3,1,1,1,3,1,1,1,2,1,1,,2,1,2,1,2,2,2,1,3,2,1,2,30,1,2,2,1,2,2,2,3,8,2,30,1,2,2,2,2,2,2,1,2,2,2,1,2,10,1,0,0,0,0,0,0,1,0,2,,,,,,,,1,30,2,,4,3,2,1,3,3,3,1,,2,2,2,,1,1,1,2,1,1,1
134803,2,55,8,6,1,2,1,1,1,1,1,2,2,1,1,2,2,1,2,2,2,2,3,3,2,2,2,2,2,2,2,1,1,,1,,1,,1,1,4,1,1,2,60,1,1,1,1,1,1,2,1,2,3,20,1,2,2,2,2,2,2,1,2,2,1,2,1,15,1,0,0,1,0,0,0,1,0,1,3,10,1,2,2,30,1,1,15,2,,2,3,2,1,3,3,3,1,,1,1,1,1,1,1,1,1,1,1,1
134904,2,40,3,3,1,3,1,1,1,1,1,2,2,2,,,4,1,2,2,1,1,1,1,1,1,1,1,2,2,2,2,2,2,2,2,2,2,2,1,,,,,,,,,,,,,,,,,,,,,,,,,,,,,,,,,,,,,,,,,,,,,,,,2,5,,,,,,,,,,,4,2,2,2,,2,,1,2,9,2,1
135001,1,19,3,3,3,5,1,1,1,2,,1,2,1,1,2,3,1,2,2,1,1,1,1,1,1,1,1,2,1,2,1,2,2,2,2,2,2,2,1,3,2,1,3,5,1,2,2,2,2,1,2,3,,,,,,,,,,,,,,,,,,,,,,,,,,,,,,,,,,,1,30,2,,2,4,2,2,2,3,3,1,,1,2,1,1,1,1,1,2,1,1,1
135102,2,57,2,6,1,4,1,1,1,1,1,2,2,1,1,2,1,1,2,2,3,2,2,2,2,1,1,1,2,1,2,2,2,2,2,2,2,2,2,1,,,,,,,,,,,,,,,,,,,,,,,,,,,,,,,,,,,,,,,,,,,,,,,,1,10,,,,,,,,,,,6,2,2,2,,2,,1,2,2,1,2
135203,2,40,8,4,3,6,2,1,1,2,,2,2,1,1,2,4,1,2,2,1,1,1,1,1,1,1,1,2,2,2,1,2,1,1,,2,2,1,1,2,1,2,2,30,1,2,2,1,2,2,2,1,6,2,60,2,2,2,2,1,2,2,2,2,2,2,1,5,60,1,0,0,0,0,0,0,0,1,2,,,,,1,30,1,1,120,1,3,3,4,2,1,1,3,3,1,,1,1,1,1,1,2,1,1,1,1,1
135304,2,38,8,5,1,2,1,1,1,1,1,1,2,1,1,1,4,1,2,2,1,1,1,1,1,1,1,1,2,1,1,,1,,2,2,2,2,1,1,8,1,1,2,120,1,2,2,1,2,1,2,1,3,2,30,1,2,2,2,2,1,2,1,2,2,,,,,,,,,,,,,,,,,,,4,15,1,1,60,2,,4,4,1,1,1,3,3,1,,2,1,1,2,1,1,1,1,1,1,1
135401,1,18,6,2,3,4,1,1,1,2,,2,2,1,1,1,3,1,2,2,2,2,2,2,2,2,2,2,2,2,2,2,2,2,2,2,2,2,1,1,,,,,,,,,,,,,,,,,,,,,,,,,,,,,,,,,,,,,,,,,,,,,1,30,1,1,120,2,,2,2,2,2,2,2,2,1,,2,1,1,2,2,,1,1,1,1,2
135502,1,52,2,6,1,1,1,1,1,2,,2,2,1,1,2,1,1,2,2,2,2,2,2,2,2,2,2,2,2,2,2,2,2,2,2,2,2,2,2,,,,,,,,,,,,,,,,,,,,,,,,,,,,,,,,,,,,,,,,,,,,,,,,,,,,,,,,,,,,3,2,2,2,,2,,1,2,2,1,2
135603,2,20,3,3,2,6,3,1,1,1,2,2,1,1,1,1,4,1,2,2,2,1,1,1,1,1,1,1,2,1,1,,2,2,2,2,2,2,2,1,2,2,1,3,30,1,2,2,2,1,2,2,2,,,,,,,,,,,,,,,,,,,,,,,,,,,,,,,,,,,1,120,2,,2,3,2,1,3,3,3,3,,2,2,2,,2,,1,2,2,2,1
135704,2,51,3,3,1,2,0,1,2,2,,2,2,2,,,1,1,2,2,1,1,1,1,1,2,2,2,2,2,2,2,2,2,2,2,2,2,2,2,,,,,,,,,,,,,,,,,,,,,,,,,,,,,,,,,,,,,,,,,,,,,,,,,,,,,,,,,,,,2,1,1,1,2,1,1,1,2,1,1,1
135801,1,47,6,3,3,5,2,1,1,1,2,1,2,1,1,2,4,1,2,2,1,1,1,1,2,1,1,1,2,1,1,,2,1,2,2,2,2,1,1,4,2,1,2,15,1,2,2,1,2,2,2,3,1,2,5,1,2,2,2,2,2,2,1,2,2,,,,,,,,,,,,,,,,,,,1,30,1,2,10,2,,2,2,2,1,2,3,3,3,,2,2,2,,2,,1,2,2,2,2
135902,1,64,2,6,1,7,3,1,1,1,4,2,2,1,1,2,1,1,2,2,1,1,1,2,2,1,1,1,2,,,,,,,,,,,,,,,,,,,,,,,,,,,,,,,,,,,,,,,,,,,,,,,,,,,,,,,,,,,,,,,,,,,,,,,,,,,,,,,,,,
136003,2,28,3,3,2,3,1,1,1,2,,2,2,2,,,3,1,2,2,1,1,1,1,2,1,1,1,2,1,2,1,2,2,2,1,2,2,2,1,2,1,2,2,5,2,2,2,1,2,2,2,1,,,,,,,,,,,,,,1,2,1,5,2,0,0,0,1,0,0,0,0,1,,,,,,,,1,20,2,,2,2,2,1,2,3,3,1,,1,2,2,,1,1,1,1,1,1,1
136104,2,44,3,3,3,5,1,1,1,1,1,1,2,1,1,2,6,1,2,2,1,2,1,2,3,1,1,1,2,1,2,2,2,2,2,2,2,2,2,1,,,,,,,,,,,,,,,,,,,,,,,,,,,,,,,,,,,,,,,,,,,,,,,,1,30,,,,,,,,,,,2,2,1,2,,1,2,1,2,2,2,2
136201,2,35,3,3,1,2,1,2,2,2,,2,2,1,2,2,4,1,2,2,2,2,1,2,2,1,1,1,2,1,1,,2,2,2,1,2,2,1,1,30,2,1,2,315,2,2,1,2,2,2,2,2,,,,,,,,,,,,,,1,2,6,10,1,0,0,0,0,1,0,0,0,1,,,,,1,10,2,1,15,1,8,2,2,1,1,1,3,3,1,,1,1,2,,1,1,1,1,1,1,1
136302,1,16,6,1,4,10,2,1,1,1,1,1,1,1,1,2,7,1,2,2,2,1,1,1,3,1,1,1,2,2,2,1,2,1,2,2,1,,2,1,1,2,1,5,60,1,2,2,2,1,2,2,3,3,4,20,1,2,1,2,2,2,2,2,2,2,,,,,,,,,,,,,,,4,180,2,1,,,,1,180,2,,2,3,2,1,1,3,3,3,,2,2,2,,1,5,1,1,1,1,1
136403,2,29,7,3,2,3,0,1,1,1,1,2,2,1,1,2,3,1,2,2,1,1,1,1,1,1,1,1,2,2,2,1,2,2,2,2,2,2,1,1,1,2,1,2,10,1,2,2,2,1,2,2,3,,,,,,,,,,,,,,,,,,,,,,,,,,,,,,,,1,60,1,1,60,2,,2,4,2,1,1,3,3,1,,2,2,2,,1,1,1,1,1,1,1
136504,2,60,5,3,2,3,1,1,1,2,,1,2,1,1,2,3,1,2,2,1,1,1,1,1,1,1,1,1,1,2,2,1,,2,1,2,2,1,1,,,,,,,,,,,,,,3,2,20,1,2,2,2,1,2,2,2,2,2,1,2,2,20,1,1,1,0,0,0,0,0,0,1,,,,,2,20,1,1,20,1,8,1,2,2,1,3,3,3,1,,2,2,1,2,1,1,1,1,1,1,1
136601,2,78,2,3,1,6,2,1,1,1,1,2,2,2,,,1,1,2,2,2,2,1,2,2,1,1,1,1,1,2,2,2,2,2,2,2,2,2,2,,,,,,,,,,,,,,,,,,,,,,,,,,,,,,,,,,,,,,,,,,,,,,,,,,,,,,,,,,,,4,2,2,2,,2,,1,1,1,1,2
136702,2,31,3,3,4,6,1,1,1,1,1,2,2,1,1,2,5,1,2,2,1,1,1,1,1,1,1,1,2,2,2,1,2,2,2,2,2,2,2,1,2,1,1,5,60,2,2,2,1,2,2,2,1,,,,,,,,,,,,,,,,,,,,,,,,,,,,,,,,,,,1,180,1,8,3,4,2,1,2,3,3,1,,1,1,1,2,1,1,1,1,1,1,1
136803,1,57,2,6,3,5,1,1,1,1,1,2,2,1,1,2,3,1,2,2,2,1,2,1,1,1,1,1,2,2,2,2,2,2,2,2,2,2,2,1,,,,,,,,,,,,,,,,,,,,,,,,,,,,,,,,,,,,,,,,,,,,,,,,2,30,,,,,,,,,,,6,2,1,2,,1,1,1,1,1,1,1
136904,2,70,2,4,2,3,1,1,1,2,,2,2,1,1,2,7,1,2,2,2,1,1,2,1,1,1,1,2,2,2,2,2,2,2,2,2,2,2,2,,,,,,,,,,,,,,,,,,,,,,,,,,,,,,,,,,,,,,,,,,,,,,,,,,,,,,,,,,,,1,2,2,2,,2,,1,9,2,2,9
137001,2,12,2,5,1,1,0,2,2,1,1,2,2,1,2,2,5,1,2,2,1,1,1,1,1,1,1,1,2,2,1,,2,2,2,2,2,2,2,2,5,2,1,2,15,2,2,2,2,1,2,2,2,,,,,,,,,,,,,,,,,,,,,,,,,,,,,,,,,,,,,2,,3,2,1,2,1,3,1,1,,2,1,1,2,2,,1,2,1,2,2
137102,1,27,6,3,1,1,1,2,2,1,1,2,2,2,,,4,1,2,2,2,1,1,1,1,1,1,1,1,2,2,2,2,2,2,1,2,2,1,1,,,,,,,,,,,,,,,,,,,,,,,,,,,1,2,1,15,1,1,0,0,0,0,0,0,0,1,,,,,1,30,1,1,30,2,,2,2,2,1,2,3,3,3,,2,2,2,,1,1,1,1,1,1,2
137203,1,35,3,3,1,2,1,1,2,1,1,2,2,1,2,2,2,1,2,2,1,1,1,1,1,1,1,1,2,2,2,2,2,2,2,2,2,2,2,1,,,,,,,,,,,,,,,,,,,,,,,,,,,,,,,,,,,,,,,,,,,,,,,,1,10,,,,,,,,,,,3,2,2,2,,2,,1,2,1,2,2
137304,2,41,3,3,1,4,0,2,2,1,1,2,2,1,1,2,3,1,2,2,1,1,1,1,1,1,1,1,2,2,2,2,2,2,2,1,2,2,1,1,,,,,,,,,,,,,,,,,,,,,,,,,,,1,2,2,20,1,0,0,0,0,0,0,1,0,1,,,,,1,10,1,1,30,1,8,2,1,2,2,2,3,3,1,,2,2,2,,1,1,1,2,2,1,2
137401,2,33,2,6,3,7,1,1,1,2,,2,1,1,1,2,8,1,2,2,1,1,1,1,1,1,1,1,2,1,1,,2,2,2,2,2,2,2,1,7,2,1,3,20,2,2,1,2,2,2,2,2,,,,,,,,,,,,,,,,,,,,,,,,,,,,,,,,,,,1,6,2,,4,4,2,2,2,3,3,1,,2,2,1,2,1,1,1,2,1,1,1
137502,1,17,6,1,2,2,0,1,1,2,,1,2,1,1,2,4,1,2,2,1,2,1,1,3,1,2,1,2,1,2,1,1,,2,1,2,2,2,2,2,2,1,2,30,1,2,2,1,2,2,2,2,1,5,60,1,2,2,2,2,1,2,2,2,2,2,1,3,20,1,0,1,0,0,0,0,0,0,3,,,,,,,,,,2,,2,2,1,2,3,3,1,3,,2,2,2,,2,,1,1,1,1,2
137603,2,41,2,6,2,3,0,1,1,2,,2,2,1,1,2,2,1,2,2,1,1,1,1,1,1,1,1,2,2,2,2,2,2,2,2,2,2,2,1,,,,,,,,,,,,,,,,,,,,,,,,,,,,,,,,,,,,,,,,,,,,,,,,1,45,,,,,,,,,,,1,2,2,2,,2,,1,2,1,2,2
137704,1,86,2,3,1,2,1,1,1,2,,2,2,2,,,1,1,2,2,1,3,1,2,1,2,2,2,2,2,2,2,2,2,2,2,2,2,2,2,,,,,,,,,,,,,,,,,,,,,,,,,,,,,,,,,,,,,,,,,,,,,,,,,,,,,,,,,,,,6,2,2,2,,2,,1,2,2,2,2
137801,1,60,3,3,1,8,2,1,1,2,,2,2,2,,,1,1,1,2,1,1,1,1,1,1,1,1,2,1,2,2,2,2,2,2,2,2,1,1,,,,,,,,,,,,,,,,,,,,,,,,,,,,,,,,,,,,,,,,,,,,,1,90,1,1,90,2,,1,4,2,2,2,3,3,1,,2,2,2,,1,2,1,2,2,1,2
137902,1,74,2,3,1,3,1,1,1,1,1,2,2,1,1,2,2,1,2,2,1,1,1,1,1,1,1,1,2,1,2,2,2,1,2,2,2,2,2,2,,,,,,,,,,,,,,1,5,5,1,2,1,2,2,2,2,2,2,2,,,,,,,,,,,,,,,,,,,,,,,,2,,1,2,2,2,2,3,1,3,,2,2,2,,2,,1,2,2,2,2
138003,1,58,2,6,2,4,1,1,2,2,,2,2,2,,,1,1,2,2,1,1,1,1,1,1,1,1,2,2,2,2,2,2,2,2,2,2,2,2,,,,,,,,,,,,,,,,,,,,,,,,,,,,,,,,,,,,,,,,,,,,,,,,,,,,,,,,,,,,6,2,2,2,,1,1,1,2,2,1,1
138104,2,54,3,3,2,4,1,1,1,2,,2,2,2,,,4,1,2,2,2,2,2,2,2,2,2,2,2,2,2,2,2,2,2,2,2,2,2,2,,,,,,,,,,,,,,,,,,,,,,,,,,,,,,,,,,,,,,,,,,,,,,,,,,,,,,,,,,,,3,2,2,2,,2,,1,2,1,1,2
138201,2,14,3,2,2,4,1,2,2,2,,2,2,2,,,4,1,2,2,3,1,1,1,2,1,1,1,2,1,2,2,2,2,2,2,2,2,1,1,,,,,,,,,,,,,,,,,,,,,,,,,,,,,,,,,,,,,,,,,,,,,2,30,1,2,20,2,,2,1,2,1,3,3,1,3,,2,1,1,1,1,1,1,1,1,1,1
138403,1,29,3,3,2,4,1,1,1,2,,2,2,1,1,2,4,1,1,2,1,1,1,1,1,1,1,1,2,2,2,1,2,2,2,2,1,,2,1,1,2,1,5,30,1,2,2,2,1,2,2,2,,,,,,,,,,,,,,,,,,,,,,,,,,,,2,60,1,2,,,,1,60,2,,4,3,2,2,2,3,3,1,,2,1,2,,1,2,1,2,1,1,1
138601,1,65,2,6,3,4,1,1,1,1,1,2,2,1,1,2,3,1,2,2,2,2,2,2,1,2,2,2,2,2,2,2,2,2,2,2,2,2,2,2,,,,,,,,,,,,,,,,,,,,,,,,,,,,,,,,,,,,,,,,,,,,,,,,,,,,,,,,,,,,6,2,2,2,,2,,1,2,1,1,2
138803,2,69,2,2,2,3,1,1,1,1,1,2,2,2,,,2,1,2,2,2,1,2,1,2,1,1,1,2,2,1,,2,2,2,2,2,2,2,2,1,2,1,2,30,1,2,2,1,2,2,2,2,,,,,,,,,,,,,,,,,,,,,,,,,,,,,,,,,,,,,2,,2,1,2,2,1,3,1,1,,2,2,2,,2,,1,1,1,1,2
138904,1,73,3,3,1,3,1,1,1,1,1,2,2,2,,,2,1,2,2,1,2,2,2,2,2,2,2,2,2,2,2,2,2,2,2,2,2,2,2,,,,,,,,,,,,,,,,,,,,,,,,,,,,,,,,,,,,,,,,,,,,,,,,,,,,,,,,,,,,6,2,2,2,,2,,1,2,1,1,2
139001,2,34,3,3,1,2,1,1,1,2,,2,2,1,2,2,3,1,2,2,1,1,1,1,1,1,1,1,2,1,1,,2,2,2,1,2,2,1,1,3,1,2,1,15,1,2,2,1,2,2,2,1,,,,,,,,,,,,,,1,2,4,5,1,0,0,0,0,0,0,0,1,1,,,,,2,10,1,1,60,1,3,3,3,2,1,3,3,3,1,,2,1,1,1,1,1,1,2,1,1,2
139102,1,14,3,2,3,5,1,1,1,2,,1,2,1,2,2,4,1,2,2,1,1,1,1,2,1,1,1,2,1,1,,1,,2,2,2,2,1,1,15,1,1,1,10,1,2,2,1,2,1,2,2,3,2,15,1,2,2,2,2,1,2,2,2,2,,,,,,,,,,,,,,,,,,,1,20,1,1,60,2,,2,2,2,1,1,3,3,1,,2,1,1,3,1,1,1,1,1,2,1
139203,1,16,6,1,3,5,1,1,2,1,1,2,2,1,1,2,3,1,2,2,1,1,1,2,1,1,1,1,2,1,1,,2,2,2,1,2,2,2,1,5,2,1,1,10,2,2,1,2,2,2,2,3,,,,,,,,,,,,,,1,2,3,5,1,0,0,0,0,1,0,0,0,1,,,,,,,,1,180,1,5,4,3,2,1,2,3,3,1,,2,2,2,,1,1,1,1,1,1,2
139304,2,30,3,3,2,3,1,1,2,2,,2,2,1,1,2,5,1,2,2,1,1,1,1,1,1,1,1,2,1,1,,2,2,2,1,2,2,1,1,5,2,1,3,120,2,2,2,2,1,2,2,2,,,,,,,,,,,,,,1,2,3,10,1,0,0,0,0,0,0,1,0,1,,,,,1,10,1,1,40,1,6,2,3,2,1,1,3,3,1,,2,2,2,,2,,1,1,1,1,2
139401,2,14,3,3,3,5,1,1,1,1,1,2,2,2,,,4,1,2,2,1,1,1,1,1,1,1,1,2,1,1,,2,2,2,2,2,2,2,1,1,2,1,1,30,1,2,2,1,2,2,2,3,,,,,,,,,,,,,,,,,,,,,,,,,,,,,,,,,,,1,10,2,,3,4,2,2,1,3,1,3,,2,1,1,1,1,1,1,2,1,1,2
139502,1,63,2,6,3,4,1,1,1,1,4,1,2,2,,,4,1,2,2,2,1,2,1,1,1,1,1,2,2,1,,2,2,2,2,2,2,2,2,2,2,1,2,30,1,2,2,2,1,2,2,3,,,,,,,,,,,,,,,,,,,,,,,,,,,,,,,,,,,,,2,,2,3,2,2,2,3,3,1,,2,1,2,,2,,1,2,2,2,2
139603,1,22,2,6,2,5,1,1,1,1,3,2,2,2,,,3,1,2,2,1,1,1,1,1,1,1,1,2,1,1,,2,2,2,2,2,2,2,1,5,2,1,2,20,1,2,2,1,1,2,2,3,,,,,,,,,,,,,,,,,,,,,,,,,,,,,,,,,,,1,20,2,,3,2,1,2,3,3,3,1,,2,1,1,1,1,1,1,1,1,2,2
139704,2,16,3,3,4,9,2,1,1,1,2,1,2,1,1,2,6,1,2,2,1,2,1,1,2,1,1,1,2,1,1,,2,2,2,2,2,2,2,1,8,2,1,3,60,1,2,2,2,1,2,2,2,,,,,,,,,,,,,,,,,,,,,,,,,,,,,,,,,,,1,120,1,5,4,3,2,1,3,3,3,1,,2,2,1,2,1,1,1,1,1,1,2
139801,1,26,8,5,3,5,2,1,1,1,1,1,1,1,1,1,4,1,2,2,1,1,1,1,1,1,1,1,2,1,1,,2,1,2,2,2,2,1,1,1,2,1,2,60,1,2,2,2,1,2,2,3,1,3,30,2,2,2,2,2,2,1,2,2,2,,,,,,,,,,,,,,,,,,,1,15,1,2,15,2,,2,4,2,1,2,3,3,2,,2,1,1,2,1,5,1,1,2,2,2
139902,2,55,6,3,2,5,1,1,1,2,,1,2,1,1,1,3,1,2,2,1,1,1,1,1,1,1,1,2,1,1,,2,1,1,,2,2,1,1,1,2,1,2,15,1,2,2,2,2,1,2,2,20,2,30,1,2,1,2,1,2,1,1,1,2,1,2,1,30,1,0,0,1,0,0,1,1,1,1,,,,,2,30,1,2,30,1,6,2,3,1,1,3,3,3,1,,1,2,2,,1,1,1,1,2,2,1
140003,2,18,6,2,3,5,2,1,1,1,1,1,1,1,1,2,5,1,2,2,1,1,1,1,1,1,1,1,2,1,1,,2,2,2,2,2,2,1,1,6,1,1,2,90,1,2,2,2,1,2,2,1,,,,,,,,,,,,,,,,,,,,,,,,,,,,,,,,3,20,1,1,300,2,,3,3,2,1,3,3,3,1,,1,1,1,2,1,1,1,1,1,1,1
140104,2,72,8,3,2,4,2,1,1,1,2,1,2,1,1,1,2,1,2,2,2,1,1,2,2,1,1,1,1,1,1,,2,2,2,2,2,2,2,1,8,2,1,1,120,2,2,2,1,2,2,2,2,,,,,,,,,,,,,,,,,,,,,,,,,,,,,,,,,,,1,60,2,,3,2,2,1,2,3,3,1,,2,1,2,,1,2,1,9,1,9,1
140201,2,50,99,9,1,4,1,1,1,1,2,2,2,2,,,2,1,2,2,2,1,1,1,1,1,1,1,2,1,1,,1,,1,,1,,1,1,10,1,1,1,360,2,1,1,1,1,1,2,1,1,2,30,1,1,2,1,2,2,2,2,2,2,2,1,2,30,1,0,1,0,0,1,0,1,0,3,2,30,2,1,2,30,1,1,60,2,,4,4,1,2,1,3,3,1,,1,1,2,,2,,1,1,1,1,1
140302,2,40,8,4,2,4,1,1,1,1,1,2,2,1,1,2,2,2,2,2,1,1,1,1,1,1,1,1,2,1,1,,1,,1,,2,2,1,1,2,1,1,3,30,1,2,2,1,1,1,2,2,2,2,20,1,2,2,1,1,1,1,1,2,2,2,1,1,10,1,0,0,1,0,1,0,1,0,3,,,,,2,20,1,1,20,1,5,3,3,2,1,2,3,3,1,,2,1,2,,1,1,1,1,1,1,1
140403,1,61,0,,1,3,1,1,1,1,1,1,2,1,1,2,3,1,2,2,1,2,2,2,2,2,1,2,1,1,1,,2,2,2,2,2,2,1,1,2,2,1,3,120,1,1,2,1,1,1,2,3,,,,,,,,,,,,,,,,,,,,,,,,,,,,,,,,2,10,1,1,15,2,,2,3,1,2,3,3,3,1,,2,2,2,,2,,2,,,,
140504,1,62,3,3,2,3,1,1,1,1,1,2,2,1,1,2,2,1,2,2,1,1,1,2,2,1,1,1,2,1,2,2,2,2,1,,2,2,1,1,,,,,,,,,,,,,,,,,,,,,,,,,,,2,1,7,5,1,0,1,1,0,0,0,0,0,3,,,,,1,60,1,1,5,1,1,1,4,2,1,2,3,1,1,,2,2,2,,1,1,1,2,1,2,1
140601,1,64,6,2,2,5,1,1,1,1,1,2,2,1,1,2,2,1,2,2,2,1,2,1,1,1,1,2,2,1,2,2,2,1,1,,2,2,1,1,,,,,,,,,,,,,,2,2,60,1,1,2,2,1,2,1,2,2,2,1,2,3,15,1,0,0,0,0,1,0,0,0,1,,,,,1,90,2,1,120,2,,1,2,2,1,2,3,3,1,,1,1,2,,1,1,1,2,2,1,1
140702,1,74,3,3,1,3,1,1,2,2,,2,2,2,,,1,1,2,2,2,1,1,2,1,1,1,1,1,1,2,2,2,2,1,,2,2,1,1,,,,,,,,,,,,,,,,,,,,,,,,,,,2,1,2,30,1,1,1,1,1,1,1,1,0,3,,,,,2,20,1,1,60,2,,2,2,2,1,3,3,3,1,,2,2,2,,2,,1,2,1,2,2
140803,2,34,3,3,2,3,1,1,2,2,,2,2,1,1,2,3,1,2,2,1,1,1,1,1,1,1,1,2,2,2,2,2,2,2,2,2,2,2,1,,,,,,,,,,,,,,,,,,,,,,,,,,,,,,,,,,,,,,,,,,,,,,,,1,120,,,,,,,,,,,3,1,2,2,,1,1,1,2,1,2,2
140904,1,64,2,6,2,3,1,1,1,2,,2,2,1,1,2,1,1,2,2,2,2,1,1,2,1,1,2,2,1,2,2,2,2,1,,2,2,2,1,,,,,,,,,,,,,,,,,,,,,,,,,,,2,1,5,30,1,1,0,0,0,1,0,1,0,3,,,,,,,,1,30,2,,1,1,2,1,3,3,3,3,,2,2,2,,2,,1,2,2,2,2
141001,2,52,6,3,1,3,1,1,1,1,1,2,2,1,1,2,2,1,2,2,1,1,1,1,1,1,1,1,2,2,2,2,2,1,2,2,2,2,1,1,,,,,,,,,,,,,,3,4,20,1,2,2,2,2,1,2,2,2,2,,,,,,,,,,,,,,,,,,,3,15,1,2,20,2,,3,4,2,1,3,3,3,1,,1,1,1,2,1,1,1,1,1,1,1
141102,2,27,3,3,1,3,1,1,1,2,,2,2,1,1,1,4,1,2,2,1,1,1,1,1,1,1,1,2,1,1,,2,2,2,2,2,2,1,1,3,2,1,2,180,1,2,2,2,1,2,2,3,,,,,,,,,,,,,,,,,,,,,,,,,,,,,,,,1,60,1,1,180,2,,4,4,1,1,1,3,3,1,,2,1,1,3,2,,1,1,1,1,2
141203,2,55,8,4,3,4,1,1,1,1,1,2,2,1,1,2,4,1,2,2,1,1,1,1,1,1,1,1,2,2,2,1,2,2,2,2,2,2,1,1,1,2,1,3,120,1,2,2,1,2,2,2,3,,,,,,,,,,,,,,,,,,,,,,,,,,,,,,,,2,30,1,1,120,2,,4,3,2,1,3,3,3,1,,1,2,2,,2,,1,1,1,1,2
141304,2,27,3,3,1,2,2,1,1,2,,2,2,1,1,2,3,1,2,2,1,1,1,1,1,1,1,1,2,1,2,2,2,2,1,,2,2,1,1,,,,,,,,,,,,,,,,,,,,,,,,,,,1,2,2,10,1,0,0,0,1,0,0,0,0,2,,,,,2,10,1,1,15,2,,2,1,2,1,2,3,3,1,,2,1,1,2,1,1,1,1,1,1,2
141502,2,21,6,1,1,3,1,1,2,2,,2,2,1,1,2,3,1,2,2,1,1,1,1,1,1,1,1,2,1,2,2,1,,2,2,2,2,1,1,,,,,,,,,,,,,,3,1,10,2,2,2,1,2,2,2,2,2,2,,,,,,,,,,,,,,,,,,,1,10,1,1,30,2,,3,2,2,1,2,3,3,3,,1,2,2,,2,,1,1,1,1,1
141603,1,21,6,3,3,4,2,1,1,2,,2,2,2,,,7,2,2,2,1,1,1,1,1,1,1,1,2,2,2,2,2,2,2,2,2,2,2,1,,,,,,,,,,,,,,,,,,,,,,,,,,,,,,,,,,,,,,,,,,,,,,,,1,180,,,,,,,,,,,3,2,2,2,,1,1,1,1,1,1,1
141704,1,31,6,3,1,3,1,1,1,2,,2,2,1,1,2,4,1,2,2,1,1,1,1,1,1,1,1,2,1,1,,2,2,2,2,2,2,2,1,1,2,1,4,20,1,2,2,1,2,2,2,2,,,,,,,,,,,,,,,,,,,,,,,,,,,,,,,,,,,1,60,2,,2,3,1,1,3,3,3,1,,2,1,2,,1,1,1,1,2,2,2
141801,2,65,2,6,1,4,1,1,1,2,,2,2,1,1,1,1,1,2,2,3,2,2,3,2,3,2,2,2,2,2,2,2,2,2,2,2,2,2,2,,,,,,,,,,,,,,,,,,,,,,,,,,,,,,,,,,,,,,,,,,,,,,,,,,,,,,,,,,,,6,2,1,2,,1,1,1,2,1,1,2
141902,1,73,2,4,3,6,2,1,1,2,,1,2,1,1,1,3,1,2,2,3,1,1,1,1,1,1,1,2,2,2,2,2,2,2,2,2,2,2,2,,,,,,,,,,,,,,,,,,,,,,,,,,,,,,,,,,,,,,,,,,,,,,,,,,,,,,,,,,,,6,2,2,2,,2,,1,2,2,2,2
142003,2,46,8,5,2,5,2,1,1,1,2,1,2,1,1,1,2,1,2,2,1,1,1,1,1,1,1,1,2,1,1,,2,2,1,,2,2,2,1,3,2,1,2,90,1,2,2,2,1,1,2,3,,,,,,,,,,,,,,1,2,5,20,1,1,0,1,0,0,0,1,0,1,,,,,,,,1,180,2,,2,3,2,1,2,3,3,1,,1,1,1,2,1,2,1,1,1,1,1
142104,2,61,6,3,5,6,3,1,1,2,,1,2,1,1,1,2,1,2,2,1,1,1,2,1,1,1,1,2,2,2,2,1,,2,2,2,2,1,1,,,,,,,,,,,,,,1,2,120,1,2,2,2,2,2,1,2,2,2,,,,,,,,,,,,,,,,,,,1,15,1,1,60,2,,2,2,1,1,3,3,3,1,,1,2,2,,2,,1,2,2,2,1
142201,2,33,3,3,2,4,1,1,1,1,1,2,2,1,1,2,4,1,2,2,1,1,1,1,1,1,1,1,2,2,2,2,2,2,2,2,2,2,2,1,,,,,,,,,,,,,,,,,,,,,,,,,,,,,,,,,,,,,,,,,,,,,,,,1,10,,,,,,,,,,,3,2,2,1,2,2,,1,9,1,1,2
142302,2,39,3,3,2,3,1,1,1,2,,1,2,1,1,2,3,1,2,2,1,1,1,1,1,1,1,1,2,2,2,2,2,2,2,2,2,2,2,1,,,,,,,,,,,,,,,,,,,,,,,,,,,,,,,,,,,,,,,,,,,,,,,,1,120,,,,,,,,,,,3,2,2,2,,2,,1,1,1,1,1
142403,1,13,3,1,2,3,1,1,1,1,1,1,1,1,1,1,4,1,2,2,1,1,1,1,1,1,1,1,2,2,2,1,2,2,2,2,2,2,2,1,2,2,1,1,15,1,2,2,2,2,1,2,3,,,,,,,,,,,,,,,,,,,,,,,,,,,,,,,,,,,1,15,2,,2,3,2,1,2,3,3,3,,2,1,1,2,2,,1,1,1,1,2
142504,1,43,3,3,3,4,2,1,1,2,,2,2,1,1,2,3,1,2,2,1,1,1,1,1,1,1,1,2,1,2,2,2,2,2,2,2,2,2,1,,,,,,,,,,,,,,,,,,,,,,,,,,,,,,,,,,,,,,,,,,,,,,,,1,10,,,,,,,,,,,3,2,1,2,,1,1,1,9,9,9,9
142702,1,64,2,6,3,4,1,1,1,2,,2,2,1,1,2,3,1,2,2,2,2,1,2,2,1,1,1,2,2,2,1,2,2,1,,2,2,2,1,2,2,1,2,60,1,2,2,2,2,1,2,2,,,,,,,,,,,,,,2,1,7,30,1,1,1,0,0,1,0,0,0,3,,,,,,,,1,60,2,,2,2,2,1,2,3,1,3,,2,2,2,,1,1,1,1,1,1,9
142803,2,89,2,2,1,3,2,1,1,2,,2,2,1,1,2,1,1,2,2,3,1,1,1,2,1,1,1,1,,,,,,,,,,,,,,,,,,,,,,,,,,,,,,,,,,,,,,,,,,,,,,,,,,,,,,,,,,,,,,,,,,,,,,,,,,,,,,,,,,
142904,2,69,3,3,3,5,3,1,1,1,2,1,2,1,1,2,4,1,2,2,1,1,1,1,1,1,1,1,2,1,1,,2,1,2,2,2,1,2,1,1,2,1,3,30,1,2,2,2,2,1,2,2,1,4,15,1,2,2,2,2,2,2,1,2,2,,,,,,,,,,,,,,,5,15,1,2,,,,1,30,2,,2,3,2,1,2,3,3,1,,2,2,2,,2,,1,2,1,2,2
143001,2,24,8,3,3,4,2,1,2,1,1,2,2,1,1,1,4,1,2,2,1,1,1,1,1,1,1,1,2,1,1,,2,2,2,2,1,,2,1,2,1,1,4,350,1,2,2,2,1,1,2,3,,,,,,,,,,,,,,,,,,,,,,,,,,,,3,180,1,2,,,,1,500,1,5,4,4,2,1,2,3,3,3,,2,2,1,2,1,1,1,1,1,1,1
143102,2,44,7,1,2,5,1,1,1,1,1,1,2,1,1,2,3,1,2,2,1,1,1,1,1,1,1,1,2,2,2,2,2,2,2,2,2,2,2,1,,,,,,,,,,,,,,,,,,,,,,,,,,,,,,,,,,,,,,,,,,,,,,,,1,60,,,,,,,,,,,4,2,1,1,1,1,1,1,1,1,1,1
143203,1,52,6,3,3,4,1,1,1,1,1,1,2,1,1,1,4,1,2,2,1,1,1,1,1,1,1,1,2,1,1,,1,,2,2,1,,1,1,3,2,1,3,30,2,1,1,2,1,1,2,3,3,2,20,2,1,2,1,1,2,1,2,2,1,,,,,,,,,,,,,,,5,10,2,1,1,15,2,1,25,2,,4,4,2,1,2,3,3,1,,2,2,2,,2,,1,1,1,1,1
143304,1,42,6,3,3,4,2,1,1,1,2,1,1,1,1,1,4,1,2,2,1,1,1,1,1,1,1,1,2,2,2,2,2,2,2,2,1,,2,1,,,,,,,,,,,,,,,,,,,,,,,,,,,,,,,,,,,,,,,,,2,20,1,2,,,,1,180,2,,4,3,1,1,2,3,3,1,,1,2,1,2,1,1,1,2,1,1,1
143401,1,30,3,3,4,6,2,1,1,1,5,2,2,2,,,3,1,2,2,1,1,1,1,1,1,1,1,2,2,2,2,2,2,2,2,2,2,2,2,,,,,,,,,,,,,,,,,,,,,,,,,,,,,,,,,,,,,,,,,,,,,,,,,,,,,,,,,,,,3,2,1,1,1,2,,1,1,1,1,1
143502,2,17,6,2,3,4,1,1,2,2,,2,2,1,1,2,7,1,2,2,1,1,1,1,2,1,1,1,1,1,1,,1,,1,,2,2,1,1,5,2,1,2,30,2,2,1,2,1,1,2,2,2,2,20,2,2,2,1,1,2,1,1,2,2,2,1,1,10,1,0,1,0,0,1,0,0,0,3,,,,,2,10,1,1,30,2,,2,1,2,1,2,3,1,3,,2,2,1,2,1,1,1,1,1,1,1
143603,1,23,6,3,3,6,1,1,1,2,,2,2,2,,,5,1,2,2,1,1,1,1,1,1,1,1,2,1,2,2,2,2,1,,2,2,2,1,,,,,,,,,,,,,,,,,,,,,,,,,,,2,1,1,180,1,0,0,0,0,1,0,0,0,3,,,,,,,,1,180,2,,2,1,2,1,3,3,3,1,,1,1,2,,1,1,1,1,1,1,1
143704,1,18,3,3,1,3,0,1,2,2,,2,2,1,1,2,3,1,2,2,1,1,1,1,1,1,1,1,2,1,2,2,2,2,1,,2,2,1,1,,,,,,,,,,,,,,,,,,,,,,,,,,,1,2,1,10,1,0,0,0,0,1,0,0,0,1,,,,,1,90,1,1,30,2,,2,3,2,1,2,3,3,1,,1,1,1,1,1,1,1,1,1,1,1
143801,1,24,6,1,1,3,1,2,2,2,,2,2,1,1,2,3,1,2,2,1,1,1,1,1,1,1,1,2,1,1,,1,,2,1,1,,1,1,3,1,2,1,25,1,2,2,1,1,1,2,2,2,2,10,1,1,1,2,2,2,2,2,2,2,1,2,2,5,1,0,0,0,0,0,0,1,0,2,1,15,1,2,3,5,1,1,180,1,6,2,4,1,1,1,3,3,1,,1,1,2,,1,1,1,1,1,1,1
143902,1,24,6,3,2,6,2,1,1,1,2,2,1,1,1,2,5,1,2,2,1,1,1,1,1,1,1,1,2,1,1,,2,1,1,,2,2,2,1,1,2,1,2,30,1,2,1,2,2,2,2,3,12,2,10,1,1,2,2,2,2,2,1,1,2,2,1,1,5,1,0,1,0,0,0,0,0,0,3,,,,,,,,1,120,2,,2,4,2,1,2,3,3,1,,2,2,2,,1,1,1,1,1,1,1
144003,2,53,3,3,2,3,1,1,1,2,,1,2,1,1,2,4,1,2,2,3,1,1,1,1,1,1,1,2,2,2,2,2,2,2,2,2,2,2,1,,,,,,,,,,,,,,,,,,,,,,,,,,,,,,,,,,,,,,,,,,,,,,,,2,30,,,,,,,,,,,4,2,2,2,,2,,1,2,1,2,2
144104,1,57,6,3,1,3,1,1,1,2,,2,2,2,,,1,1,2,2,1,1,1,1,1,1,1,1,2,1,1,,2,2,2,2,2,2,2,1,4,2,1,1,60,1,2,2,1,1,1,2,3,,,,,,,,,,,,,,,,,,,,,,,,,,,,,,,,,,,1,300,1,6,4,4,2,1,3,3,3,1,,1,1,2,,1,2,1,1,1,1,1
144201,2,25,6,3,2,3,1,1,1,2,,2,2,1,1,1,2,1,2,2,1,1,1,1,1,1,1,1,2,2,2,2,2,2,2,2,2,2,2,1,,,,,,,,,,,,,,,,,,,,,,,,,,,,,,,,,,,,,,,,,,,,,,,,2,20,,,,,,,,,,,1,2,2,2,,1,1,1,2,2,1,2
144302,1,40,3,3,2,3,1,1,1,1,1,2,2,1,1,1,5,1,2,2,1,1,1,1,1,1,1,1,2,1,2,1,1,,1,,1,,1,1,4,1,1,1,40,1,1,2,1,2,1,2,1,10,1,20,1,1,1,2,1,1,1,1,1,2,2,1,4,15,1,1,1,0,0,0,1,0,0,3,2,20,1,2,1,15,1,1,180,1,3,2,4,1,1,1,3,3,1,,2,1,1,1,1,1,1,1,1,1,1
144403,1,26,3,3,2,3,1,1,1,2,,2,2,1,1,2,3,1,2,2,1,1,1,1,1,1,1,1,2,1,1,,2,2,2,2,2,2,1,1,2,2,1,2,90,2,2,2,1,2,1,2,4,,,,,,,,,,,,,,,,,,,,,,,,,,,,,,,,2,120,1,1,240,1,6,3,3,2,1,1,3,3,1,,1,1,1,2,1,1,1,1,1,1,1
144504,1,48,7,1,1,3,1,1,1,1,1,2,1,1,1,1,2,1,2,2,1,1,1,1,1,1,1,1,2,1,2,1,1,,2,1,2,2,1,1,4,1,2,3,30,2,1,1,2,2,1,2,1,2,2,30,1,1,1,1,1,2,1,1,1,2,1,2,3,10,1,0,0,0,1,0,0,0,0,1,,,,,2,20,1,1,60,2,,3,4,2,1,2,3,3,1,,1,1,1,2,1,1,1,1,1,1,1
144601,1,32,3,3,2,3,0,1,1,2,,2,2,2,,,5,1,2,2,1,1,1,1,1,1,1,1,2,1,1,,2,2,2,2,2,2,2,1,4,2,1,2,120,1,2,2,1,1,1,2,3,,,,,,,,,,,,,,,,,,,,,,,,,,,,,,,,,,,1,60,2,,3,3,1,2,2,3,3,1,,2,2,2,,2,,1,2,2,2,2
144702,1,14,3,2,3,4,1,1,1,1,1,1,2,1,1,1,4,1,2,2,2,1,1,1,1,1,1,1,2,2,2,1,2,2,2,2,2,2,1,1,2,2,1,2,60,1,2,2,1,1,2,2,3,,,,,,,,,,,,,,,,,,,,,,,,,,,,,,,,2,15,2,2,30,2,,3,3,2,2,2,3,3,1,,2,1,2,,1,1,1,1,1,1,2
144803,1,19,2,6,2,6,3,1,1,1,1,2,2,2,,,4,1,2,2,1,1,1,1,1,1,1,1,2,2,2,2,1,,1,,2,2,1,1,,,,,,,,,,,,,,1,5,5,1,1,2,2,2,2,2,2,2,2,2,1,3,10,1,0,1,0,0,1,0,1,0,3,,,,,1,60,1,1,180,1,6,4,4,2,1,2,3,3,1,,2,1,2,,2,,1,1,1,1,2
145001,1,57,8,3,2,3,1,1,2,2,,1,2,1,1,1,1,1,2,2,2,1,1,1,1,1,1,1,2,1,1,,1,,2,2,2,2,1,1,2,2,1,1,120,1,2,2,1,1,2,2,4,15,2,60,1,1,2,2,1,2,1,1,2,2,,,,,,,,,,,,,,,,,,,1,120,1,1,60,1,6,3,3,1,1,2,3,3,1,,1,1,1,2,1,3,1,1,1,1,1
145102,2,55,6,3,2,4,2,1,1,1,2,1,2,1,1,2,3,1,2,2,1,1,1,1,2,1,1,1,2,2,2,1,2,2,2,2,2,2,2,1,2,2,1,5,5,2,1,2,1,2,2,2,2,,,,,,,,,,,,,,,,,,,,,,,,,,,,,,,,,,,2,10,1,6,1,1,2,2,3,1,1,3,,2,2,2,,1,2,1,2,1,2,2
145203,2,35,8,1,1,2,1,1,1,1,1,1,2,1,1,1,1,1,2,2,2,1,1,1,1,1,1,1,2,1,1,,2,1,2,2,2,2,1,1,5,1,1,1,45,2,2,1,1,2,2,2,4,2,3,30,2,2,2,2,1,2,1,2,2,2,,,,,,,,,,,,,,,,,,,2,45,2,1,120,2,,2,3,1,1,1,3,3,1,,1,1,2,,1,5,1,1,1,1,1
145304,2,34,8,5,2,4,2,1,1,1,2,1,2,1,1,1,3,1,2,2,1,1,1,1,1,1,1,1,2,1,1,,1,,1,,2,2,1,1,3,1,1,2,45,1,2,1,2,1,1,2,3,3,2,45,1,2,2,1,1,2,2,1,2,2,1,2,5,30,1,1,0,1,1,1,0,1,0,1,,,,,1,15,1,1,45,1,3,3,3,2,1,2,3,3,1,,1,1,1,1,1,3,1,1,1,1,1
145401,2,25,6,3,3,4,2,1,1,1,1,1,2,1,1,1,5,1,2,2,2,1,1,1,1,1,1,1,2,1,1,,2,2,2,2,2,2,1,1,3,1,2,2,180,2,2,1,2,2,2,2,3,,,,,,,,,,,,,,,,,,,,,,,,,,,,,,,,2,30,1,1,30,1,5,2,2,1,1,1,3,1,1,,2,2,2,,1,1,1,1,1,1,1
145502,2,35,2,6,2,3,1,1,1,2,,2,2,1,1,2,4,1,2,2,2,1,1,1,1,1,1,1,1,1,2,2,1,,1,,1,,2,1,,,,,,,,,,,,,,2,4,60,1,1,2,1,1,1,2,1,1,2,1,1,2,15,2,0,0,1,0,1,0,1,0,3,1,60,1,1,,,,1,10,1,8,2,2,2,1,1,3,3,1,,1,1,2,,2,,1,1,1,1,1
145603,1,15,3,3,4,6,0,1,1,1,1,2,2,1,1,2,12,2,2,2,1,1,1,1,1,1,1,1,2,1,2,2,2,2,1,,2,2,2,1,,,,,,,,,,,,,,,,,,,,,,,,,,,1,2,3,15,1,0,1,0,0,1,0,0,0,1,,,,,,,,1,60,2,,2,2,2,1,1,3,3,1,,2,1,1,2,2,,1,2,2,1,2
145704,1,21,3,3,3,5,0,1,1,1,1,2,2,1,1,1,4,1,2,2,2,1,1,1,2,1,1,1,2,1,1,,1,,2,2,2,2,1,1,2,2,1,2,120,1,2,2,2,1,2,2,3,1,3,20,1,2,2,2,1,2,2,2,2,2,,,,,,,,,,,,,,,,,,,1,60,1,1,60,1,3,1,1,2,1,3,3,3,1,,1,1,1,2,1,1,1,1,1,1,1
145801,2,14,3,2,1,2,1,1,1,2,,2,1,1,1,2,5,1,2,2,1,1,1,1,1,1,1,1,2,1,2,2,2,2,2,2,2,2,2,1,,,,,,,,,,,,,,,,,,,,,,,,,,,,,,,,,,,,,,,,,,,,,,,,5,120,,,,,,,,,,,3,2,1,2,,1,1,1,1,9,9,2
145902,1,35,6,1,2,2,1,1,1,1,1,2,1,1,1,1,3,1,2,2,1,1,1,1,1,1,1,1,2,1,1,,2,2,2,1,2,2,1,2,1,2,1,1,240,1,2,2,2,2,1,2,3,,,,,,,,,,,,,,1,2,1,15,1,0,0,0,0,0,0,1,0,3,,,,,1,120,1,,,2,,2,4,2,1,1,3,3,1,,2,1,1,1,1,1,1,2,1,1,1
146003,1,42,7,3,3,4,1,1,1,2,,1,2,1,1,2,5,1,2,2,3,1,1,1,1,1,1,1,2,2,2,1,2,2,2,2,2,2,2,1,3,2,1,2,40,2,2,1,1,2,2,2,2,,,,,,,,,,,,,,,,,,,,,,,,,,,,,,,,,,,1,240,2,,1,3,2,1,2,3,3,1,,2,2,2,,2,,1,2,2,2,2
146104,2,47,6,1,2,3,1,1,1,2,,2,2,2,,,3,1,2,2,1,1,1,1,1,1,1,1,2,1,2,2,2,2,2,2,2,2,1,1,,,,,,,,,,,,,,,,,,,,,,,,,,,,,,,,,,,,,,,,,,,,,5,15,1,5,15,2,,4,2,2,2,3,3,3,1,,2,1,1,1,1,1,1,2,1,1,9
146201,1,57,3,3,5,12,2,1,1,1,4,1,2,1,1,2,8,2,2,2,1,1,1,1,1,1,1,1,2,2,2,2,2,2,2,2,2,2,1,1,,,,,,,,,,,,,,,,,,,,,,,,,,,,,,,,,,,,,,,,,,,,,1,60,1,1,60,1,3,3,4,2,1,2,3,3,1,,2,2,2,,1,1,1,1,1,1,1
146302,1,27,3,3,2,4,1,1,1,1,1,2,1,1,1,1,5,1,2,2,1,1,1,1,1,1,1,1,2,2,2,1,2,2,2,2,1,,2,1,1,2,1,5,60,1,2,2,2,1,2,2,2,,,,,,,,,,,,,,,,,,,,,,,,,,,,5,20,2,1,,,,5,20,1,5,2,2,2,1,2,3,3,1,,1,1,1,2,1,1,1,1,1,1,1
146403,2,19,6,2,3,5,1,1,1,2,,1,1,1,1,1,4,1,2,2,1,1,1,1,1,1,1,1,2,1,1,,2,2,2,2,1,,1,1,6,2,1,2,60,1,2,1,1,1,1,2,2,,,,,,,,,,,,,,,,,,,,,,,,,,,,3,30,1,2,1,90,1,1,180,1,3,3,3,2,1,1,3,3,1,,1,1,1,2,1,1,1,1,1,1,1
146504,2,36,2,6,4,6,2,1,1,2,,2,2,1,1,2,7,2,2,2,1,1,1,1,1,1,1,1,2,1,2,2,2,2,2,2,2,2,1,1,,,,,,,,,,,,,,,,,,,,,,,,,,,,,,,,,,,,,,,,,,,,,5,60,1,5,360,1,8,2,2,2,2,3,3,3,1,,2,2,1,2,2,,1,1,1,1,1
146601,1,49,2,3,2,4,2,1,1,1,2,2,2,1,1,1,8,2,2,2,1,1,1,1,2,1,1,1,2,2,2,2,2,2,2,2,2,2,2,2,,,,,,,,,,,,,,,,,,,,,,,,,,,,,,,,,,,,,,,,,,,,,,,,,,,,,,,,,,,,3,2,2,2,,2,,1,2,1,1,2
146702,2,24,3,3,5,6,1,1,1,1,1,2,2,2,,,5,1,2,2,1,1,1,1,2,1,2,1,2,2,2,2,2,2,2,2,2,2,2,1,,,,,,,,,,,,,,,,,,,,,,,,,,,,,,,,,,,,,,,,,,,,,,,,1,120,,,,,,,,,,,3,2,1,2,,1,1,1,2,1,1,2
146803,2,40,3,3,2,4,1,1,1,2,,2,2,1,1,2,5,1,2,2,1,1,1,1,1,1,1,1,2,2,2,1,1,,2,2,2,2,2,1,2,2,1,3,25,1,1,1,1,1,1,2,2,3,2,25,1,1,1,1,1,2,1,1,1,2,,,,,,,,,,,,,,,,,,,,,,1,30,2,,2,3,2,1,1,3,3,1,,2,2,2,,1,1,1,1,1,1,1
146904,1,59,2,3,2,4,1,1,1,1,1,2,2,1,1,2,4,1,2,2,1,1,1,1,1,1,1,1,2,1,2,2,2,2,2,2,2,2,2,2,,,,,,,,,,,,,,,,,,,,,,,,,,,,,,,,,,,,,,,,,,,,,,,,,,,,,,,,,,,,7,2,2,2,,2,,1,2,2,2,2
147001,1,26,6,2,3,4,1,2,2,2,,1,2,1,1,1,3,1,2,2,1,1,1,1,2,1,1,1,2,1,2,1,1,,2,2,1,,2,1,4,1,2,3,30,2,1,1,2,2,2,2,1,2,4,45,1,2,2,2,2,2,2,1,1,2,,,,,,,,,,,,,,,3,45,1,2,,,,1,120,1,5,3,3,1,1,2,3,3,1,,2,1,1,2,1,1,1,9,2,1,1
147102,2,43,3,3,2,4,1,1,1,2,,2,2,1,1,2,4,1,2,2,1,1,1,2,1,1,1,2,2,1,2,2,1,,1,,2,2,1,1,,,,,,,,,,,,,,2,3,10,1,2,2,2,1,2,2,1,1,2,1,2,3,10,1,0,0,0,0,0,0,1,0,1,,,,,2,15,1,1,30,2,,3,3,2,1,2,3,3,1,,2,2,2,,1,1,1,1,1,1,1
147203,2,25,8,4,3,4,1,1,1,2,,1,1,1,1,1,4,1,2,2,2,1,1,1,1,1,1,1,2,1,1,,1,,1,,1,,1,1,5,1,1,3,60,2,1,1,1,1,1,2,1,1,1,45,1,2,2,1,1,2,2,2,2,2,1,2,7,30,1,1,0,1,1,1,0,1,0,1,1,60,1,2,1,45,1,1,60,1,3,4,3,1,1,3,3,3,2,,1,1,1,2,1,2,1,1,1,1,1
147401,2,69,3,3,3,4,1,1,1,2,,2,2,1,1,1,1,1,2,2,2,1,2,2,2,1,1,1,2,2,2,2,2,2,2,2,2,2,2,1,,,,,,,,,,,,,,,,,,,,,,,,,,,,,,,,,,,,,,,,,,,,,,,,1,120,,,,,,,,,,,1,2,2,2,,2,,1,1,2,2,2
147502,1,72,8,7,3,5,2,1,1,2,,1,2,1,1,1,3,1,2,2,2,1,1,1,1,1,1,1,2,1,1,,1,,1,,2,2,1,1,4,1,1,1,30,1,1,1,1,1,1,2,3,3,2,30,1,2,2,2,1,1,2,1,2,2,1,2,7,30,1,1,1,0,0,0,0,1,0,1,,,,,1,30,1,1,20,1,5,2,4,2,1,2,3,3,1,,2,1,2,,1,1,1,2,9,9,2
147603,1,52,3,3,3,4,1,1,1,2,,1,2,1,1,1,4,1,2,2,2,1,1,1,2,1,1,1,2,1,1,,1,,1,,2,2,1,1,2,1,1,2,30,1,2,2,1,2,1,2,1,3,2,15,1,2,2,2,2,1,2,1,2,2,1,2,7,5,1,0,0,0,0,1,0,1,0,1,,,,,2,60,1,1,45,2,,3,3,1,1,1,3,3,1,,2,2,2,,2,,1,2,2,2,1
147704,2,43,3,3,4,6,2,1,1,2,,2,2,1,1,2,5,2,2,2,1,1,1,2,1,1,1,1,2,2,2,2,2,2,2,2,2,2,2,1,,,,,,,,,,,,,,,,,,,,,,,,,,,,,,,,,,,,,,,,,,,,,,,,1,60,,,,,,,,,,,2,2,1,1,1,1,1,1,1,1,1,9
147801,2,52,8,5,2,4,1,1,1,1,1,1,2,1,1,1,4,1,2,2,1,1,1,2,1,1,1,1,2,1,1,,2,1,1,,2,1,1,1,5,2,1,1,60,1,1,1,1,1,1,2,2,1,2,30,1,2,2,1,2,2,2,2,2,2,1,2,2,30,1,1,0,0,0,0,1,1,0,1,2,60,2,1,2,60,1,1,60,1,5,3,4,1,1,1,3,3,1,,1,1,1,2,1,2,1,1,1,1,1
147902,2,53,3,3,4,5,2,1,1,2,,2,2,1,1,1,5,1,2,2,2,1,3,3,2,1,1,1,2,1,1,,2,2,2,2,2,2,1,1,1,2,1,2,60,1,2,2,1,2,1,2,2,,,,,,,,,,,,,,,,,,,,,,,,,,,,,,,,2,30,1,1,120,2,,2,3,2,1,2,3,3,1,,2,1,2,,1,1,1,2,1,1,2
148003,2,68,0,,3,4,1,1,1,2,,2,2,1,1,2,3,1,2,2,1,2,2,2,3,1,1,1,2,,,,,,,,,,,,,,,,,,,,,,,,,,,,,,,,,,,,,,,,,,,,,,,,,,,,,,,,,,,,,,,,,,,,,,,,,,,,,,,,,,
148201,2,30,6,3,1,4,1,1,1,1,1,2,2,1,1,2,4,1,2,2,1,1,1,1,1,1,1,1,2,1,2,2,1,,2,2,2,2,1,1,,,,,,,,,,,,,,2,3,20,1,2,2,1,2,2,2,1,2,2,,,,,,,,,,,,,,,,,,,2,10,1,1,60,2,,2,4,2,1,1,3,3,1,,2,2,2,,1,1,1,1,1,1,1
148302,1,18,6,3,2,3,1,1,2,2,,2,2,2,,,3,1,2,2,2,1,1,1,2,1,1,2,2,2,2,2,2,2,2,2,2,2,2,1,,,,,,,,,,,,,,,,,,,,,,,,,,,,,,,,,,,,,,,,,,,,,,,,1,120,,,,,,,,,,,1,2,1,2,,1,1,1,1,1,2,2
148403,1,66,8,5,4,5,1,1,1,2,,2,2,2,,,4,1,2,2,2,1,1,2,2,1,1,2,2,1,1,,2,2,1,,2,2,2,2,2,2,1,5,60,1,2,2,1,2,2,2,2,,,,,,,,,,,,,,2,1,3,60,1,1,1,1,1,1,1,1,0,3,,,,,,,,,,2,,2,3,2,2,3,3,3,1,,2,2,2,,2,,1,2,2,2,2
148504,2,75,2,4,1,3,2,1,1,1,1,2,2,1,1,2,2,1,2,2,2,1,2,2,2,1,1,1,2,2,1,,2,2,2,2,2,2,2,2,2,2,1,2,30,1,2,2,1,2,2,2,3,,,,,,,,,,,,,,,,,,,,,,,,,,,,,,,,,,,,,2,,1,2,1,2,3,3,1,1,,2,2,2,,2,,1,2,1,1,2
148601,2,29,10,2,2,6,2,1,1,1,1,1,2,1,1,1,3,1,2,2,1,1,1,1,1,1,1,1,2,1,1,,1,,2,1,2,2,1,1,4,1,1,2,60,2,1,1,1,2,2,2,1,1,4,30,1,2,2,2,2,2,2,2,1,2,1,2,1,5,1,0,0,0,0,0,0,0,1,1,,,,,2,60,1,1,120,2,,2,3,2,1,2,3,2,1,,2,1,1,2,1,1,1,1,1,9,9
148702,2,27,8,4,4,6,1,1,1,1,4,1,2,1,1,2,4,1,2,2,1,1,1,1,1,1,1,1,2,1,1,,2,2,2,2,2,2,1,1,12,2,1,3,120,1,2,1,1,1,1,2,3,,,,,,,,,,,,,,,,,,,,,,,,,,,,,,,,1,5,2,1,300,1,6,2,4,2,1,2,3,3,1,,2,1,1,1,1,5,1,1,1,1,2
148803,2,65,2,3,1,4,2,1,1,2,,2,2,2,,,1,1,2,2,2,2,2,3,2,3,1,2,1,1,2,2,1,,2,2,2,2,2,2,,,,,,,,,,,,,,3,1,60,1,2,2,2,2,1,2,2,2,2,,,,,,,,,,,,,,,,,,,,,,,,2,,1,3,1,2,3,3,3,3,,2,1,1,2,1,1,1,1,1,1,1
148904,2,54,3,3,6,10,1,1,1,2,,1,2,1,1,2,13,2,2,2,1,1,1,1,1,1,1,1,1,2,2,2,2,2,2,2,2,2,2,1,,,,,,,,,,,,,,,,,,,,,,,,,,,,,,,,,,,,,,,,,,,,,,,,1,20,,,,,,,,,,,4,2,2,2,,2,,1,2,1,2,2
149001,1,32,8,5,2,4,1,1,1,1,1,2,2,2,,,3,1,2,2,1,1,1,1,1,1,1,1,2,1,2,1,1,,1,,1,,1,1,3,2,1,3,10,2,2,2,2,2,2,1,2,1,2,20,1,2,2,2,2,2,2,2,1,2,2,1,1,10,1,0,1,1,1,1,0,1,0,3,5,30,1,2,2,60,1,1,120,2,,4,4,2,1,1,3,3,1,,1,2,1,2,1,1,1,1,2,1,1
149102,2,28,8,5,1,3,1,1,1,1,2,2,1,1,1,1,3,1,2,2,2,1,1,1,1,1,1,1,2,1,2,1,1,,1,,2,2,1,1,2,1,2,3,30,2,1,2,1,2,2,2,1,3,4,30,2,2,2,2,1,2,1,2,2,2,1,2,5,20,1,0,0,1,0,1,0,1,0,1,,,,,2,30,1,1,120,1,6,2,3,2,1,3,3,3,1,,1,1,1,1,1,1,1,1,1,1,1
149203,1,15,3,3,2,3,1,2,2,2,,2,2,2,,,3,1,2,2,1,1,1,1,2,1,1,1,2,2,2,2,2,2,2,2,2,2,2,1,,,,,,,,,,,,,,,,,,,,,,,,,,,,,,,,,,,,,,,,,,,,,,,,1,25,,,,,,,,,,,1,1,1,1,2,1,1,1,2,1,2,1
149304,2,22,3,3,2,3,1,1,1,1,1,2,1,1,1,2,4,1,2,2,1,1,1,1,2,1,1,1,2,2,2,2,2,2,2,2,2,2,2,1,,,,,,,,,,,,,,,,,,,,,,,,,,,,,,,,,,,,,,,,,,,,,,,,1,120,,,,,,,,,,,1,2,2,2,,1,1,1,2,1,1,2
149401,1,14,3,1,2,3,1,1,1,2,,2,2,2,,,2,1,2,2,2,1,1,2,2,1,2,1,2,1,2,1,2,2,2,2,2,2,1,1,5,1,2,3,30,1,2,2,2,1,1,2,1,,,,,,,,,,,,,,,,,,,,,,,,,,,,,,,,2,10,1,1,30,1,3,2,3,2,1,2,3,1,1,,2,2,1,2,2,,1,1,1,1,2
149502,1,30,6,3,3,3,1,1,1,2,,1,1,1,1,1,4,1,2,2,1,1,1,1,1,1,1,1,2,1,1,,1,,2,1,1,,1,1,3,1,2,2,120,1,2,2,2,1,2,2,4,2,4,120,1,1,2,2,2,2,1,1,1,2,1,2,2,60,1,0,1,0,0,1,0,1,0,3,5,120,2,1,1,120,1,1,120,2,,3,1,1,1,1,3,3,1,,1,1,1,1,1,1,1,1,1,1,1
149603,2,14,3,1,2,4,1,1,1,2,,2,2,1,1,1,5,1,2,2,1,1,1,1,2,1,1,1,2,1,1,,2,2,1,,1,,1,1,4,1,1,2,180,1,2,1,2,1,1,2,3,,,,,,,,,,,,,,2,1,1,30,2,0,0,0,1,1,0,0,0,2,2,180,1,1,2,120,1,1,120,1,5,2,4,1,1,1,3,3,1,,2,2,2,,1,1,1,1,9,1,1
149704,1,46,3,2,2,5,1,1,1,2,,2,2,1,1,2,2,1,2,2,1,1,1,1,1,1,1,1,2,1,1,,2,2,2,2,2,2,2,1,2,2,1,1,150,1,2,2,2,1,2,2,2,,,,,,,,,,,,,,,,,,,,,,,,,,,,,,,,,,,5,60,2,,2,3,2,1,3,3,3,1,,2,1,2,,1,1,1,2,1,2,2
149801,1,44,2,6,4,6,2,1,1,1,2,2,1,1,1,2,4,1,2,2,1,1,1,1,1,1,1,1,2,2,2,2,1,,1,,2,2,2,1,,,,,,,,,,,,,,3,2,40,1,1,2,1,2,2,2,2,1,2,2,1,6,60,1,1,1,1,0,0,0,1,0,3,,,,,,,,1,120,2,,2,3,2,2,2,3,3,1,,2,1,1,2,1,1,1,2,1,1,2
149902,1,37,6,3,1,3,1,1,2,1,3,1,1,1,1,2,1,1,2,2,1,1,1,1,1,1,1,1,2,2,2,2,2,2,2,2,2,2,2,1,,,,,,,,,,,,,,,,,,,,,,,,,,,,,,,,,,,,,,,,,,,,,,,,1,120,,,,,,,,,,,3,2,2,2,,1,1,1,1,1,1,1
150003,1,22,8,1,2,3,1,1,2,2,,2,1,1,1,2,1,1,2,2,1,1,1,1,1,1,1,1,2,1,1,,2,1,2,2,1,,1,1,2,2,1,2,60,1,2,2,2,1,1,2,3,5,2,20,1,1,2,2,2,2,1,1,2,2,,,,,,,,,,,,,,,3,60,1,2,1,30,1,1,30,1,3,3,4,1,1,1,3,3,1,,2,1,2,,2,,1,2,2,2,2
150104,2,28,3,3,2,3,1,1,1,2,,2,2,1,1,1,3,1,2,2,1,1,1,1,1,1,1,1,2,1,2,2,2,2,2,2,2,2,2,2,,,,,,,,,,,,,,,,,,,,,,,,,,,,,,,,,,,,,,,,,,,,,,,,,,,,,,,,,,,,3,2,2,2,,2,,1,1,1,1,1
150201,1,17,6,1,2,3,1,1,1,1,1,1,1,1,1,1,3,1,2,2,1,1,1,1,1,1,1,1,2,2,2,2,2,2,2,2,2,2,2,1,,,,,,,,,,,,,,,,,,,,,,,,,,,,,,,,,,,,,,,,,,,,,,,,1,120,,,,,,,,,,,1,2,2,2,,2,,1,1,1,1,2
150302,1,54,3,3,2,3,1,1,1,1,1,2,2,1,1,1,2,1,2,2,1,1,1,1,1,1,1,1,1,1,2,1,2,2,2,1,2,2,2,1,12,1,1,1,20,2,1,2,1,2,2,2,1,,,,,,,,,,,,,,1,2,3,20,1,1,1,0,0,0,0,1,0,1,,,,,,,,1,40,2,,2,3,2,2,2,3,3,1,,2,1,1,2,1,1,1,1,1,1,2
150403,2,31,2,6,2,4,1,1,1,2,,2,2,1,1,2,3,1,2,2,1,1,1,1,2,1,1,1,2,1,1,,2,2,2,1,2,2,2,1,10,2,1,2,30,1,2,1,2,2,1,2,3,,,,,,,,,,,,,,1,2,7,5,2,0,0,0,0,1,0,0,0,1,,,,,,,,1,90,1,5,4,3,2,1,1,3,3,1,,2,2,2,,2,,1,2,1,1,1
150504,2,36,3,3,2,3,1,1,1,2,,2,2,2,,,5,1,2,2,1,1,1,1,1,1,1,1,2,1,2,2,1,,1,,2,2,2,1,,,,,,,,,,,,,,3,3,45,2,2,2,1,2,2,2,1,2,2,1,2,4,30,1,0,0,1,0,1,0,1,0,1,,,,,,,,1,60,2,,2,2,2,1,2,3,1,1,,2,2,1,2,1,1,1,2,2,1,1
150601,1,53,3,3,3,4,2,1,1,1,1,2,2,1,1,2,3,1,2,2,2,1,1,1,1,1,1,1,2,1,1,,2,1,2,1,2,2,1,1,1,1,2,5,30,1,2,2,2,1,2,2,1,10,2,60,1,1,1,2,1,2,1,1,1,2,1,2,1,15,1,1,1,1,0,1,1,1,0,1,,,,,2,15,1,1,20,2,,3,3,2,1,2,3,3,1,,2,1,2,,2,,1,1,1,1,1
150702,2,67,0,,3,3,0,1,1,2,,2,2,2,,,6,2,2,2,2,1,1,1,1,1,1,1,2,,,,,,,,,,,,,,,,,,,,,,,,,,,,,,,,,,,,,,,,,,,,,,,,,,,,,,,,,,,,,,,,,,,,,,,,,,,,,,,,,,
150803,1,43,3,3,2,4,1,1,1,1,1,1,2,2,,,4,1,2,2,1,1,1,1,1,1,1,1,2,1,1,,2,2,2,2,2,2,2,1,1,1,2,1,120,2,2,2,1,2,2,2,1,,,,,,,,,,,,,,,,,,,,,,,,,,,,,,,,,,,1,480,1,6,3,3,1,1,1,3,3,1,,2,1,1,2,1,1,1,1,1,1,1
150904,1,61,2,2,2,4,1,1,1,2,,2,2,1,1,2,5,1,2,2,3,1,1,1,1,1,1,1,2,2,2,2,2,2,2,2,2,2,2,2,,,,,,,,,,,,,,,,,,,,,,,,,,,,,,,,,,,,,,,,,,,,,,,,,,,,,,,,,,,,3,2,2,2,,2,,1,2,2,2,2
151102,1,67,8,4,2,4,1,1,1,1,1,2,2,1,1,2,3,1,2,2,2,2,1,1,1,1,1,1,2,2,2,2,1,,2,2,2,2,2,2,,,,,,,,,,,,,,1,2,60,1,1,2,2,2,2,2,1,2,2,,,,,,,,,,,,,,,,,,,,,,,,2,,3,3,1,2,3,3,3,1,,2,1,1,1,1,2,1,2,2,2,2
151203,1,47,8,5,3,4,1,1,1,1,1,1,2,2,,,4,1,2,2,1,1,1,1,1,1,1,1,2,1,1,,2,2,2,2,2,2,2,1,2,1,2,3,20,1,2,2,1,2,2,2,1,,,,,,,,,,,,,,,,,,,,,,,,,,,,,,,,,,,1,60,2,,2,3,2,1,3,3,3,1,,2,2,2,,1,1,1,1,1,1,1
151304,2,48,8,5,2,3,1,1,1,1,1,1,1,1,1,1,2,1,2,2,1,1,1,1,1,1,1,1,2,1,1,,2,2,1,,2,2,1,1,2,2,1,2,30,2,2,1,1,2,2,2,3,,,,,,,,,,,,,,1,2,5,15,2,0,0,0,0,0,1,0,0,1,,,,,2,15,1,1,120,2,,2,3,1,1,2,3,3,1,,1,2,1,2,1,2,1,1,1,1,1
151502,2,34,8,3,2,3,1,1,1,1,1,1,2,1,1,2,2,1,2,2,1,1,1,1,1,1,1,1,2,1,1,,2,1,1,,2,2,1,1,3,1,1,2,120,1,2,2,2,1,2,2,1,12,2,60,1,2,2,1,2,2,2,1,2,2,1,2,3,60,1,0,0,0,1,0,0,1,0,1,,,,,2,120,1,1,30,1,6,2,3,2,1,2,3,3,1,,1,1,1,2,1,1,1,1,1,1,1
151603,2,65,3,3,3,4,1,1,1,1,1,2,1,1,1,1,3,1,2,2,1,1,1,1,1,1,1,1,2,1,1,,1,,2,2,1,,2,1,4,2,1,2,120,1,2,2,1,1,1,2,2,2,2,20,1,2,2,2,1,1,2,1,2,2,,,,,,,,,,,,,,,2,15,2,1,,,,1,60,2,,2,3,2,2,2,3,3,1,,2,2,2,,2,,1,9,1,1,1
151704,1,80,8,4,2,3,1,1,1,1,1,1,2,1,1,1,2,1,2,2,1,1,1,3,1,2,1,1,2,2,2,2,1,,2,2,2,2,2,1,,,,,,,,,,,,,,3,1,10,1,2,2,2,2,2,2,2,1,2,,,,,,,,,,,,,,,,,,,,,,2,10,2,,1,3,2,1,3,3,2,1,,1,1,2,,1,3,1,2,2,1,2
151801,2,27,3,3,1,1,1,1,1,1,1,2,2,1,1,2,5,1,2,2,1,1,1,1,1,1,1,1,2,2,2,2,1,,2,2,2,2,2,1,,,,,,,,,,,,,,2,2,15,1,2,2,1,2,2,2,2,2,2,,,,,,,,,,,,,,,,,,,,,,1,120,1,8,2,3,2,1,3,3,3,1,,2,1,2,,2,,1,1,1,1,1
151902,1,25,3,2,2,3,1,1,1,1,1,2,1,1,1,2,4,1,2,2,1,1,1,1,1,1,1,1,2,1,2,1,1,,1,,2,2,1,1,5,1,1,2,20,1,2,2,1,1,1,2,1,3,2,60,1,2,2,2,2,1,2,2,2,2,1,2,2,30,1,0,0,0,0,0,0,0,1,1,,,,,2,30,1,1,60,1,6,3,3,2,1,1,3,3,1,,2,2,2,,2,,1,1,1,1,1
152003,2,22,3,3,1,2,1,1,2,2,,2,2,1,1,2,2,1,2,2,2,1,1,1,1,1,1,1,2,2,2,2,2,2,2,2,2,2,2,1,,,,,,,,,,,,,,,,,,,,,,,,,,,,,,,,,,,,,,,,,,,,,,,,1,120,,,,,,,,,,,1,2,2,2,,1,1,1,2,2,2,2
152104,2,38,2,6,1,1,1,1,1,1,1,2,2,1,1,2,5,2,2,2,1,1,1,1,1,1,1,1,1,1,2,2,2,2,2,2,2,2,1,1,,,,,,,,,,,,,,,,,,,,,,,,,,,,,,,,,,,,,,,,,,,,,1,90,1,1,60,2,,2,4,2,1,3,3,3,1,,2,1,1,2,2,,1,1,1,1,2
152201,1,42,3,3,7,9,2,1,1,2,,1,1,1,1,1,7,2,2,2,1,1,1,2,1,2,1,1,2,1,2,1,2,1,2,2,2,1,1,1,2,2,1,3,15,2,1,2,1,1,2,2,1,1,1,15,1,2,1,2,2,2,2,1,2,2,,,,,,,,,,,,,,,2,15,1,2,1,15,1,1,30,2,,2,3,1,1,2,3,3,1,,2,2,1,2,2,,1,1,1,1,1
152302,1,57,8,4,2,4,2,1,1,1,2,1,2,1,1,2,3,1,1,2,2,1,1,1,1,1,1,1,1,1,1,,2,2,2,2,2,2,1,1,3,1,2,2,120,2,2,1,2,2,2,2,1,,,,,,,,,,,,,,,,,,,,,,,,,,,,,,,,2,45,2,1,80,2,,3,3,2,1,1,3,3,1,,2,1,1,2,1,2,1,1,1,1,2
152403,1,45,8,3,4,5,1,1,1,1,1,1,2,1,1,2,4,1,2,2,1,1,1,1,1,1,1,1,2,2,2,1,1,,1,,2,1,1,1,1,2,1,2,30,1,2,1,2,2,2,2,3,2,3,30,1,1,2,2,2,2,2,2,1,2,2,1,2,30,1,0,1,0,1,1,0,1,0,3,3,60,2,1,2,30,1,1,60,2,,2,3,2,1,2,3,3,1,,1,2,2,,1,2,1,1,1,1,1
152504,1,21,6,2,3,4,2,1,1,2,,1,1,1,1,2,4,1,2,2,1,1,1,1,1,1,1,1,2,1,1,,1,,1,,1,,1,1,1,1,2,2,60,1,2,2,2,2,1,2,1,1,3,45,1,2,2,2,2,2,1,2,2,2,2,1,2,20,1,0,0,1,0,0,0,1,0,3,2,60,2,1,1,60,1,1,30,2,,2,3,2,1,2,3,3,1,,1,2,2,,1,1,1,1,1,1,1
152601,2,26,6,2,2,3,1,1,1,1,1,2,2,1,1,1,4,1,2,2,1,1,1,1,1,1,1,1,2,1,2,1,2,2,2,2,2,2,1,1,30,1,2,4,180,2,2,2,2,2,2,1,1,,,,,,,,,,,,,,,,,,,,,,,,,,,,,,,,5,20,1,1,240,1,3,2,3,2,1,1,3,3,1,,2,2,2,,2,,1,1,1,1,2
152702,1,81,3,3,4,5,1,1,1,1,1,2,2,1,1,1,3,1,2,2,1,1,2,2,2,1,1,1,2,1,2,2,2,2,1,,2,2,2,1,,,,,,,,,,,,,,,,,,,,,,,,,,,2,1,4,30,1,1,0,1,1,0,1,1,0,3,,,,,,,,1,90,1,3,2,3,1,2,3,3,3,1,,2,2,2,,2,,1,1,1,1,1
152803,1,83,0,,3,4,1,1,1,2,,2,2,2,,,5,1,2,2,1,3,3,2,3,1,3,2,1,,,,,,,,,,,,,,,,,,,,,,,,,,,,,,,,,,,,,,,,,,,,,,,,,,,,,,,,,,,,,,,,,,,,,,,,,,,,,,,,,,
152904,1,58,6,2,2,3,1,1,1,2,,2,2,1,1,2,1,1,2,2,1,1,1,1,1,1,1,1,1,1,1,,2,2,2,2,2,2,2,1,1,2,1,4,40,1,2,2,2,2,1,2,2,,,,,,,,,,,,,,,,,,,,,,,,,,,,,,,,,,,2,30,2,,2,3,1,2,2,3,3,1,,2,1,1,2,1,1,1,2,1,1,1
153001,2,55,6,3,3,6,1,1,2,1,1,2,2,1,1,2,2,1,2,2,2,1,1,1,1,1,1,1,2,1,2,2,2,2,2,2,2,2,2,1,,,,,,,,,,,,,,,,,,,,,,,,,,,,,,,,,,,,,,,,,,,,,,,,1,30,,,,,,,,,,,4,2,1,1,1,1,1,1,1,1,1,1
153102,1,23,6,3,3,4,1,1,1,1,1,1,2,1,1,2,5,1,2,2,1,1,1,1,1,1,1,1,2,2,2,1,2,2,2,1,2,2,1,1,3,2,1,5,60,2,2,2,1,2,2,2,2,,,,,,,,,,,,,,2,1,1,10,1,1,0,0,0,0,0,0,0,2,,,,,2,10,2,1,180,1,5,2,2,1,1,1,3,3,1,,2,1,1,2,2,,1,1,1,1,2
153203,1,31,8,5,5,10,2,1,1,1,3,1,1,1,1,1,8,2,2,2,1,1,1,1,1,1,1,1,2,1,1,,1,,2,1,1,,2,1,3,2,1,2,60,1,2,2,1,1,2,2,3,1,4,30,1,1,2,1,2,1,2,2,2,2,1,2,1,20,1,0,1,0,0,1,0,1,0,1,3,30,1,2,,,,1,30,2,,3,3,2,1,1,3,3,1,,2,2,2,,1,2,1,1,1,1,1
153304,1,12,2,5,2,3,1,1,1,2,,2,2,2,,,4,1,2,2,1,1,1,1,1,1,1,1,2,2,1,,2,2,2,2,2,2,2,2,5,2,1,2,30,1,2,1,1,2,1,2,2,,,,,,,,,,,,,,,,,,,,,,,,,,,,,,,,,,,,,2,,2,3,1,2,1,3,3,1,,1,2,2,,1,1,1,1,1,1,1
153401,2,47,6,3,2,3,1,1,2,2,,2,2,1,1,2,2,1,2,2,2,1,1,1,1,1,1,1,2,1,2,2,2,2,2,2,2,2,2,1,,,,,,,,,,,,,,,,,,,,,,,,,,,,,,,,,,,,,,,,,,,,,,,,1,60,,,,,,,,,,,4,2,2,2,,1,2,1,2,2,2,2
153502,2,58,3,3,2,3,1,1,1,2,,2,2,1,1,2,3,1,2,2,1,1,1,1,1,1,1,1,2,2,2,2,2,2,2,2,2,2,2,1,,,,,,,,,,,,,,,,,,,,,,,,,,,,,,,,,,,,,,,,,,,,,,,,1,30,,,,,,,,,,,1,2,2,2,,2,,1,2,2,2,2
153603,1,24,3,3,3,4,1,1,1,2,,2,2,1,1,2,9,1,2,2,1,1,1,1,1,1,1,1,2,1,1,,2,2,2,2,2,2,2,1,3,1,2,2,180,1,2,2,2,1,2,2,1,,,,,,,,,,,,,,,,,,,,,,,,,,,,,,,,,,,2,30,2,,2,2,2,2,1,3,3,1,,2,2,2,,1,1,1,2,1,1,1
153704,2,38,3,3,3,4,2,1,1,1,1,2,2,1,1,2,2,1,2,2,1,1,1,1,1,1,1,1,2,1,1,,2,1,2,1,2,2,2,1,1,2,1,3,30,1,2,2,2,1,2,2,3,4,2,30,1,2,2,2,2,2,2,1,1,2,1,2,1,20,1,0,0,0,0,0,0,1,0,1,,,,,,,,1,120,2,,3,3,2,1,2,3,3,1,,2,2,2,,2,,1,1,2,2,2
153801,2,14,3,2,2,3,1,1,1,1,1,2,2,2,,,4,1,2,2,1,1,1,1,1,1,1,1,1,1,1,,2,2,2,2,1,,1,1,5,2,1,2,30,1,2,1,2,1,1,2,2,,,,,,,,,,,,,,,,,,,,,,,,,,,,2,30,1,2,2,30,1,1,20,2,,2,4,2,1,2,3,3,1,,2,1,2,,1,1,1,1,1,1,1
153902,1,19,8,1,3,4,1,1,1,1,2,2,2,1,1,2,4,1,2,2,1,1,1,1,1,1,1,1,2,1,2,2,2,2,2,2,2,2,1,1,,,,,,,,,,,,,,,,,,,,,,,,,,,,,,,,,,,,,,,,,,,,,2,60,2,1,120,2,,3,3,2,1,1,3,3,1,,1,2,1,2,1,1,1,1,1,1,2
154003,2,64,0,,1,2,1,1,1,2,,2,2,2,,,3,1,2,2,4,1,1,1,3,1,1,2,2,,,,,,,,,,,,,,,,,,,,,,,,,,,,,,,,,,,,,,,,,,,,,,,,,,,,,,,,,,,,,,,,,,,,,,,,,,,,,,,,,,
154104,1,34,3,3,2,3,1,1,2,2,,2,2,2,,,2,1,2,2,1,1,1,1,1,1,1,1,1,1,1,,2,2,1,,2,2,2,1,2,2,1,2,45,1,2,2,2,1,1,2,2,,,,,,,,,,,,,,1,1,2,15,1,0,1,0,0,1,0,1,0,3,,,,,,,,1,60,1,3,2,2,2,1,2,3,2,1,,2,2,2,,1,1,1,1,1,1,2
154201,2,59,2,5,2,3,1,1,1,1,2,2,2,1,1,2,5,1,2,2,2,1,1,2,1,1,1,1,2,2,2,2,2,2,2,2,2,2,2,2,,,,,,,,,,,,,,,,,,,,,,,,,,,,,,,,,,,,,,,,,,,,,,,,,,,,,,,,,,,,4,2,2,2,,2,,1,2,2,2,2
154302,1,77,2,6,4,6,2,1,1,1,1,2,2,2,,,2,1,2,2,1,2,1,2,2,1,1,1,1,2,1,,2,2,2,2,2,2,2,2,3,2,1,3,60,1,2,2,1,2,1,2,3,,,,,,,,,,,,,,,,,,,,,,,,,,,,,,,,,,,,,2,,2,1,1,2,2,3,3,1,,2,1,1,1,2,,1,2,2,1,2
154504,1,33,3,3,4,7,2,1,1,1,3,1,2,1,1,2,7,1,2,2,1,1,1,2,1,1,1,1,2,2,2,2,1,,2,2,2,2,2,1,,,,,,,,,,,,,,2,2,60,1,2,2,2,2,1,2,2,2,2,,,,,,,,,,,,,,,,,,,,,,1,120,2,,2,2,2,1,3,3,1,1,,2,1,1,1,2,,1,2,2,2,2
154601,1,50,2,6,2,3,1,1,1,2,,2,2,1,1,2,6,1,2,2,1,1,1,1,1,1,1,1,1,1,1,,2,2,2,2,2,2,2,1,1,2,1,3,20,2,2,2,2,1,2,2,2,,,,,,,,,,,,,,,,,,,,,,,,,,,,,,,,,,,1,15,2,,2,4,2,1,2,3,3,3,,2,1,1,2,1,1,1,1,1,1,2
154702,1,18,6,1,3,4,1,1,1,2,,2,2,1,1,2,5,2,2,2,1,1,1,1,2,1,1,1,2,1,1,,2,1,2,2,2,2,1,1,3,1,1,2,30,2,1,1,2,2,1,2,2,1,2,10,1,1,2,2,2,2,2,2,2,2,,,,,,,,,,,,,,,,,,,2,15,2,1,60,2,,2,2,2,1,1,3,3,1,,2,2,1,2,1,1,1,1,1,2,1
154803,1,73,2,4,3,5,1,1,1,2,,2,2,1,1,2,1,1,2,2,2,1,2,2,1,1,1,1,2,2,2,2,2,2,2,2,2,2,2,2,,,,,,,,,,,,,,,,,,,,,,,,,,,,,,,,,,,,,,,,,,,,,,,,,,,,,,,,,,,,6,2,2,2,,2,,1,2,2,2,2
154904,2,19,6,3,3,4,1,1,1,1,1,1,1,1,1,2,3,1,2,2,1,1,1,1,1,1,1,1,2,2,2,2,2,2,2,2,2,2,2,1,,,,,,,,,,,,,,,,,,,,,,,,,,,,,,,,,,,,,,,,,,,,,,,,1,15,,,,,,,,,,,4,1,1,1,2,2,,1,1,1,2,2
155001,2,48,2,6,3,4,1,1,1,2,,2,2,1,1,2,5,2,2,2,1,1,1,2,1,2,1,1,2,2,2,2,2,2,2,2,2,2,2,1,,,,,,,,,,,,,,,,,,,,,,,,,,,,,,,,,,,,,,,,,,,,,,,,2,10,,,,,,,,,,,4,2,2,2,,2,,1,1,1,1,1
155102,2,37,3,1,2,3,1,1,1,2,,2,2,1,1,2,2,1,2,2,1,1,1,1,1,1,1,1,2,2,2,2,2,2,2,2,2,2,2,1,,,,,,,,,,,,,,,,,,,,,,,,,,,,,,,,,,,,,,,,,,,,,,,,5,60,,,,,,,,,,,3,2,2,2,,2,,1,1,1,1,2
155203,2,21,2,6,3,4,1,1,1,2,,2,2,2,,,7,1,2,2,1,1,1,1,1,1,1,1,2,1,1,,2,1,1,,2,2,2,1,3,2,1,2,60,1,2,2,1,1,1,2,4,1,2,30,1,2,2,1,2,1,2,2,2,2,1,2,1,30,1,1,0,0,0,1,0,1,0,1,,,,,,,,1,45,1,3,2,3,2,1,1,3,3,1,,2,2,1,2,2,,1,1,1,1,2
155304,1,46,2,6,3,4,1,1,1,2,,2,2,1,1,2,3,1,2,2,1,1,1,1,1,1,1,1,2,2,2,2,2,2,2,2,2,2,2,1,,,,,,,,,,,,,,,,,,,,,,,,,,,,,,,,,,,,,,,,,,,,,,,,1,60,,,,,,,,,,,1,2,2,2,,1,1,1,1,1,1,2
155502,2,38,3,3,3,4,1,1,1,1,2,2,2,1,1,2,6,1,2,2,1,1,1,1,2,1,1,1,1,1,1,,2,2,2,2,2,2,1,1,1,2,1,2,10,2,2,1,2,2,2,2,2,,,,,,,,,,,,,,,,,,,,,,,,,,,,,,,,2,45,1,1,60,2,,2,2,2,1,1,3,3,1,,2,2,2,,2,,1,1,1,1,1
155603,1,26,8,5,4,6,2,1,1,1,3,1,2,1,1,2,5,1,2,2,2,2,1,1,2,1,1,1,2,1,1,,2,1,2,2,2,2,1,1,2,2,1,4,60,1,2,2,2,1,2,2,3,1,4,15,2,2,2,2,2,2,1,2,2,2,,,,,,,,,,,,,,,,,,,2,15,2,1,60,2,,3,3,2,1,1,3,3,1,,2,1,2,,1,1,1,1,2,1,2
155704,2,13,2,6,3,6,1,1,1,1,1,1,1,1,1,1,4,1,2,2,2,2,1,1,3,1,2,2,2,1,1,,2,1,2,2,1,,1,1,5,2,1,2,60,1,2,1,1,1,1,2,3,3,2,120,2,2,1,2,2,2,2,1,2,2,,,,,,,,,,,,,,,2,30,1,1,3,15,2,1,120,1,5,1,3,1,1,1,3,1,1,,2,2,1,2,1,1,1,1,1,1,2
155902,1,24,6,3,3,4,1,1,1,2,,1,2,1,1,2,6,1,2,2,1,1,1,1,1,1,1,1,2,2,2,2,2,2,2,2,2,2,2,1,,,,,,,,,,,,,,,,,,,,,,,,,,,,,,,,,,,,,,,,,,,,,,,,2,350,,,,,,,,,,,1,2,2,1,2,1,1,1,1,1,1,1
156003,2,26,3,3,4,5,1,1,1,1,1,2,2,1,1,2,6,1,1,2,2,1,1,1,1,1,1,1,2,1,2,1,2,2,2,2,1,,1,1,3,1,2,4,180,1,2,2,2,1,2,2,1,,,,,,,,,,,,,,,,,,,,,,,,,,,,2,60,1,2,2,60,1,1,60,2,,2,4,2,1,1,3,3,1,,2,2,2,,1,1,1,1,1,1,1
156104,1,40,8,5,2,4,1,1,1,1,1,2,2,2,,,3,1,2,2,1,1,1,1,1,1,1,1,2,2,2,1,2,1,1,,2,2,1,1,5,1,2,3,120,2,2,1,2,2,1,2,1,2,5,30,1,2,2,2,1,2,2,2,2,2,1,2,1,20,1,0,1,0,0,0,0,0,0,1,,,,,1,60,1,1,30,2,,3,3,1,1,2,3,3,1,,1,2,2,,2,,1,1,1,1,1
156302,2,12,2,6,1,4,1,2,2,2,,2,2,2,,,5,1,2,2,1,1,1,1,2,1,2,1,2,2,2,2,2,2,2,2,2,2,2,2,,,,,,,,,,,,,,,,,,,,,,,,,,,,,,,,,,,,,,,,,,,,,,,,,,,,,,,,,,,,1,2,2,2,,2,,1,1,2,1,2
156403,2,47,0,,2,2,2,1,1,2,,2,2,1,1,2,3,1,2,2,4,3,1,2,3,1,3,2,1,1,2,2,2,2,2,2,2,2,2,1,,,,,,,,,,,,,,,,,,,,,,,,,,,,,,,,,,,,,,,,,,,,,,,,1,60,,,,,,,,,,,6,2,2,2,,2,,2,,,,
156504,1,59,6,3,1,2,1,1,1,2,,2,2,2,,,2,1,2,2,2,2,1,1,1,1,1,1,2,1,1,,2,2,2,2,2,2,1,2,2,1,1,2,240,1,2,1,2,2,1,2,3,,,,,,,,,,,,,,,,,,,,,,,,,,,,,,,,2,120,1,,,2,,4,3,2,1,3,3,3,1,,2,1,2,,1,1,1,2,2,2,1
156601,2,84,0,,2,2,2,1,1,1,1,2,2,1,1,2,2,1,2,2,3,2,2,3,1,2,1,1,2,,,,,,,,,,,,,,,,,,,,,,,,,,,,,,,,,,,,,,,,,,,,,,,,,,,,,,,,,,,,,,,,,,,,,,,,,,,,,,,,,,
156702,1,60,3,3,3,4,1,1,1,2,,2,2,1,1,2,8,2,2,2,2,1,1,1,1,1,1,1,1,1,2,2,2,2,1,,2,2,2,1,,,,,,,,,,,,,,,,,,,,,,,,,,,2,1,1,60,1,0,1,0,0,1,0,1,0,3,,,,,,,,2,30,2,,3,3,1,2,3,3,1,3,,2,2,2,,2,,1,2,2,1,1
156803,1,52,3,3,2,4,2,1,1,1,1,2,2,1,1,1,5,1,2,2,2,1,1,1,1,1,1,1,2,1,1,,1,,1,,2,2,1,1,1,2,1,1,30,1,2,2,1,2,2,2,3,1,2,20,1,2,2,2,2,2,1,2,2,2,2,1,1,10,1,0,0,0,0,0,0,0,1,3,,,,,1,60,1,1,120,2,,3,4,2,2,1,3,3,1,,2,2,2,,2,,1,1,1,2,2
156904,1,35,3,3,1,1,1,1,1,1,1,2,2,1,1,2,4,1,2,2,1,1,2,2,1,2,1,1,1,2,2,1,2,1,2,1,1,,1,1,1,1,2,2,60,1,1,2,2,2,2,2,1,1,1,30,1,2,1,2,2,2,2,2,2,2,1,2,7,60,1,1,0,0,0,0,0,0,0,3,1,120,1,2,2,120,1,1,120,1,6,2,3,1,1,2,3,3,1,,2,2,2,,1,1,1,1,1,1,1
157001,1,28,6,3,3,4,0,1,1,2,,2,2,1,1,2,8,2,2,2,1,1,1,1,2,1,1,1,2,2,2,2,2,2,2,2,2,2,1,1,,,,,,,,,,,,,,,,,,,,,,,,,,,,,,,,,,,,,,,,,,,,,2,120,1,1,240,2,,2,1,2,1,3,3,3,2,,2,1,2,,2,,1,2,1,1,2
157102,2,82,2,3,1,4,2,1,1,2,,2,2,1,1,2,2,1,2,2,1,1,1,2,1,1,1,1,2,1,2,2,2,2,2,2,2,2,2,2,,,,,,,,,,,,,,,,,,,,,,,,,,,,,,,,,,,,,,,,,,,,,,,,,,,,,,,,,,,,9,2,2,2,,2,,1,2,1,2,2
157304,2,37,3,3,2,3,1,1,1,1,1,2,2,1,1,2,4,1,2,2,1,1,1,1,1,1,1,1,2,1,1,,2,2,2,2,2,2,1,1,1,2,1,2,15,2,2,2,2,2,1,2,3,,,,,,,,,,,,,,,,,,,,,,,,,,,,,,,,2,15,1,1,60,1,6,1,2,2,1,1,3,3,1,,1,1,1,1,1,1,1,1,1,1,1
157401,1,37,3,3,1,3,1,1,2,2,,2,2,1,1,2,3,1,2,2,2,1,1,1,2,1,1,3,1,1,1,,2,2,2,2,1,,1,1,3,2,1,2,20,1,2,2,1,2,2,2,2,,,,,,,,,,,,,,,,,,,,,,,,,,,,3,60,2,1,1,30,1,1,120,2,,3,1,2,1,3,3,3,3,,2,1,2,,2,,1,2,1,2,2
157603,2,68,2,2,3,4,1,1,1,2,,2,1,1,1,2,6,2,2,2,2,1,2,1,1,2,1,1,2,2,2,2,2,2,2,2,2,2,2,2,,,,,,,,,,,,,,,,,,,,,,,,,,,,,,,,,,,,,,,,,,,,,,,,,,,,,,,,,,,,2,2,2,2,,2,,1,2,2,2,2
157704,2,35,2,6,5,6,2,1,1,2,,2,2,1,1,2,7,1,2,1,1,3,1,1,2,1,1,2,1,2,2,2,1,,2,2,1,,1,1,,,,,,,,,,,,,,6,2,120,1,2,2,1,1,2,1,1,1,2,,,,,,,,,,,,,,,4,180,1,2,2,60,1,1,60,2,,3,2,2,1,1,3,3,1,,2,2,2,,1,1,1,2,1,2,2
157801,2,38,3,3,2,3,1,1,1,1,1,2,2,1,1,2,5,1,1,2,1,1,1,1,1,1,1,1,1,1,1,,1,,2,2,2,1,1,1,1,2,1,2,20,1,2,2,2,2,1,2,2,1,2,20,1,2,2,2,2,2,2,2,1,2,,,,,,,,,,,,,,,2,30,2,1,1,15,1,1,20,2,,4,3,1,1,2,3,3,1,,2,2,2,,2,,1,2,1,2,2
157902,1,30,3,3,4,4,1,1,1,2,,2,2,1,1,2,13,1,2,2,1,1,1,1,1,1,1,1,2,1,2,2,2,2,2,2,2,2,1,1,,,,,,,,,,,,,,,,,,,,,,,,,,,,,,,,,,,,,,,,,,,,,5,5,1,1,60,2,,2,4,2,1,2,3,3,3,,2,2,2,,1,1,1,2,1,2,2
158003,1,32,3,2,2,4,2,1,2,1,1,2,2,1,1,2,2,1,1,2,1,1,1,1,2,1,1,1,1,1,1,,2,2,2,2,1,,1,1,1,2,1,2,60,1,2,2,1,2,2,2,2,,,,,,,,,,,,,,,,,,,,,,,,,,,,2,60,1,2,2,60,1,1,180,2,,2,2,1,1,2,3,3,1,,2,2,1,1,1,1,1,2,1,1,1
158104,2,32,3,3,1,2,1,1,1,2,,2,2,1,1,2,4,1,2,2,1,1,1,1,1,1,1,1,2,1,1,,2,2,2,2,2,2,1,1,3,2,1,2,60,1,2,2,1,2,2,2,3,,,,,,,,,,,,,,,,,,,,,,,,,,,,,,,,2,30,1,2,30,2,,2,3,2,1,1,3,3,1,,2,2,2,,2,,1,2,2,1,1
158201,2,45,6,3,1,3,0,1,2,2,,2,2,2,,,1,1,2,2,1,1,1,1,1,1,1,1,2,1,1,,1,,2,2,2,1,1,1,3,1,1,2,30,1,1,1,1,2,2,2,2,4,1,240,1,1,1,1,1,2,1,1,1,2,,,,,,,,,,,,,,,2,30,2,1,2,60,1,1,60,2,,4,4,1,1,1,3,3,1,,1,1,1,1,1,1,1,1,1,1,1
158302,2,37,6,2,2,2,1,1,2,2,,2,2,1,1,2,7,1,1,2,1,1,1,1,1,1,1,1,1,2,2,2,2,1,2,2,2,2,2,1,,,,,,,,,,,,,,1,2,10,1,2,2,2,2,2,1,2,2,2,,,,,,,,,,,,,,,,,,,,,,1,20,1,8,3,3,2,1,2,3,3,1,,2,1,1,2,2,,1,2,1,1,1
158601,2,52,8,5,2,5,1,1,2,2,,2,2,2,,,3,1,2,2,2,1,1,1,1,1,1,1,2,2,1,,2,2,2,2,2,2,2,2,1,2,1,2,25,1,2,2,1,2,2,2,2,,,,,,,,,,,,,,,,,,,,,,,,,,,,,,,,,,,,,2,,3,2,2,1,1,3,3,1,,2,2,1,2,1,1,1,1,1,2,1
158702,1,38,8,5,2,3,2,1,2,2,,1,2,2,,,2,1,2,2,1,1,1,1,1,1,1,1,1,1,2,1,2,1,1,,2,2,2,1,25,2,1,1,45,2,2,1,2,2,2,2,2,1,2,20,1,1,2,2,2,2,2,2,2,2,2,1,2,15,1,0,0,0,0,1,0,0,0,2,,,,,,,,1,30,2,,2,3,1,1,2,3,3,1,,2,1,2,,1,1,1,2,2,2,1
158803,2,23,6,3,1,3,2,1,1,2,,2,2,1,1,1,5,1,2,2,1,1,1,1,1,1,1,1,2,1,2,2,1,,2,2,2,2,1,1,,,,,,,,,,,,,,2,4,60,1,2,2,1,2,2,2,2,1,2,,,,,,,,,,,,,,,,,,,2,25,1,1,30,2,,2,4,2,1,2,3,3,3,,2,1,1,2,1,1,1,2,1,2,1
159001,2,16,3,3,1,1,0,1,2,2,,2,2,2,,,3,1,2,2,2,1,1,1,2,1,1,1,2,2,2,1,1,,2,1,2,1,1,1,1,2,1,2,30,1,2,2,2,1,2,2,2,1,2,20,1,2,1,2,2,2,2,2,2,2,1,2,1,15,1,1,0,0,0,0,0,0,0,1,5,35,1,2,5,10,1,1,10,2,,3,3,2,2,3,3,3,1,,2,2,2,,2,,1,1,1,1,2
159102,2,36,3,1,2,3,1,1,1,2,,2,2,1,1,2,4,1,2,2,1,1,1,1,1,1,1,1,1,1,2,1,1,,2,1,2,2,2,1,5,2,1,3,30,2,2,1,2,2,2,2,2,1,5,30,1,2,2,2,2,2,2,2,1,2,1,2,7,15,1,0,0,0,0,1,0,0,0,1,,,,,,,,1,120,2,,2,3,2,1,1,3,3,1,,2,1,1,2,2,,1,2,1,1,1
159203,2,65,10,2,1,4,1,1,2,2,,1,2,1,1,2,1,1,2,2,2,1,1,1,1,1,1,1,2,1,1,,2,2,2,2,2,2,2,1,25,1,1,1,10,1,2,2,2,1,2,2,2,,,,,,,,,,,,,,,,,,,,,,,,,,,,,,,,,,,2,15,1,6,1,4,2,1,3,3,3,1,,1,1,1,2,1,1,1,2,1,1,2
159304,2,36,6,1,2,2,1,1,2,2,,2,2,1,1,2,4,1,2,2,2,1,1,1,2,1,1,1,2,2,2,2,2,2,2,2,2,2,2,2,,,,,,,,,,,,,,,,,,,,,,,,,,,,,,,,,,,,,,,,,,,,,,,,,,,,,,,,,,,,4,2,2,2,,2,,1,1,1,1,2
159401,1,19,6,3,1,2,1,1,2,2,,2,2,1,1,2,3,1,2,2,2,1,1,1,3,1,1,1,2,1,1,,2,2,2,1,1,,1,1,3,1,1,2,60,1,2,1,1,2,2,2,2,,,,,,,,,,,,,,1,2,1,15,1,0,0,0,0,1,0,0,0,1,1,180,1,2,3,10,1,1,120,2,,4,1,2,1,2,3,1,1,,2,1,1,2,1,1,1,1,1,1,1
159502,2,57,8,5,3,4,2,1,1,2,,1,2,1,1,2,1,1,1,2,3,1,1,1,2,1,1,1,1,1,1,,1,,2,2,2,2,1,1,3,2,1,3,120,1,2,2,2,1,2,2,4,6,2,30,2,2,2,2,2,2,1,2,2,2,,,,,,,,,,,,,,,,,,,2,10,2,2,30,2,,2,3,1,1,2,3,3,1,,2,2,2,,1,1,1,2,2,2,2
159603,1,65,6,3,1,3,1,1,1,2,,2,1,1,1,2,1,1,2,2,1,1,1,2,1,1,1,1,1,1,1,,2,2,2,2,2,2,2,1,2,2,1,2,60,1,2,2,2,1,1,1,2,,,,,,,,,,,,,,,,,,,,,,,,,,,,,,,,,,,1,120,2,,2,4,1,1,1,3,3,1,,2,1,2,,1,1,1,9,1,2,1
159704,1,24,8,2,1,3,1,1,1,1,1,1,2,1,1,1,2,1,1,2,1,1,1,1,1,1,1,1,2,1,1,,1,,2,2,2,1,1,1,1,1,2,2,10,2,2,1,2,2,2,2,1,5,1,30,2,2,2,1,2,2,2,2,2,2,,,,,,,,,,,,,,,2,30,1,2,2,60,2,1,30,1,8,4,3,2,1,1,3,3,3,,2,2,2,,1,1,1,1,1,2,2
159801,2,77,3,3,2,3,2,1,1,2,,2,2,2,,,2,1,2,2,2,1,2,2,3,1,1,1,2,1,2,2,2,2,2,2,2,2,1,2,,,,,,,,,,,,,,,,,,,,,,,,,,,,,,,,,,,,,,,,,,,,,2,120,1,,,2,,2,2,2,2,2,3,3,1,,2,1,1,1,1,1,1,2,1,1,1
159902,2,53,2,6,1,2,1,1,1,2,,2,2,1,1,1,2,1,2,2,2,2,1,2,3,2,1,1,2,2,2,2,2,2,2,2,2,2,2,2,,,,,,,,,,,,,,,,,,,,,,,,,,,,,,,,,,,,,,,,,,,,,,,,,,,,,,,,,,,,3,2,2,2,,2,,1,2,1,1,1
160003,1,28,6,3,1,4,1,1,1,1,1,1,2,1,1,2,4,1,1,2,1,1,1,1,1,1,1,1,2,1,1,,2,2,2,2,2,2,1,1,1,1,2,2,180,2,1,1,2,1,2,2,1,,,,,,,,,,,,,,,,,,,,,,,,,,,,,,,,1,120,1,1,120,2,,2,4,2,1,2,3,3,1,,2,2,1,2,1,1,1,1,1,2,1
160201,2,22,6,3,2,2,0,1,2,2,,2,2,1,1,2,5,1,2,2,1,1,2,2,1,1,1,3,1,1,2,2,2,2,2,2,2,2,1,1,,,,,,,,,,,,,,,,,,,,,,,,,,,,,,,,,,,,,,,,,,,,,2,30,1,1,30,1,7,2,2,2,1,1,3,3,3,,1,1,1,2,1,1,1,1,1,1,1
160302,1,63,3,2,1,1,1,1,2,2,,2,2,2,,,1,1,2,2,3,1,1,4,1,3,1,2,1,2,2,2,2,2,2,2,2,2,2,1,,,,,,,,,,,,,,,,,,,,,,,,,,,,,,,,,,,,,,,,,,,,,,,,1,30,,,,,,,,,,,6,2,2,2,,2,,1,9,2,2,2
160504,2,21,8,1,1,1,1,1,2,2,,1,2,1,1,2,2,1,2,2,1,1,1,1,1,1,1,1,2,1,1,,2,1,2,2,2,2,1,1,2,1,1,2,180,2,2,1,2,2,2,2,3,5,2,30,1,1,1,2,2,2,2,2,2,2,,,,,,,,,,,,,,,,,,,1,10,1,1,30,2,,2,3,2,1,1,3,3,1,,1,2,2,,1,1,1,1,1,1,1
160601,2,47,8,5,3,4,2,1,1,1,1,1,2,1,1,2,4,1,2,2,2,1,1,1,2,1,1,1,1,1,1,,1,,2,1,1,,2,1,15,2,1,1,30,2,2,2,2,1,2,2,2,2,4,30,1,2,2,2,2,2,2,2,1,2,1,2,1,15,1,0,0,0,1,0,0,0,0,1,5,15,2,1,,,,5,15,2,,2,3,2,1,3,3,3,1,,1,2,2,,2,,1,1,1,1,1
160702,2,49,8,4,2,3,2,1,1,2,,2,2,1,1,2,3,1,2,2,1,2,1,1,1,1,1,1,1,1,1,,1,,2,1,2,2,1,1,3,1,2,3,120,2,2,1,2,1,1,2,1,1,2,60,1,2,1,2,2,2,2,2,2,2,1,2,2,20,2,0,0,0,0,1,0,0,0,1,,,,,2,20,2,2,60,1,3,4,3,1,1,1,3,3,1,,2,2,2,,2,,1,1,1,1,1
160803,2,15,3,2,1,2,1,1,2,2,,2,2,1,1,1,2,1,1,2,1,1,1,1,2,1,1,1,2,2,2,2,2,2,2,2,2,1,1,1,,,,,,,,,,,,,,,,,,,,,,,,,,,,,,,,,,,,,,,,,3,40,1,2,1,40,1,1,40,2,,1,2,2,1,1,3,1,1,,1,1,2,,2,,1,1,1,1,1
160904,2,49,2,6,1,1,0,1,1,2,,2,2,2,,,1,1,2,2,1,1,1,1,1,1,1,1,1,2,2,2,2,2,2,2,2,2,2,1,,,,,,,,,,,,,,,,,,,,,,,,,,,,,,,,,,,,,,,,,,,,,,,,1,30,,,,,,,,,,,1,2,2,2,,2,,1,2,2,2,2
161102,2,35,6,3,2,3,1,1,1,1,1,2,2,1,1,2,4,1,2,2,1,1,1,1,1,1,1,1,1,2,2,2,2,2,2,2,2,2,2,2,,,,,,,,,,,,,,,,,,,,,,,,,,,,,,,,,,,,,,,,,,,,,,,,,,,,,,,,,,,,3,2,2,2,,2,,1,2,1,1,2
161304,2,56,3,3,2,2,1,1,1,2,,2,2,1,1,2,3,1,1,2,2,2,1,3,2,1,1,2,2,1,1,,2,2,2,2,2,2,2,1,1,2,1,3,10,1,1,2,2,2,2,2,4,,,,,,,,,,,,,,,,,,,,,,,,,,,,,,,,,,,1,5,2,,2,1,2,1,2,3,3,1,,2,2,2,,2,,1,2,1,1,2
161401,2,54,3,3,2,3,2,1,1,2,,2,2,1,1,2,2,1,2,2,1,2,3,3,1,1,1,1,1,1,1,,2,2,2,2,2,2,2,1,3,2,1,1,10,1,1,1,1,1,2,2,2,,,,,,,,,,,,,,,,,,,,,,,,,,,,,,,,,,,1,30,2,,2,2,2,1,2,3,3,1,,2,2,2,,2,,1,1,1,1,1
161603,1,34,8,5,2,4,2,1,1,1,1,1,2,1,1,2,2,1,2,2,1,1,1,1,1,1,1,1,2,2,2,1,1,,2,2,1,,1,1,2,2,1,2,20,1,2,2,1,2,2,2,2,1,2,10,1,1,2,2,2,2,2,2,2,2,,,,,,,,,,,,,,,3,10,1,2,2,10,1,1,20,2,,3,3,2,1,3,3,3,1,,2,2,1,2,1,2,1,2,2,2,2
161902,2,52,2,1,1,3,1,1,1,1,1,2,2,1,2,2,2,1,2,2,1,1,1,1,1,1,1,1,2,2,2,2,2,2,2,2,2,2,2,1,,,,,,,,,,,,,,,,,,,,,,,,,,,,,,,,,,,,,,,,,,,,,,,,1,30,,,,,,,,,,,4,2,2,2,,2,,1,2,2,2,2
162003,1,35,3,3,4,6,1,1,1,1,2,2,2,1,1,2,7,1,2,2,1,1,1,1,1,1,1,1,2,1,1,,2,2,2,2,2,2,1,1,6,1,2,2,30,1,2,2,1,1,1,2,1,,,,,,,,,,,,,,,,,,,,,,,,,,,,,,,,2,60,1,1,60,2,,1,4,2,1,2,3,3,1,,2,2,2,,2,,1,2,1,1,1
162104,1,23,6,3,3,4,1,1,1,1,5,1,1,1,1,1,2,1,2,2,1,1,1,1,1,1,1,1,2,1,1,,2,2,2,2,2,2,2,1,2,2,1,1,120,1,2,2,1,2,2,2,3,,,,,,,,,,,,,,,,,,,,,,,,,,,,,,,,,,,1,180,2,,2,4,2,1,1,3,3,1,,2,2,2,,2,,1,1,1,1,1
162201,1,17,6,2,3,4,1,1,2,2,,1,2,1,1,2,6,1,2,2,2,2,1,2,2,1,1,3,2,1,1,,2,2,2,2,1,,1,1,1,2,1,1,30,2,2,2,1,2,2,2,1,,,,,,,,,,,,,,,,,,,,,,,,,,,,5,60,2,1,2,20,1,1,180,1,7,4,3,2,1,1,3,3,1,,1,1,1,1,1,1,1,1,1,2,1
162601,2,84,0,,1,3,1,1,1,2,,2,2,2,,,2,1,2,2,1,1,1,3,2,1,1,1,1,,,,,,,,,,,,,,,,,,,,,,,,,,,,,,,,,,,,,,,,,,,,,,,,,,,,,,,,,,,,,,,,,,,,,,,,,,,,,,,,,,
162702,2,46,2,3,1,1,1,1,1,2,,1,2,1,1,2,5,1,2,2,1,1,1,1,1,1,1,1,2,,,,,,,,,,,,,,,,,,,,,,,,,,,,,,,,,,,,,,,,,,,,,,,,,,,,,,,,,,,,,,,,,,,,,,,,,,,,,,,,,,
162803,2,47,2,6,2,3,1,1,1,2,,2,2,1,2,2,3,1,2,2,1,1,1,1,1,1,1,1,1,1,2,2,2,2,2,2,2,2,2,1,,,,,,,,,,,,,,,,,,,,,,,,,,,,,,,,,,,,,,,,,,,,,,,,1,15,,,,,,,,,,,1,2,2,2,,2,,1,2,1,2,1
163001,1,22,6,3,1,2,1,1,2,2,,1,2,1,1,2,2,1,2,1,2,1,1,1,1,1,1,1,1,1,1,,2,2,2,2,2,1,1,1,1,2,1,2,60,1,2,2,1,2,2,2,3,,,,,,,,,,,,,,,,,,,,,,,,,,,,2,30,1,2,3,10,1,1,10,2,,2,3,1,1,1,3,3,1,,1,2,1,2,1,1,1,1,1,1,1
163203,1,48,6,3,2,3,3,1,2,2,,1,2,1,1,1,7,1,1,2,2,1,1,1,1,1,1,1,2,2,2,2,2,2,2,2,2,2,2,2,,,,,,,,,,,,,,,,,,,,,,,,,,,,,,,,,,,,,,,,,,,,,,,,,,,,,,,,,,,,1,2,2,2,,2,,1,2,2,2,2
163304,1,77,0,,3,4,0,1,1,2,,2,2,1,1,2,7,2,2,2,1,1,1,1,1,1,1,1,1,1,2,2,2,2,2,2,2,2,2,2,,,,,,,,,,,,,,,,,,,,,,,,,,,,,,,,,,,,,,,,,,,,,,,,,,,,,,,,,,,,6,2,1,2,,1,1,2,,,,
163401,1,73,2,2,2,4,2,1,1,2,,2,2,1,1,2,2,1,2,2,2,2,1,3,1,2,1,1,2,1,1,,2,2,2,2,2,2,1,1,1,2,1,3,15,1,2,2,1,2,2,2,3,,,,,,,,,,,,,,,,,,,,,,,,,,,,,,,,1,30,1,1,30,2,,2,1,2,2,2,3,3,1,,2,2,2,,2,,1,2,2,2,2
163502,1,17,2,6,3,4,2,1,1,1,1,2,2,1,1,2,5,1,2,2,1,1,1,1,3,1,2,1,1,2,2,1,2,2,2,2,1,,1,1,1,2,1,2,20,1,2,2,2,2,1,2,3,,,,,,,,,,,,,,,,,,,,,,,,,,,,5,30,1,2,5,20,1,1,30,2,,2,3,1,2,1,3,3,1,,2,1,1,2,1,1,1,1,1,1,2
163801,2,36,3,3,2,3,1,1,2,2,,2,2,1,1,2,4,1,2,2,1,1,1,1,1,1,1,1,2,1,2,1,2,2,2,2,2,2,2,1,8,2,1,1,20,2,2,1,2,2,2,2,2,,,,,,,,,,,,,,,,,,,,,,,,,,,,,,,,,,,1,180,2,,2,1,2,2,2,3,3,1,,1,2,2,,2,,1,2,1,1,1
163902,2,31,3,3,1,1,0,1,1,1,2,2,2,1,1,2,4,1,2,2,1,1,1,1,1,1,1,1,2,2,2,2,2,2,2,2,2,2,2,1,,,,,,,,,,,,,,,,,,,,,,,,,,,,,,,,,,,,,,,,,,,,,,,,1,60,,,,,,,,,,,1,2,1,2,,2,,1,1,1,1,1
164003,2,39,8,4,5,6,2,1,1,1,2,1,2,1,1,2,6,1,2,2,1,1,1,1,1,1,1,1,2,1,1,,1,,2,2,1,,1,1,1,2,1,1,120,1,2,2,2,1,2,2,2,4,2,15,1,2,2,1,2,2,2,1,1,2,,,,,,,,,,,,,,,1,20,2,1,5,30,1,3,20,1,8,2,3,2,1,2,3,3,1,,2,1,1,1,1,2,1,1,1,1,1
164104,2,42,3,3,1,2,0,1,1,2,,2,2,1,1,2,6,1,2,2,3,1,1,1,2,1,1,1,1,1,2,2,2,2,2,2,2,2,2,1,,,,,,,,,,,,,,,,,,,,,,,,,,,,,,,,,,,,,,,,,,,,,,,,1,5,,,,,,,,,,,6,2,1,1,1,1,1,1,2,1,1,2
164201,2,66,8,4,1,4,1,1,1,2,,2,2,1,1,2,1,1,2,2,2,1,1,2,2,1,1,1,2,2,2,2,2,2,2,2,2,2,2,1,,,,,,,,,,,,,,,,,,,,,,,,,,,,,,,,,,,,,,,,,,,,,,,,1,120,,,,,,,,,,,1,2,1,2,,1,1,1,2,2,2,2
164302,1,26,3,3,1,3,0,1,2,2,,2,2,1,1,2,2,1,2,2,1,1,1,1,1,2,1,1,1,1,1,,2,2,1,,2,1,2,1,3,2,1,3,90,1,2,2,1,2,1,2,2,,,,,,,,,,,,,,2,1,1,10,1,0,0,0,0,1,0,0,0,2,2,45,1,2,,,,1,200,1,4,2,4,2,1,1,3,3,1,,1,2,1,2,1,1,1,1,1,1,1
164403,2,31,6,3,1,2,0,1,1,2,,2,2,1,1,2,4,1,2,2,1,1,1,1,1,1,1,1,2,1,1,,2,2,2,2,2,2,1,1,6,2,1,2,20,1,2,2,2,1,2,2,3,,,,,,,,,,,,,,,,,,,,,,,,,,,,,,,,2,20,1,1,60,2,,1,4,2,1,1,3,3,1,,1,1,1,2,1,1,1,1,1,1,1
164601,2,17,6,2,1,3,1,1,1,2,,1,2,1,1,2,2,1,2,1,2,2,1,2,2,1,1,2,1,1,1,,2,2,2,2,1,,1,1,1,2,1,1,10,1,2,2,1,2,2,2,2,,,,,,,,,,,,,,,,,,,,,,,,,,,,3,15,1,2,2,15,1,1,20,1,5,4,3,1,1,1,3,3,1,,2,2,1,2,1,1,1,2,1,2,2
164702,1,22,8,4,2,3,1,1,1,1,1,2,2,1,1,2,6,1,1,1,1,1,1,1,2,1,1,1,1,2,2,1,2,2,2,2,2,2,1,1,10,2,1,2,120,2,2,1,2,2,2,2,4,,,,,,,,,,,,,,,,,,,,,,,,,,,,,,,,5,30,1,1,180,1,5,2,1,2,1,3,3,1,1,,2,1,1,2,1,1,1,1,1,1,1
164803,2,50,2,6,2,4,1,1,2,2,,1,2,2,,,5,1,2,1,2,1,2,3,1,2,1,2,1,2,2,1,2,2,2,2,2,2,2,2,1,2,1,4,10,2,2,1,2,2,2,2,2,,,,,,,,,,,,,,,,,,,,,,,,,,,,,,,,,,,,,2,,1,2,2,2,2,1,1,3,,2,2,2,,2,,1,2,1,1,2
164904,2,15,3,2,1,2,0,1,2,2,,2,2,1,2,2,4,1,2,1,1,1,1,1,1,1,1,1,1,1,1,,2,2,2,2,1,,1,1,1,2,1,3,60,1,2,1,2,2,2,2,2,,,,,,,,,,,,,,,,,,,,,,,,,,,,2,60,1,2,5,60,1,1,60,2,,2,3,2,1,1,3,3,1,,2,2,2,,1,1,1,2,1,1,1
165001,1,50,2,1,1,2,0,1,2,2,,2,2,1,2,2,3,1,2,1,3,1,2,2,1,1,1,1,1,,,,,,,,,,,,,,,,,,,,,,,,,,,,,,,,,,,,,,,,,,,,,,,,,,,,,,,,,,,,,,,,,,,,,,,,,,,,,,,,,,
165102,1,47,6,2,1,1,0,1,1,2,,2,2,2,,,1,1,2,1,1,2,1,1,3,2,2,2,1,1,1,,1,,2,2,2,2,1,1,2,1,2,2,30,1,1,2,1,2,2,2,2,4,2,120,1,2,1,2,2,2,2,2,2,2,,,,,,,,,,,,,,,,,,,2,60,1,1,10,2,,2,1,1,2,2,3,3,1,,1,2,2,,2,,1,1,1,1,2
165203,1,15,3,2,1,2,1,1,2,2,,2,2,2,,,3,1,2,1,1,1,1,1,2,1,1,1,1,1,2,2,2,2,1,,2,2,2,2,,,,,,,,,,,,,,,,,,,,,,,,,,,2,1,3,180,1,0,1,0,0,0,0,0,0,3,,,,,,,,,,2,,3,2,1,2,1,3,3,1,,1,1,1,2,1,1,1,1,1,1,1
165304,2,30,0,,1,1,0,2,2,2,,2,2,1,2,2,5,1,2,1,1,1,1,1,1,1,1,1,1,,,,,,,,,,,,,,,,,,,,,,,,,,,,,,,,,,,,,,,,,,,,,,,,,,,,,,,,,,,,,,,,,,,,,,,,,,,,,,,,,,
165401,1,14,2,4,2,3,0,2,2,1,1,2,2,2,,,3,1,2,1,2,2,1,1,3,1,1,2,1,1,2,2,2,2,2,2,2,2,2,1,,,,,,,,,,,,,,,,,,,,,,,,,,,,,,,,,,,,,,,,,,,,,,,,3,2,,,,,,,,,,,1,2,2,2,,2,,1,1,1,2,2
165502,1,43,3,3,3,4,0,2,2,1,1,2,2,2,,,5,1,2,1,2,1,1,1,2,1,2,2,1,1,1,,1,,2,1,2,2,2,1,2,2,1,3,30,1,1,1,2,2,2,2,4,2,5,20,1,2,2,2,2,1,1,2,2,2,1,2,1,20,1,0,1,0,0,0,0,0,0,1,,,,,,,,1,10,2,,2,2,1,2,3,3,1,1,,2,2,2,,2,,1,2,2,1,1
165603,2,38,3,3,1,3,0,1,1,2,,2,2,1,2,2,1,1,2,1,1,1,1,2,1,1,1,1,1,1,2,1,2,2,2,2,2,1,1,1,3,2,1,2,60,2,2,2,2,2,2,1,2,,,,,,,,,,,,,,,,,,,,,,,,,,,,5,30,1,2,5,30,1,1,40,1,3,2,2,2,2,2,3,3,3,,2,1,1,2,1,1,1,2,1,1,1
165704,1,25,6,3,3,4,0,1,2,2,,2,2,1,2,2,4,1,2,1,2,1,1,1,1,1,1,1,1,2,2,2,2,2,2,2,1,,2,1,,,,,,,,,,,,,,,,,,,,,,,,,,,,,,,,,,,,,,,,,5,10,1,2,,,,5,60,2,,1,2,2,1,2,3,1,1,,2,2,2,,1,1,1,2,1,1,1
165801,2,77,2,3,2,3,1,1,1,1,1,2,2,1,1,2,2,1,2,2,1,1,2,2,1,1,1,1,2,1,2,2,1,,2,2,2,2,1,1,,,,,,,,,,,,,,4,1,120,1,2,2,2,2,2,2,2,2,1,,,,,,,,,,,,,,,,,,,1,10,1,1,10,2,,1,4,2,2,2,3,3,1,,2,2,2,,2,,1,2,2,1,2
165902,2,65,6,3,1,1,0,1,2,2,,2,2,2,,,1,1,2,2,3,1,1,1,1,1,1,1,1,2,1,,2,2,2,2,2,2,2,2,1,2,1,2,120,1,2,2,1,2,2,2,3,,,,,,,,,,,,,,,,,,,,,,,,,,,,,,,,,,,,,2,,1,1,2,2,2,3,3,1,,2,1,1,2,1,1,1,2,1,1,2
166003,2,16,3,3,1,3,1,1,1,2,,2,2,1,1,2,7,1,2,2,1,1,1,1,1,1,1,1,2,1,1,,2,2,2,2,2,2,2,1,4,2,1,1,60,2,2,2,2,2,1,2,2,,,,,,,,,,,,,,,,,,,,,,,,,,,,,,,,,,,1,60,1,3,1,4,2,1,2,3,3,1,,1,1,1,1,1,1,1,1,1,1,1
166104,2,42,3,3,3,4,1,1,2,2,,2,2,1,1,2,4,1,1,2,2,1,1,2,3,1,1,2,1,1,1,,2,2,2,2,2,2,2,1,1,2,1,2,15,2,2,2,1,2,2,2,3,,,,,,,,,,,,,,,,,,,,,,,,,,,,,,,,,,,2,5,2,,2,4,2,1,1,3,3,1,,2,2,2,,2,,1,1,1,1,2
166201,1,12,2,6,3,6,2,1,2,2,,2,2,1,1,2,5,1,2,2,1,1,1,1,1,1,1,1,1,2,2,2,2,2,2,2,2,2,2,1,,,,,,,,,,,,,,,,,,,,,,,,,,,,,,,,,,,,,,,,,,,,,,,,1,200,,,,,,,,,,,1,2,2,2,,2,,1,1,1,1,2
166302,2,62,0,,2,3,0,1,2,2,,2,2,1,1,2,10,1,2,1,2,2,2,2,2,1,1,1,1,,,,,,,,,,,,,,,,,,,,,,,,,,,,,,,,,,,,,,,,,,,,,,,,,,,,,,,,,,,,,,,,,,,,,,,,,,,,,,,,,,
166403,2,62,0,,2,3,0,1,2,2,,2,2,2,,,2,1,2,1,2,2,1,2,2,1,1,1,1,,,,,,,,,,,,,,,,,,,,,,,,,,,,,,,,,,,,,,,,,,,,,,,,,,,,,,,,,,,,,,,,,,,,,,,,,,,,,,,,,,
166504,2,31,3,3,2,3,1,1,2,2,,2,2,2,,,6,1,2,1,1,1,1,1,2,1,1,1,1,2,1,,2,2,2,2,2,2,2,2,1,1,1,2,30,1,2,2,1,2,2,2,3,,,,,,,,,,,,,,,,,,,,,,,,,,,,,,,,,,,,,2,,2,2,2,1,2,3,3,1,,2,2,2,,2,,1,1,1,2,2
166601,2,82,0,,2,3,0,1,2,2,,2,2,1,2,2,8,1,2,2,2,3,2,3,2,1,1,1,2,,,,,,,,,,,,,,,,,,,,,,,,,,,,,,,,,,,,,,,,,,,,,,,,,,,,,,,,,,,,,,,,,,,,,,,,,,,,,,,,,,
166702,2,13,3,1,2,3,0,1,1,2,,2,2,2,,,4,1,2,2,1,1,1,1,1,1,1,1,2,1,1,,2,1,2,2,2,2,2,1,2,2,1,2,20,1,2,1,2,2,2,2,2,1,2,20,1,2,2,2,2,2,1,2,2,2,,,,,,,,,,,,,,,,,,,,,,1,20,2,,2,2,2,1,2,3,3,1,,2,1,2,,1,1,1,1,1,1,2
166803,2,27,6,3,2,2,0,1,1,1,1,2,2,2,,,5,1,1,2,1,1,1,1,1,1,1,1,1,1,2,2,1,,2,2,2,2,2,1,,,,,,,,,,,,,,1,2,5,1,2,2,1,2,2,2,2,2,2,,,,,,,,,,,,,,,,,,,,,,1,5,1,8,2,1,2,1,3,3,3,1,,2,1,1,1,2,,1,1,1,1,2
167001,2,26,2,6,1,2,0,1,1,2,,2,2,1,2,2,3,1,2,2,1,1,1,1,3,1,1,1,1,1,1,,1,,1,,2,2,1,1,4,2,1,2,15,1,2,1,2,1,2,2,3,8,2,15,1,2,2,1,2,2,1,2,2,2,2,1,1,15,1,0,0,0,0,0,0,1,0,3,,,,,2,10,1,1,10,1,8,2,4,2,2,1,3,1,1,,2,2,2,,2,,1,1,1,1,1
167102,2,63,2,2,1,2,0,1,1,2,,2,2,2,,,3,1,2,2,2,2,1,2,2,1,2,1,2,,,,,,,,,,,,,,,,,,,,,,,,,,,,,,,,,,,,,,,,,,,,,,,,,,,,,,,,,,,,,,,,,,,,,,,,,,,,,,,,,,
167203,2,24,6,3,1,4,1,1,1,1,1,2,2,1,1,2,2,1,1,2,1,1,2,3,1,1,1,2,1,1,1,,2,2,2,2,2,1,2,1,2,2,1,1,120,1,1,1,2,2,2,2,4,,,,,,,,,,,,,,,,,,,,,,,,,,,,1,120,1,2,,,,1,300,1,1,2,1,1,1,1,1,3,3,,1,1,1,2,1,1,1,1,1,1,1
167304,1,55,2,6,1,2,1,1,2,2,,2,2,2,,,1,1,2,2,2,1,1,2,1,1,1,1,1,2,2,2,2,2,2,2,2,2,1,1,,,,,,,,,,,,,,,,,,,,,,,,,,,,,,,,,,,,,,,,,,,,,2,15,1,1,10,2,,1,2,2,2,1,3,1,1,,2,2,2,,1,1,1,2,2,1,1
167401,2,13,3,1,3,5,1,1,2,1,1,2,2,1,1,2,4,1,1,2,1,1,1,1,2,1,1,1,2,1,1,,2,2,2,2,2,2,2,1,3,2,1,1,120,1,2,2,1,1,1,2,3,,,,,,,,,,,,,,,,,,,,,,,,,,,,,,,,,,,3,15,1,7,3,1,1,2,1,3,1,1,,2,1,1,2,1,1,1,1,1,1,2
167502,1,15,2,6,1,2,1,2,2,2,,2,2,2,,,2,1,1,2,1,1,2,2,1,1,2,4,1,1,1,,2,2,2,2,2,2,1,1,6,2,1,1,10,2,2,1,2,2,1,2,2,,,,,,,,,,,,,,,,,,,,,,,,,,,,,,,,1,2,2,1,5,2,,1,2,1,1,1,3,1,1,,2,2,2,,2,,1,1,1,1,1
167603,2,63,0,,1,4,0,1,2,2,,2,2,2,,,3,1,2,2,1,1,1,1,1,1,1,1,1,,,,,,,,,,,,,,,,,,,,,,,,,,,,,,,,,,,,,,,,,,,,,,,,,,,,,,,,,,,,,,,,,,,,,,,,,,,,,,,,,,
167704,2,48,2,6,1,2,0,1,2,2,,2,2,1,2,2,5,1,2,2,2,1,1,1,2,1,1,1,1,2,2,1,2,2,2,2,2,2,2,1,1,2,1,3,15,2,2,1,2,2,2,2,2,,,,,,,,,,,,,,,,,,,,,,,,,,,,,,,,,,,1,10,2,,2,2,2,1,2,3,3,1,,2,2,2,,1,1,1,1,1,1,2
167801,2,64,2,6,3,4,2,1,1,1,2,1,2,1,1,2,5,1,1,2,1,1,1,1,1,1,1,1,2,2,2,2,2,2,2,2,2,2,2,1,,,,,,,,,,,,,,,,,,,,,,,,,,,,,,,,,,,,,,,,,,,,,,,,1,30,,,,,,,,,,,1,2,2,2,,2,,1,2,2,2,2
167902,2,48,6,3,1,2,0,2,1,1,1,2,2,1,1,2,4,1,2,2,3,1,2,2,2,2,2,3,2,1,1,,1,,2,2,1,,2,1,1,2,1,4,20,1,2,2,1,2,2,2,3,5,2,20,2,2,2,2,2,1,2,2,2,1,,,,,,,,,,,,,,,4,30,2,1,,,,2,20,2,,1,1,1,2,3,3,1,1,,2,1,1,1,1,1,1,1,1,1,2
168003,2,58,8,4,2,4,0,1,1,2,,2,2,1,1,2,3,1,2,2,2,1,1,1,1,1,1,1,2,1,1,,2,2,2,2,2,2,1,1,1,2,1,1,180,1,2,2,2,1,2,2,2,,,,,,,,,,,,,,,,,,,,,,,,,,,,,,,,1,5,1,1,60,1,8,3,3,1,2,2,3,3,1,,2,2,2,,2,,1,1,1,1,2
168104,1,12,2,6,2,3,2,1,1,1,1,2,2,1,1,2,4,1,2,2,1,1,1,1,2,1,1,1,2,2,2,1,2,2,2,2,2,2,1,1,3,2,1,3,30,2,2,1,2,2,1,2,2,,,,,,,,,,,,,,,,,,,,,,,,,,,,,,,,1,20,2,5,60,2,,2,1,2,1,2,3,3,1,,2,1,1,2,1,1,1,1,1,1,2
168201,2,26,3,3,2,3,0,1,2,2,,2,2,2,,,4,1,1,1,2,2,3,2,2,3,2,1,1,2,2,2,2,2,2,2,2,2,2,1,,,,,,,,,,,,,,,,,,,,,,,,,,,,,,,,,,,,,,,,,,,,,,,,1,30,,,,,,,,,,,3,2,2,2,,2,,1,1,1,2,1
168302,2,45,0,,3,4,1,1,2,2,,1,2,1,1,2,4,1,2,1,2,1,2,2,2,1,1,2,1,,,,,,,,,,,,,,,,,,,,,,,,,,,,,,,,,,,,,,,,,,,,,,,,,,,,,,,,,,,,,,,,,,,,,,,,,,,,,,,,,,
168403,1,37,3,3,1,2,1,1,2,2,,2,2,2,,,3,1,2,1,1,1,2,2,1,1,1,1,1,2,2,2,2,2,2,2,2,2,2,1,,,,,,,,,,,,,,,,,,,,,,,,,,,,,,,,,,,,,,,,,,,,,,,,1,30,,,,,,,,,,,3,2,2,2,,1,1,1,1,1,1,2
168504,1,78,0,,1,3,0,1,2,2,,2,2,2,,,3,1,2,1,2,1,1,1,1,1,1,1,1,,,,,,,,,,,,,,,,,,,,,,,,,,,,,,,,,,,,,,,,,,,,,,,,,,,,,,,,,,,,,,,,,,,,,,,,,,,,,,,,,,
168601,1,60,0,,1,1,0,2,2,2,,2,2,2,,,3,1,2,1,1,1,1,2,1,1,1,1,1,,,,,,,,,,,,,,,,,,,,,,,,,,,,,,,,,,,,,,,,,,,,,,,,,,,,,,,,,,,,,,,,,,,,,,,,,,,,,,,,,,
168702,1,73,2,1,3,4,3,1,1,2,,2,2,2,,,1,1,2,1,1,1,1,1,1,1,1,1,1,,,,,,,,,,,,,,,,,,,,,,,,,,,,,,,,,,,,,,,,,,,,,,,,,,,,,,,,,,,,,,,,,,,,,,,,,,,,,,,,,,
168803,1,78,0,,3,3,1,1,2,1,1,2,2,1,1,2,5,1,2,1,4,3,2,3,4,2,3,3,1,2,2,2,2,2,2,2,2,2,2,2,,,,,,,,,,,,,,,,,,,,,,,,,,,,,,,,,,,,,,,,,,,,,,,,,,,,,,,,,,,,6,2,2,2,,2,,2,,,,
168904,1,44,2,6,1,2,1,1,2,2,,2,2,2,,,4,1,2,1,3,1,1,1,1,1,1,1,1,1,2,1,2,2,2,2,2,2,2,1,1,2,1,3,30,1,2,2,2,2,2,1,2,,,,,,,,,,,,,,,,,,,,,,,,,,,,,,,,,,,2,30,2,,2,4,2,2,3,3,1,1,,2,2,1,1,1,1,1,1,1,1,2
169001,2,32,3,3,2,3,2,1,2,2,,2,2,2,,,2,1,2,1,1,1,1,1,1,1,1,1,1,1,1,,2,2,2,2,2,2,2,1,1,2,1,2,10,2,2,2,1,2,2,2,2,,,,,,,,,,,,,,,,,,,,,,,,,,,,,,,,,,,2,10,2,,2,2,2,1,3,3,3,1,,2,1,2,,1,1,1,1,1,1,1
169102,1,54,2,4,1,1,0,2,2,2,,2,2,2,,,3,1,2,1,2,1,3,2,2,1,2,2,1,,,,,,,,,,,,,,,,,,,,,,,,,,,,,,,,,,,,,,,,,,,,,,,,,,,,,,,,,,,,,,,,,,,,,,,,,,,,,,,,,,
169304,1,36,0,,1,2,0,2,2,2,,2,2,2,,,3,1,1,1,1,2,2,1,1,1,1,1,1,,,,,,,,,,,,,,,,,,,,,,,,,,,,,,,,,,,,,,,,,,,,,,,,,,,,,,,,,,,,,,,,,,,,,,,,,,,,,,,,,,
169401,2,43,10,2,3,5,2,1,1,1,1,1,1,1,1,1,3,1,2,2,1,1,1,1,2,1,1,1,2,1,1,,2,2,2,2,2,2,1,1,1,2,1,1,15,2,2,2,1,2,2,2,3,,,,,,,,,,,,,,,,,,,,,,,,,,,,,,,,2,10,2,1,180,2,,3,3,2,1,1,3,3,1,,1,1,1,2,1,1,1,1,1,1,1
169502,2,77,0,,2,4,1,1,1,2,,2,2,1,1,2,2,1,2,2,2,1,3,3,2,2,1,1,1,2,2,2,2,2,2,2,2,2,2,2,,,,,,,,,,,,,,,,,,,,,,,,,,,,,,,,,,,,,,,,,,,,,,,,,,,,,,,,,,,,1,2,2,2,,2,,2,,,,
169603,1,16,6,2,2,5,1,1,1,1,2,1,1,1,1,2,4,1,2,2,1,1,1,1,1,1,1,1,2,2,2,1,1,,2,2,1,,1,1,3,2,1,5,15,2,1,1,2,1,1,2,4,10,1,15,1,1,2,2,2,2,1,2,2,2,,,,,,,,,,,,,,,3,15,2,1,3,15,1,1,60,2,,1,4,2,1,2,3,3,3,,1,1,1,1,1,1,1,1,1,1,1
169801,1,13,3,1,3,5,1,1,1,1,1,2,2,1,1,2,4,1,1,2,2,2,1,1,2,2,3,3,1,1,1,,2,2,2,2,2,2,2,1,3,2,1,4,20,2,2,1,1,1,2,2,2,,,,,,,,,,,,,,,,,,,,,,,,,,,,,,,,,,,1,360,2,,4,3,1,1,1,3,1,3,,1,1,1,2,1,1,1,2,1,1,2
170003,1,60,2,6,2,4,1,1,1,1,1,2,2,2,,,1,1,2,2,1,1,1,2,1,1,1,1,1,2,2,2,2,2,2,2,2,2,1,1,,,,,,,,,,,,,,,,,,,,,,,,,,,,,,,,,,,,,,,,,,,,,3,60,1,1,60,2,,1,3,2,2,3,3,3,1,,2,2,2,,2,,1,2,1,1,2
170104,2,49,2,3,2,3,1,1,1,2,,1,2,2,,,2,1,2,2,2,1,1,1,1,1,1,1,1,,,,,,,,,,,,,,,,,,,,,,,,,,,,,,,,,,,,,,,,,,,,,,,,,,,,,,,,,,,,,,,,,,,,,,,,,,,,,,,,,,
170201,1,50,8,5,3,6,2,1,2,1,1,1,2,1,1,2,1,1,2,2,1,1,1,1,1,1,1,1,2,1,1,,2,2,2,2,2,2,1,1,4,2,1,2,60,1,2,2,1,1,1,2,2,,,,,,,,,,,,,,,,,,,,,,,,,,,,,,,,2,60,1,1,120,2,,2,3,2,1,1,3,3,1,,1,2,2,,1,2,1,1,1,2,2
170302,1,45,6,2,2,3,1,2,2,2,,2,2,1,2,2,3,1,2,2,1,2,2,1,2,1,1,1,1,1,1,,2,1,2,2,2,2,1,1,2,2,1,2,30,1,2,1,1,2,2,2,3,1,4,30,1,2,1,2,1,2,2,2,2,2,,,,,,,,,,,,,,,,,,,2,10,1,1,60,2,,2,2,2,2,2,3,3,1,,2,1,2,,1,1,1,2,1,1,1
170403,1,12,2,6,1,3,1,1,1,2,,2,2,1,1,2,5,1,2,2,1,2,2,1,2,1,1,2,1,1,2,2,2,1,2,1,2,1,1,1,,,,,,,,,,,,,,2,1,20,1,1,2,2,2,1,2,2,1,2,2,1,2,20,1,0,1,0,0,0,0,0,0,3,2,20,1,2,1,15,1,1,30,2,,2,2,2,1,2,3,3,1,,2,2,2,,1,2,1,1,1,2,2
170504,1,82,0,,3,4,1,1,1,2,,1,2,1,1,2,2,1,2,1,2,1,1,1,2,1,2,3,1,,,,,,,,,,,,,,,,,,,,,,,,,,,,,,,,,,,,,,,,,,,,,,,,,,,,,,,,,,,,,,,,,,,,,,,,,,,,,,,,,,
170601,1,55,6,3,1,2,2,1,1,1,1,1,2,1,1,2,1,1,2,2,2,1,1,1,1,1,1,1,1,1,2,1,1,,2,2,2,2,1,2,1,1,1,4,60,2,1,2,2,2,1,2,1,2,5,120,2,2,2,2,2,2,1,1,2,2,,,,,,,,,,,,,,,,,,,5,15,1,,,1,5,2,2,1,1,2,3,3,1,,2,2,2,,1,1,1,2,2,2,2
170702,2,67,3,3,1,5,1,1,1,2,,2,2,1,1,2,2,1,2,2,2,1,2,2,3,1,1,1,2,1,2,2,2,2,2,2,2,2,2,2,,,,,,,,,,,,,,,,,,,,,,,,,,,,,,,,,,,,,,,,,,,,,,,,,,,,,,,,,,,,1,2,1,2,,2,,1,2,2,2,2
170904,2,70,6,1,1,7,2,1,2,2,,2,2,1,1,2,1,1,2,2,1,3,1,3,1,1,1,1,1,1,1,,2,2,2,2,2,2,2,1,4,2,1,2,90,1,2,2,1,1,2,2,3,,,,,,,,,,,,,,,,,,,,,,,,,,,,,,,,,,,1,120,2,,2,3,2,2,1,3,3,1,,2,1,1,2,1,1,1,2,1,1,1
171001,1,86,2,6,3,5,2,1,1,1,1,1,2,1,1,2,2,1,2,2,2,2,1,1,2,1,1,1,2,2,2,2,2,2,2,2,2,2,2,2,,,,,,,,,,,,,,,,,,,,,,,,,,,,,,,,,,,,,,,,,,,,,,,,,,,,,,,,,,,,6,2,2,1,1,2,,1,2,2,2,2
171102,2,80,3,3,2,5,2,1,1,1,1,1,2,1,1,1,2,1,2,2,1,1,1,2,1,1,1,1,2,2,1,,2,2,2,2,2,2,2,2,3,2,1,3,20,1,1,2,1,1,2,2,3,,,,,,,,,,,,,,,,,,,,,,,,,,,,,,,,,,,,,2,,1,4,1,2,1,3,1,1,,2,1,2,,1,2,1,2,1,1,2
171203,1,57,11,3,2,8,2,1,1,1,2,1,1,1,1,1,3,1,2,2,1,1,1,1,1,1,1,1,2,1,1,,1,,1,,1,,1,2,7,2,1,1,60,1,1,1,1,1,1,2,3,5,2,10,1,1,1,1,1,1,1,1,2,2,2,1,1,20,1,0,0,1,0,0,0,0,0,2,5,10,2,1,1,30,2,,,2,,2,3,1,1,2,3,3,1,,1,1,1,2,1,1,1,1,1,1,1
171304,1,46,8,5,3,7,2,1,1,1,2,1,2,1,1,1,4,1,2,2,1,1,1,1,1,1,1,1,2,1,1,,1,,1,,2,2,2,1,4,1,1,2,20,2,1,1,1,2,1,2,3,5,3,10,2,2,2,2,2,2,1,1,2,2,1,2,7,10,1,1,0,0,0,1,0,0,0,1,,,,,,,,1,240,2,,2,3,2,1,1,3,3,1,,2,1,1,2,1,2,1,1,1,1,1
171401,2,62,8,4,5,11,3,1,1,2,,1,2,1,1,2,5,1,2,2,3,1,1,3,1,1,1,1,2,2,2,1,2,1,2,2,1,,2,1,2,2,1,3,60,1,2,2,1,2,1,2,2,4,4,30,1,2,1,1,1,2,1,1,1,2,,,,,,,,,,,,,,,5,30,1,2,,,,1,120,2,,2,3,1,2,3,3,3,1,,2,1,1,1,1,3,1,2,2,2,2
171603,2,57,3,3,1,1,0,1,2,2,,2,2,2,,,2,1,2,1,3,1,3,3,3,1,1,2,1,2,1,,2,2,2,2,2,2,2,2,1,2,1,2,20,1,2,2,1,2,2,2,2,,,,,,,,,,,,,,,,,,,,,,,,,,,,,,,,,,,,,2,,1,2,1,2,3,3,1,1,,2,2,2,,2,,1,1,1,1,2
171704,1,28,8,4,3,4,2,1,2,2,,2,2,1,1,2,1,1,2,2,1,1,1,1,1,1,1,1,1,2,2,1,2,2,1,,2,2,1,1,3,1,1,2,90,1,1,1,2,2,2,2,2,,,,,,,,,,,,,,1,2,2,30,2,0,1,0,0,0,0,1,0,1,,,,,2,90,2,1,240,2,,2,3,2,1,2,3,3,1,,1,1,2,,1,4,1,1,1,1,1
171902,1,60,8,4,1,4,3,1,1,1,3,1,2,1,1,2,2,1,2,2,2,1,1,1,2,1,1,1,1,1,1,,2,2,2,2,2,2,1,1,1,2,1,3,15,1,2,2,1,2,2,2,2,,,,,,,,,,,,,,,,,,,,,,,,,,,,,,,,5,5,1,1,60,1,8,1,1,2,1,3,3,1,1,,1,1,1,2,2,,1,1,2,2,1
172201,2,37,10,2,2,6,1,1,1,1,2,1,2,1,1,1,4,1,2,2,1,1,1,1,1,1,1,1,2,1,1,,1,,1,,2,2,1,1,5,1,2,2,180,2,2,1,2,2,2,2,1,5,2,15,1,2,1,1,1,1,1,1,2,2,1,2,7,10,1,1,1,1,1,1,1,1,0,1,,,,,2,10,1,1,20,1,3,4,4,1,1,2,3,3,1,,1,1,1,1,1,5,1,1,1,1,1
172302,1,34,9,3,3,6,2,1,1,1,2,1,1,1,1,1,3,1,2,2,1,1,1,1,1,1,1,1,2,1,1,,2,2,2,1,2,1,1,1,4,2,1,2,60,1,2,2,1,1,1,2,3,,,,,,,,,,,,,,1,2,7,15,1,0,1,0,0,1,0,1,0,1,5,15,1,2,1,10,1,1,60,2,,2,3,1,1,1,3,3,1,,2,1,1,2,1,2,1,1,1,1,1
172702,2,81,3,3,4,5,1,1,1,1,1,1,1,1,1,2,1,1,2,2,3,1,3,3,1,1,1,1,1,1,1,,2,2,2,2,2,2,2,1,3,2,1,4,60,1,2,2,2,2,1,2,3,,,,,,,,,,,,,,,,,,,,,,,,,,,,,,,,,,,1,20,1,8,1,3,1,1,3,3,3,3,,1,1,1,2,1,4,1,1,2,1,1
172803,2,72,5,3,1,6,3,1,1,1,4,2,2,1,1,2,2,1,2,2,2,1,1,1,2,1,1,1,1,1,1,,2,2,2,2,2,2,2,1,3,2,1,2,90,1,2,2,2,1,2,2,2,,,,,,,,,,,,,,,,,,,,,,,,,,,,,,,,,,,1,60,2,,2,3,2,1,3,3,3,1,,2,2,2,,2,,1,2,1,2,2
172904,2,59,3,2,1,2,1,1,1,2,,2,2,1,2,2,1,1,2,2,2,1,1,1,1,1,1,1,1,2,2,2,2,2,2,2,2,2,2,1,,,,,,,,,,,,,,,,,,,,,,,,,,,,,,,,,,,,,,,,,,,,,,,,1,30,,,,,,,,,,,3,2,1,1,1,1,1,1,2,1,2,1
173001,2,40,3,3,2,4,1,1,2,2,,2,2,2,,,3,1,2,2,1,1,1,1,1,1,1,1,2,1,1,,2,2,2,2,2,2,2,1,3,2,1,3,120,1,2,2,2,1,2,2,3,,,,,,,,,,,,,,,,,,,,,,,,,,,,,,,,,,,1,60,2,,2,3,2,2,3,3,3,3,,1,1,2,,2,,1,1,1,1,1
173102,2,45,8,5,2,4,1,1,1,2,,1,2,1,1,2,2,1,2,2,2,1,1,3,1,1,1,1,2,1,1,,2,2,2,2,2,2,2,1,1,2,1,3,30,1,2,2,1,2,2,2,2,,,,,,,,,,,,,,,,,,,,,,,,,,,,,,,,,,,1,240,2,,1,3,2,2,2,3,3,1,,1,1,2,,1,1,1,2,1,2,1
173304,1,43,7,1,2,3,1,2,2,2,,2,2,1,2,2,1,1,2,2,1,1,2,1,1,1,1,2,1,2,2,1,2,2,2,2,2,2,2,1,3,2,1,3,60,1,2,1,2,1,1,2,2,,,,,,,,,,,,,,,,,,,,,,,,,,,,,,,,,,,5,60,1,5,2,4,2,2,1,3,3,1,,2,2,2,,2,,1,2,2,2,2
173401,2,98,2,2,1,1,0,2,2,2,,2,2,1,2,2,2,1,2,2,2,1,3,1,1,1,1,1,2,,,,,,,,,,,,,,,,,,,,,,,,,,,,,,,,,,,,,,,,,,,,,,,,,,,,,,,,,,,,,,,,,,,,,,,,,,,,,,,,,,
173502,2,33,8,4,2,5,2,1,1,2,,2,2,2,,,2,1,2,2,1,1,2,2,2,2,1,1,2,1,1,,2,1,2,2,1,,1,1,4,2,1,2,15,1,2,2,1,1,2,2,3,2,4,10,2,2,2,2,1,2,2,2,2,2,,,,,,,,,,,,,,,2,15,1,2,3,5,1,1,60,2,,3,3,2,1,3,3,3,1,,1,2,1,2,1,1,1,1,1,1,1
173603,2,29,8,5,1,4,1,1,2,1,1,1,1,1,1,1,2,1,2,2,1,1,1,1,1,1,1,1,2,1,1,,2,1,2,2,2,2,1,1,2,2,1,3,60,1,2,2,2,1,1,2,2,10,2,30,1,2,2,2,2,2,2,1,1,2,,,,,,,,,,,,,,,,,,,1,30,1,1,600,1,5,3,3,2,1,2,3,3,1,,1,1,1,2,1,3,1,1,1,1,1
173704,1,69,3,3,1,1,1,1,2,1,1,2,2,1,1,2,1,1,2,2,3,3,3,3,2,2,2,4,2,1,2,2,2,2,2,2,2,2,2,1,,,,,,,,,,,,,,,,,,,,,,,,,,,,,,,,,,,,,,,,,,,,,,,,1,300,,,,,,,,,,,2,2,2,2,,2,,1,2,2,2,2
173902,1,33,3,3,2,7,1,1,1,1,1,1,1,1,1,1,5,1,2,2,1,1,1,1,1,1,1,1,2,2,2,1,2,1,2,2,1,,1,1,4,1,2,2,30,1,1,1,2,1,2,2,1,5,2,30,1,1,2,1,2,2,1,2,2,2,,,,,,,,,,,,,,,2,30,1,2,1,60,1,1,120,2,,4,3,2,1,1,3,3,1,,1,1,2,,1,1,1,1,1,1,1
174003,1,65,2,4,2,3,1,1,1,2,,2,2,1,1,2,4,1,2,2,3,3,1,2,1,1,1,3,1,2,2,1,2,2,2,2,2,2,1,1,5,1,2,3,15,2,1,2,1,2,2,2,3,,,,,,,,,,,,,,,,,,,,,,,,,,,,,,,,1,15,1,2,20,1,7,1,2,2,1,2,3,1,1,,2,2,2,,2,,1,2,1,1,2
174104,2,59,3,3,3,6,1,1,1,2,,1,2,1,1,1,5,1,2,2,2,1,2,1,1,1,1,1,1,2,2,1,1,,2,2,2,1,1,1,3,2,1,3,30,2,1,2,1,1,2,2,2,2,2,15,1,2,2,1,1,2,2,2,2,2,,,,,,,,,,,,,,,5,5,1,2,5,5,1,5,10,2,,1,4,2,1,1,3,1,1,,1,1,1,2,1,1,1,1,1,1,1
174302,1,25,8,3,3,4,2,1,1,1,4,1,1,1,1,1,4,1,2,2,1,2,2,1,2,1,1,1,2,1,2,1,1,,2,1,2,2,1,1,20,1,1,3,15,2,1,1,2,2,2,2,1,2,4,20,1,1,1,2,2,2,2,1,1,2,1,2,3,15,1,0,0,1,0,0,0,0,0,2,,,,,2,10,1,1,20,1,8,3,3,2,1,3,3,3,3,,2,2,1,2,1,1,1,1,1,2,1
174403,1,36,8,4,1,4,1,1,1,2,,1,2,1,1,2,4,1,2,2,3,1,1,1,2,1,1,1,1,1,1,,2,2,2,2,1,,1,1,2,2,1,3,60,2,1,2,1,1,1,2,4,,,,,,,,,,,,,,,,,,,,,,,,,,,,2,60,1,2,2,30,2,1,30,2,,2,2,2,2,2,3,3,1,,2,2,2,,2,,1,9,1,1,1
174504,1,39,6,3,1,2,1,1,1,1,1,1,2,1,1,1,2,1,2,2,2,1,1,1,1,1,1,1,2,2,2,1,2,2,2,2,2,2,2,2,1,1,2,5,1,2,2,1,1,1,1,2,1,,,,,,,,,,,,,,,,,,,,,,,,,,,,,,,,,,,,,2,,4,4,2,2,3,3,3,3,,2,2,2,,2,,1,2,1,2,2
174601,2,58,8,4,1,5,1,1,1,1,1,1,1,1,1,1,1,1,1,2,2,1,1,2,2,1,1,1,1,1,1,,2,2,2,1,2,1,1,1,5,2,1,1,60,1,2,2,2,1,1,2,2,,,,,,,,,,,,,,1,2,7,60,1,1,0,0,0,0,0,0,0,1,2,30,1,2,1,120,1,1,120,2,,3,3,2,1,1,3,3,1,,2,1,2,,1,4,1,1,1,1,1
174702,2,59,10,2,3,5,2,1,1,1,1,1,2,1,1,1,3,1,2,2,1,1,1,1,1,1,1,1,2,1,2,1,2,2,2,2,2,2,2,1,2,1,2,1,180,2,1,2,2,2,1,2,1,,,,,,,,,,,,,,,,,,,,,,,,,,,,,,,,,,,1,60,2,,3,3,2,1,2,3,3,1,,2,2,2,,2,,1,2,2,2,2
174904,1,74,3,1,1,4,2,1,1,1,1,1,1,1,1,2,2,1,2,2,3,2,2,2,2,1,1,2,2,1,1,,2,2,2,2,2,2,1,1,3,2,1,2,120,1,2,2,1,2,2,2,3,,,,,,,,,,,,,,,,,,,,,,,,,,,,,,,,1,60,1,1,120,2,,2,1,1,1,1,3,3,1,,2,1,2,,1,1,1,1,2,1,1
175102,1,44,3,3,3,4,2,1,1,1,1,1,2,1,1,2,4,1,2,2,1,1,1,1,1,1,1,1,2,1,2,1,1,,2,2,2,2,1,1,12,2,1,3,120,1,1,1,1,2,1,2,2,3,2,60,1,1,1,1,2,2,2,1,2,2,,,,,,,,,,,,,,,,,,,1,300,1,1,300,2,,2,4,1,1,1,3,3,1,,2,2,2,,2,,1,1,1,1,1
175203,1,12,2,5,2,4,1,1,1,2,,2,2,1,1,1,4,1,2,2,2,1,1,1,1,1,1,1,2,2,2,1,2,2,2,2,2,2,2,1,2,2,1,3,20,1,2,2,2,1,2,2,3,,,,,,,,,,,,,,,,,,,,,,,,,,,,,,,,,,,1,60,2,,2,2,2,1,1,3,3,1,,2,1,1,2,1,5,1,2,1,2,2
175304,2,23,3,3,3,6,1,1,1,1,2,1,2,1,1,1,5,1,2,2,1,1,1,1,1,1,1,1,2,1,1,,1,,2,1,1,,1,1,3,2,1,2,60,1,2,2,1,1,1,2,3,3,3,30,1,2,2,2,1,2,1,1,1,2,1,2,1,5,1,0,0,0,0,0,0,1,0,1,2,15,1,2,3,30,1,1,240,1,8,4,4,2,1,2,3,3,1,,2,2,2,,2,,1,1,1,1,1
175401,1,67,7,2,2,3,1,1,1,1,2,2,2,1,1,1,2,1,2,2,1,1,1,1,1,1,1,1,1,1,1,,2,2,2,2,2,2,2,1,4,2,1,1,30,1,2,2,1,1,1,2,3,,,,,,,,,,,,,,,,,,,,,,,,,,,,,,,,,,,2,10,2,,2,4,1,2,2,3,3,1,,1,1,1,2,1,2,1,2,1,1,1
175502,2,59,5,2,1,5,1,1,1,1,2,2,2,1,1,2,2,1,2,2,1,1,1,1,1,1,1,1,2,1,2,2,2,2,2,2,2,2,2,1,,,,,,,,,,,,,,,,,,,,,,,,,,,,,,,,,,,,,,,,,,,,,,,,1,60,,,,,,,,,,,4,1,2,2,,2,,1,1,1,1,2
175603,2,22,6,3,3,5,3,1,1,2,,1,2,1,1,2,1,1,2,2,1,1,1,1,1,1,1,1,2,2,2,1,2,2,2,2,2,2,2,1,2,2,1,2,60,1,1,2,2,2,1,2,2,,,,,,,,,,,,,,,,,,,,,,,,,,,,,,,,,,,1,60,2,,2,3,2,1,3,3,3,1,,2,2,2,,1,1,1,1,1,1,2
175704,1,20,8,1,1,2,0,1,2,2,,2,2,1,2,2,2,1,2,2,1,1,1,1,2,1,1,1,2,2,2,1,2,2,2,2,2,2,1,1,1,2,1,5,60,2,2,2,1,2,2,2,2,,,,,,,,,,,,,,,,,,,,,,,,,,,,,,,,1,180,1,1,180,1,5,2,3,2,1,2,3,1,3,,2,1,1,2,1,1,1,2,1,2,2
175801,2,12,3,1,3,4,2,1,1,1,1,1,2,1,1,2,5,1,2,2,2,1,1,1,1,1,1,1,2,1,1,,2,2,1,,2,2,2,2,5,2,1,2,20,1,2,2,2,1,2,2,3,,,,,,,,,,,,,,2,1,1,5,2,0,0,0,0,0,0,1,0,2,,,,,,,,,,2,,2,2,2,1,2,3,1,3,,1,1,1,2,1,3,1,1,1,1,2
175902,1,14,3,2,3,5,1,1,1,1,1,1,1,1,1,1,3,1,2,2,1,1,1,2,1,1,2,1,2,1,1,,2,2,2,1,1,,1,1,6,1,2,2,30,1,2,1,2,1,2,2,1,,,,,,,,,,,,,,2,1,1,10,2,0,0,0,0,0,0,1,0,2,2,10,1,2,5,10,1,2,10,2,,2,3,2,1,1,3,3,1,,1,2,1,3,1,5,1,1,1,1,1
176003,1,45,6,3,2,2,1,1,1,1,1,2,2,1,1,2,5,1,2,2,1,1,1,1,1,1,1,1,2,2,2,2,2,2,2,2,2,2,2,1,,,,,,,,,,,,,,,,,,,,,,,,,,,,,,,,,,,,,,,,,,,,,,,,2,30,,,,,,,,,,,3,2,1,2,,1,1,1,1,1,1,1
176104,2,80,2,6,1,4,1,1,1,1,1,1,2,1,1,1,4,1,2,2,1,1,1,1,1,1,1,1,1,1,1,,1,,2,2,2,2,2,2,2,2,1,3,60,1,1,2,1,1,1,2,4,2,2,60,1,2,2,1,1,2,1,1,1,2,,,,,,,,,,,,,,,,,,,,,,,,2,,2,3,1,2,3,3,3,1,,2,1,2,,1,4,1,2,1,1,1
176201,2,18,3,3,2,2,1,1,1,2,,2,2,1,2,2,3,1,2,2,1,1,1,1,1,1,1,1,2,1,1,,1,,1,,2,2,1,1,15,1,1,2,120,1,1,1,2,1,1,2,1,1,4,120,1,2,1,2,2,2,1,1,2,2,1,2,1,60,2,0,0,0,1,0,0,0,0,3,,,,,2,120,2,1,120,2,,3,3,2,1,1,3,3,1,,2,2,1,2,2,,1,1,2,1,1
176302,2,59,3,3,2,4,1,1,1,2,,1,2,1,1,1,2,1,2,2,3,1,1,2,2,1,1,1,1,2,2,2,2,2,2,2,2,2,1,1,,,,,,,,,,,,,,,,,,,,,,,,,,,,,,,,,,,,,,,,,,,,,1,5,1,1,10,2,,2,3,2,2,2,3,3,1,,2,2,2,,1,1,1,1,1,1,1
176403,1,30,2,6,2,3,1,1,2,2,,2,2,1,1,2,4,1,1,2,2,1,1,1,2,2,2,2,1,1,1,,2,2,2,2,2,2,1,1,1,1,1,2,20,1,1,2,1,2,2,2,2,,,,,,,,,,,,,,,,,,,,,,,,,,,,,,,,5,20,1,1,120,2,,2,2,2,1,2,3,1,3,,2,1,1,1,1,1,1,2,2,2,1
176504,2,40,8,2,2,4,1,1,1,1,1,1,1,1,1,1,3,1,2,2,1,1,1,1,1,1,1,1,1,1,1,,1,,2,1,2,2,1,1,8,1,2,2,80,2,1,1,1,2,1,2,1,2,2,120,2,2,2,1,1,2,1,1,2,2,1,2,2,20,1,0,0,0,0,0,0,1,0,1,,,,,2,20,1,1,180,2,,2,2,2,1,2,3,3,1,,2,1,1,2,1,1,1,2,1,1,1
176601,1,58,3,3,2,4,1,1,1,1,1,1,2,2,,,3,1,2,2,1,1,2,3,1,1,1,1,2,2,2,2,2,2,2,2,2,2,2,1,,,,,,,,,,,,,,,,,,,,,,,,,,,,,,,,,,,,,,,,,,,,,,,,1,60,,,,,,,,,,,1,2,2,2,,2,,1,2,1,1,2
176702,2,66,0,,2,3,1,1,1,2,,2,2,1,2,2,1,1,2,2,1,1,1,1,1,1,1,1,1,,,,,,,,,,,,,,,,,,,,,,,,,,,,,,,,,,,,,,,,,,,,,,,,,,,,,,,,,,,,,,,,,,,,,,,,,,,,,,,,,,
176803,2,29,2,6,2,3,1,2,1,2,,2,2,2,,,4,1,2,2,1,1,1,1,1,1,1,1,1,1,2,2,2,2,2,2,2,2,2,1,,,,,,,,,,,,,,,,,,,,,,,,,,,,,,,,,,,,,,,,,,,,,,,,1,300,,,,,,,,,,,1,1,2,2,,2,,1,1,1,1,1
176904,2,70,2,4,1,2,1,1,1,2,,2,2,2,,,2,1,2,2,2,1,1,1,1,1,1,1,2,1,2,2,1,,1,,1,,1,1,,,,,,,,,,,,,,1,2,30,1,2,2,1,1,1,1,1,1,2,2,1,2,30,1,0,0,0,0,0,0,1,0,2,3,60,2,1,1,30,1,1,30,1,7,1,1,2,2,3,1,1,1,,2,2,2,,2,,1,2,1,2,2
177001,2,36,6,3,2,3,1,1,1,1,1,1,1,1,1,1,3,1,2,2,2,1,1,1,1,1,1,1,2,1,1,,2,2,2,2,2,2,1,1,2,2,1,2,30,1,2,2,2,1,2,2,2,,,,,,,,,,,,,,,,,,,,,,,,,,,,,,,,2,15,1,1,30,2,,2,3,2,1,3,3,3,1,,2,2,2,,1,1,1,1,1,1,1
177102,1,61,2,6,1,2,1,1,1,2,,2,2,1,1,2,2,1,2,2,1,1,2,2,1,1,1,2,1,2,2,2,2,2,2,2,2,2,1,1,,,,,,,,,,,,,,,,,,,,,,,,,,,,,,,,,,,,,,,,,,,,,1,10,1,1,120,1,3,2,2,2,1,2,3,1,1,,2,2,2,,2,,1,2,2,2,9
177203,2,56,3,3,2,4,1,2,1,2,,2,2,1,1,2,2,1,2,2,1,1,1,1,1,1,1,1,2,2,2,1,2,2,2,2,2,2,2,1,2,2,1,2,120,1,1,2,1,1,2,2,2,,,,,,,,,,,,,,,,,,,,,,,,,,,,,,,,,,,1,120,2,,2,3,2,2,3,3,3,3,,1,1,2,,1,1,1,1,1,1,1
177304,2,35,6,2,2,3,1,1,1,2,,1,1,1,1,1,6,1,2,2,1,1,1,1,1,1,1,1,2,1,2,1,1,,2,2,2,2,1,1,6,1,1,2,60,1,1,2,2,2,1,2,3,10,2,15,1,2,2,2,1,2,2,2,2,2,,,,,,,,,,,,,,,,,,,2,10,1,1,180,2,,2,3,2,1,2,3,3,1,,2,1,2,,2,,1,2,2,2,1
177401,1,61,3,3,2,5,1,1,1,1,1,2,2,1,1,2,2,1,2,2,1,2,1,1,1,1,1,1,2,2,2,1,2,1,2,1,2,2,1,1,1,2,1,4,45,1,2,2,1,2,2,2,2,1,4,30,1,1,2,2,2,1,2,2,2,2,2,1,1,45,1,0,1,0,0,0,0,0,0,2,,,,,1,30,1,1,30,2,,3,2,2,1,2,3,3,1,,2,2,1,2,2,,1,2,1,2,2
177502,2,39,6,3,2,4,1,1,1,2,,1,2,1,1,2,3,1,2,2,2,1,3,3,3,1,1,2,1,2,2,2,2,2,2,2,2,2,2,1,,,,,,,,,,,,,,,,,,,,,,,,,,,,,,,,,,,,,,,,,,,,,,,,1,480,,,,,,,,,,,7,1,1,2,,1,1,1,1,1,1,1
177603,1,17,6,3,3,8,3,1,1,1,1,1,1,1,1,1,3,1,2,2,1,1,1,1,1,1,1,1,2,1,1,,2,1,2,1,2,2,1,1,1,1,2,2,60,1,1,1,1,1,1,2,2,3,3,30,2,2,1,2,1,2,1,2,2,2,1,2,1,30,2,0,0,0,0,0,0,1,0,2,,,,,5,15,2,1,460,2,,2,3,1,1,1,3,3,3,,2,1,2,,1,1,1,1,1,1,1
177704,2,65,5,2,2,6,1,1,1,2,,1,1,1,1,2,4,1,2,2,3,1,1,1,1,1,1,1,2,1,2,1,2,2,2,1,2,2,1,1,20,1,1,3,60,1,1,1,2,1,1,2,3,,,,,,,,,,,,,,1,2,7,15,1,0,0,0,0,0,0,1,0,1,,,,,2,15,1,1,120,2,,4,4,2,1,2,3,3,1,,1,1,1,1,1,1,1,1,1,1,1
177801,1,47,3,3,4,4,1,1,1,2,,1,2,1,1,2,4,1,2,2,1,1,1,1,1,1,1,1,2,2,2,2,2,2,2,2,2,2,2,1,,,,,,,,,,,,,,,,,,,,,,,,,,,,,,,,,,,,,,,,,,,,,,,,1,30,,,,,,,,,,,3,2,2,2,,2,,1,2,1,2,2
178003,2,42,8,4,4,5,3,1,1,2,,1,1,1,1,1,4,1,2,2,2,1,1,1,1,1,1,1,2,1,1,,2,2,2,2,1,,1,1,5,2,1,2,120,1,2,2,1,1,2,2,2,,,,,,,,,,,,,,,,,,,,,,,,,,,,3,60,1,1,1,30,2,1,120,2,,3,3,1,1,1,3,3,1,,2,1,2,,1,1,1,1,1,1,1
178104,1,13,2,6,3,4,1,1,1,2,,1,1,1,1,1,2,1,2,2,1,1,1,1,1,1,1,1,1,1,2,1,2,2,2,1,2,1,1,1,5,1,2,2,30,1,1,1,1,1,1,2,1,,,,,,,,,,,,,,1,2,3,150,1,0,1,0,0,0,0,1,0,1,2,60,1,2,2,60,1,1,240,2,,2,2,1,1,1,3,3,1,,2,1,1,2,1,1,1,2,1,1,2
178201,1,24,6,3,2,4,1,1,1,1,2,1,2,1,1,1,3,1,2,2,1,1,1,1,1,1,1,1,2,1,2,1,1,,1,,2,2,1,1,2,1,1,4,180,2,1,2,2,2,2,2,1,1,5,120,1,2,2,2,2,1,2,2,2,2,2,1,1,10,1,0,1,0,0,0,0,0,0,2,,,,,3,60,1,1,60,2,,4,3,2,1,2,3,3,1,,2,2,2,,1,1,1,1,1,1,1
178403,2,29,6,3,1,3,1,1,2,2,,2,2,1,1,1,4,1,2,2,1,1,1,1,2,1,1,1,2,1,1,,2,2,2,2,2,2,1,1,3,1,2,3,40,1,2,2,1,2,2,2,1,,,,,,,,,,,,,,,,,,,,,,,,,,,,,,,,2,20,1,1,30,2,,2,2,2,2,1,3,3,1,,1,1,1,2,1,1,1,1,1,1,1
178504,1,16,3,3,2,3,1,1,1,2,,2,2,1,1,2,2,1,2,2,1,1,1,1,3,1,1,1,2,2,2,1,2,2,2,2,1,,1,1,10,1,1,4,120,2,1,1,2,1,2,2,1,,,,,,,,,,,,,,,,,,,,,,,,,,,,3,60,1,2,2,30,1,1,720,1,7,2,2,2,1,1,3,3,1,,2,2,1,2,1,1,1,1,1,1,1
178601,2,14,3,1,2,4,0,1,1,1,1,2,2,1,2,2,5,1,1,2,1,1,1,1,1,1,1,1,1,1,1,,2,1,2,1,1,,1,1,3,1,1,2,180,1,2,2,2,1,2,2,4,2,2,120,1,2,2,2,2,2,2,2,1,2,2,1,2,120,1,1,1,0,0,0,0,0,0,1,2,60,2,1,2,30,1,1,60,1,7,2,1,1,2,1,3,3,1,,2,1,1,2,1,1,1,1,1,1,1
178702,2,24,8,4,3,5,1,1,1,1,2,1,2,1,1,2,4,1,1,2,1,1,1,1,2,1,1,1,1,1,1,,1,,2,1,2,2,1,1,1,2,1,3,120,1,2,1,2,2,2,2,3,3,2,60,1,2,2,2,2,2,1,1,1,2,1,2,7,60,1,1,0,0,0,0,0,0,0,1,,,,,1,600,2,1,720,1,6,4,1,1,1,3,3,1,1,,1,1,1,2,1,2,1,1,1,1,1
179001,2,65,2,6,3,4,2,1,1,1,1,1,2,1,1,2,5,1,2,2,2,1,1,1,1,1,1,1,1,2,2,2,2,2,2,2,2,2,2,2,,,,,,,,,,,,,,,,,,,,,,,,,,,,,,,,,,,,,,,,,,,,,,,,,,,,,,,,,,,,6,2,2,2,,2,,1,1,1,1,2
179102,1,44,2,6,2,3,1,1,1,1,2,2,2,1,1,2,3,1,2,2,1,1,1,1,1,1,1,1,1,2,2,2,2,2,2,2,2,2,2,1,,,,,,,,,,,,,,,,,,,,,,,,,,,,,,,,,,,,,,,,,,,,,,,,1,10,,,,,,,,,,,3,2,2,2,,2,,1,2,1,2,2
179203,2,50,2,6,3,6,1,1,1,2,,2,2,1,1,2,3,1,2,1,1,2,1,1,1,1,1,1,1,1,1,,2,2,2,2,2,2,2,1,1,2,1,1,30,1,2,2,1,2,2,2,3,,,,,,,,,,,,,,,,,,,,,,,,,,,,,,,,,,,5,20,2,,2,2,2,2,1,3,3,3,,2,2,2,,1,3,1,2,1,1,2
179304,1,61,2,6,2,4,1,1,1,2,,2,2,2,,,1,1,2,2,2,1,1,1,1,1,1,1,1,2,2,2,2,2,2,2,2,2,2,2,,,,,,,,,,,,,,,,,,,,,,,,,,,,,,,,,,,,,,,,,,,,,,,,,,,,,,,,,,,,3,2,2,2,,2,,1,2,1,2,2
179401,2,19,6,3,2,2,0,1,2,2,,1,2,1,1,2,2,1,1,2,2,1,1,1,1,1,1,2,1,1,1,,2,1,2,2,1,,1,1,3,1,1,1,180,1,1,1,2,1,2,2,3,2,2,120,1,2,2,2,1,2,2,1,2,2,,,,,,,,,,,,,,,3,120,1,2,3,180,1,1,180,2,,2,2,2,1,1,3,3,1,,2,1,1,1,1,2,1,1,1,1,1
179502,1,29,8,4,3,4,0,1,1,1,1,1,2,1,1,2,4,1,1,2,1,1,1,1,1,1,1,1,1,1,1,,2,2,2,2,2,2,1,1,3,1,1,2,120,1,1,1,1,2,1,2,3,,,,,,,,,,,,,,,,,,,,,,,,,,,,,,,,2,60,2,1,480,2,,2,3,2,1,2,3,3,3,,2,1,1,1,1,2,1,1,1,1,1
179603,2,49,3,3,3,8,0,1,1,2,,2,2,1,1,2,5,1,2,1,2,1,1,1,1,1,1,1,1,1,1,,1,,2,2,1,,2,1,2,2,1,2,38,1,2,2,1,1,2,2,3,1,4,30,1,2,2,1,2,1,2,2,1,2,,,,,,,,,,,,,,,5,20,2,1,,,,1,90,2,,2,4,1,2,2,3,3,1,,2,1,2,,1,1,1,1,1,1,1
179704,1,60,7,3,1,3,1,1,2,2,,2,2,1,1,2,1,1,2,1,1,1,1,1,1,1,1,1,1,1,1,,2,2,2,2,2,2,2,1,2,2,1,4,30,2,1,2,1,2,2,2,3,,,,,,,,,,,,,,,,,,,,,,,,,,,,,,,,,,,1,30,2,,1,3,2,1,2,3,3,3,,2,2,2,,2,,1,2,1,2,1
179801,2,59,2,4,1,2,1,1,2,2,,2,2,2,,,1,1,1,2,3,1,1,2,3,3,1,1,1,2,2,1,2,2,2,2,2,2,2,2,1,2,1,3,30,1,2,2,1,2,2,2,3,,,,,,,,,,,,,,,,,,,,,,,,,,,,,,,,,,,,,2,,1,2,2,2,3,3,1,3,,2,1,1,1,2,,1,2,1,2,2
179902,2,57,3,3,3,4,1,1,1,1,2,2,2,2,,,2,1,1,2,1,1,1,2,2,1,1,1,1,1,1,,2,2,2,2,2,2,1,1,1,2,1,2,60,1,2,2,1,2,2,2,3,,,,,,,,,,,,,,,,,,,,,,,,,,,,,,,,5,30,1,1,60,2,,2,1,1,2,3,3,3,1,,2,2,2,,1,5,1,2,1,2,2
180003,1,76,2,6,1,1,1,1,1,2,,2,2,2,,,2,1,2,2,2,2,2,3,2,1,1,1,2,1,1,,2,2,2,2,2,2,1,1,1,2,1,3,60,1,1,2,1,2,2,2,2,,,,,,,,,,,,,,,,,,,,,,,,,,,,,,,,5,30,1,1,60,2,,1,2,2,2,2,3,1,1,,2,2,2,,2,,1,2,2,2,2
180104,1,49,2,6,3,4,1,1,1,1,2,1,2,1,1,2,3,1,2,2,1,1,1,1,1,1,1,1,1,2,2,2,2,2,2,2,2,2,2,1,,,,,,,,,,,,,,,,,,,,,,,,,,,,,,,,,,,,,,,,,,,,,,,,1,10,,,,,,,,,,,3,2,2,2,,2,,1,2,1,2,2
180201,2,14,3,2,2,4,1,1,1,1,1,1,2,1,1,2,4,1,1,2,1,2,1,1,2,1,1,1,1,2,2,1,2,2,2,2,2,1,1,2,2,2,1,4,120,1,2,2,2,1,2,2,2,,,,,,,,,,,,,,,,,,,,,,,,,,,,5,120,2,1,2,60,2,,,1,7,2,3,2,1,1,3,3,1,,1,1,1,2,1,1,1,1,1,1,1
180302,2,37,8,4,1,2,1,1,1,2,,1,2,1,1,2,3,1,1,2,1,1,1,1,1,1,1,1,1,1,2,2,1,,2,2,1,,1,1,,,,,,,,,,,,,,2,4,20,1,2,2,1,2,2,2,2,1,2,,,,,,,,,,,,,,,2,20,2,1,1,60,1,1,240,1,6,3,1,2,1,2,3,3,1,,1,2,2,,1,1,1,1,1,1,1
180403,1,32,2,6,1,1,1,1,1,1,2,2,2,1,1,1,4,1,2,2,1,1,1,1,1,1,1,1,1,2,2,1,2,2,2,2,2,2,2,1,10,2,1,3,15,2,1,2,2,2,2,2,3,,,,,,,,,,,,,,,,,,,,,,,,,,,,,,,,,,,1,30,2,,4,3,2,1,1,3,2,1,,1,2,1,3,1,9,1,2,1,1,2
180504,1,77,0,,3,5,0,1,2,1,2,1,2,1,1,2,5,1,2,1,1,1,1,1,2,1,1,1,1,,,,,,,,,,,,,,,,,,,,,,,,,,,,,,,,,,,,,,,,,,,,,,,,,,,,,,,,,,,,,,,,,,,,,,,,,,,,,,,,,,
180601,2,70,2,6,3,4,1,1,1,1,2,2,2,1,1,2,3,1,2,2,2,2,3,3,3,3,3,3,2,2,2,2,2,2,2,2,2,2,2,2,,,,,,,,,,,,,,,,,,,,,,,,,,,,,,,,,,,,,,,,,,,,,,,,,,,,,,,,,,,,6,2,2,2,,2,,1,2,1,2,2
180702,2,66,0,,1,1,1,1,1,1,1,2,2,1,1,2,2,1,2,2,2,1,1,2,2,1,1,1,1,,,,,,,,,,,,,,,,,,,,,,,,,,,,,,,,,,,,,,,,,,,,,,,,,,,,,,,,,,,,,,,,,,,,,,,,,,,,,,,,,,
180803,1,26,8,4,4,5,2,1,1,1,6,1,1,1,1,1,6,1,2,2,1,1,1,1,1,1,1,1,2,1,1,,2,1,2,2,2,2,2,1,5,1,1,2,180,2,1,1,1,1,1,2,1,1,2,30,1,1,2,2,2,2,1,1,2,2,,,,,,,,,,,,,,,,,,,,,,1,20,2,,4,4,2,1,1,3,3,1,,2,1,1,2,1,1,1,1,1,2,1
180904,2,30,3,3,3,3,0,1,1,2,,2,2,1,1,2,5,1,2,2,1,1,1,1,1,1,1,1,2,1,1,,2,2,2,2,2,2,2,1,10,2,1,2,60,1,2,2,2,1,2,2,4,,,,,,,,,,,,,,,,,,,,,,,,,,,,,,,,,,,1,60,2,,2,2,2,2,1,3,3,1,,2,2,2,,2,,1,1,1,1,1
181001,2,65,2,6,3,5,2,1,1,1,1,2,2,1,1,2,2,1,2,2,1,1,1,1,1,1,1,1,1,1,1,,2,2,2,2,2,2,2,1,1,2,1,1,30,1,2,2,1,2,2,2,2,,,,,,,,,,,,,,,,,,,,,,,,,,,,,,,,,,,1,30,2,,2,3,2,2,1,3,3,1,,2,1,2,,2,,1,1,1,1,2
181102,1,13,3,1,3,6,1,1,1,1,1,1,2,1,1,2,5,1,2,2,2,1,1,1,2,1,1,1,1,2,2,1,2,2,2,2,2,1,2,1,3,2,1,3,5,2,2,1,2,2,1,2,2,,,,,,,,,,,,,,,,,,,,,,,,,,,,4,5,2,1,,,,1,120,2,,3,1,1,1,1,3,1,3,,1,1,1,2,1,1,1,1,1,1,1
181203,2,53,3,3,3,5,1,1,1,1,1,1,2,1,1,2,8,1,2,1,2,1,1,1,1,1,1,1,1,1,1,,2,2,2,2,1,,1,2,3,2,1,2,60,1,2,2,1,2,2,2,3,,,,,,,,,,,,,,,,,,,,,,,,,,,,2,20,1,1,5,20,1,,,2,,2,3,1,1,2,3,3,1,,2,1,1,2,2,,1,2,1,2,1
181304,2,62,3,3,2,4,1,1,1,2,,2,2,2,,,1,1,2,1,2,2,3,3,3,2,1,1,1,2,1,,2,2,2,2,2,2,2,2,1,2,1,2,20,1,2,2,1,2,2,2,3,,,,,,,,,,,,,,,,,,,,,,,,,,,,,,,,,,,,,2,,1,1,2,2,2,3,3,1,,2,2,2,,2,,1,2,1,1,2
181401,2,58,3,3,2,3,0,2,2,2,,2,2,1,1,2,1,1,2,1,1,1,1,1,2,1,1,2,1,2,2,1,2,2,2,2,2,2,2,2,1,2,1,2,60,1,2,2,1,2,2,2,2,,,,,,,,,,,,,,,,,,,,,,,,,,,,,,,,,,,,,2,,1,1,2,2,3,3,1,1,,2,2,2,,2,,1,2,2,2,2
181502,1,13,2,6,3,7,0,1,1,1,2,1,2,1,1,2,4,1,2,2,1,2,1,1,2,1,2,1,1,1,1,,2,2,2,1,1,,2,2,12,2,1,2,30,2,2,2,2,1,1,2,2,,,,,,,,,,,,,,2,1,3,40,1,0,0,0,0,0,0,0,1,2,2,40,1,1,,,,,,1,3,2,2,2,1,2,3,1,1,,2,1,2,,1,1,1,2,1,1,1
181603,2,52,3,3,2,4,0,2,2,2,,2,2,1,1,1,3,1,2,1,2,1,1,1,2,1,1,2,1,1,2,1,2,1,2,1,2,1,1,1,6,2,1,2,20,1,1,2,1,1,1,2,4,4,4,20,2,1,1,1,1,1,2,2,1,2,1,2,3,5,1,0,0,0,0,0,0,1,0,1,2,20,1,2,2,30,1,1,10,2,,2,3,2,1,2,3,3,1,,2,2,2,,2,,1,2,1,1,2
181704,2,73,2,6,1,2,0,1,1,2,,2,2,2,,,2,1,2,2,1,1,2,2,2,1,1,1,1,2,2,2,2,2,2,2,2,2,2,2,,,,,,,,,,,,,,,,,,,,,,,,,,,,,,,,,,,,,,,,,,,,,,,,,,,,,,,,,,,,5,2,2,2,,2,,1,2,2,2,2
181801,2,12,2,5,1,3,1,1,1,2,,2,2,1,1,2,4,1,2,2,1,1,1,2,3,1,1,1,2,2,2,1,2,2,2,2,2,2,2,1,1,2,1,3,5,2,2,1,2,2,1,2,2,,,,,,,,,,,,,,,,,,,,,,,,,,,,,,,,,,,1,10,1,7,2,2,2,2,2,3,1,1,,2,2,2,,2,,1,2,1,2,2
181902,1,13,3,1,2,4,1,1,2,1,1,2,2,2,,,5,1,2,2,1,1,1,1,1,1,1,1,2,1,2,2,2,2,2,2,2,2,1,1,,,,,,,,,,,,,,,,,,,,,,,,,,,,,,,,,,,,,,,,,,,,,2,90,1,1,30,2,,2,2,2,1,2,3,3,3,,2,2,2,,2,,1,2,2,2,2
182003,2,15,3,2,3,4,1,1,1,2,,2,2,2,,,4,1,2,2,1,1,1,1,2,1,2,2,1,1,2,1,2,2,2,2,1,,1,1,5,1,2,2,60,1,1,1,1,1,1,2,2,,,,,,,,,,,,,,,,,,,,,,,,,,,,2,30,2,1,5,30,1,1,60,2,,2,3,1,1,3,3,3,1,,1,1,1,1,1,3,1,1,1,1,1
182104,2,38,3,3,3,4,1,1,2,2,,2,2,1,1,2,5,1,2,2,1,1,1,1,2,1,1,1,2,1,1,,1,,1,,1,,1,1,3,2,1,2,60,1,1,1,1,1,1,2,2,6,2,120,1,1,1,1,2,1,1,1,1,2,2,1,2,30,1,0,0,0,0,0,1,0,0,3,2,30,2,1,3,30,1,1,60,1,8,2,3,1,1,1,3,3,1,,2,1,1,2,1,1,1,1,1,1,1
182201,2,72,0,,1,4,0,1,1,2,,2,2,2,,,2,1,2,2,1,1,1,1,2,1,1,1,1,,,,,,,,,,,,,,,,,,,,,,,,,,,,,,,,,,,,,,,,,,,,,,,,,,,,,,,,,,,,,,,,,,,,,,,,,,,,,,,,,,
182302,2,62,0,,2,2,0,1,2,2,,2,2,1,2,2,5,1,2,1,4,3,1,1,1,1,1,1,1,,,,,,,,,,,,,,,,,,,,,,,,,,,,,,,,,,,,,,,,,,,,,,,,,,,,,,,,,,,,,,,,,,,,,,,,,,,,,,,,,,
182403,2,66,2,3,1,3,0,1,2,2,,2,2,2,,,2,1,2,1,2,1,1,1,1,1,1,1,1,2,2,1,2,2,2,2,2,2,2,2,1,2,1,2,30,1,2,2,1,2,2,2,3,,,,,,,,,,,,,,,,,,,,,,,,,,,,,,,,,,,,,2,,1,1,2,2,2,3,1,1,,2,2,2,,2,,1,2,1,2,2
182504,2,45,2,2,2,3,0,1,2,2,,2,2,1,1,2,3,1,2,1,2,1,1,3,1,1,1,1,1,,,,,,,,,,,,,,,,,,,,,,,,,,,,,,,,,,,,,,,,,,,,,,,,,,,,,,,,,,,,,,,,,,,,,,,,,,,,,,,,,,
182601,2,66,0,,2,3,1,1,1,1,1,2,2,2,,,2,1,2,2,1,1,1,1,1,1,1,1,2,1,2,1,2,2,2,2,2,2,2,2,12,2,1,2,30,2,2,2,1,2,2,2,2,,,,,,,,,,,,,,,,,,,,,,,,,,,,,,,,,,,,,1,5,4,4,2,2,2,3,3,1,,2,1,1,2,1,1,2,,,,
182803,2,16,6,2,2,4,1,1,1,1,1,2,2,2,,,5,1,2,2,1,1,1,1,2,1,1,1,2,2,2,1,2,2,2,2,2,2,2,1,5,1,1,2,30,2,2,1,2,2,2,2,3,,,,,,,,,,,,,,,,,,,,,,,,,,,,,,,,,,,1,60,2,,3,3,2,1,3,2,3,3,,1,1,1,2,1,1,1,1,1,1,1
182904,2,49,2,6,2,3,1,1,1,2,,2,2,1,1,1,3,1,2,2,1,1,1,1,1,1,1,1,2,2,2,2,2,2,2,2,2,2,1,1,,,,,,,,,,,,,,,,,,,,,,,,,,,,,,,,,,,,,,,,,,,,,2,10,1,1,10,2,,2,2,2,2,2,3,1,3,,1,2,1,2,2,,1,2,9,1,1
183102,1,86,0,,3,4,2,1,1,2,,2,2,2,,,5,1,2,2,2,1,2,3,2,3,1,2,1,,,,,,,,,,,,,,,,,,,,,,,,,,,,,,,,,,,,,,,,,,,,,,,,,,,,,,,,,,,,,,,,,,,,,,,,,,,,,,,,,,
183203,2,57,10,2,3,4,2,1,1,1,2,1,2,1,1,2,2,1,2,2,1,1,1,1,1,1,1,1,2,1,1,,1,,2,2,2,2,2,1,1,2,1,2,30,1,2,2,1,2,2,2,3,3,2,10,1,2,2,1,1,2,2,1,1,2,,,,,,,,,,,,,,,,,,,,,,1,120,2,,4,4,2,1,3,3,3,1,,2,1,2,,2,,1,2,1,2,2
183304,1,64,8,5,1,3,1,1,1,1,2,1,2,1,1,2,2,1,2,2,2,1,1,1,1,1,1,1,2,1,1,,2,2,1,,2,2,2,1,6,1,1,1,60,1,2,2,2,1,2,2,3,,,,,,,,,,,,,,1,2,6,30,1,1,0,0,0,0,0,0,0,1,,,,,,,,1,90,2,,2,3,2,1,3,3,3,1,,2,2,2,,2,,1,2,2,2,2
183401,2,12,2,5,3,4,1,1,1,2,,2,2,1,1,1,4,1,1,2,2,1,1,1,1,1,1,1,1,1,1,,2,1,2,1,1,,1,2,2,2,1,3,120,1,1,2,1,2,2,2,2,2,4,60,2,2,1,2,1,2,2,2,2,2,2,1,2,20,2,0,0,0,0,1,0,0,0,2,3,40,2,1,2,10,1,,,2,,2,2,2,1,1,3,3,1,,2,1,1,2,1,1,1,1,1,1,1
183502,2,54,2,6,3,4,2,1,1,1,1,1,1,1,1,1,8,1,1,2,1,2,1,2,1,1,1,1,1,1,2,2,2,1,2,2,1,,2,1,,,,,,,,,,,,,,3,4,5,1,2,2,2,2,2,2,1,2,2,,,,,,,,,,,,,,,2,10,1,2,,,,2,15,1,4,1,2,2,2,2,3,1,1,,2,2,2,,1,3,1,2,1,1,1
183704,2,30,3,3,1,4,1,1,1,2,,2,2,1,1,1,2,1,2,2,1,1,1,1,1,1,1,1,2,1,2,1,2,2,2,2,2,1,1,1,4,1,2,2,10,1,2,2,2,1,2,2,1,,,,,,,,,,,,,,,,,,,,,,,,,,,,2,15,1,2,2,15,1,1,10,2,,2,3,2,1,1,3,3,1,,2,2,2,,1,1,1,1,1,2,1
183902,2,40,3,3,2,4,1,1,1,1,1,2,2,1,1,2,5,1,2,2,1,1,1,1,1,1,1,1,2,2,2,2,2,2,2,2,2,2,2,1,,,,,,,,,,,,,,,,,,,,,,,,,,,,,,,,,,,,,,,,,,,,,,,,2,20,,,,,,,,,,,4,2,1,2,,2,,1,2,1,9,2
184003,2,33,3,3,3,5,1,1,2,2,,2,2,2,,,5,1,2,2,1,1,1,1,1,1,1,1,2,1,1,,2,2,2,2,2,2,2,1,1,2,1,1,120,2,2,1,2,1,2,2,2,,,,,,,,,,,,,,,,,,,,,,,,,,,,,,,,,,,1,60,1,8,3,3,2,1,3,3,3,1,,2,1,2,,2,,1,1,1,2,1
184201,2,15,3,2,2,3,1,1,1,1,1,1,1,1,1,2,5,1,2,2,2,1,1,1,1,1,1,1,2,1,1,,2,2,2,2,2,2,2,1,5,2,1,2,180,1,2,2,2,1,2,2,3,,,,,,,,,,,,,,,,,,,,,,,,,,,,,,,,,,,1,120,2,,4,3,2,1,1,3,3,1,,2,2,2,,2,,1,2,2,2,2
184504,2,21,6,3,3,6,1,1,1,1,1,1,2,1,1,2,2,1,2,2,1,1,1,1,2,1,1,1,2,2,2,1,2,1,2,2,2,1,2,1,1,2,1,2,60,1,2,2,2,1,2,2,2,1,2,20,1,2,2,2,2,2,2,1,2,2,,,,,,,,,,,,,,,5,20,1,2,,,,1,180,2,,3,4,2,1,2,3,3,1,,1,1,1,2,1,3,1,1,1,1,1
184601,2,39,3,3,2,3,1,1,1,1,1,2,2,1,1,1,1,1,2,2,2,1,1,1,1,1,1,2,2,1,2,1,1,,2,2,2,1,1,1,1,2,1,2,60,1,2,2,1,2,2,2,2,1,2,15,1,2,2,1,2,2,2,2,2,2,,,,,,,,,,,,,,,5,5,1,2,5,60,2,1,120,2,,3,3,2,1,2,3,3,3,,1,2,2,,2,,1,2,1,1,1
184702,1,62,2,4,2,4,2,1,2,2,,2,2,1,1,2,2,1,2,2,2,1,3,1,2,1,1,1,1,2,2,1,2,2,2,2,2,2,2,2,2,2,1,3,5,2,1,2,2,2,2,2,4,,,,,,,,,,,,,,,,,,,,,,,,,,,,,,,,,,,,,2,,2,1,2,2,2,3,1,3,,2,2,2,,2,,1,2,2,1,2
184803,1,68,2,2,2,5,1,1,1,2,,1,2,1,1,2,4,1,2,2,2,1,1,2,1,1,2,2,2,,,,,,,,,,,,,,,,,,,,,,,,,,,,,,,,,,,,,,,,,,,,,,,,,,,,,,,,,,,,,,,,,,,,,,,,,,,,,,,,,,
184904,2,47,10,2,2,4,2,1,1,1,1,1,2,1,1,2,2,1,2,2,1,1,1,1,1,1,1,1,2,1,1,,1,,2,2,2,2,1,1,2,2,1,2,120,1,2,1,2,1,2,2,2,1,4,30,1,2,2,2,1,2,2,2,2,2,,,,,,,,,,,,,,,,,,,2,120,1,1,360,1,8,2,3,2,1,1,3,3,1,,1,2,2,,1,2,1,2,1,1,2
185102,2,35,8,2,2,4,1,1,1,2,,2,2,1,1,2,2,1,2,2,1,1,1,1,1,1,1,1,2,2,2,1,2,2,2,2,2,2,2,1,3,1,2,3,60,2,1,1,2,2,2,2,1,,,,,,,,,,,,,,,,,,,,,,,,,,,,,,,,,,,1,60,1,6,3,3,2,1,2,3,3,1,,2,2,2,,1,1,1,2,1,1,2
185203,2,62,2,6,3,3,1,1,1,1,1,2,2,1,2,2,5,1,2,2,1,1,1,1,1,1,1,1,1,2,2,2,2,2,2,2,2,2,2,2,,,,,,,,,,,,,,,,,,,,,,,,,,,,,,,,,,,,,,,,,,,,,,,,,,,,,,,,,,,,1,2,1,1,1,1,1,1,2,1,2,2
185304,1,63,2,6,2,4,2,1,1,1,1,2,2,1,1,2,2,1,2,2,1,1,1,1,1,1,1,1,2,2,1,,2,2,2,2,2,2,2,2,3,2,1,2,60,1,2,2,2,1,1,2,4,,,,,,,,,,,,,,,,,,,,,,,,,,,,,,,,,,,,,2,,3,3,2,2,2,3,3,1,,2,1,2,,1,1,1,1,1,1,1
185401,2,62,6,3,2,3,1,1,1,1,1,1,2,1,1,1,2,2,2,2,4,2,1,2,1,1,1,1,2,2,2,2,2,2,2,2,2,2,2,2,,,,,,,,,,,,,,,,,,,,,,,,,,,,,,,,,,,,,,,,,,,,,,,,,,,,,,,,,,,,6,2,1,2,,2,,1,2,2,2,2
185502,1,80,6,1,3,5,2,1,1,1,1,1,2,1,1,2,2,1,2,2,2,2,2,3,2,2,1,1,2,2,2,1,1,,1,,2,2,1,1,3,1,2,2,60,2,1,2,1,2,2,2,2,2,2,120,1,1,1,2,1,2,2,2,2,2,2,1,1,15,1,1,0,0,1,0,0,0,0,2,,,,,1,30,1,1,60,1,5,3,3,2,1,3,3,3,1,,1,1,2,,1,1,1,1,1,1,2
185603,1,66,8,5,2,3,1,1,2,1,1,2,2,2,,,1,1,2,2,1,1,1,1,1,1,1,1,1,1,1,,2,2,2,2,2,2,1,1,3,2,1,1,60,1,2,2,1,1,2,2,3,,,,,,,,,,,,,,,,,,,,,,,,,,,,,,,,1,60,1,1,120,1,5,2,1,1,1,3,3,3,3,,2,1,2,,2,,1,2,2,2,2
185704,1,42,0,,2,3,1,1,1,2,,2,2,1,1,2,4,1,1,2,3,1,1,1,1,1,1,1,2,,,,,,,,,,,,,,,,,,,,,,,,,,,,,,,,,,,,,,,,,,,,,,,,,,,,,,,,,,,,,,,,,,,,,,,,,,,,,,,,,,
185801,2,21,3,3,2,2,1,1,1,2,,1,1,1,1,2,4,1,2,2,3,1,2,1,3,1,3,2,2,1,2,2,2,2,1,,1,,1,2,,,,,,,,,,,,,,,,,,,,,,,,,,,2,1,5,20,1,0,0,0,0,0,0,1,0,2,1,60,2,1,2,120,1,,,2,,2,4,2,2,3,3,1,3,,2,2,2,,2,,1,1,1,2,2
185902,2,32,6,3,2,2,1,1,1,1,1,1,2,1,1,1,1,1,2,2,1,1,1,1,1,1,1,1,2,2,2,1,2,2,2,2,2,2,2,1,2,2,1,2,60,1,2,2,1,2,2,2,3,,,,,,,,,,,,,,,,,,,,,,,,,,,,,,,,,,,1,120,2,,3,2,2,1,2,3,3,1,,2,2,2,,1,2,1,1,1,1,1
186003,2,20,8,1,4,4,1,1,1,2,,1,2,1,1,2,9,1,1,2,1,1,1,1,1,1,1,1,2,2,2,1,2,1,1,,2,2,1,1,2,1,2,3,30,2,2,1,2,2,2,2,2,1,5,10,2,2,1,2,2,2,2,2,2,2,2,1,1,10,1,0,0,0,0,0,0,1,0,3,,,,,3,20,1,1,30,2,,2,2,2,1,3,3,3,1,,2,1,2,,1,1,1,1,1,1,1
186104,2,64,8,5,3,3,1,1,1,2,,1,2,1,1,2,4,1,2,2,1,1,1,1,1,1,1,1,2,1,1,,1,,2,2,2,2,1,1,3,2,1,2,30,1,2,1,1,2,2,2,3,1,5,30,2,2,2,2,1,2,2,2,2,2,,,,,,,,,,,,,,,,,,,1,120,2,2,15,1,3,2,1,2,1,2,3,3,1,,2,1,1,1,2,,1,1,1,1,1
186201,2,33,8,5,3,4,1,1,1,1,2,1,1,1,1,1,4,1,2,2,1,1,1,1,1,1,1,1,2,1,1,,1,,1,,1,,1,1,15,2,1,1,60,1,2,1,1,1,1,2,3,6,3,10,2,2,1,2,2,2,1,1,2,2,2,1,1,5,2,0,0,0,0,0,1,0,1,3,5,30,2,1,1,10,2,1,290,1,7,3,4,2,2,2,3,3,1,,1,2,2,,1,1,1,1,1,1,1
186302,2,39,6,2,3,4,1,1,2,2,,2,1,2,,,3,1,2,2,2,1,1,1,3,1,1,2,2,2,2,2,2,2,2,2,2,2,2,2,,,,,,,,,,,,,,,,,,,,,,,,,,,,,,,,,,,,,,,,,,,,,,,,,,,,,,,,,,,,1,2,1,1,1,1,2,1,2,2,2,2
186403,2,33,6,3,3,4,1,1,1,2,,1,1,1,1,2,4,1,2,2,1,1,1,1,2,1,1,1,2,1,2,1,1,,2,1,2,2,1,1,8,2,1,1,120,2,1,1,1,2,1,2,2,1,2,30,1,1,1,1,1,2,2,1,1,2,2,1,2,15,1,0,0,1,0,0,0,1,0,2,,,,,2,60,1,1,120,2,,3,3,1,1,1,3,3,1,,1,1,1,2,1,1,1,1,1,1,1
186504,2,28,6,3,3,4,1,1,1,2,,1,2,1,1,1,4,1,2,2,3,1,1,2,2,1,1,1,2,1,1,,1,,2,1,1,,1,1,2,2,1,2,25,1,2,1,2,1,2,2,4,2,3,15,1,2,1,2,2,2,1,2,2,2,2,1,1,10,1,0,0,0,1,0,0,0,0,3,3,10,1,2,5,20,1,1,120,1,6,3,2,1,1,3,3,3,1,,2,1,1,2,1,1,1,2,1,2,2
186601,2,29,6,3,1,4,4,1,1,1,1,1,1,1,1,1,3,1,2,2,2,1,1,1,1,1,1,1,2,1,1,,2,1,2,1,2,1,2,1,1,2,1,1,60,1,2,2,2,1,2,2,3,5,2,30,1,1,1,1,2,2,1,1,2,2,1,2,5,30,1,0,1,0,0,0,0,0,0,1,5,10,1,2,,,,1,300,2,,4,3,2,1,3,3,3,1,,2,2,2,,2,,1,1,1,1,1
186702,1,48,8,5,2,7,2,1,1,1,1,1,1,1,1,1,2,1,2,2,1,1,1,1,1,1,1,1,2,1,1,,2,1,2,2,1,,1,1,4,1,1,1,120,1,2,2,1,1,1,2,2,1,1,60,1,1,2,2,2,2,2,2,2,2,,,,,,,,,,,,,,,3,60,1,1,1,180,1,1,240,1,5,3,4,2,1,1,3,3,1,,1,1,1,1,1,5,1,1,1,1,2
186803,1,50,8,5,3,5,2,1,1,1,2,1,1,1,1,1,5,1,2,2,1,1,1,1,1,1,1,1,2,1,1,,2,2,2,2,2,2,1,1,3,1,1,1,90,1,2,1,2,2,2,2,1,,,,,,,,,,,,,,,,,,,,,,,,,,,,,,,,1,480,2,5,10,1,6,3,4,2,1,1,3,3,1,,1,1,1,2,1,3,1,1,1,2,1
187001,2,47,10,2,4,6,2,1,1,1,4,1,1,1,1,1,8,1,2,2,2,1,1,1,1,1,1,1,2,1,1,,1,,1,,2,2,2,1,4,2,1,2,40,1,2,1,1,1,1,2,3,1,2,40,1,2,2,2,2,2,1,2,2,2,1,2,7,35,2,1,0,0,0,0,0,0,0,3,,,,,,,,1,240,1,6,2,3,2,1,2,3,3,1,,2,1,2,,1,5,1,2,2,2,2
187203,1,19,6,3,4,5,3,1,1,1,2,1,1,1,1,1,3,2,2,2,1,1,1,1,2,1,1,1,2,1,1,,2,2,1,,2,2,1,1,2,2,1,2,30,1,2,2,2,1,2,2,2,,,,,,,,,,,,,,1,1,1,5,1,1,0,0,0,1,1,1,0,1,,,,,1,30,1,1,60,2,,2,3,2,1,1,3,3,1,,2,2,2,,1,1,1,1,1,1,2
187304,2,72,2,5,3,4,2,1,1,1,1,1,2,1,1,1,3,1,2,2,2,1,1,2,1,1,1,1,2,1,2,2,2,2,2,1,1,,1,1,,,,,,,,,,,,,,,,,,,,,,,,,,,1,2,1,60,1,0,0,0,0,0,0,1,0,1,5,60,2,1,5,20,1,1,240,2,,2,2,1,1,2,3,3,1,,2,2,2,,2,,1,2,1,9,9
187401,1,46,2,6,4,5,3,1,1,1,2,1,2,1,1,2,5,1,1,2,1,1,1,1,1,1,1,1,1,1,2,2,2,2,1,,2,2,1,1,,,,,,,,,,,,,,,,,,,,,,,,,,,2,1,1,10,1,0,0,0,0,0,0,0,1,2,,,,,2,120,2,3,15,2,,3,4,2,1,2,3,3,1,,2,1,1,2,1,1,1,2,1,1,2
187502,2,54,2,6,1,3,1,1,1,2,,2,2,1,1,2,1,1,2,2,2,1,1,1,1,1,1,1,2,2,2,2,1,,2,2,2,2,1,1,,,,,,,,,,,,,,1,4,20,1,2,2,2,2,2,2,2,1,2,,,,,,,,,,,,,,,,,,,3,20,1,1,15,2,,2,2,2,2,1,3,3,1,,2,1,1,2,1,1,1,2,1,2,1
187603,1,26,8,5,3,3,2,1,1,1,1,1,2,1,1,2,3,1,2,2,2,1,1,1,1,1,1,1,2,2,2,1,1,,2,1,2,2,1,1,26,1,2,2,15,2,2,1,2,2,2,2,1,4,2,25,2,2,1,2,2,2,1,2,2,2,1,2,3,3,2,0,1,1,0,0,0,0,0,1,,,,,2,15,2,1,180,1,5,3,3,1,1,2,3,3,1,,1,1,1,2,1,2,1,1,1,1,1
187704,2,68,6,1,2,7,1,1,1,2,,1,2,1,1,1,1,1,2,2,1,4,2,2,1,1,1,1,1,2,2,2,2,2,2,2,2,2,2,1,,,,,,,,,,,,,,,,,,,,,,,,,,,,,,,,,,,,,,,,,,,,,,,,1,120,,,,,,,,,,,3,2,1,2,,1,1,1,1,1,1,1
187902,1,53,6,3,2,4,1,1,1,2,,1,2,1,1,2,1,1,2,2,1,1,1,1,1,1,1,1,1,1,1,,1,,1,,2,2,1,1,1,2,1,1,60,1,2,2,2,2,1,2,3,9,1,60,2,2,1,2,2,2,2,1,2,2,2,1,7,60,1,1,0,0,0,0,0,0,0,3,,,,,2,60,2,1,90,1,6,2,3,2,2,2,3,3,1,,2,1,2,,2,,1,1,1,1,1
188003,1,84,2,6,1,3,2,1,2,2,,2,2,2,,,3,2,2,2,1,3,2,1,1,1,1,1,1,1,1,,1,,1,,2,2,2,2,6,2,1,2,60,1,2,1,2,2,2,2,4,2,2,90,1,2,2,1,2,2,2,2,2,2,2,1,1,90,1,1,1,0,0,0,0,1,0,2,,,,,,,,,,1,4,3,4,2,1,2,3,3,1,,2,1,2,,1,1,1,2,1,1,1
188104,2,25,6,3,1,4,1,1,2,2,,1,1,1,1,2,1,1,2,2,1,1,1,1,1,1,1,1,2,1,1,,1,,1,,1,,2,1,7,1,2,2,30,1,2,1,1,1,2,2,1,10,2,20,1,2,2,1,2,2,2,1,1,2,1,2,3,10,1,1,0,0,0,0,1,0,0,1,3,60,1,2,,,,1,30,1,5,3,2,2,1,1,3,1,3,,2,2,2,,2,,1,2,2,2,2
188201,1,27,6,3,2,3,1,1,1,2,,1,2,1,1,1,3,1,2,2,2,1,1,2,2,1,1,1,2,2,2,1,2,1,2,2,2,2,1,1,10,2,1,2,60,2,2,1,2,2,2,2,2,5,2,30,1,2,2,2,2,2,1,2,2,2,,,,,,,,,,,,,,,,,,,2,30,1,1,180,1,4,2,2,2,1,3,3,1,3,,2,2,2,,2,,1,2,1,2,2
188302,2,40,8,5,3,4,2,1,1,1,1,1,2,1,1,1,4,1,2,2,1,1,1,1,1,1,1,1,2,2,2,1,2,2,2,2,2,2,1,1,1,2,1,3,60,1,2,2,1,2,2,2,2,,,,,,,,,,,,,,,,,,,,,,,,,,,,,,,,1,30,1,1,60,2,,2,3,2,2,1,3,3,1,,2,2,2,,1,1,1,1,1,2,2
188403,2,17,3,3,1,1,1,1,1,1,1,2,2,1,1,1,3,1,2,2,1,1,1,1,1,1,1,1,2,2,2,2,2,2,2,2,2,2,1,1,,,,,,,,,,,,,,,,,,,,,,,,,,,,,,,,,,,,,,,,,,,,,5,5,1,1,10,1,8,3,3,2,2,2,3,3,3,,2,1,1,2,2,,1,1,1,9,9
188504,1,48,3,3,3,5,2,1,1,2,,1,2,2,,,2,1,1,2,1,1,1,1,1,1,1,1,1,2,2,2,1,,2,2,2,2,1,1,,,,,,,,,,,,,,1,5,40,2,2,2,2,2,2,2,1,2,2,,,,,,,,,,,,,,,,,,,2,15,1,1,120,2,,4,3,2,1,1,3,3,1,,2,2,2,,1,1,1,2,2,2,1
188601,2,76,2,4,2,2,1,1,1,2,,2,2,1,1,2,3,1,2,2,3,1,1,2,2,1,1,1,2,2,2,2,2,2,2,2,2,2,2,2,,,,,,,,,,,,,,,,,,,,,,,,,,,,,,,,,,,,,,,,,,,,,,,,,,,,,,,,,,,,1,2,2,2,,2,,1,2,2,2,2
188702,2,37,8,5,2,2,1,1,1,1,1,1,2,1,1,1,4,1,1,2,1,1,1,1,1,1,1,1,2,1,1,,2,1,2,2,1,,1,1,1,2,1,1,60,1,2,2,1,2,2,2,3,1,5,60,1,2,2,2,1,2,2,2,2,2,,,,,,,,,,,,,,,2,30,2,1,2,60,2,1,120,1,8,2,3,1,1,2,3,3,3,,2,1,1,1,1,2,1,2,9,2,2
188904,1,85,2,6,3,4,2,1,1,1,1,2,2,1,1,2,2,1,2,2,1,1,1,1,2,1,1,1,2,1,2,2,2,2,1,,2,2,2,2,,,,,,,,,,,,,,,,,,,,,,,,,,,2,1,7,180,1,0,0,0,1,0,0,0,0,3,,,,,,,,,,2,,2,2,2,2,2,3,3,1,,2,2,2,,2,,1,1,1,1,2
189001,2,59,6,3,3,4,1,1,1,1,1,1,2,1,1,2,3,1,2,2,1,1,1,1,1,1,1,1,2,1,1,,2,2,2,2,2,2,2,1,1,2,1,1,60,1,2,2,1,2,2,2,3,,,,,,,,,,,,,,,,,,,,,,,,,,,,,,,,,,,5,10,2,,2,3,2,2,3,3,3,1,,2,1,2,,2,,1,2,1,9,9
189102,1,56,3,3,1,2,1,1,1,2,,2,2,2,,,1,1,2,2,3,1,1,1,2,1,1,1,2,1,2,2,2,2,1,,2,2,2,1,,,,,,,,,,,,,,,,,,,,,,,,,,,2,1,7,10,1,1,0,0,0,1,0,0,0,2,,,,,,,,2,2,2,,2,2,2,2,2,3,3,3,,2,2,1,2,2,,1,2,1,2,2
189203,2,39,6,2,2,3,1,1,1,2,,1,1,1,1,1,4,1,2,2,2,1,1,1,1,1,1,1,2,1,2,2,2,2,2,2,1,,2,1,,,,,,,,,,,,,,,,,,,,,,,,,,,,,,,,,,,,,,,,,3,30,2,1,,,,1,60,2,,2,1,2,2,2,3,3,1,,1,1,1,1,1,2,1,2,1,1,1
189304,1,65,6,3,1,3,1,1,1,2,,1,2,1,1,1,1,1,1,2,1,1,2,1,1,1,1,1,2,1,1,,2,2,1,,2,2,1,1,2,2,1,2,20,1,2,1,2,1,2,2,3,,,,,,,,,,,,,,2,1,2,60,1,1,1,1,0,1,1,1,0,3,,,,,1,60,1,1,120,1,6,2,4,2,1,3,3,3,1,,2,1,2,,1,1,1,1,1,1,1
189401,1,76,8,5,1,1,1,1,1,1,1,1,2,1,1,2,1,1,2,2,1,1,1,1,1,1,1,1,2,1,1,,1,,2,1,2,1,2,1,6,2,1,2,30,1,2,2,1,1,2,2,3,2,2,30,1,2,2,2,1,2,2,1,2,2,1,2,1,15,1,0,0,0,0,0,0,1,0,1,3,2,1,2,,,,1,300,2,,3,4,1,1,1,3,3,1,,2,1,1,2,1,1,1,2,2,2,1
189603,1,51,8,5,2,3,3,1,1,1,5,1,2,1,1,2,2,1,2,2,1,1,1,1,2,1,1,1,2,2,2,1,2,2,1,,2,2,1,1,10,1,1,2,40,1,2,1,2,2,2,2,1,,,,,,,,,,,,,,1,2,1,15,1,1,0,0,0,0,0,0,0,1,,,,,2,15,1,1,120,2,,3,3,2,1,2,3,3,1,,2,2,2,,1,1,1,9,9,9,2
189801,2,32,8,4,6,8,2,1,1,2,,1,2,1,1,1,6,1,2,2,2,1,1,1,2,1,1,1,2,1,1,,2,1,2,2,2,2,1,1,2,1,1,3,180,1,2,2,1,2,2,2,3,10,2,10,1,2,2,2,1,2,1,2,2,2,,,,,,,,,,,,,,,,,,,1,10,1,1,600,2,,3,3,2,1,2,3,3,1,,1,1,1,2,1,2,1,1,1,1,1
189902,2,61,8,4,1,2,1,1,1,2,,2,2,1,1,2,1,1,2,2,1,1,1,1,1,1,1,1,2,2,2,2,2,2,2,2,2,2,1,1,,,,,,,,,,,,,,,,,,,,,,,,,,,,,,,,,,,,,,,,,,,,,1,120,2,1,120,2,,3,3,1,1,1,3,3,1,,2,2,2,,1,1,1,1,1,2,2
190003,1,67,6,3,4,5,2,1,1,1,1,1,1,1,1,2,5,1,2,2,2,1,1,2,1,1,1,1,2,2,2,2,2,2,2,2,2,2,2,2,,,,,,,,,,,,,,,,,,,,,,,,,,,,,,,,,,,,,,,,,,,,,,,,,,,,,,,,,,,,6,2,2,2,,2,,1,2,1,2,2
190104,2,50,8,4,3,6,1,1,1,1,2,2,2,1,1,1,2,1,2,2,3,2,1,2,2,1,1,2,2,1,1,,1,,2,2,2,2,1,2,1,1,1,1,30,1,2,2,2,1,1,2,2,5,1,30,1,2,2,2,1,2,2,1,2,2,,,,,,,,,,,,,,,,,,,1,10,2,,,2,,3,3,1,1,2,3,3,1,,1,1,1,2,1,1,1,1,1,1,1
190302,2,46,2,5,2,3,1,1,1,2,,1,2,1,1,2,3,1,2,2,1,1,1,1,1,1,1,1,2,2,2,2,2,2,2,2,2,2,2,1,,,,,,,,,,,,,,,,,,,,,,,,,,,,,,,,,,,,,,,,,,,,,,,,2,30,,,,,,,,,,,3,2,2,2,,1,1,1,2,9,1,1
190504,1,28,3,3,2,3,2,1,1,1,1,2,2,1,1,2,3,1,2,2,1,1,1,1,1,1,1,2,2,2,2,1,2,2,2,2,2,2,1,1,2,2,1,1,30,1,2,2,2,1,2,2,2,,,,,,,,,,,,,,,,,,,,,,,,,,,,,,,,2,30,1,1,30,2,,2,2,2,1,1,3,3,3,,2,1,2,,1,1,1,1,1,1,1
190601,1,32,6,3,2,6,1,1,1,1,1,1,2,1,1,1,4,1,2,2,1,1,1,1,1,1,1,1,2,1,1,,2,2,1,,2,2,2,1,2,2,1,2,30,1,2,1,2,2,2,2,3,,,,,,,,,,,,,,1,2,3,30,1,1,0,0,0,0,0,0,0,1,,,,,,,,1,180,2,,3,2,2,1,1,3,3,1,,1,1,2,,1,2,1,9,1,1,1
190803,2,53,7,3,3,5,1,1,1,1,1,1,1,1,1,1,4,1,2,2,4,2,1,1,2,1,1,1,2,2,2,1,2,1,2,2,2,2,1,1,6,1,2,3,360,2,2,1,2,2,2,2,1,3,3,20,1,2,1,1,1,2,2,2,2,2,,,,,,,,,,,,,,,,,,,2,30,2,1,45,1,8,2,2,2,1,3,3,3,1,,1,1,2,,1,1,1,1,1,1,2
190904,1,33,8,5,2,3,1,1,1,2,,1,1,1,1,1,2,2,2,2,1,1,1,1,1,1,1,1,2,1,2,1,2,1,1,,2,2,1,1,2,1,2,5,3,2,1,2,2,2,2,2,2,2,2,10,1,2,1,2,2,2,2,2,2,2,2,1,1,60,1,0,1,0,1,0,0,0,0,2,,,,,1,120,1,1,120,1,5,3,3,2,1,1,3,3,1,,2,2,2,,1,1,1,1,2,1,1
191001,1,33,6,3,1,2,1,1,1,2,,2,2,1,1,2,4,1,2,2,1,1,1,1,1,1,1,1,2,1,1,,2,1,2,1,2,2,1,1,6,2,1,2,180,1,2,2,2,1,2,2,2,10,2,10,1,2,2,1,2,2,1,2,1,2,1,2,3,15,1,1,0,1,0,0,0,0,0,1,,,,,3,30,1,1,60,2,,2,3,2,1,3,3,3,1,,1,2,2,,1,1,1,1,1,1,1
191102,1,21,8,2,3,5,1,1,1,1,1,1,1,1,1,2,2,1,2,2,1,1,1,1,1,1,1,1,2,1,1,,1,,2,2,2,2,1,1,4,1,1,1,38,1,2,1,2,2,1,2,3,12,2,30,2,2,2,2,1,2,1,1,2,2,,,,,,,,,,,,,,,,,,,2,15,1,1,120,1,5,3,3,2,1,1,3,3,1,,2,2,1,2,1,3,1,1,1,2,2
191203,2,36,8,5,3,4,1,1,1,1,1,2,2,1,1,2,4,1,2,2,1,1,1,1,1,1,1,1,2,2,2,1,2,2,2,2,2,2,1,1,1,2,1,2,60,1,2,2,2,1,2,2,3,,,,,,,,,,,,,,,,,,,,,,,,,,,,,,,,3,15,1,1,120,2,,2,2,2,1,2,3,1,1,,1,1,1,1,1,2,1,1,1,1,1
191304,2,22,8,1,2,3,2,1,1,1,2,1,2,1,1,2,3,1,2,2,1,1,1,1,2,1,1,1,2,1,1,,1,,2,1,2,1,1,1,5,2,1,2,40,1,2,1,2,1,1,2,3,2,4,20,1,2,2,2,2,2,1,1,2,2,1,2,2,5,1,1,0,0,0,0,0,0,0,1,5,20,2,1,2,20,2,1,120,1,5,2,3,2,1,3,3,3,1,,1,1,1,2,1,5,1,1,1,1,2
191401,1,54,6,3,4,7,2,1,1,1,1,1,2,1,1,1,4,1,2,2,2,1,1,1,1,1,1,1,2,1,1,,1,,1,,2,2,1,1,2,2,1,2,30,1,2,1,2,2,2,2,3,2,2,5,1,2,1,2,2,2,2,2,2,2,2,1,1,5,1,1,0,0,0,0,1,0,0,2,,,,,1,15,1,1,60,2,,2,4,1,1,1,3,3,1,,2,2,2,,1,1,1,1,1,1,1
191502,2,82,2,6,2,6,2,1,1,1,1,1,1,1,1,1,2,1,2,2,2,2,2,3,1,1,1,2,2,2,2,2,2,2,2,2,2,2,2,2,,,,,,,,,,,,,,,,,,,,,,,,,,,,,,,,,,,,,,,,,,,,,,,,,,,,,,,,,,,,6,2,2,2,,2,,1,9,2,2,9
191603,2,49,6,3,2,4,2,1,1,1,1,2,2,2,,,3,1,2,2,2,1,1,2,1,1,1,1,2,1,1,,2,2,1,,2,2,1,1,2,1,1,2,60,1,2,2,2,1,1,2,2,,,,,,,,,,,,,,2,1,2,40,1,0,1,0,0,0,1,1,0,2,,,,,2,25,1,1,60,2,,2,3,2,1,2,3,3,1,,1,1,1,1,1,4,1,1,1,1,1
191704,1,34,8,5,3,6,2,1,1,1,2,2,2,1,1,1,3,1,2,2,1,1,1,1,1,1,1,1,2,1,1,,1,,2,2,2,2,2,1,9,2,1,2,60,1,2,1,2,1,1,2,3,2,2,60,1,1,1,2,2,2,1,1,2,2,,,,,,,,,,,,,,,,,,,,,,1,60,2,,3,4,2,1,3,3,3,1,,2,1,1,2,1,1,1,1,1,2,2
191801,2,52,8,4,3,4,2,1,1,1,1,1,2,1,1,1,4,1,2,2,1,1,1,1,2,1,1,1,2,1,2,1,1,,1,,2,2,1,2,5,1,1,3,60,2,2,1,2,2,2,2,1,2,2,180,2,2,2,2,1,2,2,2,2,2,2,1,1,60,1,0,0,0,1,0,0,0,1,3,,,,,3,180,1,,,2,,2,3,1,1,3,3,3,1,,1,1,1,1,1,1,1,2,1,1,1
191902,1,34,2,6,3,5,1,1,1,1,1,1,1,1,1,1,4,1,1,2,1,1,1,1,1,1,1,1,1,1,2,2,2,2,2,2,1,,1,1,,,,,,,,,,,,,,,,,,,,,,,,,,,,,,,,,,,,,,,,,3,60,1,2,1,120,1,1,120,1,5,2,3,2,2,1,3,3,1,,2,2,2,,2,,1,1,1,1,1
192104,2,17,6,1,3,3,3,1,1,1,1,1,2,1,1,2,4,1,2,2,2,3,1,1,2,1,1,1,2,1,1,,2,2,2,2,1,,1,1,1,1,2,2,30,1,2,2,2,1,2,2,1,,,,,,,,,,,,,,,,,,,,,,,,,,,,1,120,1,1,3,120,1,1,120,1,2,2,2,2,1,3,3,1,1,,1,1,1,2,1,1,1,1,1,1,1
192201,2,50,8,5,5,6,3,1,1,1,2,1,1,1,1,2,5,1,2,2,2,2,1,1,2,1,1,1,2,2,2,1,2,2,2,2,2,2,1,1,2,2,1,2,30,2,2,1,2,2,2,2,2,,,,,,,,,,,,,,,,,,,,,,,,,,,,,,,,1,30,1,1,120,2,,2,3,1,1,1,3,3,1,,2,1,2,,1,2,1,1,1,1,1
192302,1,63,8,4,2,5,1,1,1,2,,2,2,2,,,3,1,2,2,1,1,1,1,1,1,1,1,1,2,2,2,2,2,2,2,2,2,2,1,,,,,,,,,,,,,,,,,,,,,,,,,,,,,,,,,,,,,,,,,,,,,,,,1,120,,,,,,,,,,,3,2,2,2,,1,1,1,9,1,1,1
192403,2,90,5,3,3,5,1,1,1,1,1,2,2,1,1,2,1,1,2,2,2,2,1,2,2,1,1,2,2,2,2,2,2,2,2,2,2,2,2,2,,,,,,,,,,,,,,,,,,,,,,,,,,,,,,,,,,,,,,,,,,,,,,,,,,,,,,,,,,,,6,2,1,1,1,2,,1,1,1,1,1
192504,2,49,10,2,3,7,2,1,1,1,1,1,2,1,1,1,3,1,2,2,1,1,1,1,1,1,1,1,2,1,1,,1,,1,,1,,1,1,40,1,2,2,60,2,2,1,2,2,2,2,1,5,1,120,2,2,1,2,2,2,2,2,2,2,1,2,7,30,2,1,0,1,0,0,1,0,0,1,5,10,2,1,2,120,1,1,180,1,6,4,3,2,1,2,3,3,2,,1,1,1,2,1,3,1,1,1,1,1
192601,2,70,8,5,2,6,3,1,1,2,,2,2,1,1,2,2,1,2,2,1,1,1,1,1,1,1,1,2,1,1,,2,2,2,2,2,2,1,1,4,2,1,1,60,1,2,2,1,2,2,2,3,,,,,,,,,,,,,,,,,,,,,,,,,,,,,,,,1,30,1,1,30,2,,2,3,1,2,2,3,3,1,,1,1,2,,1,1,1,1,1,1,1
192702,2,90,2,1,2,3,2,1,1,2,,2,2,2,,,1,1,2,2,2,2,3,3,3,3,3,3,2,,,,,,,,,,,,,,,,,,,,,,,,,,,,,,,,,,,,,,,,,,,,,,,,,,,,,,,,,,,,,,,,,,,,,,,,,,,,,,,,,,
192904,1,48,8,4,1,5,3,1,1,2,,1,2,1,1,1,1,1,2,2,3,1,3,4,2,1,1,2,2,2,2,1,1,,1,,2,2,1,1,24,2,1,2,60,1,2,1,1,2,2,2,1,3,2,60,1,2,2,2,1,2,1,2,2,2,1,2,5,30,1,0,0,1,0,0,0,1,0,1,,,,,1,120,1,1,240,2,,3,3,1,1,2,3,1,1,,1,1,1,2,1,2,1,2,2,2,1
193001,2,76,3,3,2,7,2,1,1,2,,1,2,1,1,2,2,1,2,2,1,2,1,1,1,1,1,1,2,1,1,,1,,1,,2,2,1,1,5,1,1,2,60,1,2,2,2,1,2,2,2,5,2,10,1,2,1,2,1,2,2,2,2,2,1,1,2,10,1,1,1,0,0,0,0,0,0,2,,,,,1,120,1,1,60,2,,2,3,1,1,1,3,3,1,,1,1,1,1,1,2,1,1,1,1,1
193203,2,81,3,3,3,4,2,1,1,1,1,1,2,1,1,1,2,1,2,2,3,2,2,3,2,2,1,1,2,2,2,2,2,2,2,2,2,2,1,1,,,,,,,,,,,,,,,,,,,,,,,,,,,,,,,,,,,,,,,,,,,,,2,30,1,1,40,2,,1,2,2,1,2,3,1,3,,2,2,2,,2,,1,1,1,2,2
193304,2,26,8,6,2,6,2,1,1,1,2,1,2,1,1,2,3,1,2,2,1,1,1,1,2,1,1,1,2,2,2,1,2,2,2,2,2,2,1,1,1,2,1,2,20,2,2,1,2,2,2,2,2,,,,,,,,,,,,,,,,,,,,,,,,,,,,,,,,2,20,1,1,120,2,,2,4,2,1,2,3,1,1,,1,2,1,2,1,1,1,2,2,2,2
193502,1,38,3,1,3,7,1,1,2,2,,2,2,1,1,1,6,1,2,2,1,1,1,1,1,1,1,1,1,2,2,2,2,2,2,2,2,2,2,1,,,,,,,,,,,,,,,,,,,,,,,,,,,,,,,,,,,,,,,,,,,,,,,,1,180,,,,,,,,,,,1,2,1,1,2,2,,1,1,1,1,1
193603,1,21,6,3,5,6,2,1,1,1,2,1,2,1,1,2,11,2,2,2,1,1,1,1,2,1,2,1,2,1,2,2,2,2,2,2,1,,2,1,,,,,,,,,,,,,,,,,,,,,,,,,,,,,,,,,,,,,,,,,2,120,1,1,,,,1,30,1,3,3,3,2,1,2,3,3,1,,1,2,1,2,1,2,1,1,1,1,1
193704,2,20,8,2,1,2,2,1,1,1,1,1,2,1,1,1,2,1,2,2,2,1,1,2,3,1,1,1,2,1,1,,2,2,2,2,1,,1,1,2,2,1,1,60,1,2,2,2,1,1,2,2,,,,,,,,,,,,,,,,,,,,,,,,,,,,3,30,2,1,2,15,2,2,20,2,,3,3,2,1,3,3,3,1,,2,1,1,2,2,,1,1,1,1,1
193801,2,71,5,3,2,3,1,1,1,2,,1,2,1,1,1,1,1,2,2,1,1,1,3,2,2,1,1,1,2,2,1,2,2,2,2,2,2,2,1,50,2,1,2,120,2,2,2,2,2,2,1,4,,,,,,,,,,,,,,,,,,,,,,,,,,,,,,,,,,,1,45,2,,4,3,2,2,3,3,3,1,,2,2,2,,2,,1,2,2,2,2
193902,1,54,8,5,3,4,3,1,1,1,3,1,2,1,1,2,3,1,2,2,1,1,1,1,1,1,1,1,2,2,2,1,2,2,1,,2,2,1,1,1,2,1,3,240,1,2,2,2,2,1,2,3,,,,,,,,,,,,,,1,2,7,40,1,1,1,1,1,1,1,1,0,2,,,,,1,50,1,1,50,2,,4,4,2,2,2,3,3,1,,2,1,2,,1,5,1,2,2,1,2
194003,2,43,6,3,3,4,3,1,1,1,2,1,2,1,1,2,3,2,2,2,1,1,1,1,1,1,1,1,2,1,1,,1,,2,1,1,,1,1,3,2,1,3,60,1,2,2,1,1,1,2,3,1,1,30,1,2,2,1,2,2,2,2,2,2,1,2,1,30,1,0,0,0,0,0,0,1,0,1,5,30,2,1,2,30,1,1,30,1,7,2,2,1,1,2,3,3,1,,2,2,2,,1,2,1,1,1,2,2
194201,1,13,2,6,2,6,2,1,1,1,1,1,1,1,1,1,2,1,2,2,1,2,1,1,1,1,1,1,2,1,1,,1,,2,1,1,,1,1,3,2,1,1,30,1,2,2,2,1,2,2,3,10,2,10,1,1,1,2,2,2,1,1,1,2,1,2,1,10,1,0,0,0,0,0,0,1,0,1,2,30,2,1,2,10,1,1,20,2,,4,4,1,2,1,3,3,1,,1,1,1,2,1,2,1,1,1,1,1
194403,2,63,8,5,2,6,2,1,1,1,3,1,1,1,1,1,3,1,2,2,1,1,1,1,1,1,1,1,2,1,1,,1,,2,2,2,2,1,1,6,2,1,2,120,1,2,2,1,1,2,2,3,1,2,60,1,2,2,2,2,2,2,1,2,2,,,,,,,,,,,,,,,,,,,1,30,1,1,15,2,,3,4,2,1,2,3,3,1,,1,2,1,2,1,4,1,1,1,1,2
194504,2,33,9,4,2,3,2,1,1,1,2,1,2,1,1,2,2,2,2,2,1,1,1,1,1,1,1,1,2,1,1,,1,,2,2,2,2,2,1,6,1,1,2,90,1,1,1,1,2,2,2,3,46,2,30,2,2,2,2,2,2,1,2,2,2,,,,,,,,,,,,,,,,,,,,,,1,60,1,3,3,3,1,1,2,3,3,1,,1,2,2,,1,1,1,1,1,1,1
194601,1,42,3,3,3,4,1,1,1,2,,2,2,1,1,2,5,1,2,2,2,2,1,2,1,1,1,1,2,1,1,,1,,2,2,1,,2,1,8,2,1,1,30,1,1,2,2,2,1,2,2,2,2,20,1,1,2,2,2,2,2,1,2,2,,,,,,,,,,,,,,,2,30,2,1,,,,1,40,2,,2,3,1,2,2,3,3,1,,2,2,1,1,1,1,1,1,1,1,1
194702,2,16,6,1,4,8,2,1,1,2,,2,2,1,1,2,3,1,2,2,2,1,1,1,2,1,1,1,2,2,2,1,2,2,2,2,2,2,1,1,1,2,1,2,15,1,2,1,2,2,2,2,2,,,,,,,,,,,,,,,,,,,,,,,,,,,,,,,,3,15,1,3,15,2,,2,2,2,2,3,3,3,1,,2,2,1,2,2,,1,2,1,2,2
194803,1,39,5,3,1,3,1,1,1,1,1,1,2,1,1,2,4,1,2,2,1,1,1,1,1,1,1,1,2,1,1,,2,2,2,2,2,2,1,1,1,2,1,2,120,1,2,2,2,1,2,2,2,,,,,,,,,,,,,,,,,,,,,,,,,,,,,,,,5,15,1,1,15,1,6,3,4,2,1,2,3,3,1,,2,1,1,2,2,,1,1,1,1,1
194904,1,13,3,1,2,3,1,1,1,1,1,1,2,1,1,1,5,1,2,2,1,2,1,1,2,1,1,1,2,2,2,1,2,2,2,2,2,2,1,1,2,2,1,4,30,2,2,1,2,2,2,2,2,,,,,,,,,,,,,,,,,,,,,,,,,,,,,,,,3,20,1,2,25,2,,3,2,2,1,3,3,1,3,,2,2,1,2,1,1,1,1,1,1,2
195001,2,35,8,5,2,5,2,1,1,1,1,1,2,1,1,1,2,1,2,2,1,1,1,1,1,1,1,2,1,2,2,1,2,2,2,2,2,2,1,1,5,1,2,2,30,2,2,2,2,2,2,1,1,,,,,,,,,,,,,,,,,,,,,,,,,,,,,,,,1,15,1,1,180,2,,4,2,2,2,2,3,1,1,,2,2,2,,1,1,1,2,2,2,2
195102,1,59,6,3,1,2,1,1,1,1,1,2,2,1,1,2,2,1,2,2,1,2,1,1,2,1,1,1,2,2,2,2,2,2,2,2,2,2,1,1,,,,,,,,,,,,,,,,,,,,,,,,,,,,,,,,,,,,,,,,,,,,,1,7,1,1,60,2,,2,2,2,1,2,3,3,1,,2,1,2,,1,2,1,2,2,2,2
195203,2,40,3,2,2,2,1,1,1,2,,2,2,1,1,2,2,1,2,2,1,1,1,1,1,1,1,1,2,2,2,2,2,2,2,2,2,2,2,2,,,,,,,,,,,,,,,,,,,,,,,,,,,,,,,,,,,,,,,,,,,,,,,,,,,,,,,,,,,,1,2,2,2,,2,,1,2,2,2,2
195401,1,26,6,3,1,3,1,1,1,1,1,1,1,1,1,1,2,1,2,2,1,1,1,1,1,1,1,1,2,1,1,,2,2,2,2,2,2,1,2,4,2,1,2,30,2,2,2,1,2,2,2,3,,,,,,,,,,,,,,,,,,,,,,,,,,,,,,,,2,30,2,,,2,,2,3,2,1,3,3,3,1,,2,2,2,,2,,1,2,2,2,2
195502,1,15,3,2,3,4,1,1,2,2,,2,2,1,1,1,2,1,2,2,1,1,1,1,1,1,1,1,2,2,2,2,2,2,2,2,1,,2,1,,,,,,,,,,,,,,,,,,,,,,,,,,,,,,,,,,,,,,,,,2,60,1,2,,,,1,10,2,,3,3,2,1,1,3,3,3,,1,1,1,2,1,1,1,2,2,1,1
195603,1,26,6,3,2,4,1,1,1,1,1,1,1,1,1,1,3,1,2,2,1,1,1,1,2,1,1,1,2,1,1,,2,2,2,2,1,,1,2,4,2,1,1,30,2,2,2,2,1,2,2,3,,,,,,,,,,,,,,,,,,,,,,,,,,,,2,20,1,2,2,20,1,,,2,,3,3,2,2,1,3,3,3,,2,2,2,,2,,1,1,1,2,2
195704,1,21,3,2,2,4,1,1,1,2,,2,2,1,1,2,5,1,2,2,1,1,1,1,1,1,1,2,2,2,2,2,2,2,2,2,2,2,2,1,,,,,,,,,,,,,,,,,,,,,,,,,,,,,,,,,,,,,,,,,,,,,,,,1,240,,,,,,,,,,,1,2,2,1,2,1,1,1,2,1,2,2
195801,2,23,3,3,4,6,3,1,1,2,,1,1,1,1,1,6,1,2,2,1,1,1,1,1,1,1,1,2,2,2,1,2,2,2,2,2,2,2,1,4,2,1,3,60,1,2,2,1,2,2,2,2,,,,,,,,,,,,,,,,,,,,,,,,,,,,,,,,,,,2,30,2,,2,2,2,1,1,3,3,1,,2,1,1,2,2,,1,2,1,1,1
195902,2,32,8,5,3,6,1,1,1,1,1,1,2,1,1,1,4,1,2,2,1,2,2,1,1,1,1,1,2,1,1,,2,1,2,2,2,2,1,2,1,2,1,2,20,1,2,2,2,1,2,2,2,15,2,20,2,2,2,2,2,2,1,1,2,2,,,,,,,,,,,,,,,,,,,3,10,2,,,2,,3,3,2,1,3,3,3,1,,2,1,1,2,1,5,1,1,1,1,2
196003,1,52,3,3,1,2,1,1,1,1,1,2,2,2,,,5,1,2,2,1,1,1,1,1,1,1,1,2,2,2,2,2,2,2,2,2,2,2,2,,,,,,,,,,,,,,,,,,,,,,,,,,,,,,,,,,,,,,,,,,,,,,,,,,,,,,,,,,,,1,1,1,1,2,2,,1,1,1,1,1
196201,2,46,3,3,3,4,1,1,1,2,,2,2,1,1,1,3,1,2,2,1,1,1,1,1,1,1,1,2,2,2,2,2,2,2,2,2,2,2,1,,,,,,,,,,,,,,,,,,,,,,,,,,,,,,,,,,,,,,,,,,,,,,,,1,120,,,,,,,,,,,4,1,2,2,,1,1,1,1,1,2,1
196302,2,84,2,3,1,6,1,1,1,2,,2,2,1,1,2,1,1,2,2,3,1,1,2,2,1,1,1,2,2,2,2,2,2,2,2,2,2,2,2,,,,,,,,,,,,,,,,,,,,,,,,,,,,,,,,,,,,,,,,,,,,,,,,,,,,,,,,,,,,6,2,2,2,,2,,1,2,2,2,2
196403,1,35,3,3,2,3,1,1,1,1,1,2,2,1,1,2,5,1,2,2,1,1,1,1,1,1,1,1,2,1,2,2,2,2,2,2,2,2,2,1,,,,,,,,,,,,,,,,,,,,,,,,,,,,,,,,,,,,,,,,,,,,,,,,1,120,,,,,,,,,,,1,1,2,2,,1,1,1,2,1,2,1
196504,2,16,3,3,2,3,1,1,1,1,1,1,2,1,1,2,6,1,2,2,2,1,1,1,2,1,1,2,1,2,2,2,2,2,2,2,2,2,2,1,,,,,,,,,,,,,,,,,,,,,,,,,,,,,,,,,,,,,,,,,,,,,,,,1,60,,,,,,,,,,,1,2,2,1,2,1,1,1,1,1,1,1
196601,1,35,2,6,1,2,1,1,1,1,1,2,2,1,1,2,4,1,2,2,1,1,2,1,2,1,1,1,2,1,2,2,2,1,2,1,1,,2,1,,,,,,,,,,,,,,4,2,10,1,2,1,2,2,2,2,2,2,2,1,2,1,10,1,0,1,0,0,1,0,0,0,1,4,5,1,2,,,,1,20,2,,2,1,2,2,2,3,3,1,,1,2,2,,1,1,1,2,1,1,1
196702,1,12,2,6,1,2,1,1,1,1,1,2,2,1,1,2,4,1,2,2,1,1,1,1,2,1,1,1,2,2,2,1,1,,2,1,2,2,2,1,2,2,1,3,20,1,2,2,2,1,1,2,3,2,4,20,1,1,2,2,2,2,1,2,2,2,2,1,1,30,2,1,0,0,0,0,0,0,0,1,,,,,,,,2,10,1,3,2,2,2,1,1,3,3,1,,2,2,2,,2,,1,2,1,1,1
196803,2,64,2,6,3,4,1,1,1,2,,2,2,1,1,2,6,2,2,2,3,2,1,1,2,1,1,1,2,2,2,2,2,2,2,2,2,2,2,2,,,,,,,,,,,,,,,,,,,,,,,,,,,,,,,,,,,,,,,,,,,,,,,,,,,,,,,,,,,,3,2,2,2,,2,,1,2,1,1,1
196904,2,27,6,3,1,2,1,1,2,1,1,2,1,1,1,1,4,1,2,2,1,1,1,1,1,1,1,1,2,1,1,,1,,2,2,2,2,1,1,1,2,1,2,90,1,2,2,2,1,2,2,2,2,2,30,1,2,2,1,1,2,2,2,2,2,,,,,,,,,,,,,,,,,,,5,60,1,1,120,2,,3,3,2,1,3,3,3,1,,1,2,1,2,1,1,1,1,2,1,1
197102,1,53,0,,1,2,1,1,2,1,1,2,2,2,,,2,1,2,2,1,1,1,1,1,2,1,1,2,,,,,,,,,,,,,,,,,,,,,,,,,,,,,,,,,,,,,,,,,,,,,,,,,,,,,,,,,,,,,,,,,,,,,,,,,,,,,,,,,,
197203,1,60,8,5,1,2,1,1,2,1,1,1,2,1,1,2,1,1,2,2,1,1,1,1,1,1,1,1,2,1,1,,1,,1,,2,2,1,1,5,2,1,2,60,1,2,1,1,1,1,2,2,1,4,30,1,2,1,2,2,2,2,2,2,2,1,2,1,60,1,1,0,0,0,0,0,0,0,3,,,,,2,120,1,2,120,2,,1,4,1,1,3,3,3,1,,1,1,1,1,1,5,1,1,1,1,1
197304,2,43,6,3,3,4,1,1,1,1,1,1,1,1,1,1,3,1,2,2,2,1,1,1,3,1,1,1,1,1,1,,1,,2,2,2,2,1,1,1,1,2,2,60,1,2,2,2,1,2,2,2,1,4,15,1,2,2,1,2,2,2,2,2,2,,,,,,,,,,,,,,,,,,,5,30,1,1,120,1,6,3,3,2,1,2,3,3,1,,1,1,1,2,1,3,1,1,1,1,1
197401,2,32,7,3,2,3,1,1,1,1,1,1,2,1,1,2,4,1,2,2,2,1,1,1,1,1,1,1,2,1,1,,2,2,2,2,2,2,2,1,3,2,1,3,90,1,2,2,2,1,2,2,2,,,,,,,,,,,,,,,,,,,,,,,,,,,,,,,,,,,1,90,2,,2,3,2,1,2,3,3,1,,1,1,1,2,1,1,1,1,1,1,1
197502,1,25,7,2,2,3,1,1,1,2,,2,2,1,1,2,2,1,2,2,1,1,1,1,1,1,2,1,2,1,1,,2,2,1,,1,,1,1,8,1,1,2,60,1,1,1,2,1,2,2,1,,,,,,,,,,,,,,1,2,1,20,1,0,0,0,0,0,0,1,0,1,2,120,1,1,2,60,1,1,180,1,5,2,3,2,1,2,3,3,1,,1,1,1,2,1,1,1,1,1,1,2
197704,2,26,3,3,2,3,1,1,1,1,1,2,2,1,1,2,4,1,2,2,1,1,1,1,2,1,1,1,2,2,2,2,2,2,1,,2,2,2,1,,,,,,,,,,,,,,,,,,,,,,,,,,,2,1,1,15,1,0,0,0,0,0,0,0,1,2,,,,,,,,2,30,1,3,2,1,2,2,3,3,3,3,,1,2,2,,2,,1,1,1,1,1
197801,2,57,2,6,1,2,1,1,1,2,,2,2,1,1,1,2,1,2,2,3,1,1,3,2,1,1,1,2,1,1,,1,,2,2,2,2,1,1,6,2,1,2,60,1,1,2,1,1,2,2,4,4,1,60,1,2,2,1,1,1,2,2,2,2,,,,,,,,,,,,,,,,,,,3,20,1,3,10,2,,2,3,2,2,3,3,3,1,,2,1,1,1,1,1,1,2,1,1,1
197902,1,27,2,6,1,2,1,1,1,2,,2,2,1,1,2,4,1,2,2,1,1,1,1,2,1,2,1,2,2,2,2,2,2,2,2,2,2,2,1,,,,,,,,,,,,,,,,,,,,,,,,,,,,,,,,,,,,,,,,,,,,,,,,1,120,,,,,,,,,,,1,2,2,2,,2,,1,1,1,1,1
198003,1,31,3,3,2,3,1,1,1,1,1,2,2,1,1,2,3,1,2,2,2,1,1,1,1,1,1,1,2,2,2,2,2,2,2,2,2,2,1,1,,,,,,,,,,,,,,,,,,,,,,,,,,,,,,,,,,,,,,,,,,,,,2,180,1,1,180,2,,3,3,2,1,2,3,3,1,,2,2,2,,1,1,1,1,1,1,2
198104,1,16,2,5,1,2,1,2,2,2,,2,2,1,1,1,1,1,2,2,2,1,1,1,2,1,1,1,2,2,2,1,1,,2,2,2,2,1,1,15,1,2,2,120,1,2,1,2,2,2,2,1,2,2,240,1,2,1,2,2,2,2,2,2,2,,,,,,,,,,,,,,,,,,,5,30,1,1,120,2,,2,2,2,1,1,3,3,3,,2,1,2,,1,1,1,1,2,2,1
198201,1,21,6,3,2,4,1,1,1,2,,2,2,1,1,2,2,1,2,2,1,1,1,1,1,1,1,1,2,1,1,,2,2,2,2,2,2,1,1,2,1,1,2,20,2,2,1,1,2,2,2,4,,,,,,,,,,,,,,,,,,,,,,,,,,,,,,,,1,120,1,1,180,2,,2,2,2,1,1,3,1,1,,2,2,1,2,1,1,1,9,2,2,2
198302,2,46,6,3,3,4,1,1,1,1,1,1,2,1,1,2,2,1,2,2,1,1,1,1,1,1,1,1,2,2,2,2,2,2,2,2,2,2,1,1,,,,,,,,,,,,,,,,,,,,,,,,,,,,,,,,,,,,,,,,,,,,,2,10,1,3,10,2,,2,2,2,1,3,1,1,1,,1,1,2,,1,1,1,1,1,1,1
198403,2,42,8,5,2,5,1,1,1,1,1,1,1,1,1,1,2,1,2,2,1,1,1,1,1,1,1,1,2,2,2,2,2,2,2,2,2,2,2,1,,,,,,,,,,,,,,,,,,,,,,,,,,,,,,,,,,,,,,,,,,,,,,,,1,120,,,,,,,,,,,1,2,2,2,,2,,1,1,1,2,2
198504,2,27,0,,2,3,1,1,1,1,1,2,2,2,,,5,1,2,2,2,1,1,1,1,1,1,1,2,,,,,,,,,,,,,,,,,,,,,,,,,,,,,,,,,,,,,,,,,,,,,,,,,,,,,,,,,,,,,,,,,,,,,,,,,,,,,,,,,,
198601,2,49,5,3,2,2,1,1,2,2,,1,2,1,1,2,4,1,2,2,1,1,1,1,1,1,1,1,2,2,2,1,2,2,1,,2,1,2,1,5,1,2,5,15,1,1,1,1,1,1,2,1,,,,,,,,,,,,,,2,1,1,15,1,1,1,1,0,0,0,0,0,2,5,15,1,2,,,,2,15,2,,2,3,1,1,3,3,3,1,,2,1,1,2,1,1,1,2,1,1,1
198702,1,17,6,1,1,2,1,1,1,2,,1,2,1,1,2,3,1,1,2,1,1,1,1,2,1,1,1,2,2,2,1,2,1,2,2,2,2,1,1,2,2,1,1,30,1,2,2,2,1,2,2,2,3,4,30,2,2,1,2,2,2,2,2,2,2,,,,,,,,,,,,,,,,,,,2,30,2,1,180,2,,2,3,2,1,3,3,3,3,,2,2,2,,1,1,1,1,2,1,1
198803,2,44,7,3,1,2,1,1,1,1,1,2,2,1,1,2,3,1,2,2,1,1,1,1,1,1,1,1,2,1,1,,2,1,1,,1,,1,1,2,2,1,1,120,1,2,2,1,1,2,2,4,2,2,120,1,2,2,2,1,2,2,2,2,2,2,1,2,30,1,0,0,0,0,0,0,1,0,2,3,60,2,1,1,20,1,1,60,2,,4,4,1,2,2,3,3,1,,1,2,2,,1,1,1,1,1,1,1
198904,1,20,8,3,1,2,1,1,1,2,,1,2,1,1,2,1,1,2,2,1,1,1,1,1,1,1,1,2,1,1,,2,2,2,2,2,2,1,1,4,1,1,1,240,1,2,1,1,2,2,2,3,,,,,,,,,,,,,,,,,,,,,,,,,,,,,,,,2,60,1,2,60,2,,3,4,2,1,2,3,3,1,,1,2,2,,1,2,1,1,1,1,2
199001,1,49,6,3,2,3,1,1,1,1,1,2,2,1,1,2,5,1,2,2,1,1,1,1,1,1,1,1,2,1,2,1,2,2,2,2,1,,1,1,6,1,2,3,120,2,2,1,1,2,2,2,1,,,,,,,,,,,,,,,,,,,,,,,,,,,,1,120,1,2,3,10,1,1,360,1,3,3,4,2,1,2,3,3,1,,2,2,2,,2,,1,2,1,2,1
199102,2,43,3,3,2,4,1,1,1,1,1,2,2,1,1,2,4,1,2,2,1,1,1,1,2,1,1,1,2,1,2,2,2,2,2,2,2,2,1,1,,,,,,,,,,,,,,,,,,,,,,,,,,,,,,,,,,,,,,,,,,,,,2,20,1,2,60,2,,2,2,2,1,2,3,3,1,,1,2,2,,2,,1,2,1,1,2
199203,1,21,6,3,2,3,1,1,1,2,,1,1,1,1,2,5,1,2,2,1,1,1,1,1,1,1,1,2,1,2,2,2,2,2,2,1,,2,1,,,,,,,,,,,,,,,,,,,,,,,,,,,,,,,,,,,,,,,,,2,30,1,2,,,,3,15,2,,3,3,2,1,1,3,3,1,,2,2,2,,2,,1,1,1,1,1
199304,2,41,6,3,2,3,1,1,1,1,2,1,2,1,1,1,4,1,2,2,2,1,1,1,2,1,1,1,2,2,2,2,2,2,2,2,2,2,2,2,,,,,,,,,,,,,,,,,,,,,,,,,,,,,,,,,,,,,,,,,,,,,,,,,,,,,,,,,,,,3,2,1,2,,2,,1,1,1,1,2
199401,2,32,6,2,2,3,1,1,1,2,,2,2,2,,,4,1,2,2,1,1,1,1,1,1,1,1,2,1,1,,1,,2,2,2,1,1,1,1,2,1,1,15,1,2,2,2,1,2,2,2,50,1,10,1,2,2,1,1,2,1,2,2,2,,,,,,,,,,,,,,,1,15,1,2,1,60,1,1,120,2,,4,4,2,1,2,3,3,1,,1,1,1,2,1,5,1,1,1,1,1
199603,2,41,3,3,2,3,1,1,1,2,,2,2,1,1,2,4,1,2,2,1,1,1,1,1,1,1,1,2,2,2,2,2,2,2,2,2,2,2,2,,,,,,,,,,,,,,,,,,,,,,,,,,,,,,,,,,,,,,,,,,,,,,,,,,,,,,,,,,,,1,2,2,2,,2,,1,1,1,2,2
199704,2,36,3,3,2,3,1,1,1,1,1,2,1,1,1,1,4,1,2,2,3,1,1,1,1,1,1,1,1,1,1,,2,2,2,2,1,,1,2,2,2,1,1,120,1,2,2,1,2,2,2,3,,,,,,,,,,,,,,,,,,,,,,,,,,,,3,20,2,1,2,30,1,,,2,,2,2,2,1,1,3,1,1,,1,1,1,2,1,1,1,1,1,1,1
199801,2,50,2,6,2,3,1,1,1,2,,2,2,2,,,2,1,2,2,3,2,1,2,2,1,2,1,2,2,2,2,2,2,2,2,2,2,2,1,,,,,,,,,,,,,,,,,,,,,,,,,,,,,,,,,,,,,,,,,,,,,,,,5,5,,,,,,,,,,,1,2,2,2,,1,1,1,2,1,2,2
199902,1,22,3,3,2,3,1,1,1,2,,2,2,1,1,2,3,1,2,2,2,2,1,1,2,1,2,2,2,2,1,,2,2,2,2,2,2,2,2,4,2,1,3,180,1,2,2,2,1,2,2,3,,,,,,,,,,,,,,,,,,,,,,,,,,,,,,,,,,,,,1,6,2,3,2,1,1,3,3,2,,2,2,2,,2,,1,2,2,2,2
200003,1,22,2,2,2,3,1,1,2,2,,2,2,1,1,2,3,1,2,2,1,2,1,1,2,1,1,1,2,2,2,2,2,1,2,2,1,,1,1,,,,,,,,,,,,,,3,2,120,1,1,1,2,2,2,2,2,2,2,,,,,,,,,,,,,,,2,60,1,2,3,120,1,2,60,2,,1,2,2,1,3,3,1,3,,2,2,2,,1,1,1,1,1,2,2
200104,2,24,6,3,2,3,1,1,1,1,1,1,2,1,1,1,2,1,2,2,2,1,1,1,2,2,1,2,2,1,1,,2,2,2,2,1,,1,1,5,1,2,2,30,1,1,2,1,1,2,2,1,,,,,,,,,,,,,,,,,,,,,,,,,,,,3,20,1,2,2,5,2,1,5,1,6,4,4,2,1,2,3,3,1,,2,2,2,,1,1,1,1,1,1,1
200201,2,24,2,6,4,5,0,1,2,2,,2,2,1,1,2,12,1,2,2,1,1,1,1,2,1,1,1,2,2,2,2,2,2,1,,2,2,2,1,,,,,,,,,,,,,,,,,,,,,,,,,,,2,1,2,30,1,0,0,0,0,1,0,0,0,2,,,,,,,,1,5,2,,2,4,2,1,1,3,3,1,,2,2,2,,1,1,1,1,1,1,1
200302,1,62,2,5,1,4,1,1,1,2,,1,2,1,1,2,3,1,2,2,3,1,3,3,1,1,1,1,1,2,1,,2,1,2,2,2,2,2,2,1,2,1,1,15,2,2,2,1,2,2,2,3,3,2,20,1,2,2,2,2,1,2,2,2,2,,,,,,,,,,,,,,,,,,,,,,,,2,,2,3,1,1,2,3,3,1,,2,2,1,2,2,,1,1,1,1,1
200403,2,15,3,2,4,7,1,1,1,2,,2,2,1,1,2,7,2,2,2,2,1,1,1,2,1,1,2,1,2,2,1,2,2,2,2,2,2,1,1,1,2,1,2,30,1,2,2,2,1,2,2,3,,,,,,,,,,,,,,,,,,,,,,,,,,,,,,,,5,10,1,1,240,2,,2,2,2,1,1,3,1,3,,2,2,2,,1,1,1,2,1,1,2
200504,2,40,3,3,2,3,1,1,1,2,,2,2,1,1,2,5,1,2,2,1,1,1,1,2,1,1,1,1,1,2,2,2,2,2,2,2,2,2,1,,,,,,,,,,,,,,,,,,,,,,,,,,,,,,,,,,,,,,,,,,,,,,,,1,10,,,,,,,,,,,3,2,2,2,,2,,1,1,1,1,1
200601,2,45,6,3,1,2,1,1,1,2,,1,2,1,1,1,2,1,2,2,2,1,1,2,1,1,1,1,2,1,2,2,2,2,1,,2,2,2,1,,,,,,,,,,,,,,,,,,,,,,,,,,,2,1,1,5,1,0,0,0,0,1,0,0,0,1,,,,,,,,1,90,1,5,2,3,2,1,2,3,3,1,,1,1,1,2,1,1,1,1,1,1,1
200702,1,64,2,6,3,4,1,1,1,1,1,2,2,1,1,2,3,1,2,2,2,3,1,2,1,1,1,1,2,1,1,,1,,1,,1,,1,1,15,1,2,2,60,1,1,1,1,1,1,2,1,5,2,60,2,1,2,2,2,1,2,1,2,2,1,2,1,60,1,1,0,0,0,0,0,0,0,1,3,60,2,1,1,60,1,1,120,2,,1,3,1,2,1,1,3,1,,2,2,2,,2,,1,1,1,1,1
200803,1,16,6,1,2,3,2,1,1,2,,2,2,2,,,5,1,2,2,2,1,1,1,1,1,1,1,2,2,2,1,2,2,2,2,2,2,2,1,1,1,2,2,60,1,2,2,2,1,2,2,3,,,,,,,,,,,,,,,,,,,,,,,,,,,,,,,,,,,1,240,1,7,4,3,2,1,2,3,3,1,,2,2,2,,1,1,1,2,1,1,1
200904,1,48,3,3,2,3,2,1,1,1,1,1,2,1,1,2,3,1,2,2,2,1,1,1,1,1,1,1,2,1,2,1,1,,2,2,2,2,1,1,5,1,2,2,20,1,2,1,1,2,1,2,1,1,2,20,1,2,1,2,2,2,2,2,2,2,,,,,,,,,,,,,,,,,,,2,15,1,1,10,1,1,2,3,2,1,2,3,3,1,,2,2,2,,2,,1,2,1,2,2
201102,2,57,3,3,2,4,1,1,1,1,1,1,2,1,1,1,2,1,2,2,2,1,1,1,2,1,1,1,1,2,2,2,1,,2,2,2,2,2,1,,,,,,,,,,,,,,1,2,15,2,2,2,2,2,2,2,2,2,1,,,,,,,,,,,,,,,,,,,,,,2,15,1,5,2,3,2,1,2,1,3,1,,2,2,2,,1,2,1,2,2,1,1
201203,1,44,2,3,1,2,0,1,1,1,1,2,2,1,1,2,3,1,2,2,4,1,2,2,2,1,1,1,2,2,2,2,2,2,2,2,2,2,2,1,,,,,,,,,,,,,,,,,,,,,,,,,,,,,,,,,,,,,,,,,,,,,,,,5,15,,,,,,,,,,,1,2,2,2,,2,,1,9,1,1,9
201401,2,63,2,2,3,4,2,1,1,2,,2,2,1,1,2,6,2,2,2,3,1,1,3,2,1,1,1,2,1,1,,1,,2,2,2,2,2,2,2,2,1,1,60,1,2,2,1,2,2,2,4,1,4,20,1,2,2,2,2,1,2,2,2,2,,,,,,,,,,,,,,,,,,,,,,,,2,,2,1,2,2,3,3,3,1,,2,2,2,,2,,1,2,1,2,2
201603,1,23,6,3,3,4,2,1,1,1,1,2,2,1,1,2,3,1,2,2,1,1,1,1,1,1,1,1,2,1,1,,2,2,2,2,2,2,2,1,2,2,1,2,60,1,2,2,1,2,2,2,3,,,,,,,,,,,,,,,,,,,,,,,,,,,,,,,,,,,1,60,2,,2,1,2,2,1,3,3,1,,1,1,1,2,1,1,1,1,1,1,2
201704,1,34,7,3,2,3,1,1,1,1,2,1,2,1,1,1,3,1,2,2,1,1,1,1,1,1,1,1,2,2,2,1,1,,2,1,2,2,1,1,18,1,1,2,5,2,1,2,2,2,2,2,1,2,4,20,1,1,1,1,2,2,1,1,2,2,1,2,2,5,1,1,1,0,0,0,0,0,0,1,,,,,2,5,1,1,30,2,,2,3,2,1,2,3,3,1,,2,2,1,2,2,,1,2,1,2,2
201801,2,67,2,3,1,3,1,1,1,2,,2,2,2,,,1,1,2,2,1,1,1,1,1,1,1,1,2,2,2,2,2,2,2,2,2,2,2,1,,,,,,,,,,,,,,,,,,,,,,,,,,,,,,,,,,,,,,,,,,,,,,,,1,40,,,,,,,,,,,1,2,2,2,,2,,1,9,1,2,2
202003,2,54,5,3,2,3,1,1,1,2,,2,2,1,1,2,3,1,2,2,2,1,1,1,1,1,1,1,2,2,2,2,2,2,2,2,2,2,2,1,,,,,,,,,,,,,,,,,,,,,,,,,,,,,,,,,,,,,,,,,,,,,,,,1,20,,,,,,,,,,,4,1,1,1,1,1,1,1,2,1,1,1
202104,1,59,6,3,2,4,1,1,1,2,,1,1,1,1,1,3,1,2,2,2,1,1,1,1,1,1,1,2,2,2,1,2,2,2,2,2,2,1,1,4,2,1,5,180,2,1,2,2,2,2,2,2,,,,,,,,,,,,,,,,,,,,,,,,,,,,,,,,1,60,2,5,60,2,,2,3,2,1,2,3,3,1,,1,1,2,,1,1,1,1,1,1,1
202201,2,27,6,3,2,3,2,1,1,1,1,1,2,1,1,2,3,1,2,2,1,1,1,1,1,1,1,1,2,1,1,,2,2,2,2,2,2,2,1,1,2,1,1,30,1,2,2,1,2,2,2,3,,,,,,,,,,,,,,,,,,,,,,,,,,,,,,,,,,,2,10,2,,1,1,2,2,2,3,3,3,,1,1,1,2,1,1,1,1,1,1,1
202302,1,34,6,3,1,2,1,1,1,1,1,1,1,1,1,1,4,1,2,2,1,1,1,1,1,1,1,1,1,1,1,,2,2,2,2,2,2,1,1,1,2,1,2,40,1,2,2,1,2,2,2,2,,,,,,,,,,,,,,,,,,,,,,,,,,,,,,,,2,20,1,1,240,2,,4,3,2,1,1,3,3,1,,1,1,1,2,1,1,1,2,1,1,1
202403,1,72,2,5,1,3,1,1,1,2,,2,2,1,1,1,2,1,2,2,2,1,1,1,1,1,1,1,2,2,1,,2,2,2,2,2,2,2,2,4,2,1,1,30,1,2,2,2,2,1,2,2,,,,,,,,,,,,,,,,,,,,,,,,,,,,,,,,,,,,,2,,1,3,2,1,1,3,1,1,,2,2,2,,2,,1,9,9,9,9
202504,2,62,2,6,1,1,1,1,2,2,,2,2,2,,,2,1,2,2,1,1,2,1,1,1,1,1,1,1,2,2,2,2,1,,2,2,2,2,,,,,,,,,,,,,,,,,,,,,,,,,,,2,1,2,30,1,0,1,0,0,1,0,0,0,2,,,,,,,,,,1,5,2,2,2,2,3,3,3,1,,2,2,2,,2,,1,1,1,1,1
202702,2,36,10,2,2,5,2,1,1,1,1,1,2,1,1,1,2,1,2,2,2,1,1,1,1,1,1,2,2,1,1,,1,,2,1,2,2,1,1,4,2,1,2,120,1,2,1,2,2,1,2,3,10,2,180,2,2,2,2,2,2,1,2,2,2,1,2,4,30,1,1,0,1,0,0,0,0,0,1,,,,,3,120,2,1,180,1,5,3,3,2,1,3,3,3,1,,1,1,1,2,1,3,1,2,1,1,1
202803,2,38,8,5,2,7,3,1,1,1,1,1,1,1,1,1,4,1,2,2,1,1,1,1,1,1,1,1,2,1,1,,2,1,2,1,1,,1,1,2,2,1,1,60,1,2,2,2,1,1,2,3,1,2,10,1,2,1,2,2,2,2,2,2,2,1,2,3,10,1,1,0,0,1,0,0,1,0,1,1,40,2,1,1,15,1,1,180,1,5,3,3,2,2,2,3,3,1,,1,1,1,1,1,1,1,1,1,1,1
202904,1,52,3,3,1,5,3,1,1,1,3,1,1,1,1,1,2,1,2,2,1,1,1,1,1,1,1,1,2,1,1,,1,,2,2,2,2,1,1,3,2,1,2,60,1,2,2,2,1,2,2,3,8,2,40,2,2,2,2,2,2,1,2,2,2,,,,,,,,,,,,,,,,,,,1,30,2,1,180,2,,4,4,2,1,2,3,3,1,,1,2,2,,1,1,1,2,2,2,1
203001,2,69,2,6,2,3,1,1,1,2,,2,2,1,1,2,1,1,2,2,1,2,1,4,1,1,1,1,2,1,2,2,2,2,2,2,2,2,2,2,,,,,,,,,,,,,,,,,,,,,,,,,,,,,,,,,,,,,,,,,,,,,,,,,,,,,,,,,,,,2,2,1,1,1,2,,1,2,1,1,1
203102,2,36,3,3,2,4,1,1,1,1,1,1,1,1,1,1,5,1,2,2,1,1,1,1,1,1,1,1,1,1,1,,2,2,2,2,2,2,1,1,1,2,1,3,60,1,2,2,2,1,1,2,4,,,,,,,,,,,,,,,,,,,,,,,,,,,,,,,,1,120,1,1,180,1,8,2,3,1,1,3,3,3,1,,1,2,2,,1,1,1,1,1,1,1
203203,1,20,3,3,2,4,1,1,2,1,1,1,1,1,1,1,5,1,2,2,1,1,1,1,1,1,1,2,2,2,2,1,2,2,2,1,1,,1,1,10,1,1,3,10,2,1,2,2,2,2,2,1,,,,,,,,,,,,,,1,2,4,15,1,0,0,1,1,1,0,1,0,1,2,30,1,1,2,10,1,1,60,1,5,2,3,2,1,2,3,3,1,,1,2,1,2,1,2,1,2,1,1,1
203304,2,22,8,5,2,4,1,1,2,1,1,1,1,1,1,1,2,1,2,2,1,1,1,1,1,1,1,1,2,1,1,,2,2,2,2,2,2,2,1,20,1,1,1,60,1,2,1,2,2,2,2,4,,,,,,,,,,,,,,,,,,,,,,,,,,,,,,,,,,,1,60,1,6,3,3,1,1,3,3,3,1,,1,1,1,2,1,1,1,9,2,1,2
203401,1,74,2,6,2,5,1,1,1,2,,2,2,1,1,2,4,1,2,2,2,1,1,4,1,4,1,1,2,2,2,2,2,2,2,2,2,2,2,2,,,,,,,,,,,,,,,,,,,,,,,,,,,,,,,,,,,,,,,,,,,,,,,,,,,,,,,,,,,,6,1,2,2,,2,,1,2,2,2,2
203502,1,65,2,1,3,4,2,1,1,2,,2,2,2,,,2,1,2,2,1,3,1,1,1,1,1,1,2,,,,,,,,,,,,,,,,,,,,,,,,,,,,,,,,,,,,,,,,,,,,,,,,,,,,,,,,,,,,,,,,,,,,,,,,,,,,,,,,,,
203603,2,46,2,6,2,3,1,1,2,2,,2,2,1,1,2,6,1,2,2,2,2,2,2,2,1,1,1,2,1,2,2,2,2,2,2,2,2,2,1,,,,,,,,,,,,,,,,,,,,,,,,,,,,,,,,,,,,,,,,,,,,,,,,1,120,,,,,,,,,,,3,2,1,2,,2,,1,1,1,1,1
203704,2,68,2,5,2,4,1,1,1,2,,2,2,2,,,3,1,2,2,3,2,1,1,2,1,1,1,2,2,2,2,2,2,2,2,2,2,2,2,,,,,,,,,,,,,,,,,,,,,,,,,,,,,,,,,,,,,,,,,,,,,,,,,,,,,,,,,,,,1,2,1,2,,2,,1,2,2,2,2
203801,1,75,2,6,3,4,1,1,1,1,2,2,2,1,1,2,5,1,2,2,2,1,1,2,1,1,1,1,2,1,2,2,2,2,2,2,2,2,2,2,,,,,,,,,,,,,,,,,,,,,,,,,,,,,,,,,,,,,,,,,,,,,,,,,,,,,,,,,,,,4,2,1,1,2,2,,1,1,1,1,1
203902,2,41,6,2,2,3,1,1,1,1,1,1,1,1,1,1,4,1,2,2,1,1,1,1,1,1,1,1,2,2,2,1,2,1,2,1,2,2,2,1,5,2,1,2,10,2,1,1,1,1,1,2,4,3,2,10,1,1,1,1,1,2,1,1,1,2,2,1,3,15,1,0,0,1,0,0,0,0,0,2,,,,,,,,1,60,1,8,2,4,2,1,2,3,3,1,,2,1,2,,1,1,1,2,1,1,2
204003,1,31,6,3,3,6,1,1,1,1,1,1,1,1,1,1,5,1,2,2,1,1,1,1,1,1,1,1,2,2,2,1,2,2,1,,2,2,2,1,1,2,1,4,20,2,2,2,2,2,2,1,4,,,,,,,,,,,,,,2,1,1,10,1,0,1,0,0,0,0,0,0,3,,,,,,,,1,120,2,,2,3,2,1,2,3,3,1,,2,2,2,,2,,1,2,1,1,2
204104,2,54,2,6,4,7,2,1,1,1,1,2,2,1,1,2,2,1,2,2,2,1,1,1,1,1,1,1,2,2,2,2,2,2,2,2,2,2,2,1,,,,,,,,,,,,,,,,,,,,,,,,,,,,,,,,,,,,,,,,,,,,,,,,1,10,,,,,,,,,,,2,2,2,2,,2,,1,2,1,1,2
204201,1,15,3,2,2,3,1,1,2,2,,1,2,1,1,1,7,1,2,2,1,1,1,1,1,1,1,1,2,1,1,,2,2,2,2,1,,2,1,3,2,1,1,60,1,2,1,1,2,2,2,3,,,,,,,,,,,,,,,,,,,,,,,,,,,,2,30,1,2,,,,1,30,2,,2,3,2,2,1,3,3,1,,2,1,1,2,1,1,1,1,1,1,1
204302,1,29,3,3,1,3,1,1,1,2,,1,2,1,1,1,2,1,2,2,1,1,1,1,1,1,1,1,2,2,2,2,2,2,2,2,2,2,2,2,,,,,,,,,,,,,,,,,,,,,,,,,,,,,,,,,,,,,,,,,,,,,,,,,,,,,,,,,,,,4,2,2,2,,2,,1,1,1,2,1
204504,2,56,3,3,2,3,1,1,1,1,1,2,1,1,1,1,5,1,2,2,1,1,1,1,2,1,1,1,2,1,1,,2,2,2,2,2,2,2,1,3,1,1,1,15,2,2,1,2,2,2,2,2,,,,,,,,,,,,,,,,,,,,,,,,,,,,,,,,,,,1,15,2,,2,2,1,1,2,3,3,1,,1,1,1,1,2,,1,1,1,1,1
204601,2,12,2,5,2,3,1,1,1,1,1,2,2,1,1,2,4,1,2,2,1,1,1,1,1,1,1,1,2,1,1,,2,2,1,,2,2,2,2,3,2,1,2,30,1,2,1,2,1,2,2,2,,,,,,,,,,,,,,2,1,2,10,1,0,0,1,0,0,0,0,0,2,,,,,,,,,,2,,4,3,1,2,3,3,3,1,,2,1,1,2,1,1,1,2,1,1,1
204702,2,13,2,6,2,3,1,1,1,2,,2,2,2,,,5,1,2,2,1,1,1,1,2,1,1,1,2,1,1,,1,,2,2,2,2,1,1,3,2,1,4,30,2,1,1,2,2,1,2,2,1,2,30,1,2,2,1,2,2,2,2,1,2,,,,,,,,,,,,,,,,,,,2,30,1,1,60,2,,2,2,2,2,1,3,3,1,,2,1,1,1,1,1,1,2,1,1,1
204803,1,58,3,3,2,4,1,1,1,2,,2,2,2,,,1,1,2,2,2,1,1,1,1,1,1,1,2,1,2,2,2,2,2,1,1,,1,1,,,,,,,,,,,,,,,,,,,,,,,,,,,2,1,1,20,1,0,0,0,0,0,0,0,1,2,5,20,1,2,1,30,1,1,60,2,,2,2,1,1,1,3,3,3,,1,1,1,1,1,1,1,1,1,1,1
204904,1,31,3,3,2,3,2,1,1,1,2,1,1,1,1,1,4,1,2,2,1,1,1,1,1,1,1,1,2,1,1,,1,,1,,1,,2,1,5,2,1,2,40,1,2,2,1,2,2,2,3,6,2,30,1,2,1,2,1,2,1,1,1,2,2,1,7,60,1,1,0,0,0,0,1,0,0,2,3,10,2,1,,,,1,60,2,,1,4,1,1,1,3,3,3,,1,1,1,2,1,1,1,2,1,2,1
205001,1,22,8,2,4,5,1,1,2,1,1,1,1,1,1,2,4,1,2,2,2,1,1,1,1,1,1,1,2,1,1,,2,1,1,,2,1,1,1,5,1,1,2,60,2,1,1,2,1,1,2,3,10,1,90,2,2,2,2,2,2,1,2,2,2,1,2,4,40,1,1,0,0,0,0,1,1,0,1,3,120,1,2,1,60,1,1,130,2,,4,3,2,1,1,3,3,1,,2,1,2,,1,1,1,2,2,1,2
205401,2,26,3,3,2,4,1,1,1,1,1,2,2,2,,,3,1,2,2,1,1,1,1,1,1,1,1,2,2,2,2,2,2,2,2,2,2,2,1,,,,,,,,,,,,,,,,,,,,,,,,,,,,,,,,,,,,,,,,,,,,,,,,1,60,,,,,,,,,,,4,2,2,2,,2,,1,1,1,2,2
205502,1,14,3,2,3,5,1,1,1,2,,1,2,1,1,2,5,1,2,2,1,1,1,1,1,1,1,1,2,1,1,,2,2,2,2,1,,1,1,2,2,1,1,90,2,2,1,1,2,2,2,2,,,,,,,,,,,,,,,,,,,,,,,,,,,,1,30,1,2,1,120,1,1,200,2,,2,3,2,1,1,3,3,1,,2,1,1,2,1,2,1,2,1,1,2
205603,2,16,3,3,2,3,1,1,2,2,,2,2,1,1,2,4,1,2,2,1,1,1,1,1,1,1,1,2,1,1,,2,2,2,2,1,,1,1,3,2,1,1,180,1,2,2,2,1,2,2,3,,,,,,,,,,,,,,,,,,,,,,,,,,,,1,180,1,1,2,120,1,1,240,1,5,3,3,2,1,2,3,3,1,,2,1,1,2,1,1,1,1,1,1,1
205704,2,72,2,6,2,4,2,1,1,1,1,1,1,1,1,2,6,2,2,2,2,1,3,3,3,2,1,2,2,2,2,2,2,2,2,2,2,2,2,2,,,,,,,,,,,,,,,,,,,,,,,,,,,,,,,,,,,,,,,,,,,,,,,,,,,,,,,,,,,,6,2,2,2,,2,,1,2,1,2,2
205801,1,24,6,3,3,4,1,1,1,1,1,1,1,1,1,1,4,1,2,2,1,1,1,1,1,1,1,1,2,2,2,1,2,2,2,2,1,,2,1,12,1,2,3,30,2,1,1,2,2,2,2,1,,,,,,,,,,,,,,,,,,,,,,,,,,,,5,30,1,2,,,,1,120,2,,2,3,2,2,2,3,1,3,,2,2,2,,1,1,1,2,2,2,2
205902,1,58,2,6,2,3,1,1,1,1,1,1,1,1,1,2,4,1,2,2,2,2,1,1,1,2,1,1,2,2,2,2,2,2,2,2,2,2,2,1,,,,,,,,,,,,,,,,,,,,,,,,,,,,,,,,,,,,,,,,,,,,,,,,1,20,,,,,,,,,,,6,2,1,2,,1,1,1,9,1,2,1
206003,2,21,6,3,3,4,2,1,2,2,,2,2,1,1,2,7,1,2,2,2,2,1,1,2,1,3,1,2,1,1,,2,2,2,2,2,2,2,1,2,2,1,1,60,1,2,2,2,1,2,2,3,,,,,,,,,,,,,,,,,,,,,,,,,,,,,,,,,,,1,60,1,6,3,2,2,1,3,3,3,1,,2,2,2,,2,,1,2,2,2,2
206104,2,60,2,4,2,3,1,1,1,2,,2,2,1,1,2,3,1,2,2,1,1,1,1,1,1,1,1,2,2,2,2,2,2,2,2,2,2,2,1,,,,,,,,,,,,,,,,,,,,,,,,,,,,,,,,,,,,,,,,,,,,,,,,1,15,,,,,,,,,,,4,2,1,2,,2,,1,2,1,9,2
206201,2,42,8,5,2,3,1,1,1,1,1,1,2,1,1,1,3,1,2,2,1,1,1,1,2,1,1,1,2,1,1,,2,2,2,2,2,2,1,1,3,1,1,1,20,1,1,1,1,2,1,2,3,,,,,,,,,,,,,,,,,,,,,,,,,,,,,,,,1,15,2,1,30,1,5,4,4,2,1,2,3,3,1,,1,1,1,3,1,5,1,2,2,1,2
206302,1,76,8,5,3,4,1,1,1,1,1,2,2,1,1,2,2,1,2,2,2,1,1,3,1,1,1,1,2,1,2,1,1,,2,2,2,2,1,1,3,2,1,3,60,1,1,2,2,2,2,2,2,4,2,60,1,1,2,2,1,1,2,2,2,2,,,,,,,,,,,,,,,,,,,5,30,2,1,5,2,,2,4,2,1,2,3,3,1,,2,1,2,,1,2,1,9,1,1,1
206504,1,23,3,3,1,3,1,2,2,2,,1,2,2,,,1,1,2,2,3,1,1,1,2,1,1,1,2,2,2,2,2,2,2,1,1,,2,1,,,,,,,,,,,,,,,,,,,,,,,,,,,1,2,1,2,2,0,0,0,0,1,0,0,0,1,3,30,1,2,,,,1,60,2,,2,2,2,1,3,3,1,3,,2,2,1,2,1,1,1,1,1,1,1
206601,2,70,2,3,3,5,1,1,1,1,1,1,1,1,1,1,3,1,2,2,1,1,2,2,1,1,1,1,2,2,2,2,2,2,2,2,2,2,2,2,,,,,,,,,,,,,,,,,,,,,,,,,,,,,,,,,,,,,,,,,,,,,,,,,,,,,,,,,,,,7,2,1,2,,2,,1,2,2,2,2
206702,2,71,6,3,2,5,1,1,1,2,,1,2,1,1,2,2,1,2,2,1,1,1,1,1,1,1,1,2,1,2,1,1,,2,2,2,1,2,1,2,1,2,5,60,1,1,2,2,1,2,2,1,6,2,60,1,2,1,1,1,1,2,2,1,2,,,,,,,,,,,,,,,5,30,1,2,,,,1,120,1,5,2,2,2,2,3,3,3,1,,1,1,1,2,2,,1,1,1,9,1
206803,1,16,6,1,2,3,1,1,1,1,1,2,2,1,1,2,5,1,1,2,1,1,1,1,2,1,1,1,1,2,2,1,2,2,2,2,2,2,2,1,10,2,1,1,60,1,2,2,1,1,1,2,3,,,,,,,,,,,,,,,,,,,,,,,,,,,,,,,,,,,1,180,2,,3,3,2,1,1,3,3,3,,2,1,1,2,1,1,1,1,1,1,1
206904,1,34,3,3,3,4,1,1,2,1,1,2,2,1,1,2,6,1,2,2,2,1,1,1,1,1,1,1,1,2,2,2,2,2,2,2,2,2,2,1,,,,,,,,,,,,,,,,,,,,,,,,,,,,,,,,,,,,,,,,,,,,,,,,1,30,,,,,,,,,,,3,2,2,1,2,1,1,1,2,1,2,2
207001,2,58,7,3,2,5,1,1,1,2,,1,1,1,1,2,2,1,2,2,2,1,1,1,1,1,1,1,2,1,1,,2,2,2,2,1,,1,1,3,1,2,3,30,1,2,2,2,1,2,2,1,,,,,,,,,,,,,,,,,,,,,,,,,,,,5,10,1,2,1,5,1,1,5,2,,3,3,2,1,3,3,3,1,,2,2,2,,2,,1,2,1,1,1
207102,1,78,2,6,1,2,1,2,2,2,,2,2,2,,,1,1,2,2,1,1,1,2,1,1,1,1,2,2,1,,2,2,2,2,2,2,2,2,1,2,1,2,30,1,2,2,2,1,2,2,2,,,,,,,,,,,,,,,,,,,,,,,,,,,,,,,,,,,,,2,,1,2,2,2,1,3,3,1,,2,2,2,,2,,1,1,1,1,1
207203,2,35,6,3,2,2,1,1,1,2,,2,2,1,1,2,6,1,2,2,1,1,1,1,1,1,1,1,2,2,2,2,2,2,2,2,2,2,2,1,,,,,,,,,,,,,,,,,,,,,,,,,,,,,,,,,,,,,,,,,,,,,,,,1,10,,,,,,,,,,,3,1,1,1,1,1,1,1,2,1,1,1
207304,2,60,2,6,2,4,1,1,1,1,1,2,2,1,1,2,2,1,2,2,2,1,1,1,1,1,1,1,2,2,2,2,2,2,2,2,2,2,2,2,,,,,,,,,,,,,,,,,,,,,,,,,,,,,,,,,,,,,,,,,,,,,,,,,,,,,,,,,,,,6,2,2,2,,2,,1,2,1,2,1
207401,2,57,11,4,3,6,1,1,1,1,1,1,1,1,1,1,3,1,2,2,1,1,1,1,1,1,1,1,2,2,1,,2,2,2,2,2,2,2,2,5,1,2,2,120,1,1,2,2,1,1,2,2,,,,,,,,,,,,,,,,,,,,,,,,,,,,,,,,,,,,,1,3,4,4,2,2,2,3,3,1,,1,1,1,1,1,5,1,1,1,1,1
207502,2,52,7,3,3,5,2,1,1,1,1,1,2,1,1,1,4,1,2,2,1,1,1,1,1,1,1,1,2,2,2,2,1,,2,1,2,2,1,1,,,,,,,,,,,,,,5,2,30,1,2,2,2,1,2,2,2,2,2,1,2,1,30,1,0,0,0,0,0,0,0,1,1,,,,,2,30,1,1,20,2,,2,4,1,1,2,3,3,1,,2,2,2,,1,1,1,2,1,2,2
207704,2,29,8,1,2,3,2,1,1,1,1,2,2,1,1,1,4,1,2,2,1,1,1,1,1,1,1,1,2,1,1,,2,2,2,2,2,2,1,1,3,2,1,2,60,1,2,2,1,1,2,2,2,,,,,,,,,,,,,,,,,,,,,,,,,,,,,,,,1,30,1,1,360,1,8,3,4,2,1,1,3,3,1,,1,1,1,2,1,1,1,1,1,1,1
207902,1,42,8,5,1,4,3,1,1,1,1,1,2,1,1,1,1,1,2,2,2,1,1,1,1,1,1,1,2,1,1,,1,,2,1,1,,1,1,2,1,1,3,30,1,1,1,2,2,2,2,1,5,2,20,1,2,1,2,1,2,1,2,2,2,1,2,2,10,1,1,0,0,0,0,1,0,0,1,2,10,1,2,1,10,1,1,30,2,,2,3,1,1,1,3,3,1,,1,1,1,2,1,3,1,1,1,1,1
208003,2,52,3,3,3,4,2,1,1,1,1,1,2,1,1,2,3,1,2,2,4,1,4,2,4,2,1,2,2,2,2,2,2,2,2,2,2,2,2,2,,,,,,,,,,,,,,,,,,,,,,,,,,,,,,,,,,,,,,,,,,,,,,,,,,,,,,,,,,,,6,1,1,1,2,1,3,1,2,1,2,1
208104,1,49,2,6,3,4,3,1,1,1,2,1,1,1,1,1,6,1,2,2,3,1,3,3,2,1,1,1,2,2,2,2,2,2,2,2,2,2,2,1,,,,,,,,,,,,,,,,,,,,,,,,,,,,,,,,,,,,,,,,,,,,,,,,1,60,,,,,,,,,,,3,2,2,2,,2,,1,1,1,2,1
208201,2,35,10,2,2,4,1,1,1,1,1,1,2,1,1,1,3,1,2,2,1,1,1,1,1,1,1,1,2,1,1,,2,2,2,2,2,2,2,1,8,2,1,2,40,1,2,2,1,1,1,2,3,,,,,,,,,,,,,,,,,,,,,,,,,,,,,,,,,,,1,40,2,,2,3,2,1,1,3,3,1,,2,1,2,,2,,1,1,1,2,2
208302,1,27,8,5,2,4,1,1,1,2,,1,2,1,1,1,2,2,2,2,2,1,1,1,1,1,1,1,2,1,1,,2,1,2,2,2,1,1,1,4,2,1,2,60,1,2,2,1,1,1,2,3,2,4,15,1,2,1,2,2,2,2,2,2,2,,,,,,,,,,,,,,,5,10,1,2,1,20,1,1,60,1,8,3,3,2,1,3,3,3,1,,2,2,2,,1,5,1,1,1,1,2
208403,1,39,8,5,2,3,1,1,1,2,,1,2,1,1,2,1,1,2,2,1,2,1,1,3,1,2,2,2,1,1,,1,,2,2,2,2,1,1,2,2,1,1,5,1,2,1,1,2,2,2,3,12,4,30,1,2,2,1,1,2,2,1,2,2,,,,,,,,,,,,,,,,,,,1,30,1,1,20,1,6,3,3,2,1,2,3,3,1,,2,2,2,,1,1,1,2,2,2,2
208504,1,32,3,3,2,3,1,1,1,1,2,1,1,1,1,2,1,1,2,2,1,1,1,1,1,1,1,1,2,2,2,1,2,2,2,2,2,2,2,1,1,2,1,5,5,2,2,2,2,2,2,1,4,,,,,,,,,,,,,,,,,,,,,,,,,,,,,,,,,,,1,5,2,,1,2,2,1,3,3,1,3,,2,1,2,,1,3,1,2,1,2,2
208702,2,65,6,3,2,4,2,1,1,1,1,1,2,1,1,1,5,1,2,2,2,2,2,3,3,1,1,1,2,2,2,2,2,2,2,2,2,2,2,1,,,,,,,,,,,,,,,,,,,,,,,,,,,,,,,,,,,,,,,,,,,,,,,,1,30,,,,,,,,,,,1,2,2,2,,2,,1,2,1,1,1
208803,1,27,8,5,1,2,1,1,1,1,1,1,2,1,1,1,2,1,2,2,2,1,1,1,1,1,1,1,2,1,1,,1,,2,1,2,2,1,1,1,2,1,2,30,2,2,1,2,2,2,2,2,1,3,10,1,2,2,2,2,2,2,2,1,2,1,2,2,10,1,1,0,0,0,0,0,0,0,1,,,,,2,15,1,1,120,2,,3,3,2,1,1,3,3,1,,2,1,1,2,1,1,1,1,2,2,2
208904,2,54,6,3,3,4,1,1,1,2,,2,2,1,1,2,4,1,2,2,2,2,1,3,2,1,1,1,2,1,1,,2,2,2,2,2,2,2,1,1,2,1,2,30,2,2,2,1,2,2,2,3,,,,,,,,,,,,,,,,,,,,,,,,,,,,,,,,,,,2,30,1,7,3,3,2,1,1,3,3,1,,1,1,2,,1,1,1,2,1,1,1
209001,1,32,8,4,1,6,2,1,1,1,1,1,2,1,1,2,1,1,2,2,2,1,1,2,1,1,1,1,2,1,1,,1,,1,,1,,1,1,12,2,1,3,300,1,2,1,2,1,1,2,3,1,2,10,1,2,2,2,2,2,2,1,2,2,2,1,1,20,1,0,1,0,0,0,0,0,1,2,5,15,2,1,1,10,2,1,20,2,,3,4,2,1,1,3,3,3,,2,1,1,1,1,5,1,2,1,1,2
209102,2,36,8,4,3,4,2,1,1,1,1,2,2,1,1,2,3,1,2,2,3,1,1,1,1,1,1,2,2,1,1,,1,,2,2,2,2,1,1,6,2,1,2,180,1,2,2,1,1,1,2,3,3,2,60,1,2,2,2,2,2,2,2,1,2,,,,,,,,,,,,,,,,,,,2,180,1,1,180,1,8,3,3,1,1,1,3,3,1,,1,1,1,2,1,5,1,1,1,1,1
209203,2,28,3,1,1,3,1,1,1,2,,2,2,1,1,2,4,1,2,2,1,1,1,1,1,1,1,1,2,2,2,2,2,2,2,2,2,2,2,1,,,,,,,,,,,,,,,,,,,,,,,,,,,,,,,,,,,,,,,,,,,,,,,,5,60,,,,,,,,,,,1,2,2,2,,2,,1,2,2,1,1
209304,1,14,3,1,3,4,1,1,1,1,1,1,1,1,1,1,4,1,2,2,1,1,1,1,1,1,1,1,2,2,2,1,2,2,2,2,2,1,1,1,2,2,1,4,20,2,1,1,2,2,2,2,2,,,,,,,,,,,,,,,,,,,,,,,,,,,,5,10,2,1,2,20,1,1,60,1,8,2,4,1,1,2,3,3,1,,2,2,2,,1,1,1,1,1,1,2
209401,2,47,6,3,2,3,1,1,1,2,,1,1,1,1,2,3,1,2,2,2,1,1,1,1,1,1,1,1,1,1,,2,1,1,,2,2,1,1,3,1,1,2,30,1,2,1,2,1,2,2,3,2,2,60,1,2,2,2,2,2,1,1,2,2,1,2,3,15,1,0,0,0,0,0,0,1,0,1,,,,,3,60,1,1,15,2,,2,3,2,1,2,3,3,1,,1,1,1,2,1,5,1,1,1,9,2
209502,2,51,8,5,2,3,1,1,1,2,,1,2,1,1,1,4,1,2,2,1,1,1,1,1,1,1,1,2,2,2,1,1,,2,2,2,2,1,2,2,2,1,2,20,1,2,2,1,2,2,2,2,12,2,30,1,2,1,2,2,1,2,2,2,2,,,,,,,,,,,,,,,,,,,2,15,2,,,1,6,1,4,2,1,1,3,3,1,,2,2,2,,1,2,1,2,1,2,2
209603,2,27,3,3,1,2,1,1,1,2,,1,1,1,1,1,2,1,2,2,2,1,1,1,1,1,1,1,2,1,1,,2,2,2,2,2,2,1,1,3,2,1,3,120,1,2,2,1,2,2,2,3,,,,,,,,,,,,,,,,,,,,,,,,,,,,,,,,1,120,1,1,120,2,,3,3,2,1,1,3,3,3,,2,2,2,,1,1,1,1,1,1,2
209704,2,54,3,3,2,4,2,1,1,1,2,1,2,1,1,1,2,1,2,2,1,1,1,2,3,1,1,2,1,2,2,1,2,2,2,2,2,2,1,1,3,1,1,3,5,2,1,2,2,2,2,2,1,,,,,,,,,,,,,,,,,,,,,,,,,,,,,,,,3,10,2,1,60,1,8,3,3,2,1,3,3,3,1,,1,2,2,,2,,1,1,9,2,2
209801,2,26,3,3,2,3,0,1,1,2,,2,2,1,1,2,6,1,2,2,2,1,1,1,1,1,1,1,2,2,2,2,2,2,2,2,2,2,2,1,,,,,,,,,,,,,,,,,,,,,,,,,,,,,,,,,,,,,,,,,,,,,,,,1,180,,,,,,,,,,,3,2,1,1,2,2,,1,1,1,2,2
209902,1,51,3,3,3,5,1,1,1,1,1,1,2,1,1,2,4,1,2,2,3,1,1,1,2,1,1,2,2,2,2,1,2,2,2,2,2,2,2,2,1,1,2,5,120,2,1,2,2,2,2,2,1,,,,,,,,,,,,,,,,,,,,,,,,,,,,,,,,,,,,,2,,2,1,2,1,2,3,1,3,,2,1,2,,1,2,1,2,2,2,2
210003,1,17,2,6,2,2,1,1,1,2,,2,2,1,1,2,5,1,1,2,1,1,1,1,2,1,1,1,2,2,2,1,2,2,2,2,2,2,2,1,1,2,1,5,15,1,1,2,2,2,2,2,3,,,,,,,,,,,,,,,,,,,,,,,,,,,,,,,,,,,1,20,2,,2,2,2,2,3,3,1,1,,2,2,2,,1,1,1,1,1,1,1
210104,2,40,7,4,2,2,1,1,1,1,2,1,2,1,1,1,3,1,2,2,1,1,1,1,1,1,1,1,2,2,2,1,2,1,2,1,1,,1,1,1,2,1,2,30,1,2,2,2,1,2,2,2,1,5,5,1,1,2,2,2,2,2,2,2,2,1,2,1,5,1,0,0,0,0,0,0,1,0,1,3,5,1,1,1,30,1,1,120,1,6,4,3,2,1,2,3,3,1,,1,2,2,,1,1,1,1,1,2,2
210201,2,47,8,5,1,4,1,1,1,1,1,1,2,1,1,2,1,1,2,2,1,1,1,1,1,1,1,1,2,1,1,,2,2,2,2,2,2,1,1,3,2,1,2,30,1,2,2,1,1,1,2,3,,,,,,,,,,,,,,,,,,,,,,,,,,,,,,,,2,30,1,1,120,2,,2,3,2,1,1,3,3,1,,2,1,2,,1,3,1,2,2,9,9
210302,2,65,7,3,1,3,3,1,1,1,2,1,2,1,1,2,2,1,2,2,2,4,1,2,1,1,1,1,1,1,1,,2,2,2,1,2,2,1,1,3,1,2,1,10,1,2,2,1,2,2,2,3,,,,,,,,,,,,,,1,2,7,15,1,1,1,0,0,0,0,1,0,1,,,,,1,10,1,1,10,2,,2,3,2,1,3,3,1,1,,2,1,1,2,1,2,1,2,1,1,2
210403,2,31,9,1,1,4,1,1,1,1,1,1,1,1,1,1,2,1,2,2,1,1,1,1,1,1,1,2,1,1,1,,2,1,1,,1,,2,1,14,1,1,1,180,1,1,1,1,1,1,2,1,20,2,20,1,2,1,1,1,2,1,1,1,2,1,2,4,15,1,1,1,0,0,0,1,1,0,1,1,60,1,2,,,,1,10,2,,3,3,1,1,1,3,3,1,,2,1,1,3,1,5,1,1,1,1,1
210504,1,25,8,5,1,3,1,1,2,1,1,1,1,1,1,2,1,1,2,2,2,1,1,1,1,1,1,1,2,1,1,,2,1,2,1,1,,2,1,33,1,2,2,180,2,2,1,2,2,2,2,1,4,5,20,1,1,1,2,2,2,1,1,1,2,1,1,1,20,1,1,0,1,0,0,0,1,0,1,5,240,1,2,,,,1,300,1,2,2,3,2,1,1,3,3,1,,1,1,1,2,1,3,1,1,1,1,1
210601,1,74,8,5,3,6,2,1,1,1,2,1,1,1,1,1,2,1,2,2,1,1,1,1,1,1,1,1,1,1,1,,2,1,1,,1,,2,1,1,2,1,4,30,1,2,2,1,2,2,2,3,1,4,20,1,1,2,2,2,2,2,2,2,2,2,1,3,30,1,0,1,0,0,1,0,0,0,3,2,20,2,1,,,,1,120,1,4,2,2,1,1,1,3,1,1,,2,1,1,2,1,1,1,1,1,1,1
210904,1,26,6,3,3,4,3,1,1,1,1,1,2,1,1,1,3,1,2,2,2,1,1,1,1,1,1,1,2,2,2,1,2,2,2,2,2,2,1,1,2,2,1,2,90,1,2,2,2,1,2,2,2,,,,,,,,,,,,,,,,,,,,,,,,,,,,,,,,2,30,1,1,180,2,,2,3,2,1,2,3,3,1,,2,1,1,2,1,1,1,1,2,2,1
211001,1,46,8,5,2,3,1,1,1,1,1,1,2,1,1,1,4,1,2,2,1,1,1,1,1,1,1,1,2,2,2,1,2,2,1,,2,2,1,1,3,2,1,3,60,2,1,1,2,2,2,1,2,,,,,,,,,,,,,,2,1,1,30,1,1,0,0,1,0,0,1,0,2,,,,,1,60,2,1,120,1,6,3,3,2,1,2,3,3,1,,1,1,2,,1,1,1,2,9,2,2
211102,1,24,99,9,2,3,1,1,1,2,,2,2,1,1,2,2,1,2,1,2,1,1,1,1,1,1,2,1,1,1,,1,,2,1,1,,1,1,2,1,2,3,20,1,2,1,2,2,2,2,1,2,4,10,1,2,2,2,2,2,2,1,2,2,1,2,2,5,1,0,0,0,0,0,0,1,0,1,5,5,1,2,1,15,1,1,15,2,,1,1,2,1,2,3,3,3,,2,2,1,1,2,,1,1,2,1,2
211203,1,41,2,6,3,4,1,1,1,2,,1,2,1,1,2,7,2,2,2,2,1,1,1,1,1,1,1,1,2,2,2,2,2,2,2,2,1,2,1,,,,,,,,,,,,,,,,,,,,,,,,,,,,,,,,,,,,,,,,,2,5,1,2,,,,1,60,2,,2,4,2,2,1,3,1,1,,2,2,2,,1,1,1,2,1,1,2
211304,2,26,10,2,1,3,2,1,1,1,1,1,2,1,1,1,2,1,2,2,2,1,1,1,2,1,1,1,2,1,2,1,1,,2,1,1,,2,1,10,1,1,2,60,2,1,1,2,1,1,2,1,2,5,60,1,2,1,2,1,2,1,1,2,2,1,2,1,60,1,0,0,0,0,0,0,0,1,1,3,60,1,2,,,,1,180,1,3,4,4,2,1,3,3,3,1,,1,1,2,,1,3,1,1,1,1,1
211401,2,58,10,2,3,4,2,1,1,1,1,1,2,1,1,1,1,1,2,2,1,1,1,1,1,1,1,1,2,1,1,,1,,1,,2,2,1,1,1,2,1,2,30,1,2,2,2,1,2,2,3,30,2,180,1,2,2,2,2,2,1,2,1,2,1,2,7,30,1,1,0,0,0,0,1,1,0,1,,,,,2,60,1,1,90,1,6,3,3,2,1,3,3,3,1,,2,1,1,3,1,2,1,2,2,2,2
211502,2,39,8,5,3,5,2,1,1,1,1,1,2,1,1,1,4,1,1,2,2,1,1,1,2,1,1,2,2,1,1,,1,,2,2,2,2,1,1,2,2,1,2,15,1,2,2,1,2,1,2,2,5,2,30,1,2,2,2,1,1,2,1,2,2,,,,,,,,,,,,,,,,,,,1,30,1,1,120,1,3,2,3,1,2,1,3,3,1,,1,2,2,,1,5,1,1,1,1,1
211603,1,28,3,3,2,3,1,1,1,1,1,2,1,1,1,1,3,1,2,2,1,1,1,1,2,1,3,2,2,1,2,2,2,1,2,2,2,2,1,1,,,,,,,,,,,,,,10,1,240,1,1,2,2,2,2,1,1,1,2,,,,,,,,,,,,,,,,,,,1,60,1,1,60,2,,1,1,2,2,3,1,1,3,,2,2,2,,1,2,1,1,1,1,1
211704,1,35,6,3,3,3,2,1,1,1,1,2,1,2,,,4,1,2,2,1,1,1,1,1,1,1,1,2,1,1,,1,,1,,1,,1,1,3,1,1,2,60,1,2,1,1,1,1,2,3,3,2,30,1,1,1,1,1,1,1,1,1,2,1,2,5,20,1,0,1,0,0,0,0,1,0,1,2,30,1,2,1,90,1,1,120,1,5,4,3,1,1,2,3,3,1,,2,2,2,,1,1,1,1,1,1,1
211801,2,78,2,6,1,1,1,1,1,2,,1,2,1,1,2,1,1,2,2,1,1,2,2,3,1,1,1,2,2,2,1,2,2,2,2,2,2,2,2,1,2,1,2,60,2,2,2,1,2,2,2,3,,,,,,,,,,,,,,,,,,,,,,,,,,,,,,,,,,,,,2,,1,1,2,2,1,3,1,1,,2,2,1,1,1,1,1,2,1,2,2
211902,2,74,2,2,3,3,1,1,1,2,,1,2,1,1,2,3,1,2,2,2,2,1,2,2,2,2,2,2,2,1,,2,2,2,2,2,2,2,2,2,2,1,1,60,1,2,2,1,2,2,2,2,,,,,,,,,,,,,,,,,,,,,,,,,,,,,,,,,,,,,2,,1,1,2,2,2,3,3,1,,2,1,1,2,2,,1,2,1,1,2
212003,1,23,7,3,3,6,1,1,1,1,1,2,1,1,1,1,4,1,2,2,1,1,1,1,1,1,1,1,2,2,2,1,1,,2,2,2,2,1,1,1,1,2,3,30,1,2,2,1,2,2,2,1,1,5,10,1,2,1,2,2,2,2,2,2,2,,,,,,,,,,,,,,,,,,,5,20,1,1,180,2,,4,3,2,1,3,3,2,1,,1,1,1,2,1,1,1,1,1,1,1
212104,2,54,3,3,2,3,1,1,1,1,1,2,2,1,1,2,2,1,2,2,2,1,1,1,1,1,1,1,2,1,2,2,2,2,2,2,2,2,1,1,,,,,,,,,,,,,,,,,,,,,,,,,,,,,,,,,,,,,,,,,,,,,1,60,2,1,120,1,8,1,4,2,1,3,3,3,1,,2,1,1,1,1,9,1,2,1,2,2
212403,2,70,8,5,1,3,2,1,1,1,1,1,2,1,1,1,2,1,2,2,1,1,1,1,1,1,1,1,2,1,2,2,1,,2,2,2,2,1,1,,,,,,,,,,,,,,3,1,60,2,2,2,2,2,2,1,2,2,2,,,,,,,,,,,,,,,,,,,1,60,1,1,60,2,,3,4,2,1,2,3,3,1,,2,2,2,,2,,1,1,1,1,1
212504,1,40,8,5,2,3,2,1,1,1,1,1,2,1,1,1,3,1,2,2,1,1,1,1,1,1,1,1,2,1,1,,2,2,2,2,2,2,2,1,8,2,1,1,60,2,2,2,2,1,2,2,4,,,,,,,,,,,,,,,,,,,,,,,,,,,,,,,,,,,1,60,2,,2,3,2,1,3,3,3,1,,1,1,1,2,1,5,1,1,1,1,1
212601,2,31,10,2,5,10,5,1,1,1,2,1,2,1,1,1,5,2,2,2,2,1,1,1,2,1,1,1,2,1,1,,2,1,2,1,2,2,1,1,2,2,1,3,180,1,2,2,1,2,2,2,2,8,4,180,2,2,2,2,2,2,1,2,2,2,1,2,2,15,1,0,0,0,0,0,0,1,0,3,,,,,2,30,1,5,20,2,,2,3,2,2,2,3,3,3,,2,2,2,,1,5,1,1,1,1,2
212702,1,64,8,4,3,4,2,1,1,1,1,1,2,1,1,1,4,1,1,2,1,1,1,1,1,1,1,1,2,1,1,,1,,1,,1,,1,1,2,2,1,2,60,2,2,1,2,1,2,2,3,4,3,40,1,2,1,2,2,2,2,2,2,2,2,1,7,15,1,1,1,0,0,0,1,0,0,3,5,20,2,1,5,20,1,5,5,1,5,1,1,2,1,3,3,1,1,,1,1,1,1,1,1,1,1,1,1,1
212803,2,55,8,4,2,3,1,1,1,1,1,1,2,1,1,1,2,1,2,2,3,3,4,4,2,2,2,2,2,1,1,,1,,2,2,2,1,1,1,3,2,1,1,15,1,2,1,1,1,2,2,4,5,1,10,1,1,1,1,1,1,2,2,2,2,,,,,,,,,,,,,,,3,15,1,2,1,45,1,1,5,1,3,2,3,2,1,1,3,3,1,,2,2,2,,2,,1,1,1,1,9
213001,2,48,3,3,3,4,2,1,1,1,1,1,1,1,1,1,4,1,2,2,1,1,1,1,1,1,1,1,2,1,1,,2,2,2,2,2,1,1,2,1,2,1,1,30,1,2,2,1,2,2,2,2,,,,,,,,,,,,,,,,,,,,,,,,,,,,2,120,1,2,1,60,2,,,1,8,2,3,2,1,1,3,3,1,,2,1,2,,1,2,1,1,1,1,1
213203,1,70,3,3,2,4,1,1,1,1,1,1,2,1,1,2,2,1,2,2,2,1,1,1,1,1,1,1,2,2,2,2,2,2,2,2,2,2,2,1,,,,,,,,,,,,,,,,,,,,,,,,,,,,,,,,,,,,,,,,,,,,,,,,1,30,,,,,,,,,,,3,2,2,2,,1,1,1,1,1,2,2
213304,2,13,2,6,1,1,1,2,2,2,,2,2,1,1,2,6,1,2,1,1,1,1,1,1,1,1,1,1,1,2,2,2,2,2,2,2,2,1,1,,,,,,,,,,,,,,,,,,,,,,,,,,,,,,,,,,,,,,,,,,,,,2,120,1,2,60,2,,1,1,2,2,2,3,1,1,,2,2,2,,2,,1,1,1,1,2
213401,2,70,2,4,2,4,2,1,1,2,,2,2,1,1,2,1,1,2,2,2,1,1,2,2,1,1,1,1,1,1,,1,,1,,2,2,1,1,1,2,1,2,30,1,1,2,1,2,2,2,3,2,2,60,1,2,2,2,1,1,2,1,2,2,2,1,4,30,1,0,0,0,0,1,0,0,0,1,,,,,1,30,1,1,60,1,8,1,3,2,2,2,3,3,1,,2,1,2,,1,1,1,2,1,1,9
213502,2,47,8,5,3,9,3,1,1,1,5,2,2,1,1,2,3,1,2,2,1,1,1,1,1,1,1,1,2,2,2,1,1,,2,2,2,2,1,1,1,2,1,3,120,1,2,2,2,1,2,2,2,2,4,10,1,2,2,2,1,2,2,2,2,2,,,,,,,,,,,,,,,,,,,1,120,1,1,180,1,3,3,2,2,1,1,3,3,1,,2,1,1,1,1,2,1,1,1,1,1
213603,1,68,3,3,1,4,1,1,1,1,1,2,2,1,1,2,1,1,2,2,2,1,1,3,1,2,1,1,2,1,1,,2,2,2,2,2,2,2,1,1,2,1,2,60,1,2,2,1,2,2,2,2,,,,,,,,,,,,,,,,,,,,,,,,,,,,,,,,,,,1,20,2,,1,3,2,1,2,3,3,1,,2,2,2,,1,1,1,1,1,1,1
213704,1,20,5,2,4,5,1,1,1,1,2,1,2,1,1,2,14,1,2,2,1,1,2,1,1,1,1,1,2,2,2,2,2,2,2,2,2,2,1,1,,,,,,,,,,,,,,,,,,,,,,,,,,,,,,,,,,,,,,,,,,,,,2,60,1,1,20,1,4,4,3,2,1,2,3,2,1,,1,2,1,2,1,1,1,1,1,1,1
213801,2,40,3,3,2,4,1,1,1,1,1,1,2,1,1,2,7,1,2,2,1,1,1,1,1,1,1,1,2,1,2,2,1,,2,2,2,2,2,1,,,,,,,,,,,,,,6,2,30,1,2,2,2,2,1,2,2,2,2,,,,,,,,,,,,,,,,,,,,,,1,60,1,8,2,3,2,1,1,3,3,2,,1,2,2,,2,,1,1,1,1,1
213902,2,43,2,3,1,1,0,1,1,2,,2,2,2,,,4,1,2,2,2,1,2,2,1,1,1,1,1,1,2,2,2,2,2,2,2,2,2,1,,,,,,,,,,,,,,,,,,,,,,,,,,,,,,,,,,,,,,,,,,,,,,,,2,10,,,,,,,,,,,6,1,2,2,,1,1,1,2,1,2,1
214003,1,23,6,2,1,1,1,1,1,2,,1,1,1,1,1,1,1,2,2,1,1,1,2,1,1,1,1,2,1,1,,1,,2,2,2,2,1,1,2,1,1,2,40,1,2,2,1,2,2,2,2,5,2,120,2,2,1,2,2,2,2,2,2,2,,,,,,,,,,,,,,,,,,,3,90,2,1,240,2,,2,2,2,1,3,3,3,1,,1,2,1,2,1,1,1,1,1,1,1
214104,1,55,8,5,2,3,1,1,1,1,1,1,2,1,1,1,4,1,2,2,2,1,1,1,1,1,1,1,1,1,1,,2,2,2,2,2,2,1,1,1,2,1,2,60,1,2,2,2,2,1,2,2,,,,,,,,,,,,,,,,,,,,,,,,,,,,,,,,1,60,1,1,120,2,,4,3,2,1,2,3,3,1,,2,1,2,,1,1,1,1,1,1,1
214201,1,51,2,6,3,4,1,1,1,1,1,2,2,2,,,4,1,2,2,1,1,1,1,2,1,1,1,1,1,1,,2,1,1,,2,1,2,1,3,2,1,2,20,1,1,2,1,2,2,2,2,2,2,10,1,1,1,2,2,2,2,2,2,2,2,1,1,15,2,1,0,0,0,0,0,0,0,2,5,10,2,1,,,,1,15,1,7,3,1,1,2,2,3,3,1,,2,1,2,,1,1,1,2,1,2,2
214302,2,34,6,3,1,3,1,1,1,2,,2,2,1,1,2,4,1,2,2,2,1,1,1,1,1,1,1,2,2,2,2,2,2,2,2,2,2,1,1,,,,,,,,,,,,,,,,,,,,,,,,,,,,,,,,,,,,,,,,,,,,,2,30,1,2,30,2,,4,2,2,1,3,3,3,1,,2,2,2,,2,,1,1,1,1,1
214403,1,12,2,6,2,4,1,1,1,1,1,2,2,2,,,5,1,1,2,1,1,1,1,1,1,1,1,1,1,1,,2,2,2,2,1,,2,1,5,2,1,1,30,2,1,1,1,2,2,2,2,,,,,,,,,,,,,,,,,,,,,,,,,,,,2,20,2,1,,,,1,300,2,,4,3,1,2,2,3,3,1,,2,2,2,,2,,1,1,1,1,2
214504,1,36,99,9,3,4,1,1,1,1,1,2,2,2,,,4,1,2,2,1,1,1,1,1,1,1,1,2,2,2,2,2,2,2,2,2,2,2,1,,,,,,,,,,,,,,,,,,,,,,,,,,,,,,,,,,,,,,,,,,,,,,,,1,120,,,,,,,,,,,3,2,1,1,2,1,1,1,2,1,1,1
214702,2,52,3,3,3,4,1,1,1,1,1,1,2,1,1,2,4,1,2,2,3,1,1,1,1,1,1,1,2,1,2,1,1,,2,2,2,2,2,2,3,2,1,5,30,2,2,2,2,2,2,1,4,1,5,30,1,2,2,2,2,1,2,2,2,2,,,,,,,,,,,,,,,,,,,,,,,,1,6,1,1,2,2,3,3,1,1,,2,1,1,2,1,1,1,2,1,2,2
214904,2,42,8,2,2,3,1,1,2,2,,2,2,2,,,3,1,2,2,2,1,1,1,1,1,1,1,2,1,1,,2,1,2,2,2,2,1,1,2,2,1,1,90,1,2,2,1,2,2,2,2,3,5,15,1,2,2,2,1,2,2,2,2,2,,,,,,,,,,,,,,,,,,,5,15,1,2,15,1,3,2,3,2,1,1,3,3,1,,1,2,2,,1,1,1,1,1,1,1
215001,2,72,0,,2,3,0,1,2,2,,2,2,2,,,1,1,2,2,2,2,1,3,3,1,1,2,1,,,,,,,,,,,,,,,,,,,,,,,,,,,,,,,,,,,,,,,,,,,,,,,,,,,,,,,,,,,,,,,,,,,,,,,,,,,,,,,,,,
215102,1,78,2,3,5,6,1,1,1,1,1,2,2,1,1,2,2,1,2,2,4,1,4,4,4,1,1,1,2,1,2,2,2,2,2,2,2,2,2,2,,,,,,,,,,,,,,,,,,,,,,,,,,,,,,,,,,,,,,,,,,,,,,,,,,,,,,,,,,,,6,2,2,2,,2,,1,2,1,1,1
215203,2,77,2,3,1,4,0,1,1,2,,2,2,2,,,1,1,2,2,2,1,1,2,2,1,1,2,2,1,2,2,2,2,2,2,1,,2,2,,,,,,,,,,,,,,,,,,,,,,,,,,,,,,,,,,,,,,,,,5,30,2,1,,,,,,2,,1,2,2,2,1,3,1,1,,2,2,2,,1,1,1,2,2,2,2
215304,2,62,0,,1,3,1,1,1,1,4,2,2,1,1,2,2,1,2,2,4,1,1,2,1,1,1,1,2,,,,,,,,,,,,,,,,,,,,,,,,,,,,,,,,,,,,,,,,,,,,,,,,,,,,,,,,,,,,,,,,,,,,,,,,,,,,,,,,,,
215401,1,88,0,,2,4,1,1,1,1,1,2,2,1,1,2,2,1,2,2,1,2,1,1,2,1,1,1,2,,,,,,,,,,,,,,,,,,,,,,,,,,,,,,,,,,,,,,,,,,,,,,,,,,,,,,,,,,,,,,,,,,,,,,,,,,,,,,,,,,
215502,2,49,3,3,1,2,1,1,2,2,,2,2,2,,,2,1,2,2,2,1,1,1,1,1,1,1,1,2,2,2,2,2,2,2,2,2,2,2,,,,,,,,,,,,,,,,,,,,,,,,,,,,,,,,,,,,,,,,,,,,,,,,,,,,,,,,,,,,4,2,2,2,,2,,1,2,1,9,2
215603,2,16,6,2,3,5,1,1,1,1,1,2,2,2,,,5,1,2,2,2,1,1,1,2,1,1,2,2,2,2,1,2,2,2,2,1,,2,1,1,2,1,2,20,1,2,2,1,2,2,2,2,,,,,,,,,,,,,,,,,,,,,,,,,,,,4,60,1,2,,,,2,1,2,,2,3,2,1,3,3,1,1,,2,1,2,,1,1,1,1,1,1,1
215704,2,72,2,3,1,3,1,1,2,2,,2,2,1,1,2,2,1,2,2,1,1,1,1,1,1,1,1,2,2,2,2,2,2,2,2,2,2,2,2,,,,,,,,,,,,,,,,,,,,,,,,,,,,,,,,,,,,,,,,,,,,,,,,,,,,,,,,,,,,6,2,2,2,,2,,1,1,1,1,1
215801,1,50,2,6,2,4,1,1,1,1,1,2,2,2,,,8,1,2,2,1,1,1,1,1,1,1,1,1,2,2,2,2,2,2,2,2,2,2,1,,,,,,,,,,,,,,,,,,,,,,,,,,,,,,,,,,,,,,,,,,,,,,,,1,15,,,,,,,,,,,3,2,2,2,,1,9,1,2,1,2,2
215902,1,13,2,5,2,3,1,1,1,2,,2,2,2,,,2,1,2,2,1,1,1,1,2,1,1,1,2,2,2,1,2,2,2,2,2,1,1,1,17,2,1,2,60,1,1,2,2,2,2,2,2,,,,,,,,,,,,,,,,,,,,,,,,,,,,2,60,2,1,2,24,1,2,30,1,5,1,2,2,2,1,3,3,1,,2,2,2,,2,,1,1,1,1,2
216003,1,74,2,6,3,4,1,1,1,1,1,2,2,1,1,2,5,1,2,2,4,2,1,1,3,1,2,1,1,2,2,2,2,2,2,2,2,2,2,2,,,,,,,,,,,,,,,,,,,,,,,,,,,,,,,,,,,,,,,,,,,,,,,,,,,,,,,,,,,,6,2,1,1,2,1,1,1,2,2,2,2
216104,2,71,2,3,3,5,1,1,1,1,1,2,2,2,,,2,1,2,2,2,1,1,1,2,1,1,1,2,,,,,,,,,,,,,,,,,,,,,,,,,,,,,,,,,,,,,,,,,,,,,,,,,,,,,,,,,,,,,,,,,,,,,,,,,,,,,,,,,,
216201,1,17,2,6,2,2,0,1,1,2,,2,2,1,1,1,4,1,2,2,1,1,1,1,2,1,1,1,2,2,2,2,2,2,2,2,1,,2,1,,,,,,,,,,,,,,,,,,,,,,,,,,,,,,,,,,,,,,,,,4,20,2,1,,,,2,20,2,,3,3,2,1,3,3,2,1,,2,2,2,,2,,1,1,1,2,2
216302,1,75,2,2,1,3,0,1,1,2,,2,2,2,,,2,1,2,2,3,2,1,3,3,1,1,2,2,2,2,2,2,2,2,1,2,2,2,2,,,,,,,,,,,,,,,,,,,,,,,,,,,2,1,1,15,1,1,1,0,1,0,0,0,0,2,,,,,,,,,,2,,1,1,2,2,3,3,1,2,,2,2,2,,2,,1,2,2,2,2
216803,1,36,6,3,1,3,1,1,1,1,1,2,2,1,1,2,1,1,2,2,2,1,1,1,1,1,1,1,1,2,2,2,1,,1,,2,2,1,1,,,,,,,,,,,,,,1,2,120,2,2,2,2,2,1,2,2,2,2,1,2,3,60,2,0,0,0,0,0,1,0,0,1,,,,,2,120,2,1,120,2,,2,3,2,1,2,3,3,1,,1,1,1,2,1,2,1,1,1,1,1
217102,1,38,8,3,1,2,0,1,2,2,,2,2,1,1,2,2,1,1,2,1,1,1,1,2,1,1,1,2,1,1,,2,1,2,2,1,,1,1,1,1,2,2,30,1,2,2,2,1,2,2,3,2,4,30,1,1,2,2,1,2,2,2,2,2,,,,,,,,,,,,,,,5,5,2,1,1,60,2,1,120,1,5,2,2,2,1,2,3,3,1,,2,1,2,,2,,1,1,1,1,2
217203,2,69,2,6,2,5,1,1,1,2,,2,2,1,1,2,1,1,2,2,3,1,1,2,3,1,1,2,2,2,2,2,2,2,2,2,2,2,2,2,,,,,,,,,,,,,,,,,,,,,,,,,,,,,,,,,,,,,,,,,,,,,,,,,,,,,,,,,,,,6,2,2,2,,2,,1,1,1,2,2
217304,2,74,2,4,1,3,0,1,2,2,,1,2,1,1,2,3,1,2,2,1,1,1,1,1,1,1,1,1,1,2,2,2,1,2,2,2,2,2,2,,,,,,,,,,,,,,1,2,15,1,2,2,2,2,2,2,2,1,2,,,,,,,,,,,,,,,,,,,,,,,,2,,1,4,2,2,2,3,3,1,,2,1,1,1,2,,1,1,9,2,2
217401,1,72,2,2,2,4,1,1,2,1,1,2,2,2,,,5,2,2,1,3,2,2,2,2,1,2,2,1,1,2,2,2,2,2,2,2,2,2,2,,,,,,,,,,,,,,,,,,,,,,,,,,,,,,,,,,,,,,,,,,,,,,,,,,,,,,,,,,,,9,2,1,1,2,1,1,1,9,9,9,9
217502,2,54,0,,3,6,2,1,1,1,1,2,2,1,1,2,5,1,2,1,2,1,1,1,2,1,1,1,1,,,,,,,,,,,,,,,,,,,,,,,,,,,,,,,,,,,,,,,,,,,,,,,,,,,,,,,,,,,,,,,,,,,,,,,,,,,,,,,,,,
217603,2,13,3,1,1,2,1,1,2,2,,2,2,1,2,1,5,1,2,2,1,1,1,1,1,1,1,1,1,1,1,,2,2,2,2,1,,2,1,6,2,1,2,120,1,2,1,2,1,1,2,3,,,,,,,,,,,,,,,,,,,,,,,,,,,,1,60,1,2,,,,2,60,2,,2,3,2,1,1,3,3,1,,2,1,2,,1,1,1,2,2,1,1
217704,1,36,6,3,3,6,1,1,1,1,1,2,2,2,,,4,1,2,2,1,1,1,1,1,1,1,1,1,1,1,,2,2,1,,2,1,2,2,3,1,1,2,120,1,2,1,1,1,2,2,2,,,,,,,,,,,,,,1,2,1,30,2,1,0,0,0,0,0,1,0,1,5,45,2,1,,,,,,2,,2,3,1,2,2,3,3,1,,2,2,2,,2,,1,2,2,2,1
217801,1,16,6,1,2,5,1,1,1,1,1,2,2,1,1,2,4,1,1,2,1,1,1,1,1,1,1,1,2,1,1,,2,2,2,2,2,2,1,1,2,1,1,2,30,1,2,2,2,1,2,2,2,,,,,,,,,,,,,,,,,,,,,,,,,,,,,,,,2,10,1,1,120,2,,3,4,2,1,3,3,3,1,,2,1,2,,1,1,1,1,1,1,1
217902,1,26,6,3,3,4,2,1,2,2,,2,2,1,1,2,4,1,2,2,2,2,1,1,1,1,1,1,2,1,1,,2,2,2,2,2,2,1,1,2,2,1,2,60,2,2,2,1,2,2,2,3,,,,,,,,,,,,,,,,,,,,,,,,,,,,,,,,3,30,2,1,180,2,,1,1,2,1,2,3,1,3,,2,2,2,,2,,1,1,1,2,2
218003,1,15,3,3,2,3,1,1,1,2,,2,2,1,1,2,5,1,2,2,1,1,1,1,1,1,1,1,2,1,2,2,2,2,2,2,2,2,1,1,,,,,,,,,,,,,,,,,,,,,,,,,,,,,,,,,,,,,,,,,,,,,2,60,1,2,90,2,,3,3,2,1,2,3,3,3,,2,2,2,,2,,1,1,1,1,1
218104,2,55,2,6,4,5,0,2,1,2,,2,2,2,,,6,1,2,2,2,1,1,2,2,1,1,1,1,1,2,2,2,2,2,2,2,2,1,1,,,,,,,,,,,,,,,,,,,,,,,,,,,,,,,,,,,,,,,,,,,,,2,60,1,1,120,2,,2,3,2,1,1,3,3,1,,2,2,2,,1,1,1,1,1,1,1
218201,1,44,6,3,1,2,1,1,2,2,,1,2,1,1,1,2,1,2,2,1,1,1,1,1,1,1,1,1,2,2,1,2,2,1,,2,2,2,1,1,2,1,2,15,2,1,2,2,2,2,2,1,,,,,,,,,,,,,,2,1,1,15,1,1,1,0,0,0,0,0,0,2,,,,,,,,1,60,2,,2,3,2,1,3,3,3,1,,2,1,2,,1,1,1,1,1,1,1
218302,2,47,3,3,4,8,1,1,1,1,1,2,2,1,1,2,1,1,2,2,2,2,2,2,2,2,1,2,2,1,2,2,1,,2,2,2,2,1,1,,,,,,,,,,,,,,1,2,20,1,2,2,2,2,2,2,2,1,2,,,,,,,,,,,,,,,,,,,2,30,1,1,25,2,,2,1,2,1,1,3,3,1,,2,1,2,,2,,1,1,1,1,1
218403,2,51,3,3,3,4,2,1,1,2,,2,2,1,1,2,4,1,2,2,1,1,1,1,1,1,1,1,2,2,2,2,2,2,2,2,2,2,1,1,,,,,,,,,,,,,,,,,,,,,,,,,,,,,,,,,,,,,,,,,,,,,1,35,1,1,40,2,,3,4,2,2,2,3,3,3,,2,2,2,,2,,1,1,1,1,2
218504,2,40,6,3,2,2,0,2,1,2,,2,2,1,1,2,3,1,2,2,2,1,1,1,2,1,1,1,2,1,1,,2,2,2,2,2,2,1,2,1,2,1,2,30,1,2,2,1,2,2,2,2,,,,,,,,,,,,,,,,,,,,,,,,,,,,,,,,1,40,2,,,2,,2,2,2,2,3,3,1,1,,1,2,2,,2,,1,1,1,1,1
218601,1,28,6,3,1,3,1,1,1,1,1,2,2,1,1,1,1,1,2,2,1,1,1,1,1,1,1,1,2,2,2,2,2,2,1,,2,2,2,1,,,,,,,,,,,,,,,,,,,,,,,,,,,1,2,2,30,1,0,0,0,0,1,0,0,0,1,,,,,,,,1,40,1,7,4,4,2,2,2,3,3,3,,2,2,2,,2,,1,9,9,1,9
218702,1,28,8,5,1,3,0,2,2,2,,1,2,1,1,2,4,1,2,2,1,1,1,1,1,1,1,1,2,1,1,,2,2,1,,2,2,1,1,4,2,1,1,30,2,2,1,2,1,2,2,3,,,,,,,,,,,,,,2,1,1,20,1,1,0,0,0,0,1,0,0,3,,,,,1,30,2,1,120,2,,3,4,1,2,2,3,3,1,,2,1,1,1,1,3,1,1,1,2,2
218803,2,24,8,5,3,4,1,1,1,2,,1,2,1,1,2,8,1,2,2,1,1,1,1,2,1,1,2,2,1,1,,2,2,2,2,2,2,1,1,2,2,1,2,60,1,2,2,2,1,2,2,3,,,,,,,,,,,,,,,,,,,,,,,,,,,,,,,,2,30,1,1,120,1,8,2,3,2,1,1,3,3,3,,2,1,1,2,1,1,1,1,1,1,2
218904,2,21,6,3,1,1,1,2,1,2,,2,2,1,1,2,4,1,2,2,1,1,1,1,2,1,1,1,2,1,1,,2,2,2,2,2,2,1,1,2,2,1,2,20,1,2,2,1,2,1,2,3,,,,,,,,,,,,,,,,,,,,,,,,,,,,,,,,2,15,1,1,120,2,,2,3,2,1,3,3,3,1,,1,1,1,2,1,2,1,9,1,1,1
219001,2,28,8,1,2,4,1,1,1,2,,1,2,1,1,1,2,1,2,2,2,1,1,2,1,1,1,1,2,1,2,1,2,2,2,2,2,2,1,1,15,1,1,1,120,2,1,2,2,2,2,2,1,,,,,,,,,,,,,,,,,,,,,,,,,,,,,,,,1,90,2,1,180,2,,4,4,2,1,1,3,3,1,,2,1,1,2,1,1,1,2,1,1,2
219102,1,45,6,3,2,2,0,2,2,2,,1,2,1,1,2,3,1,2,2,3,2,1,2,2,1,1,2,2,1,2,2,1,,2,2,2,2,1,1,,,,,,,,,,,,,,5,2,60,1,2,2,2,2,2,2,2,1,2,,,,,,,,,,,,,,,,,,,2,15,2,1,60,2,,2,3,2,1,3,3,3,3,,1,2,2,,2,,1,1,1,1,1
219203,1,18,3,3,2,2,1,1,2,2,,2,2,1,2,2,4,1,2,2,2,2,2,1,1,1,1,1,1,1,1,,2,2,2,2,1,,1,1,3,1,2,2,40,1,2,2,1,2,2,2,1,,,,,,,,,,,,,,,,,,,,,,,,,,,,1,60,2,1,1,120,1,1,60,2,,1,3,2,1,3,3,1,1,,1,1,1,1,1,1,1,1,1,1,1
219304,1,51,3,3,1,2,1,2,2,2,,2,2,1,2,2,1,1,2,2,3,1,1,1,1,1,1,1,1,2,2,2,2,2,2,2,2,2,2,2,,,,,,,,,,,,,,,,,,,,,,,,,,,,,,,,,,,,,,,,,,,,,,,,,,,,,,,,,,,,6,2,2,2,,2,,1,9,9,9,9
219401,2,19,6,1,2,3,1,1,1,2,,1,2,1,2,2,4,1,2,2,2,1,1,1,2,1,1,1,2,1,1,,2,2,2,2,2,2,2,1,2,2,1,2,180,1,2,2,2,1,2,2,2,,,,,,,,,,,,,,,,,,,,,,,,,,,,,,,,,,,1,180,1,5,2,3,1,1,2,3,3,1,,2,1,2,,1,1,1,1,1,1,1
219502,2,25,8,4,2,3,1,1,1,2,,1,1,1,1,2,6,1,2,2,1,1,1,1,2,1,1,1,2,2,2,2,1,,2,1,2,2,2,1,,,,,,,,,,,,,,3,4,10,1,2,2,2,2,2,2,1,2,2,1,2,1,5,1,0,0,0,0,1,0,0,0,1,,,,,,,,1,240,2,,2,2,2,1,3,3,1,1,,1,1,1,2,1,1,1,1,1,1,1
219603,1,40,6,3,2,3,1,1,1,1,1,1,1,1,2,2,3,1,2,2,1,1,1,1,1,1,1,1,2,2,2,2,2,2,2,1,2,2,1,1,,,,,,,,,,,,,,,,,,,,,,,,,,,1,2,5,15,2,1,0,0,0,0,0,1,0,1,,,,,1,30,1,1,60,2,,2,3,2,1,2,3,3,1,,2,1,2,,1,1,1,2,9,2,2
219704,1,14,3,1,2,3,1,1,1,2,,2,2,1,1,2,4,1,1,1,1,1,1,1,2,1,1,1,2,1,1,,1,,1,,2,2,2,1,17,1,1,2,30,1,2,1,1,2,2,2,3,1,2,30,2,2,1,2,2,2,2,2,2,2,2,1,3,30,2,1,0,0,0,0,0,0,0,3,,,,,,,,2,60,2,,2,3,2,1,2,3,3,1,,2,1,1,2,1,1,1,1,1,1,2
219801,2,81,0,,1,2,1,1,2,2,,2,2,1,1,2,2,1,2,2,3,3,2,3,1,4,1,1,2,,,,,,,,,,,,,,,,,,,,,,,,,,,,,,,,,,,,,,,,,,,,,,,,,,,,,,,,,,,,,,,,,,,,,,,,,,,,,,,,,,
219902,2,64,0,,3,5,1,1,2,2,,1,2,1,1,1,3,1,2,2,1,1,1,1,1,1,1,1,1,1,1,,2,2,2,2,2,2,2,1,1,2,1,2,45,2,2,2,1,2,2,2,2,,,,,,,,,,,,,,,,,,,,,,,,,,,,,,,,,,,1,10,2,,1,1,2,2,1,3,3,1,,2,2,2,,2,,2,,,,
220003,1,23,8,2,3,5,2,1,1,2,,1,2,1,1,1,4,1,2,2,1,1,1,1,1,1,1,1,2,1,1,,2,2,2,1,1,,1,1,3,2,1,2,60,1,2,2,2,1,1,2,4,,,,,,,,,,,,,,1,2,1,60,2,0,0,0,0,0,0,1,0,2,2,30,1,2,1,180,1,1,120,1,5,2,3,2,1,3,3,3,1,,1,2,1,2,1,1,1,1,2,1,1
220104,2,68,2,2,3,5,1,1,1,2,,2,2,1,1,2,2,1,2,2,1,3,1,1,3,1,1,1,2,2,2,2,2,2,2,2,2,2,2,1,,,,,,,,,,,,,,,,,,,,,,,,,,,,,,,,,,,,,,,,,,,,,,,,1,60,,,,,,,,,,,4,2,2,2,,2,,1,2,1,1,2
220201,1,38,8,4,1,3,1,1,1,1,1,1,2,1,1,2,1,1,2,2,1,1,1,1,1,1,1,1,2,1,1,,2,2,2,2,2,2,1,1,6,2,1,2,30,1,2,2,1,2,2,2,3,,,,,,,,,,,,,,,,,,,,,,,,,,,,,,,,1,30,1,1,120,2,,2,1,1,2,3,3,3,1,,1,1,1,1,1,1,1,1,1,1,2
220403,1,57,6,1,2,2,1,1,1,2,,1,2,1,1,1,1,1,2,2,1,1,1,1,1,1,1,1,2,1,1,,2,2,2,2,2,2,2,1,2,2,1,1,60,1,2,1,2,2,2,2,3,,,,,,,,,,,,,,,,,,,,,,,,,,,,,,,,,,,1,60,2,,4,3,2,1,3,3,3,1,,2,1,1,1,1,2,1,2,1,1,1
220504,1,41,8,4,4,10,5,1,1,1,3,1,2,1,1,1,3,1,2,2,1,1,1,1,1,1,1,1,2,1,1,,2,2,1,,2,2,1,1,3,1,2,2,60,1,2,1,2,2,1,2,1,,,,,,,,,,,,,,1,2,7,120,1,1,0,0,0,0,0,1,1,1,,,,,2,60,1,1,120,2,,4,4,2,1,1,3,3,1,,2,1,2,,1,1,1,1,1,1,1
220601,1,56,6,3,3,5,1,1,1,1,1,1,2,1,1,1,5,1,2,2,2,2,2,2,2,1,1,1,2,2,2,2,2,2,2,2,2,2,2,1,,,,,,,,,,,,,,,,,,,,,,,,,,,,,,,,,,,,,,,,,,,,,,,,1,60,,,,,,,,,,,4,2,2,2,,2,,1,1,1,1,1
220702,2,16,3,3,3,4,1,1,1,1,1,1,1,1,1,1,6,1,2,2,2,1,1,1,2,1,1,1,2,2,2,2,2,2,2,2,2,2,2,1,,,,,,,,,,,,,,,,,,,,,,,,,,,,,,,,,,,,,,,,,,,,,,,,1,60,,,,,,,,,,,1,2,2,2,,1,1,1,1,1,1,2
220803,1,15,3,3,2,3,0,1,1,2,,2,2,1,1,2,3,1,2,2,2,1,1,1,2,1,1,1,2,2,2,1,2,2,2,2,2,1,1,1,5,2,1,2,60,2,2,1,2,1,1,2,2,,,,,,,,,,,,,,,,,,,,,,,,,,,,5,30,2,1,2,20,2,1,60,2,,2,3,2,1,1,3,3,1,,1,2,1,2,1,1,1,1,1,1,1
220904,2,34,6,3,6,8,0,1,1,2,,1,1,1,1,1,12,1,2,2,1,1,1,1,1,1,1,1,2,1,2,2,2,2,2,2,2,2,2,1,,,,,,,,,,,,,,,,,,,,,,,,,,,,,,,,,,,,,,,,,,,,,,,,2,60,,,,,,,,,,,4,1,2,1,1,1,1,1,1,1,1,1
221001,1,19,8,2,4,12,2,1,1,1,2,1,2,1,1,1,5,2,2,2,3,2,1,1,2,1,1,1,2,1,1,,2,1,1,,1,,1,1,8,2,1,2,120,1,1,1,2,1,1,2,4,1,5,60,2,2,1,2,2,2,2,2,2,2,2,1,1,30,1,0,1,0,0,0,0,0,0,3,1,60,1,1,2,30,1,1,180,2,,3,3,1,1,2,3,3,1,,1,1,1,1,1,5,1,2,1,2,2
221102,1,32,8,5,3,6,1,1,1,1,1,2,2,1,1,2,6,1,2,2,3,1,1,1,2,1,2,1,2,1,1,,2,2,2,1,2,1,1,1,3,2,1,1,60,1,2,2,1,1,1,2,4,,,,,,,,,,,,,,1,2,1,20,1,1,0,0,0,0,0,0,0,2,4,20,1,2,1,30,1,1,120,2,,2,3,2,1,1,3,3,1,,1,1,2,,1,1,1,1,1,1,9
221203,1,44,3,3,4,7,1,1,1,1,2,1,2,1,1,1,5,1,2,2,1,1,1,1,1,1,1,1,1,2,2,2,2,2,2,2,2,2,1,1,,,,,,,,,,,,,,,,,,,,,,,,,,,,,,,,,,,,,,,,,,,,,2,30,1,1,180,2,,1,3,2,1,2,3,3,1,,2,2,2,,1,1,1,1,1,1,1
221304,2,78,3,3,3,5,1,1,2,1,1,1,2,1,1,2,4,1,2,2,3,2,1,4,2,1,1,1,2,2,2,1,2,2,2,2,2,2,2,2,1,2,1,1,20,1,2,2,1,2,2,2,3,,,,,,,,,,,,,,,,,,,,,,,,,,,,,,,,,,,,,2,,1,1,1,2,3,3,1,1,,2,2,2,,2,,1,2,2,2,2
221401,1,12,2,6,2,4,1,1,1,1,1,1,1,1,1,1,4,1,1,2,2,1,1,1,3,1,1,1,2,2,2,2,2,2,2,2,2,2,2,1,,,,,,,,,,,,,,,,,,,,,,,,,,,,,,,,,,,,,,,,,,,,,,,,1,120,,,,,,,,,,,2,2,1,1,2,1,1,1,1,1,1,1
221502,1,45,8,4,2,2,1,1,1,1,1,1,2,1,1,1,1,1,2,2,1,1,1,1,1,1,1,1,2,1,1,,1,,2,2,2,2,1,1,2,2,1,2,30,1,2,2,2,1,2,2,3,3,4,10,1,2,1,2,2,2,2,2,1,2,,,,,,,,,,,,,,,,,,,2,15,1,1,60,1,5,3,3,1,1,3,3,3,1,,2,1,1,1,1,3,1,2,1,2,2
221704,2,31,8,4,3,5,1,1,2,2,,1,2,1,1,2,3,1,2,2,1,1,1,1,1,1,1,1,2,1,1,,2,1,2,2,2,2,1,1,4,1,2,2,120,1,2,1,2,1,1,2,1,3,4,30,2,2,1,2,2,2,2,1,2,2,,,,,,,,,,,,,,,,,,,2,15,1,1,280,1,5,3,4,2,1,3,3,3,1,,1,1,1,2,1,1,1,1,1,1,1
221801,1,23,8,4,1,2,1,1,2,2,,1,1,1,1,1,1,1,2,2,3,1,1,1,2,1,1,1,2,2,2,1,2,2,2,2,2,2,1,1,1,2,1,5,240,1,2,2,2,1,2,2,3,,,,,,,,,,,,,,,,,,,,,,,,,,,,,,,,1,60,1,1,120,2,,2,3,2,1,2,3,3,1,,2,2,2,,1,1,1,1,1,1,1
222104,1,76,9,4,3,8,4,1,1,1,2,1,2,1,1,1,4,1,2,2,1,2,1,4,2,1,1,1,2,2,2,1,1,,2,2,2,2,2,2,25,2,1,2,15,2,2,2,2,2,1,2,3,3,3,15,2,2,1,2,1,2,2,2,2,2,,,,,,,,,,,,,,,,,,,,,,,,2,,1,2,2,2,3,3,1,1,,2,2,2,,1,2,1,1,1,1,2
222201,1,37,8,5,1,4,3,1,1,1,2,1,1,1,1,1,2,1,2,2,1,1,1,1,1,1,1,1,2,2,2,2,2,2,2,2,1,,1,1,,,,,,,,,,,,,,,,,,,,,,,,,,,,,,,,,,,,,,,,,3,30,2,1,1,120,2,1,120,1,6,2,3,2,1,2,3,1,3,,2,1,1,2,1,2,1,2,1,2,2
222302,2,32,6,3,3,5,2,1,1,1,1,1,2,1,1,1,4,1,2,2,2,1,1,1,1,1,1,1,2,2,1,,2,2,2,2,2,2,2,2,1,2,1,2,20,1,2,2,2,1,2,2,3,,,,,,,,,,,,,,,,,,,,,,,,,,,,,,,,,,,,,2,,3,3,2,1,2,3,3,3,,1,1,1,2,1,1,1,1,1,1,1
222504,2,43,8,5,1,8,3,1,1,1,2,1,2,1,1,1,2,1,2,2,1,1,1,1,1,1,1,1,2,1,1,,2,2,2,2,1,,2,1,1,2,1,3,60,1,2,2,1,2,2,2,3,,,,,,,,,,,,,,,,,,,,,,,,,,,,3,30,1,2,,,,1,120,1,5,2,3,2,1,3,3,3,1,,1,1,2,,1,2,1,9,9,9,1
222601,2,67,0,,2,3,0,1,1,2,,2,2,2,,,4,1,2,2,1,1,1,1,3,2,1,1,1,,,,,,,,,,,,,,,,,,,,,,,,,,,,,,,,,,,,,,,,,,,,,,,,,,,,,,,,,,,,,,,,,,,,,,,,,,,,,,,,,,
222702,2,71,2,4,2,5,1,1,1,1,1,1,1,1,1,2,2,1,2,2,1,1,2,2,4,1,1,1,1,1,1,,2,2,2,2,2,2,2,1,1,2,1,3,30,1,2,2,1,2,2,2,2,,,,,,,,,,,,,,,,,,,,,,,,,,,,,,,,,,,1,30,2,,3,1,1,1,2,3,3,1,,2,1,1,1,1,1,1,2,1,1,2
222803,2,28,8,2,1,2,0,1,1,2,,1,2,1,1,1,2,1,2,2,2,1,1,1,1,1,1,1,2,1,2,1,2,2,2,2,2,2,1,1,6,1,2,1,20,2,2,1,2,2,2,2,1,,,,,,,,,,,,,,,,,,,,,,,,,,,,,,,,2,15,1,1,40,1,8,3,4,2,1,1,3,3,1,,1,1,1,2,1,2,1,1,1,1,2
223001,2,79,2,3,1,3,0,1,2,2,,2,2,2,,,1,1,2,2,2,2,2,3,2,2,1,1,2,2,1,,2,2,2,2,2,2,2,2,2,2,1,1,30,1,2,2,1,2,2,2,2,,,,,,,,,,,,,,,,,,,,,,,,,,,,,,,,,,,,,2,,2,2,2,2,2,3,3,1,,2,2,2,,2,,1,9,9,2,2
223102,1,28,8,5,5,8,1,1,1,1,1,1,1,1,1,1,5,1,2,2,2,1,1,1,1,1,1,1,2,2,2,1,1,,2,2,1,,1,1,4,1,2,1,120,1,2,1,2,2,2,2,1,1,3,360,1,1,2,2,2,2,2,2,2,2,,,,,,,,,,,,,,,2,20,1,2,1,120,2,1,180,1,5,4,3,2,1,1,3,3,3,,1,1,2,,1,3,1,1,1,2,1
223203,1,13,3,1,2,4,1,1,1,2,,2,2,1,1,2,4,1,2,2,1,1,1,1,2,1,1,1,2,1,1,,1,,2,2,1,,1,1,3,2,1,3,30,1,2,2,2,1,2,2,2,1,3,20,1,2,1,2,2,2,2,2,2,2,,,,,,,,,,,,,,,4,15,2,1,1,120,1,1,180,2,,3,2,2,1,1,3,3,3,,2,2,1,2,2,,1,2,2,2,2
223304,2,56,3,3,1,2,1,1,1,2,,2,2,1,1,1,2,1,2,2,1,1,1,1,1,1,1,1,2,2,2,2,2,2,2,2,2,2,1,1,,,,,,,,,,,,,,,,,,,,,,,,,,,,,,,,,,,,,,,,,,,,,1,25,1,1,40,2,,2,3,2,2,2,3,3,1,,2,2,2,,2,,1,1,1,1,2
223401,2,65,8,4,2,6,2,1,1,2,,1,2,1,1,2,1,1,2,2,1,1,1,1,1,1,1,1,2,1,1,,1,,1,,1,,1,1,4,2,1,2,120,1,1,1,1,1,1,2,3,3,2,30,1,2,2,1,2,2,2,1,2,2,1,2,2,20,1,1,1,1,1,0,0,1,0,1,3,10,1,1,3,30,1,1,90,2,,3,3,1,1,2,3,3,1,,2,1,1,2,1,1,1,1,1,1,1
223502,1,45,6,3,2,4,1,1,1,2,,1,1,1,1,1,4,1,2,1,1,1,1,1,1,1,1,1,2,2,2,1,2,2,2,1,2,2,1,1,8,1,2,2,20,2,2,2,2,2,2,1,1,,,,,,,,,,,,,,1,2,2,20,1,0,0,1,1,0,0,0,0,1,,,,,2,30,1,1,60,2,,3,3,2,1,2,3,3,1,,1,1,2,,2,,1,1,1,1,1
223603,2,20,8,1,2,4,1,1,1,2,,1,2,1,1,1,6,1,2,2,1,1,1,1,2,1,1,1,2,2,2,1,2,2,2,2,2,2,1,1,2,2,1,4,90,2,2,1,2,2,2,2,2,,,,,,,,,,,,,,,,,,,,,,,,,,,,,,,,2,30,2,1,120,2,,2,2,1,1,3,3,3,3,,2,2,1,2,1,1,1,1,1,1,2
223704,1,60,3,3,3,5,2,1,1,1,1,1,2,1,1,1,5,1,2,2,1,1,1,1,1,1,1,1,2,2,2,2,2,2,2,2,2,2,2,1,,,,,,,,,,,,,,,,,,,,,,,,,,,,,,,,,,,,,,,,,,,,,,,,2,10,,,,,,,,,,,1,2,2,2,,2,,1,1,1,9,2
223801,1,58,6,3,2,8,2,1,1,1,1,1,2,1,1,1,2,1,2,2,1,2,1,1,1,1,1,1,2,1,1,,2,2,1,,2,2,2,1,3,2,1,2,60,1,2,2,2,1,2,2,3,,,,,,,,,,,,,,1,2,6,30,1,0,0,0,0,1,0,1,0,1,,,,,,,,1,280,2,,2,3,2,1,2,3,3,1,,2,2,2,,2,,1,2,1,2,2
224003,2,20,6,2,1,2,0,2,1,2,,2,1,1,1,2,4,1,2,2,1,1,1,1,1,1,1,1,2,1,2,1,2,2,2,1,2,2,1,1,20,2,1,3,5,2,2,2,2,2,2,1,1,,,,,,,,,,,,,,1,2,1,2,1,0,0,0,0,1,0,0,0,1,,,,,5,3,1,1,120,2,,2,3,2,1,3,3,3,3,,1,1,2,,2,,1,1,1,1,1
224104,2,50,3,3,1,2,1,1,1,2,,2,2,1,1,2,2,1,2,2,1,1,1,3,1,1,1,1,2,1,2,2,2,2,2,2,2,2,2,1,,,,,,,,,,,,,,,,,,,,,,,,,,,,,,,,,,,,,,,,,,,,,,,,2,120,,,,,,,,,,,5,1,1,1,2,1,1,1,1,1,1,1
224201,2,63,3,3,2,3,2,1,1,2,,1,2,1,1,1,7,1,2,2,3,2,2,3,2,2,2,1,2,1,1,,2,2,2,2,2,2,2,1,22,1,2,2,20,1,2,2,2,1,2,2,1,,,,,,,,,,,,,,,,,,,,,,,,,,,,,,,,,,,1,15,1,8,1,1,2,2,1,3,3,1,,2,1,1,1,1,1,1,1,1,1,1
224302,2,13,3,1,3,4,1,1,1,1,1,2,2,1,1,2,4,1,2,2,1,1,1,1,1,1,1,1,2,1,1,,2,2,2,2,2,2,1,1,2,2,1,2,30,1,2,2,2,1,2,2,3,,,,,,,,,,,,,,,,,,,,,,,,,,,,,,,,1,60,2,1,90,1,5,3,4,2,1,1,3,3,3,,2,2,2,,1,1,1,1,1,1,2
224504,2,68,3,3,2,7,1,1,1,1,1,2,2,1,1,1,3,1,2,2,3,1,1,1,2,1,1,1,1,2,2,2,2,2,2,2,2,2,1,1,,,,,,,,,,,,,,,,,,,,,,,,,,,,,,,,,,,,,,,,,,,,,1,15,1,1,20,1,3,1,1,2,2,2,3,1,1,,2,2,2,,2,,1,2,1,2,2
224601,2,33,8,5,4,8,2,1,1,1,1,1,1,1,1,1,6,1,2,2,1,1,1,3,2,1,1,1,2,1,2,2,2,2,2,2,2,2,1,1,,,,,,,,,,,,,,,,,,,,,,,,,,,,,,,,,,,,,,,,,,,,,2,20,1,1,30,2,,2,2,2,1,3,3,3,1,,2,2,2,,1,1,1,2,1,2,2
224803,1,41,6,3,6,8,2,1,1,1,1,2,1,1,1,1,5,1,2,2,2,1,1,1,1,1,1,1,2,1,2,2,2,2,2,2,2,2,1,1,,,,,,,,,,,,,,,,,,,,,,,,,,,,,,,,,,,,,,,,,,,,,2,20,1,1,40,2,,2,4,2,1,2,3,3,3,,2,2,2,,2,,1,1,1,1,1
224904,2,34,8,5,4,8,2,1,1,2,,2,2,1,1,1,4,1,2,2,2,2,1,1,1,1,1,1,2,1,1,,1,,1,,2,2,1,1,10,1,1,1,60,2,1,1,1,1,1,2,3,2,3,20,1,2,2,2,2,2,2,1,2,2,1,2,3,30,2,0,0,0,1,0,0,0,0,1,,,,,1,60,2,1,240,1,5,4,3,2,1,1,3,3,1,,1,1,1,2,1,2,1,1,1,1,1
225001,2,66,5,3,1,3,2,1,1,2,,2,2,1,1,1,2,1,2,2,2,2,1,1,1,1,1,1,2,2,2,2,2,2,2,2,2,2,1,1,,,,,,,,,,,,,,,,,,,,,,,,,,,,,,,,,,,,,,,,,,,,,1,35,1,1,60,2,,1,1,2,2,2,3,1,3,,2,2,2,,2,,1,1,1,1,2
225102,1,56,3,3,1,2,1,1,2,2,,2,2,2,,,2,1,2,2,2,1,1,1,1,1,1,1,2,2,2,2,2,2,2,2,2,2,1,1,,,,,,,,,,,,,,,,,,,,,,,,,,,,,,,,,,,,,,,,,,,,,1,120,1,1,30,2,,2,2,2,1,2,3,1,1,,2,1,2,,1,1,1,2,2,2,2
225203,1,46,3,3,3,5,2,1,1,1,1,1,2,1,1,1,7,2,2,2,2,1,1,1,1,1,1,2,2,2,2,2,2,2,2,2,2,2,2,1,,,,,,,,,,,,,,,,,,,,,,,,,,,,,,,,,,,,,,,,,,,,,,,,1,120,,,,,,,,,,,3,2,2,1,2,1,4,1,1,1,2,1
225304,1,46,0,,2,3,1,1,1,2,,2,2,1,1,2,2,1,2,2,2,1,1,1,1,1,1,1,2,1,2,2,2,2,2,2,2,2,2,1,,,,,,,,,,,,,,,,,,,,,,,,,,,,,,,,,,,,,,,,,,,,,,,,1,120,,,,,,,,,,,9,2,2,2,,1,1,2,,,,
225401,1,12,2,6,3,5,1,1,1,2,,2,2,1,1,2,4,1,2,2,3,4,1,1,4,1,1,1,2,1,2,2,2,2,2,2,2,2,1,1,,,,,,,,,,,,,,,,,,,,,,,,,,,,,,,,,,,,,,,,,,,,,1,20,1,1,120,2,,2,2,2,2,3,3,1,1,,2,2,2,,1,1,1,2,1,1,1
225603,2,35,8,5,3,4,2,1,1,2,,2,2,1,1,1,3,1,2,2,1,1,1,1,1,1,1,1,2,1,1,,2,2,2,2,2,2,1,1,2,1,1,2,30,1,2,2,2,1,2,2,3,,,,,,,,,,,,,,,,,,,,,,,,,,,,,,,,1,40,2,1,120,2,,2,3,2,2,2,3,3,3,,2,2,2,,1,1,1,1,1,1,1
225704,2,58,3,3,1,2,1,1,2,2,,2,2,1,1,1,1,1,2,2,1,1,1,1,1,1,1,1,2,2,2,2,2,2,2,2,2,2,1,1,,,,,,,,,,,,,,,,,,,,,,,,,,,,,,,,,,,,,,,,,,,,,2,10,2,1,30,2,,3,3,2,2,2,3,3,1,,2,2,2,,2,,1,2,2,2,2
225801,1,62,8,4,4,8,2,1,1,1,2,1,1,1,1,1,5,1,2,2,1,1,1,1,1,1,1,1,2,1,2,1,1,,2,1,1,,1,1,1,2,1,2,180,2,1,1,1,1,1,2,1,10,2,60,1,2,2,2,1,2,2,2,2,1,1,1,2,120,1,0,0,0,0,0,0,0,1,1,5,60,1,1,1,30,1,1,120,2,,4,3,2,1,2,3,3,1,,1,1,1,2,1,1,1,9,1,1,1
225902,2,44,2,6,3,4,1,1,1,1,1,1,2,1,1,1,4,1,2,2,1,1,1,1,2,1,1,1,2,2,2,2,2,2,2,2,2,2,2,2,,,,,,,,,,,,,,,,,,,,,,,,,,,,,,,,,,,,,,,,,,,,,,,,,,,,,,,,,,,,1,2,2,2,,2,,1,2,2,2,2
226003,1,57,10,2,3,5,2,1,1,1,4,1,1,1,1,1,2,1,2,2,1,1,1,1,1,1,1,1,2,1,1,,1,,1,,2,2,2,1,4,2,1,1,30,1,2,1,2,2,2,2,3,5,2,10,1,2,1,2,2,2,2,2,2,2,1,2,7,20,1,1,0,0,0,0,1,0,0,1,,,,,,,,1,60,2,,3,3,2,1,2,3,3,1,,1,1,1,2,1,4,1,2,1,2,2
226201,2,50,8,4,3,5,2,1,1,2,,1,2,1,1,2,3,1,2,2,1,1,1,1,2,1,1,2,2,1,2,1,1,,1,,2,2,2,1,1,2,1,3,120,1,2,2,2,1,2,2,2,2,2,60,1,2,2,2,2,2,2,1,1,2,2,1,1,40,1,0,0,0,1,0,0,0,1,3,,,,,,,,1,240,1,3,2,2,2,1,2,3,1,1,,1,1,1,2,1,1,1,1,1,1,1
226403,1,27,6,3,2,3,1,1,1,1,1,2,1,1,1,2,2,1,2,2,1,1,1,1,1,1,1,1,2,2,2,1,2,1,1,,2,2,2,1,5,1,1,3,5,2,2,2,2,2,2,1,1,3,2,5,1,1,1,1,1,2,2,2,2,2,1,2,1,10,1,0,1,0,1,0,0,0,0,2,,,,,,,,2,10,2,,2,4,2,2,2,3,3,3,,2,1,1,2,1,1,1,1,1,1,1
226601,2,17,3,3,2,3,1,1,2,2,,2,2,1,1,2,5,1,2,2,1,1,1,1,2,1,1,1,2,2,2,1,1,,2,2,2,2,1,1,2,2,1,2,60,2,2,1,2,2,2,2,2,2,3,30,1,2,2,2,2,2,2,2,1,2,,,,,,,,,,,,,,,,,,,3,90,2,1,120,2,,2,3,2,1,3,3,1,1,,1,1,1,1,1,2,1,1,1,1,1
226702,2,33,8,4,4,8,2,1,1,1,1,1,1,1,1,1,7,1,2,2,2,1,1,1,1,1,1,1,2,1,1,,1,,2,1,2,2,2,1,1,2,1,2,30,1,2,2,2,1,2,2,3,2,2,60,1,2,1,2,1,2,2,2,1,2,1,2,1,15,1,0,0,0,0,0,1,1,0,1,,,,,,,,1,60,1,8,4,4,2,2,3,3,3,1,,2,2,2,,1,1,1,1,2,1,1
226803,1,72,2,6,3,7,3,1,1,2,,1,1,1,1,1,4,1,2,2,3,2,1,1,1,1,1,1,2,1,2,2,2,2,2,2,2,2,2,1,,,,,,,,,,,,,,,,,,,,,,,,,,,,,,,,,,,,,,,,,,,,,,,,1,60,,,,,,,,,,,3,2,2,2,,2,,1,2,1,1,2
226904,2,68,2,6,1,3,1,1,1,1,1,2,2,1,1,1,5,1,2,2,3,2,1,2,2,1,1,1,2,2,2,2,2,2,2,2,2,2,2,2,,,,,,,,,,,,,,,,,,,,,,,,,,,,,,,,,,,,,,,,,,,,,,,,,,,,,,,,,,,,6,2,2,2,,2,,1,2,1,1,2
227001,2,63,2,2,3,4,0,1,1,2,,2,2,1,1,2,3,1,2,2,1,1,1,1,2,1,1,1,2,1,2,2,2,2,2,2,2,2,1,1,,,,,,,,,,,,,,,,,,,,,,,,,,,,,,,,,,,,,,,,,,,,,2,60,2,2,60,2,,1,3,2,2,2,3,3,1,,2,2,2,,2,,1,2,2,1,2
227102,1,62,3,3,2,4,1,1,1,1,1,2,2,1,1,2,3,1,2,2,2,1,1,1,1,1,1,1,2,2,2,2,2,2,2,2,2,2,2,2,,,,,,,,,,,,,,,,,,,,,,,,,,,,,,,,,,,,,,,,,,,,,,,,,,,,,,,,,,,,3,2,2,2,,2,,1,2,1,1,2
227203,1,59,0,,1,3,1,1,1,2,,2,2,1,1,2,2,1,2,2,1,1,1,1,3,3,3,3,2,,,,,,,,,,,,,,,,,,,,,,,,,,,,,,,,,,,,,,,,,,,,,,,,,,,,,,,,,,,,,,,,,,,,,,,,,,,,,,,,,,
227401,1,16,6,1,3,4,1,1,1,2,,2,2,1,1,2,4,1,2,2,1,1,1,1,1,1,1,1,2,2,2,2,2,2,2,2,1,,2,1,,,,,,,,,,,,,,,,,,,,,,,,,,,,,,,,,,,,,,,,,2,120,1,2,,,,1,240,2,,3,4,2,1,3,3,3,1,,2,2,1,2,1,1,1,1,1,1,1
227502,2,46,2,5,2,2,1,1,2,2,,2,2,1,1,1,7,1,2,1,2,1,1,1,1,1,1,1,1,,,,,,,,,,,,,,,,,,,,,,,,,,,,,,,,,,,,,,,,,,,,,,,,,,,,,,,,,,,,,,,,,,,,,,,,,,,,,,,,,,
227704,1,19,6,3,2,3,1,1,1,1,1,1,2,1,1,1,5,1,2,2,3,2,1,1,2,2,1,3,2,2,2,1,2,2,2,2,1,,1,1,1,2,1,2,120,1,2,2,1,2,2,2,3,,,,,,,,,,,,,,,,,,,,,,,,,,,,1,120,1,2,2,60,1,1,140,2,,3,3,2,2,3,3,1,1,,1,1,2,,1,1,1,1,1,1,1
227801,2,49,7,3,3,6,1,1,1,1,1,1,2,1,1,1,5,2,2,2,2,1,1,2,1,1,1,1,2,2,2,2,2,2,2,2,2,2,2,1,,,,,,,,,,,,,,,,,,,,,,,,,,,,,,,,,,,,,,,,,,,,,,,,5,30,,,,,,,,,,,1,2,2,2,,1,1,1,1,1,1,1
227902,2,28,7,4,3,3,1,1,1,1,1,2,2,1,1,2,4,1,2,2,1,1,1,1,2,1,1,1,2,1,1,,2,2,2,2,2,2,1,1,4,1,2,2,180,1,2,1,2,2,2,2,1,,,,,,,,,,,,,,,,,,,,,,,,,,,,,,,,3,60,1,2,60,2,,3,3,2,1,1,3,3,1,,1,1,1,1,1,1,1,1,1,1,1
228003,1,71,8,5,3,7,1,1,1,1,1,1,1,1,1,1,3,1,2,2,1,1,1,1,1,1,1,1,2,1,1,,1,,2,1,2,2,1,1,6,1,1,2,120,1,2,2,2,1,1,2,3,2,1,20,1,2,1,2,2,2,2,2,2,2,1,2,2,60,1,1,0,0,0,0,0,0,0,1,,,,,1,120,2,1,120,1,2,3,3,2,1,3,3,3,1,,2,2,1,1,1,1,1,2,1,2,2
228104,2,20,6,2,3,5,1,2,1,2,,2,1,1,1,2,4,1,2,2,1,1,1,1,1,1,1,1,1,1,1,,2,2,2,2,2,1,1,1,7,2,1,2,120,1,1,1,2,1,1,2,2,,,,,,,,,,,,,,,,,,,,,,,,,,,,5,30,1,2,3,60,1,1,180,2,,2,3,1,2,3,3,3,1,,1,1,1,2,1,2,1,1,1,1,1
228201,1,50,2,6,2,7,1,1,1,1,2,1,2,2,,,2,1,2,1,1,1,1,3,1,1,1,1,1,2,2,2,2,2,2,2,2,2,2,1,,,,,,,,,,,,,,,,,,,,,,,,,,,,,,,,,,,,,,,,,,,,,,,,1,30,,,,,,,,,,,1,2,2,2,,2,,1,1,1,1,1
228302,1,16,6,1,3,4,1,1,2,1,1,2,1,1,1,2,6,1,2,2,2,1,1,1,2,1,1,2,1,2,2,1,1,,2,2,1,,1,1,3,1,2,3,120,1,1,1,2,1,2,2,1,1,2,120,1,2,2,2,2,2,2,2,1,2,,,,,,,,,,,,,,,2,120,1,2,2,60,2,1,240,1,5,2,3,2,1,1,3,3,1,,2,2,1,2,1,1,1,1,1,1,1
228403,2,18,6,3,2,4,0,1,1,2,,1,2,1,1,2,5,1,2,2,1,1,1,1,2,1,1,1,1,1,1,,2,1,2,2,2,2,1,1,1,2,1,2,15,2,2,1,2,2,2,2,2,2,3,10,2,2,1,2,2,2,2,2,2,2,,,,,,,,,,,,,,,,,,,4,10,2,1,30,2,,2,1,2,1,1,3,3,1,,2,2,2,,1,1,1,1,1,1,1
228601,1,42,3,3,3,6,2,1,1,1,1,1,2,1,1,2,6,1,1,2,1,1,1,1,1,1,1,1,1,1,1,,2,2,2,2,2,2,1,1,2,2,1,1,10,1,2,2,2,2,1,2,2,,,,,,,,,,,,,,,,,,,,,,,,,,,,,,,,2,20,2,1,90,2,,1,3,2,1,1,3,3,1,,2,2,2,,2,,1,1,1,1,2
228702,1,40,8,5,2,4,1,1,1,1,1,1,2,1,1,1,4,1,1,2,2,1,1,1,2,1,1,1,2,2,2,2,2,2,2,2,2,2,1,1,,,,,,,,,,,,,,,,,,,,,,,,,,,,,,,,,,,,,,,,,,,,,1,120,1,1,60,1,1,3,3,1,2,1,3,3,3,,2,1,1,2,1,1,1,1,1,1,1
228803,1,46,3,3,5,8,1,1,1,1,1,1,2,1,1,2,8,1,2,2,2,1,1,1,1,1,1,1,1,1,2,2,2,2,2,2,2,2,1,1,,,,,,,,,,,,,,,,,,,,,,,,,,,,,,,,,,,,,,,,,,,,,3,30,2,1,120,1,6,2,2,2,1,2,3,1,1,,2,2,2,,2,,1,2,2,1,1
228904,2,54,8,5,3,5,1,1,1,1,1,1,2,1,1,1,4,1,2,2,2,1,1,1,2,1,1,1,1,2,2,1,2,2,1,,2,2,1,1,2,1,2,2,30,2,1,2,2,2,2,2,1,,,,,,,,,,,,,,1,2,1,10,1,1,0,1,1,0,1,0,0,1,,,,,2,10,2,1,40,2,,2,2,1,2,3,3,1,1,,1,2,2,,1,1,1,1,1,1,1
229001,2,54,7,3,3,4,2,1,1,1,1,1,2,1,1,2,3,1,2,2,1,1,1,1,2,1,1,1,2,1,1,,2,1,2,1,2,1,1,1,3,2,1,2,60,1,1,1,1,1,1,2,3,5,4,60,1,2,1,2,2,1,1,1,2,2,1,2,3,15,1,1,0,0,0,0,0,0,0,1,2,10,1,2,2,30,1,1,120,1,3,3,3,2,1,1,3,3,1,,1,2,2,,1,1,1,1,1,1,1
229102,1,76,2,6,3,8,3,1,1,1,1,1,2,1,1,1,3,1,2,1,2,1,1,1,2,1,1,1,1,1,1,,2,2,2,2,2,2,1,1,30,2,1,1,60,1,2,1,1,2,1,2,3,,,,,,,,,,,,,,,,,,,,,,,,,,,,,,,,3,60,1,1,30,2,,3,2,1,1,2,3,3,1,,2,2,2,,2,,1,2,2,2,2
229203,1,55,6,3,1,3,2,1,1,1,2,1,2,1,1,1,1,1,2,2,1,1,1,1,1,1,1,1,2,2,2,2,1,,1,,2,2,1,1,,,,,,,,,,,,,,2,3,10,1,1,1,2,2,2,2,1,2,2,1,2,7,15,1,1,1,0,0,0,1,0,1,1,,,,,1,15,1,2,5,2,,2,3,2,1,2,3,3,1,,2,1,1,2,1,1,1,1,1,2,1
229304,1,74,2,6,1,8,2,1,1,2,,2,2,1,1,2,1,1,2,2,1,1,1,1,1,1,1,1,2,1,2,2,2,2,1,,2,2,2,1,,,,,,,,,,,,,,,,,,,,,,,,,,,1,2,2,30,1,0,1,0,0,0,0,0,0,1,,,,,,,,1,60,2,,2,2,2,1,2,3,3,1,,2,2,2,,2,,1,2,2,2,1
229401,1,50,3,3,1,1,1,2,1,2,,2,2,1,2,2,2,1,2,2,1,2,1,1,1,1,1,1,2,1,2,1,2,2,2,2,2,2,2,1,3,2,1,3,60,2,1,1,2,2,2,2,2,,,,,,,,,,,,,,,,,,,,,,,,,,,,,,,,,,,2,10,2,,2,2,2,1,3,3,3,2,,2,1,1,2,1,1,1,1,1,1,1
229502,2,50,6,3,2,3,1,1,1,2,,1,2,1,1,2,4,1,2,2,1,1,1,1,1,1,1,1,2,2,2,1,1,,2,2,2,2,2,1,1,2,1,2,30,1,2,2,1,2,2,2,4,2,2,30,1,2,2,2,1,2,2,2,2,2,,,,,,,,,,,,,,,,,,,,,,1,60,1,3,2,4,2,2,2,3,3,1,,2,2,2,,2,,1,2,1,1,2
229603,1,27,6,3,1,1,1,1,1,1,1,2,2,1,1,1,4,1,2,2,1,1,1,1,1,1,1,1,2,1,1,,2,2,2,2,2,2,2,1,1,2,1,1,90,1,2,2,1,2,2,2,3,,,,,,,,,,,,,,,,,,,,,,,,,,,,,,,,,,,1,60,2,,1,3,2,1,3,3,1,1,,2,2,2,,1,1,1,1,1,1,1
229704,1,65,3,3,1,2,1,1,1,2,,1,2,1,1,2,2,1,2,2,1,1,1,1,1,1,1,1,2,2,2,2,2,2,2,2,2,2,2,1,,,,,,,,,,,,,,,,,,,,,,,,,,,,,,,,,,,,,,,,,,,,,,,,1,60,,,,,,,,,,,1,2,1,2,,2,,1,1,1,1,1
229801,1,62,2,6,1,5,3,1,1,2,,2,2,2,,,2,1,2,2,1,1,2,1,2,1,1,1,1,1,2,2,2,2,2,2,2,2,2,1,,,,,,,,,,,,,,,,,,,,,,,,,,,,,,,,,,,,,,,,,,,,,,,,1,8,,,,,,,,,,,9,2,2,2,,2,,1,1,1,1,2
229902,2,22,3,2,1,2,0,1,1,2,,2,2,1,2,2,3,1,2,2,1,1,1,1,1,1,1,1,2,1,1,,2,2,2,2,2,2,2,1,2,1,2,2,20,1,2,2,2,1,2,2,1,,,,,,,,,,,,,,,,,,,,,,,,,,,,,,,,,,,1,20,2,,4,4,2,1,3,3,3,1,,1,1,2,,1,2,1,1,1,1,1
230003,2,75,2,6,1,2,0,1,2,2,,2,2,2,,,2,1,2,2,1,1,1,1,1,1,1,1,1,2,1,,2,2,2,2,2,2,2,2,1,2,1,2,30,1,2,2,2,1,2,2,2,,,,,,,,,,,,,,,,,,,,,,,,,,,,,,,,,,,,,2,,2,2,2,2,2,3,3,2,,2,2,2,,2,,1,1,1,1,2
230104,2,61,2,4,1,2,1,1,1,2,,2,2,1,1,2,1,1,2,2,3,1,3,2,2,1,1,1,1,1,1,,2,2,2,2,2,2,2,1,2,2,1,3,20,1,2,2,1,1,2,2,2,,,,,,,,,,,,,,,,,,,,,,,,,,,,,,,,,,,1,15,2,,2,1,1,2,2,3,1,1,,2,2,2,,2,,1,2,1,1,2
230201,1,40,8,5,2,3,1,1,1,1,1,1,1,1,1,1,3,1,2,2,1,1,1,1,1,1,1,1,2,1,1,,2,2,2,2,2,2,2,1,3,1,2,2,30,2,2,1,1,2,1,2,3,,,,,,,,,,,,,,,,,,,,,,,,,,,,,,,,,,,1,120,2,,3,3,1,1,2,3,3,1,,2,2,2,,1,1,1,9,1,9,9
230302,1,38,8,4,1,2,1,1,2,2,,1,2,2,,,1,1,1,2,1,1,1,2,1,1,1,1,1,1,1,,2,2,1,,2,2,1,1,2,2,1,2,60,2,1,1,1,1,1,2,2,,,,,,,,,,,,,,2,1,5,60,2,1,1,1,0,0,0,0,0,3,,,,,5,60,1,1,20,2,,3,3,1,1,2,3,2,1,,2,2,1,1,1,1,1,1,1,1,1
230403,2,45,8,5,2,4,1,1,1,2,,2,2,1,1,2,3,1,2,2,2,1,1,1,2,1,1,1,2,1,2,2,2,2,2,2,2,2,1,1,,,,,,,,,,,,,,,,,,,,,,,,,,,,,,,,,,,,,,,,,,,,,1,30,1,1,180,1,5,2,1,2,1,3,3,3,3,,2,1,2,,1,1,1,2,2,2,2
230504,2,29,3,3,2,3,1,2,2,2,,2,2,1,1,2,4,1,2,2,1,1,1,1,1,1,1,1,2,1,1,,1,,1,,2,2,2,1,4,2,1,1,120,1,1,1,1,1,2,2,4,2,2,30,1,2,2,1,2,2,2,2,1,2,2,1,5,10,1,0,0,0,0,0,0,1,0,3,,,,,,,,1,10,2,,4,4,2,1,1,3,3,1,,1,1,1,2,1,1,1,2,1,1,1
230601,1,61,8,5,3,6,3,1,1,1,1,1,2,1,1,2,3,1,1,2,2,3,2,1,2,1,1,1,2,1,1,,2,2,2,2,1,,1,1,2,2,1,3,60,1,2,2,1,2,2,2,3,,,,,,,,,,,,,,,,,,,,,,,,,,,,1,60,1,2,1,60,1,1,120,1,2,1,1,1,1,3,3,3,1,,2,1,1,2,1,1,1,1,1,1,9
230702,2,43,8,5,3,5,2,1,1,2,,2,2,1,1,2,3,1,2,2,1,1,1,1,1,1,1,1,2,1,1,,2,2,2,2,2,2,1,1,3,2,1,2,60,1,2,1,1,2,1,2,3,,,,,,,,,,,,,,,,,,,,,,,,,,,,,,,,1,30,1,1,60,2,,2,3,2,1,3,3,3,1,,2,1,2,,1,1,1,1,1,2,9
230803,1,48,3,3,1,6,2,1,1,2,,1,2,1,1,2,2,1,2,2,1,1,1,3,1,1,1,1,1,2,2,2,2,2,2,2,2,2,2,1,,,,,,,,,,,,,,,,,,,,,,,,,,,,,,,,,,,,,,,,,,,,,,,,1,60,,,,,,,,,,,3,2,2,2,,2,,1,2,1,2,2
230904,1,46,8,5,3,6,2,1,1,1,1,2,2,1,1,2,4,1,2,2,2,1,1,1,1,1,1,1,2,1,1,,2,2,2,2,2,2,1,1,2,2,1,3,60,1,2,2,2,1,2,2,3,,,,,,,,,,,,,,,,,,,,,,,,,,,,,,,,2,10,1,1,60,2,,2,3,2,1,3,3,3,1,,2,2,2,,2,,1,2,2,2,2
231001,2,67,10,2,1,6,2,1,1,1,1,1,2,1,1,2,2,1,2,2,2,2,1,1,2,1,1,1,2,1,1,,1,,1,,2,2,2,1,5,2,1,1,30,1,1,2,1,1,2,2,3,5,2,30,1,2,2,2,2,2,2,1,1,2,2,1,3,60,1,0,0,0,1,0,0,1,0,2,,,,,,,,1,120,2,,2,3,2,1,3,3,3,1,,2,1,1,2,1,1,1,1,1,1,1
231102,1,60,8,5,3,5,1,1,1,1,2,1,2,1,1,2,4,1,2,2,1,1,1,1,2,1,1,1,2,1,2,1,2,2,2,2,2,2,1,1,2,2,1,2,30,1,2,1,2,2,2,2,2,,,,,,,,,,,,,,,,,,,,,,,,,,,,,,,,2,60,1,1,30,2,,3,3,1,1,2,3,3,1,,2,2,2,,2,,1,2,1,1,2
231304,1,28,8,5,3,5,1,1,1,2,,1,1,1,1,2,7,1,2,2,1,1,1,1,1,1,1,1,2,1,2,1,2,2,2,1,2,2,2,1,99,2,1,1,120,2,2,1,2,2,1,1,1,,,,,,,,,,,,,,2,1,1,10,1,1,0,0,0,0,0,0,0,2,,,,,,,,1,240,2,,2,1,1,1,1,3,3,1,,2,1,2,,1,1,1,1,1,1,1
231502,2,30,8,5,2,3,1,1,1,2,,1,2,1,1,1,3,1,2,2,2,1,1,1,1,1,1,1,2,1,2,1,2,2,2,2,2,2,1,1,3,1,1,3,60,2,1,1,2,1,2,2,1,,,,,,,,,,,,,,,,,,,,,,,,,,,,,,,,2,60,1,1,240,2,,3,4,2,1,3,3,3,1,,2,2,1,2,1,1,1,2,1,1,2
231603,2,34,3,3,2,2,1,1,1,2,,2,2,1,1,2,2,1,2,2,1,1,1,1,2,1,1,1,1,1,1,,2,2,2,2,1,,1,1,2,1,1,2,20,1,1,1,1,1,1,2,1,,,,,,,,,,,,,,,,,,,,,,,,,,,,2,10,1,2,1,15,1,1,120,1,8,2,2,2,1,3,3,3,1,,2,1,1,2,2,,1,1,1,2,2
231704,1,16,3,3,2,4,1,1,2,1,1,2,2,1,1,2,6,1,2,2,1,1,1,1,2,1,1,1,2,1,2,2,2,2,2,2,1,,1,1,,,,,,,,,,,,,,,,,,,,,,,,,,,,,,,,,,,,,,,,,2,60,2,1,2,60,2,1,120,1,5,2,2,2,1,2,3,3,3,,2,2,2,,2,,1,1,1,1,2
231801,1,57,3,3,2,3,0,1,2,2,,2,2,1,2,2,3,1,2,2,2,2,1,1,1,1,1,1,2,2,2,2,2,2,2,2,2,2,2,1,,,,,,,,,,,,,,,,,,,,,,,,,,,,,,,,,,,,,,,,,,,,,,,,1,60,,,,,,,,,,,3,2,2,2,,2,,1,1,1,2,1
231902,1,21,3,3,2,3,0,1,1,2,,2,2,1,1,1,3,1,2,2,1,1,1,2,2,1,1,1,2,2,2,1,2,2,2,2,2,2,2,1,5,2,1,1,5,2,2,2,2,2,2,1,1,,,,,,,,,,,,,,,,,,,,,,,,,,,,,,,,,,,1,10,2,,3,2,2,1,2,3,1,3,,2,1,1,1,1,4,1,1,1,2,1
232003,2,22,3,3,1,2,0,1,2,2,,2,2,1,2,2,5,1,1,2,2,1,1,3,2,1,1,1,1,1,1,,2,2,1,,2,2,2,1,7,1,2,2,60,1,2,1,1,1,1,2,2,,,,,,,,,,,,,,2,1,5,10,1,1,0,0,0,0,0,1,0,3,,,,,,,,1,30,1,6,4,3,1,1,3,3,3,1,,1,2,1,2,1,2,1,1,1,1,1
232104,1,13,3,1,2,3,1,1,2,2,,2,2,1,1,2,6,1,2,2,1,1,1,1,1,1,1,1,2,1,1,,2,2,2,2,2,2,1,1,5,2,1,1,38,2,2,1,2,2,2,2,2,,,,,,,,,,,,,,,,,,,,,,,,,,,,,,,,2,20,1,1,240,2,,2,3,2,2,1,3,3,3,,2,1,2,,2,,1,2,1,1,9
232201,2,22,8,2,3,5,1,1,1,2,,2,2,1,1,2,4,1,2,2,2,1,1,1,1,1,1,1,2,1,1,,2,1,1,,1,,1,1,3,2,1,2,120,1,2,2,2,1,2,2,4,4,3,60,1,2,2,2,2,2,2,2,1,2,1,2,1,30,1,1,0,0,0,0,0,0,0,1,4,120,1,1,2,15,1,1,240,1,3,2,3,2,1,2,3,3,1,,2,1,1,2,1,2,1,1,2,9,1
232302,1,34,3,3,2,5,1,1,1,1,1,1,2,1,1,2,3,1,2,2,1,1,1,1,1,1,1,1,2,1,1,,2,2,2,2,1,,2,1,2,2,1,2,60,1,2,2,2,1,2,2,3,,,,,,,,,,,,,,,,,,,,,,,,,,,,1,20,1,2,,,,1,120,2,,2,3,2,2,2,3,3,3,,2,1,2,,1,2,1,9,9,2,1
232403,1,46,8,2,1,5,1,1,1,1,1,1,2,1,1,2,1,1,2,2,1,2,1,1,1,1,1,1,1,1,2,1,2,2,1,,1,,1,1,5,1,2,2,60,1,1,2,2,2,2,1,1,,,,,,,,,,,,,,1,2,5,60,1,1,1,1,1,1,1,1,0,1,1,60,1,2,2,30,1,1,360,2,,4,4,1,1,2,3,3,1,,2,2,2,,1,2,1,1,2,9,9
232504,2,31,8,3,3,5,1,1,1,2,,2,2,1,2,2,4,1,2,2,2,1,1,2,2,1,1,1,2,1,1,,2,2,2,2,1,,1,1,4,1,1,1,60,1,2,2,1,1,2,2,2,,,,,,,,,,,,,,,,,,,,,,,,,,,,1,30,1,2,2,10,1,2,10,2,,3,4,1,1,1,3,3,1,,2,2,2,,1,3,1,1,1,1,1
232601,2,42,8,3,2,4,1,1,1,1,1,1,2,1,1,2,4,1,2,2,1,1,1,1,1,1,1,1,2,1,1,,2,2,2,2,2,2,1,1,1,2,1,2,60,1,2,2,2,1,2,2,2,,,,,,,,,,,,,,,,,,,,,,,,,,,,,,,,3,5,2,5,60,2,,4,3,2,2,3,3,3,1,,1,2,2,,1,1,1,1,1,1,1
232702,2,60,5,3,4,5,1,1,1,2,,2,2,1,1,2,5,1,2,2,2,1,1,3,1,2,1,1,2,2,2,2,2,2,2,2,2,2,2,2,,,,,,,,,,,,,,,,,,,,,,,,,,,,,,,,,,,,,,,,,,,,,,,,,,,,,,,,,,,,4,2,2,2,,1,9,1,1,1,1,1
232803,1,52,2,3,2,4,1,1,1,1,1,2,2,1,1,1,7,1,2,2,2,1,1,1,2,1,1,1,2,2,2,2,2,2,2,2,2,2,2,1,,,,,,,,,,,,,,,,,,,,,,,,,,,,,,,,,,,,,,,,,,,,,,,,1,15,,,,,,,,,,,3,2,1,2,,1,1,1,2,1,1,9
232904,2,46,2,4,1,3,0,1,2,2,,2,2,1,1,2,2,1,2,2,2,2,2,4,4,2,1,2,2,2,2,2,2,2,2,2,2,2,2,1,,,,,,,,,,,,,,,,,,,,,,,,,,,,,,,,,,,,,,,,,,,,,,,,1,30,,,,,,,,,,,9,1,2,1,2,2,,1,1,1,1,1
233102,1,49,3,3,3,5,1,1,1,1,1,1,1,1,1,1,4,1,2,2,1,1,1,1,2,1,1,1,1,2,2,2,2,2,1,,2,2,1,1,,,,,,,,,,,,,,,,,,,,,,,,,,,2,1,2,5,1,0,1,0,0,0,0,1,0,2,,,,,2,10,1,2,30,2,,3,4,2,1,1,3,3,1,,1,1,1,1,1,1,1,2,1,1,1
233203,1,15,3,3,3,4,1,1,1,2,,2,2,1,1,2,4,1,2,2,1,2,1,1,3,1,2,1,2,2,2,2,1,,1,,2,2,2,1,,,,,,,,,,,,,,2,4,15,1,2,2,2,2,2,2,1,1,2,1,2,2,120,1,1,1,1,1,1,1,1,0,1,,,,,,,,1,30,2,,2,3,2,1,2,3,1,1,,2,1,1,2,1,2,1,1,1,1,1
233304,2,16,6,1,2,3,1,1,1,2,,1,2,1,1,2,4,1,2,2,1,1,1,1,1,1,1,1,2,2,2,2,2,2,2,2,2,2,1,1,,,,,,,,,,,,,,,,,,,,,,,,,,,,,,,,,,,,,,,,,,,,,2,38,2,2,30,2,,3,2,2,1,2,3,3,1,,1,2,2,,1,1,1,1,1,1,1
233502,2,53,8,5,3,4,1,1,1,1,1,1,2,1,1,1,4,1,2,2,1,1,1,1,2,1,1,1,2,1,1,,2,2,2,2,1,,1,1,3,2,1,1,90,1,2,2,1,1,2,2,3,,,,,,,,,,,,,,,,,,,,,,,,,,,,4,90,1,2,1,20,2,1,120,1,5,3,3,2,1,3,3,3,3,,1,2,2,,1,1,1,2,2,1,1
233603,2,29,3,3,2,3,1,1,1,1,1,2,2,1,1,1,4,1,1,2,1,1,1,1,1,1,1,1,2,1,1,,2,2,2,2,2,2,1,2,10,1,2,2,45,1,2,2,1,1,2,2,1,,,,,,,,,,,,,,,,,,,,,,,,,,,,,,,,1,25,1,,,2,,2,4,2,1,2,3,3,1,,1,1,1,2,1,2,1,1,1,1,1
233704,1,54,6,2,1,6,1,1,2,2,,2,2,1,1,2,1,1,1,2,2,1,1,1,2,1,1,1,2,1,1,,2,2,2,2,2,2,1,1,3,2,1,2,45,1,2,2,2,1,1,2,3,,,,,,,,,,,,,,,,,,,,,,,,,,,,,,,,1,15,2,1,30,2,,2,3,1,1,3,3,3,1,,1,1,1,2,1,1,1,1,1,1,1
233801,2,27,3,3,2,2,0,1,1,2,,2,2,1,1,2,4,1,2,2,2,1,1,1,1,1,1,1,1,2,2,2,2,1,2,2,2,2,1,1,,,,,,,,,,,,,,3,3,15,2,2,2,2,2,2,2,1,2,2,,,,,,,,,,,,,,,,,,,1,180,1,1,60,2,,2,3,2,1,2,3,3,3,,1,2,1,2,1,1,1,1,1,1,1
234003,2,63,2,3,1,2,0,1,1,1,1,2,2,1,1,2,2,1,2,2,2,1,2,1,1,1,1,1,2,2,2,2,2,2,2,2,2,2,2,2,,,,,,,,,,,,,,,,,,,,,,,,,,,,,,,,,,,,,,,,,,,,,,,,,,,,,,,,,,,,6,2,2,2,,2,,1,2,2,2,2
234104,2,26,8,5,1,5,2,1,2,1,1,1,2,1,1,1,1,1,2,2,2,1,1,1,2,1,1,2,2,1,1,,2,2,2,2,2,2,1,1,3,2,1,1,60,1,2,1,1,2,2,2,1,,,,,,,,,,,,,,,,,,,,,,,,,,,,,,,,1,30,1,1,300,1,5,3,2,2,1,3,3,1,1,,2,2,2,,1,2,1,1,1,1,1
234201,2,62,6,3,3,5,1,1,1,1,1,1,2,1,1,2,8,1,2,2,2,1,1,1,1,1,1,1,2,2,2,1,2,1,1,,2,2,2,1,2,1,2,3,15,1,1,1,1,1,1,2,1,2,1,25,1,2,1,2,1,2,2,1,2,2,2,1,4,15,1,0,1,1,1,0,0,0,0,2,,,,,,,,1,30,2,,3,3,1,1,1,3,3,1,,1,1,2,,2,,1,1,1,1,1
234302,2,48,2,6,4,6,1,1,1,1,1,2,2,1,1,2,5,1,2,2,2,1,1,1,1,1,1,1,2,1,2,2,2,2,2,2,2,2,2,1,,,,,,,,,,,,,,,,,,,,,,,,,,,,,,,,,,,,,,,,,,,,,,,,1,60,,,,,,,,,,,9,2,1,1,1,2,,1,1,1,1,1
234403,2,41,8,4,3,5,1,1,1,1,1,1,2,1,1,1,4,1,2,2,1,1,1,1,1,2,1,1,2,2,2,2,2,1,2,2,2,2,1,1,,,,,,,,,,,,,,12,2,30,1,2,2,1,2,2,2,1,2,2,,,,,,,,,,,,,,,,,,,1,15,1,1,120,2,,1,3,2,1,3,3,3,1,,2,1,1,1,1,2,1,9,9,2,2
234504,2,66,5,3,2,4,2,1,1,2,,2,2,2,,,2,1,2,2,1,1,1,2,2,1,1,1,2,2,2,2,2,2,2,2,2,2,2,2,,,,,,,,,,,,,,,,,,,,,,,,,,,,,,,,,,,,,,,,,,,,,,,,,,,,,,,,,,,,6,1,2,2,,2,,1,1,1,1,1
234601,1,13,2,6,2,4,1,1,2,2,,2,2,1,1,2,3,1,2,2,2,1,1,1,1,1,1,1,2,2,2,2,2,2,2,2,2,2,2,2,,,,,,,,,,,,,,,,,,,,,,,,,,,,,,,,,,,,,,,,,,,,,,,,,,,,,,,,,,,,1,2,1,2,,2,,1,2,1,1,2
234702,2,17,6,2,2,4,1,2,2,1,1,2,2,1,1,2,3,1,2,2,1,1,1,1,2,1,1,1,2,1,1,,1,,2,2,2,2,1,1,8,2,1,1,60,2,1,1,1,1,1,2,3,2,5,30,1,1,1,2,2,2,2,2,2,2,,,,,,,,,,,,,,,,,,,1,60,2,5,60,1,7,2,3,2,1,1,3,3,3,,2,2,1,2,1,2,1,1,1,1,2
234803,1,50,2,6,2,4,0,1,1,2,,2,2,2,,,4,1,2,2,2,1,1,1,1,1,1,1,1,2,2,1,2,2,2,2,2,2,2,2,2,2,1,1,30,2,2,1,2,2,2,2,2,,,,,,,,,,,,,,,,,,,,,,,,,,,,,,,,,,,,,2,,2,4,1,1,2,3,3,1,,2,1,1,2,2,,1,1,1,1,2
234904,1,65,2,6,1,4,1,1,2,2,,2,2,2,,,2,1,2,2,2,2,1,1,2,1,1,1,1,1,2,1,2,2,2,2,2,2,2,2,3,2,1,3,60,1,2,2,1,2,2,2,3,,,,,,,,,,,,,,,,,,,,,,,,,,,,,,,,,,,,,1,5,4,3,2,2,1,3,3,1,,1,1,2,,2,,1,2,2,2,2
235001,1,31,3,3,3,4,1,1,1,2,,2,2,1,1,2,3,1,2,2,2,1,1,2,3,1,1,3,1,2,2,2,2,2,2,2,2,2,2,1,,,,,,,,,,,,,,,,,,,,,,,,,,,,,,,,,,,,,,,,,,,,,,,,1,180,,,,,,,,,,,1,1,2,1,2,1,1,1,1,1,1,1
235102,2,60,2,6,1,2,1,2,2,2,,2,2,2,,,1,1,2,2,3,2,2,2,2,2,1,1,2,2,2,1,2,2,2,2,2,2,2,2,1,2,1,2,30,1,2,2,1,2,2,2,2,,,,,,,,,,,,,,,,,,,,,,,,,,,,,,,,,,,,,2,,1,1,2,2,3,3,3,1,,2,2,2,,2,,1,1,1,1,1
235203,1,42,3,3,2,3,1,1,1,2,,2,2,1,1,2,3,1,2,2,1,1,1,1,1,1,1,1,2,1,1,,2,2,2,2,2,2,2,1,8,2,1,2,45,1,1,1,2,2,2,2,4,,,,,,,,,,,,,,,,,,,,,,,,,,,,,,,,,,,1,45,2,,2,3,2,2,2,3,3,1,,1,2,2,,1,1,1,1,1,1,1
235304,2,34,6,3,3,4,1,1,2,2,,2,2,1,1,2,5,1,2,2,2,1,2,1,2,1,1,1,2,1,2,2,2,2,2,2,2,2,1,1,,,,,,,,,,,,,,,,,,,,,,,,,,,,,,,,,,,,,,,,,,,,,1,60,1,1,30,2,,2,3,2,1,2,3,3,1,,1,1,2,,1,1,1,1,1,1,1
235401,1,16,6,1,3,4,2,1,1,1,1,1,1,1,1,2,4,1,2,2,1,1,1,1,1,1,1,1,1,2,2,1,1,,2,2,2,1,1,1,3,1,2,4,60,1,1,1,2,1,2,2,4,1,5,60,1,2,2,2,2,2,2,2,1,2,,,,,,,,,,,,,,,5,60,1,2,2,120,1,1,120,1,7,3,3,2,1,3,3,3,1,,1,1,1,2,1,5,1,1,1,1,1
235502,1,40,3,3,2,4,1,1,2,2,,2,2,1,2,2,3,1,2,2,1,1,1,1,1,1,1,1,2,2,2,2,2,2,2,2,2,2,2,1,,,,,,,,,,,,,,,,,,,,,,,,,,,,,,,,,,,,,,,,,,,,,,,,1,90,,,,,,,,,,,3,2,2,2,,2,,1,2,2,2,9
235704,2,54,8,3,2,3,1,1,1,2,,1,2,1,1,2,1,1,2,2,2,2,2,2,2,2,2,2,2,2,2,2,2,2,2,2,2,2,2,1,,,,,,,,,,,,,,,,,,,,,,,,,,,,,,,,,,,,,,,,,,,,,,,,1,20,,,,,,,,,,,2,2,2,2,,1,1,1,1,1,1,2
235801,1,47,6,2,2,3,1,1,1,1,1,1,2,1,1,2,1,1,2,2,2,1,1,1,1,1,1,1,2,2,2,2,2,2,1,,2,2,1,1,,,,,,,,,,,,,,,,,,,,,,,,,,,1,2,3,20,1,0,1,0,0,1,0,0,0,1,,,,,2,60,1,1,60,1,6,2,3,2,1,2,3,3,1,,2,1,2,,1,1,1,2,2,2,2
235902,1,88,2,6,2,4,1,1,1,2,,2,2,2,,,2,1,2,2,1,1,2,2,3,1,1,1,2,2,2,2,2,2,2,2,2,2,2,2,,,,,,,,,,,,,,,,,,,,,,,,,,,,,,,,,,,,,,,,,,,,,,,,,,,,,,,,,,,,1,2,2,2,,2,,1,2,2,2,2
236003,2,42,8,5,2,3,1,1,1,1,1,1,1,1,1,1,3,1,2,2,2,2,1,1,2,1,1,2,2,1,1,,2,2,2,2,2,2,1,1,1,1,2,2,10,2,1,2,2,2,2,2,1,,,,,,,,,,,,,,,,,,,,,,,,,,,,,,,,2,15,2,1,120,1,6,4,2,2,1,3,3,3,1,,2,2,2,,2,,1,2,2,1,1
236104,1,52,8,5,2,4,1,1,1,1,1,1,1,1,1,1,3,1,2,2,1,1,1,1,1,1,1,1,2,1,1,,1,,1,,1,,1,1,13,1,1,3,190,1,2,1,1,1,1,2,1,2,3,30,1,2,2,2,2,2,2,1,2,2,2,1,5,20,1,0,0,1,0,0,1,1,0,1,1,45,1,1,2,20,2,1,15,1,5,3,3,1,1,2,3,3,1,,2,1,1,2,1,5,1,1,1,1,1
236201,1,25,3,3,1,2,1,1,1,2,,2,2,2,,,4,1,2,2,1,1,1,1,1,1,1,1,2,1,1,,2,2,2,2,2,2,2,1,3,2,1,1,30,1,2,2,2,1,1,2,2,,,,,,,,,,,,,,,,,,,,,,,,,,,,,,,,,,,1,120,2,,3,4,2,1,3,3,3,3,,1,1,2,,1,2,1,1,1,1,1
236302,1,68,2,6,2,4,1,1,2,2,,2,2,1,1,2,1,1,2,2,2,1,1,1,1,1,1,1,1,2,2,2,2,2,1,,2,2,2,1,,,,,,,,,,,,,,,,,,,,,,,,,,,2,1,1,60,1,1,1,1,0,0,1,1,0,3,,,,,,,,1,20,2,,2,3,2,1,3,3,3,1,,2,2,2,,2,,1,2,2,2,2
236403,1,12,2,5,1,2,1,1,1,2,,2,2,2,,,3,1,2,2,2,2,2,1,2,1,2,1,2,2,2,2,1,,1,,1,,2,1,,,,,,,,,,,,,,1,2,60,1,1,2,2,2,2,2,2,2,2,1,2,2,15,1,0,1,0,0,0,0,0,0,1,4,60,2,1,,,,1,30,1,3,3,3,2,1,1,3,1,1,,2,1,1,2,1,2,1,1,1,1,2
236504,2,35,8,5,4,9,2,1,1,1,1,1,1,1,1,1,4,1,2,1,1,1,1,1,1,1,1,1,2,1,1,,2,2,2,2,2,2,2,1,5,2,1,1,240,2,2,1,1,1,1,2,3,,,,,,,,,,,,,,,,,,,,,,,,,,,,,,,,,,,1,30,1,3,3,3,1,1,2,3,3,1,,1,1,1,1,1,9,1,2,2,1,1
236601,1,62,2,6,3,7,2,1,1,1,1,1,2,1,1,2,4,1,2,1,2,1,1,1,1,1,1,1,1,2,2,2,2,2,2,2,2,2,1,1,,,,,,,,,,,,,,,,,,,,,,,,,,,,,,,,,,,,,,,,,,,,,3,60,1,1,60,1,8,2,2,2,1,2,3,3,1,,2,2,2,,2,,1,1,1,1,1
236803,2,20,8,2,3,4,1,1,1,2,,1,2,1,1,2,5,1,2,2,2,1,1,1,1,1,1,1,2,1,1,,1,,2,2,2,2,1,1,2,2,1,2,50,2,1,2,1,2,2,2,4,2,3,45,2,2,2,2,2,2,1,1,2,2,,,,,,,,,,,,,,,,,,,1,20,2,1,120,1,3,3,3,2,1,1,3,3,1,,1,1,1,1,1,1,1,1,1,1,1
237001,1,30,8,1,3,4,2,1,1,2,,1,1,1,1,1,5,1,2,2,2,1,1,1,2,1,1,1,1,1,1,,2,2,1,,2,2,1,1,5,1,1,1,30,1,1,1,2,1,2,2,3,,,,,,,,,,,,,,1,2,3,20,1,0,0,0,0,1,0,1,0,1,,,,,1,120,2,1,120,2,,2,3,2,1,1,3,3,1,,2,2,2,,1,2,1,1,1,1,2
237102,1,68,8,5,2,4,1,1,1,1,1,1,2,1,1,2,2,1,2,2,1,1,1,1,1,1,1,1,2,1,1,,1,,1,,1,,2,1,3,2,1,2,60,1,2,2,1,1,2,2,3,4,2,20,1,2,2,1,2,2,2,1,2,2,1,2,7,10,1,0,0,0,1,0,0,1,0,1,5,60,1,1,,,,1,60,2,,3,4,2,1,1,3,3,1,,1,1,1,2,2,,1,1,1,1,1
237203,2,69,2,6,2,4,1,1,1,1,1,1,2,1,1,1,1,1,2,2,1,1,1,1,1,1,1,1,2,2,2,1,2,2,2,2,2,2,1,1,1,2,1,2,20,1,1,2,2,2,2,2,2,,,,,,,,,,,,,,,,,,,,,,,,,,,,,,,,3,15,1,1,60,2,,2,2,2,2,2,3,1,1,,2,2,2,,2,,1,2,2,2,2
237304,1,26,8,2,3,6,1,1,1,1,1,1,1,1,1,1,4,1,2,2,2,1,1,1,1,1,1,1,2,2,2,1,1,,2,1,2,2,1,1,9,1,1,2,60,2,1,1,2,2,2,2,1,1,5,60,1,2,2,2,2,2,2,2,1,2,2,1,1,60,1,0,1,0,0,0,0,1,0,1,,,,,2,60,1,1,90,1,6,4,4,2,1,3,3,3,1,,1,1,1,2,1,4,1,2,2,1,1
237401,1,65,2,6,2,5,1,1,1,1,1,2,2,1,1,2,3,1,2,2,1,1,1,2,1,1,1,1,1,,,,,,,,,,,,,,,,,,,,,,,,,,,,,,,,,,,,,,,,,,,,,,,,,,,,,,,,,,,,,,,,,,,,,,,,,,,,,,,,,,
237502,1,32,6,3,3,7,2,1,1,2,,1,2,1,1,1,4,1,2,2,1,1,1,1,1,1,1,1,2,1,2,2,2,2,2,2,2,2,1,1,,,,,,,,,,,,,,,,,,,,,,,,,,,,,,,,,,,,,,,,,,,,,1,30,1,1,30,2,,3,4,1,1,2,3,3,1,,1,1,2,,1,1,1,2,2,2,2
237603,1,64,2,6,2,4,1,1,1,2,,2,2,2,,,8,2,2,2,1,1,1,2,2,1,1,1,2,,,,,,,,,,,,,,,,,,,,,,,,,,,,,,,,,,,,,,,,,,,,,,,,,,,,,,,,,,,,,,,,,,,,,,,,,,,,,,,,,,
237704,2,26,6,3,5,8,1,1,1,1,1,2,2,1,1,2,7,1,2,2,1,1,1,1,1,1,1,1,2,1,1,,2,2,2,2,2,2,1,1,1,2,1,3,30,1,2,2,2,1,2,2,3,,,,,,,,,,,,,,,,,,,,,,,,,,,,,,,,3,20,2,1,30,2,,2,3,2,1,3,3,3,3,,2,2,2,,2,,1,2,1,2,2
237801,1,78,2,5,2,4,2,1,1,1,1,1,2,1,1,2,2,1,2,2,3,3,3,3,4,3,1,1,1,2,2,2,2,2,2,2,2,2,2,2,,,,,,,,,,,,,,,,,,,,,,,,,,,,,,,,,,,,,,,,,,,,,,,,,,,,,,,,,,,,6,2,2,2,,2,,1,2,2,2,2
237902,2,12,2,5,3,5,2,1,1,2,,2,2,1,1,2,3,1,2,2,2,1,1,1,2,1,1,1,2,1,1,,1,,1,,1,,1,1,8,1,1,2,60,1,1,1,1,1,1,2,3,2,2,60,1,2,2,2,1,2,2,1,2,2,2,1,3,60,1,0,0,0,0,0,0,1,0,3,2,60,2,1,2,60,1,1,120,1,5,3,3,1,1,1,3,3,1,,2,2,2,,1,1,1,1,1,1,1
238003,1,66,6,3,3,4,2,1,1,2,,1,2,1,1,2,1,1,2,2,2,1,1,1,1,1,1,1,1,1,1,,1,,1,,2,2,2,1,6,2,1,1,120,1,1,2,1,1,1,2,2,1,3,20,1,1,2,2,1,2,2,2,2,2,2,1,3,20,1,1,1,0,0,0,0,1,0,3,,,,,,,,1,90,2,,2,2,1,2,3,3,3,1,,1,1,1,2,1,2,1,1,1,1,1
238104,2,22,6,3,3,4,2,1,1,1,1,1,2,1,1,2,2,1,2,2,2,1,1,1,3,1,1,1,2,2,2,2,2,2,2,2,2,2,2,1,,,,,,,,,,,,,,,,,,,,,,,,,,,,,,,,,,,,,,,,,,,,,,,,1,240,,,,,,,,,,,1,1,1,1,1,1,2,1,2,2,1,1
238201,1,21,8,3,3,4,2,1,1,1,2,1,2,1,1,1,2,1,2,2,3,1,1,1,1,1,1,1,2,1,1,,2,2,2,2,1,,1,1,12,2,1,3,45,1,1,1,2,1,1,2,3,,,,,,,,,,,,,,,,,,,,,,,,,,,,3,45,1,1,2,60,1,1,25,2,,3,4,2,1,2,3,3,1,,2,1,2,,1,1,1,2,2,1,1
238302,2,20,8,1,5,7,3,1,1,1,3,1,1,1,1,1,4,1,2,2,1,1,1,1,1,1,1,1,2,1,1,,1,,2,2,1,,1,1,5,1,1,1,60,2,1,1,2,1,1,2,3,2,2,45,2,2,2,2,2,2,1,1,2,2,,,,,,,,,,,,,,,2,30,1,1,1,30,2,1,120,1,5,3,4,2,1,1,3,3,1,,1,1,1,1,1,1,1,1,1,1,1
238403,2,45,8,5,3,4,2,1,1,1,1,1,2,1,1,1,2,1,2,2,1,1,1,1,1,1,1,1,2,1,1,,2,1,1,,2,2,1,1,2,2,1,2,60,1,2,2,2,1,2,2,2,1,5,20,1,2,2,2,2,2,2,1,2,2,2,1,1,30,1,1,0,0,0,0,0,1,0,3,,,,,1,60,2,1,120,1,8,3,3,2,1,3,3,3,1,,1,1,1,1,1,1,1,2,2,1,1
238504,1,15,3,3,3,4,2,1,1,1,1,1,2,1,1,1,2,1,2,2,1,1,1,1,1,1,1,1,2,1,1,,2,2,2,2,1,,1,1,4,1,1,1,30,1,1,1,1,1,2,2,3,,,,,,,,,,,,,,,,,,,,,,,,,,,,2,120,1,1,1,30,1,1,60,2,,3,4,2,1,2,3,3,1,,1,1,1,2,1,2,1,1,1,1,1
238702,2,54,3,3,3,7,2,1,1,1,1,1,2,1,1,1,5,1,2,2,2,2,1,1,2,1,1,1,2,2,2,2,2,2,2,2,2,2,2,1,,,,,,,,,,,,,,,,,,,,,,,,,,,,,,,,,,,,,,,,,,,,,,,,1,30,,,,,,,,,,,3,2,2,2,,2,,1,2,2,2,2
238803,2,66,8,5,2,4,1,1,1,2,,1,2,1,1,1,1,1,2,2,2,3,2,2,2,1,1,1,1,1,1,,1,,2,2,2,2,2,1,1,2,1,3,20,1,2,2,2,1,2,2,2,10,2,60,1,2,2,1,2,2,1,1,2,2,,,,,,,,,,,,,,,,,,,,,,1,30,2,,2,3,2,1,3,3,3,3,,2,2,2,,2,,1,2,2,2,2
239001,1,22,8,3,2,4,1,1,1,1,1,2,2,1,1,2,3,1,2,2,1,1,1,1,1,1,1,1,2,1,1,,2,2,2,2,2,2,2,1,3,2,1,1,60,1,1,1,1,2,2,2,2,,,,,,,,,,,,,,,,,,,,,,,,,,,,,,,,,,,1,180,1,4,2,4,2,1,1,3,3,1,,1,1,1,2,1,1,1,2,2,2,2
239102,2,62,8,2,3,4,1,1,1,2,,2,2,1,1,1,1,1,2,2,1,1,1,1,1,1,1,1,2,1,1,,2,2,2,2,1,,2,1,2,1,1,1,60,1,2,1,2,1,2,2,3,,,,,,,,,,,,,,,,,,,,,,,,,,,,3,30,1,1,,,,1,30,2,,3,4,2,1,1,3,3,1,,1,1,1,1,1,1,1,1,1,1,1
239203,2,70,3,3,2,3,1,1,2,1,1,2,2,1,1,2,2,1,2,2,3,1,1,3,2,1,1,3,2,1,2,2,2,2,1,,2,2,2,2,,,,,,,,,,,,,,,,,,,,,,,,,,,2,1,3,30,1,0,0,0,0,1,0,1,0,3,,,,,,,,,,2,,2,2,1,2,3,3,1,1,,2,2,2,,1,1,1,2,2,2,2
239304,2,54,3,3,3,4,1,1,1,2,,1,2,1,1,2,4,1,2,2,2,1,1,2,1,1,1,1,2,2,2,2,1,,2,2,2,1,1,1,,,,,,,,,,,,,,2,4,15,1,2,2,2,2,2,2,2,1,2,,,,,,,,,,,,,,,5,20,2,1,1,60,1,1,120,1,6,4,3,2,1,2,3,1,1,,2,1,2,,2,,1,2,2,2,2
239401,2,37,8,5,2,3,1,1,1,2,,1,2,1,1,2,3,1,2,2,1,1,1,1,1,1,1,1,2,1,1,,2,2,2,2,2,2,1,1,3,1,1,1,30,1,1,2,2,1,1,2,3,,,,,,,,,,,,,,,,,,,,,,,,,,,,,,,,2,40,1,1,120,2,,4,4,2,1,1,3,3,1,,2,2,2,,2,,1,1,1,1,1
239502,2,27,8,1,2,4,1,1,1,2,,1,2,1,1,1,3,1,2,2,2,1,1,1,1,1,1,1,2,1,1,,2,2,2,1,1,,1,1,3,1,1,2,45,1,1,1,2,1,2,2,3,,,,,,,,,,,,,,1,2,2,20,1,0,0,0,1,0,0,1,0,1,4,30,1,2,1,40,1,1,180,1,5,3,3,2,1,2,3,3,1,,2,2,1,2,2,,1,1,1,1,1
239603,1,62,3,3,2,3,1,1,1,1,1,2,2,1,1,1,5,1,2,2,1,1,1,1,1,1,1,1,1,1,2,2,1,,1,,2,2,2,2,,,,,,,,,,,,,,5,2,30,1,1,2,1,2,2,2,1,2,2,2,1,7,30,1,1,1,1,1,1,1,1,0,2,,,,,,,,,,2,,2,2,2,1,2,3,3,1,,1,1,2,,1,1,1,2,2,1,1
239704,1,15,3,2,3,5,1,1,1,2,,1,1,1,1,1,3,1,2,2,2,1,1,1,2,1,1,1,2,1,1,,2,2,2,2,1,,2,1,1,2,1,2,15,1,2,2,1,2,2,2,2,,,,,,,,,,,,,,,,,,,,,,,,,,,,5,30,1,1,,,,1,120,1,3,2,3,2,1,3,3,1,1,,2,2,1,2,2,,1,1,1,1,1
239902,2,78,2,4,2,3,1,1,1,2,,2,2,1,1,1,1,1,2,2,2,2,3,3,2,1,1,1,1,1,2,2,2,2,2,2,2,2,2,1,,,,,,,,,,,,,,,,,,,,,,,,,,,,,,,,,,,,,,,,,,,,,,,,1,120,,,,,,,,,,,6,2,2,2,,2,,1,2,2,2,2
240003,2,43,6,3,3,4,1,1,1,2,,2,2,1,1,2,1,1,2,2,1,1,1,1,1,1,1,1,1,2,2,2,2,2,2,2,2,2,1,1,,,,,,,,,,,,,,,,,,,,,,,,,,,,,,,,,,,,,,,,,,,,,1,20,1,1,120,1,3,2,4,2,1,1,3,3,1,,2,2,2,,2,,1,1,1,1,1
240104,1,45,8,5,3,5,1,1,1,1,2,1,2,1,1,1,4,1,2,2,1,1,1,1,1,1,1,1,2,2,2,2,2,2,2,2,2,2,1,1,,,,,,,,,,,,,,,,,,,,,,,,,,,,,,,,,,,,,,,,,,,,,1,120,1,1,120,2,,3,4,2,1,2,3,3,1,,1,1,2,,1,1,1,2,2,1,1
240201,2,75,2,3,1,2,1,1,2,2,,2,2,1,1,1,1,1,2,2,2,1,1,1,1,1,1,1,2,2,1,,2,2,2,2,2,2,2,2,1,2,1,2,30,1,2,2,1,2,2,2,3,,,,,,,,,,,,,,,,,,,,,,,,,,,,,,,,,,,,,2,,2,2,1,2,2,3,3,1,,2,2,2,,2,,1,2,2,2,2
240302,2,67,3,3,2,3,1,1,1,1,1,1,1,1,1,2,3,1,2,2,1,1,1,1,1,1,1,1,1,1,1,,2,1,2,2,2,2,1,1,3,2,1,1,60,1,1,1,1,2,2,2,3,1,5,40,1,2,2,1,2,2,2,2,2,2,,,,,,,,,,,,,,,,,,,2,20,1,1,90,2,,3,3,1,1,2,3,3,1,,1,1,1,1,1,4,1,1,1,1,1
240403,2,24,8,5,4,7,2,1,1,2,,2,2,1,1,2,4,1,2,2,3,1,1,1,1,1,1,1,2,2,2,1,2,1,2,2,2,2,2,1,1,1,2,5,60,1,2,1,2,2,2,2,1,3,2,30,2,2,2,2,2,2,1,2,2,2,,,,,,,,,,,,,,,,,,,,,,1,120,1,6,4,3,2,1,3,3,3,1,,1,1,1,2,1,2,1,1,1,1,1
240504,2,63,0,,2,3,1,1,1,2,,2,2,1,1,2,5,1,2,2,3,1,2,2,3,1,1,1,2,,,,,,,,,,,,,,,,,,,,,,,,,,,,,,,,,,,,,,,,,,,,,,,,,,,,,,,,,,,,,,,,,,,,,,,,,,,,,,,,,,
241001,1,21,8,2,3,5,2,1,1,1,1,2,2,1,1,2,4,1,2,2,1,1,1,1,1,1,1,1,2,1,1,,2,2,2,2,2,2,1,1,2,1,2,4,60,2,2,1,2,1,2,2,1,,,,,,,,,,,,,,,,,,,,,,,,,,,,,,,,1,120,1,1,180,2,,4,4,2,1,1,3,1,1,,2,1,2,,1,5,1,2,1,1,1
241102,1,52,8,5,3,5,2,1,1,1,1,1,2,1,1,1,2,1,2,2,1,1,1,1,2,1,1,1,1,1,1,,2,2,1,,1,,1,1,1,1,2,2,60,1,2,2,2,1,2,2,3,,,,,,,,,,,,,,1,2,7,15,1,0,0,0,0,0,1,0,0,1,2,60,1,2,1,30,1,1,15,2,,3,3,2,1,2,3,3,1,,2,1,1,2,1,2,1,1,1,1,1
241304,2,40,8,5,2,4,2,1,1,1,1,1,2,1,1,1,1,1,2,2,2,1,1,1,1,1,1,1,2,1,1,,1,,2,2,2,2,1,2,2,2,1,2,60,2,2,1,2,2,1,2,3,2,3,30,1,2,2,2,1,2,1,2,2,2,,,,,,,,,,,,,,,,,,,2,10,2,,,2,,3,3,1,1,2,3,3,1,,2,1,2,,1,3,1,1,1,1,1
241401,2,20,3,3,3,5,1,1,1,1,1,1,2,1,1,1,5,1,1,2,1,1,1,1,1,1,1,1,2,2,2,2,1,,2,2,1,,1,1,,,,,,,,,,,,,,3,2,60,1,2,1,2,2,2,2,2,2,2,,,,,,,,,,,,,,,1,120,1,2,1,20,1,1,180,2,,3,3,2,1,2,3,3,3,,1,1,1,2,1,1,1,2,2,1,2
241502,1,40,8,5,2,4,1,1,1,1,1,1,2,1,1,2,2,1,2,2,1,1,1,3,1,3,1,1,2,1,1,,1,,2,2,2,2,1,2,5,2,1,1,60,1,2,2,1,2,1,2,3,1,1,10,1,2,2,2,2,2,2,1,2,2,,,,,,,,,,,,,,,,,,,1,20,1,,,2,,4,3,2,1,1,3,3,1,,2,1,2,,1,1,1,2,2,2,2
241603,2,21,8,2,1,4,1,1,1,1,1,1,2,1,1,1,2,1,2,2,1,1,1,1,1,1,1,1,2,1,1,,2,2,2,2,1,,1,1,20,1,1,1,40,1,2,1,1,1,1,2,3,,,,,,,,,,,,,,,,,,,,,,,,,,,,2,25,1,2,1,60,2,1,90,2,,4,4,1,1,1,3,3,3,,1,1,1,2,1,2,1,1,1,1,1
241704,1,50,2,3,3,7,2,1,1,1,1,1,2,1,1,2,7,1,2,2,2,1,2,2,1,1,1,1,1,1,2,2,2,2,2,2,2,2,1,1,,,,,,,,,,,,,,,,,,,,,,,,,,,,,,,,,,,,,,,,,,,,,2,30,2,1,10,1,5,2,2,2,2,1,3,1,3,,2,2,2,,2,,1,9,9,9,9
241801,1,35,7,3,1,3,1,1,1,2,,2,2,2,,,4,1,2,2,2,2,1,1,2,1,1,2,2,1,1,,2,2,2,1,2,2,1,2,2,2,1,2,60,1,2,1,2,1,1,2,4,,,,,,,,,,,,,,2,1,1,10,1,1,1,0,0,0,1,0,0,2,,,,,2,60,1,,,1,3,2,3,2,1,3,3,3,1,,2,1,1,2,1,2,1,1,1,1,1
241902,1,34,3,3,2,5,0,1,1,1,1,2,2,1,1,2,4,1,2,2,1,1,1,1,1,1,1,1,2,1,2,2,2,2,1,,1,,1,1,,,,,,,,,,,,,,,,,,,,,,,,,,,2,1,6,180,1,0,1,0,0,0,0,1,0,3,2,30,2,1,1,40,1,1,60,2,,2,3,2,2,1,3,3,1,,1,1,1,2,1,1,1,1,1,1,1
242003,1,33,6,3,2,5,1,1,1,1,1,1,2,1,1,1,3,1,2,2,2,1,1,1,1,1,1,1,2,2,2,2,2,2,2,2,2,2,1,1,,,,,,,,,,,,,,,,,,,,,,,,,,,,,,,,,,,,,,,,,,,,,2,30,1,1,120,1,8,2,2,2,1,3,3,1,1,,2,2,2,,2,,1,1,1,1,9
242104,1,56,3,3,2,4,1,1,1,1,2,1,2,1,1,2,2,1,2,2,2,2,1,1,2,1,1,1,2,2,2,2,2,2,2,2,2,2,2,1,,,,,,,,,,,,,,,,,,,,,,,,,,,,,,,,,,,,,,,,,,,,,,,,1,120,,,,,,,,,,,1,2,1,2,,2,,1,1,2,2,2
242302,2,46,3,3,3,5,1,1,2,1,1,2,2,1,1,2,3,1,2,2,1,1,1,1,1,1,1,1,2,1,2,2,1,,2,2,2,2,2,1,,,,,,,,,,,,,,1,4,10,1,2,2,2,2,1,2,2,2,2,,,,,,,,,,,,,,,,,,,,,,1,60,2,,2,3,2,2,2,3,3,1,,2,1,1,1,1,1,1,1,1,1,1
242403,2,74,3,3,1,2,1,1,2,2,,2,2,2,,,2,1,2,2,1,1,3,3,2,1,1,1,2,1,2,2,2,2,1,,2,2,2,2,,,,,,,,,,,,,,,,,,,,,,,,,,,2,1,1,10,1,0,1,0,0,0,0,1,0,3,,,,,,,,,,2,,2,1,2,2,3,3,3,1,,2,2,2,,2,,1,1,1,1,1
242504,1,56,3,3,1,3,0,2,2,2,,2,2,2,,,2,1,2,2,1,1,1,2,2,1,1,1,1,2,2,2,2,2,2,2,2,2,2,2,,,,,,,,,,,,,,,,,,,,,,,,,,,,,,,,,,,,,,,,,,,,,,,,,,,,,,,,,,,,3,2,2,2,,2,,1,2,1,2,2
242601,2,48,7,3,2,4,1,1,1,2,,2,2,1,1,2,1,1,2,2,2,1,2,2,2,1,1,2,1,2,2,2,2,2,2,2,2,2,2,1,,,,,,,,,,,,,,,,,,,,,,,,,,,,,,,,,,,,,,,,,,,,,,,,1,30,,,,,,,,,,,6,2,2,2,,2,,1,1,1,1,1
242702,2,12,2,6,2,3,1,1,2,2,,2,2,2,,,4,1,2,2,3,1,1,1,1,2,2,1,1,1,2,2,2,2,1,,2,2,2,2,,,,,,,,,,,,,,,,,,,,,,,,,,,2,1,2,30,2,0,0,0,0,1,0,0,0,3,,,,,,,,,,2,,2,3,1,2,2,3,3,1,,1,1,1,2,1,1,1,1,1,1,1
242803,2,38,11,2,3,4,1,1,1,1,1,1,1,1,1,1,4,1,2,2,1,1,1,1,1,1,1,1,2,1,1,,2,1,1,,2,2,2,1,3,1,1,2,30,2,2,1,2,2,2,2,3,1,4,30,2,2,2,2,2,2,1,2,2,2,1,2,2,30,2,0,0,0,0,1,0,0,0,1,,,,,,,,1,180,1,6,3,3,2,1,3,3,3,1,,2,2,2,,2,,1,1,1,1,1
242904,1,57,3,3,2,3,1,1,2,2,,2,2,2,,,6,1,2,2,1,2,1,1,2,1,1,1,2,2,1,,2,2,2,2,2,2,2,2,2,2,1,2,20,1,2,2,1,2,2,2,2,,,,,,,,,,,,,,,,,,,,,,,,,,,,,,,,,,,,,2,,1,3,2,2,2,3,3,1,,2,2,2,,2,,1,1,1,1,2
243001,2,20,3,3,3,5,1,1,2,1,1,2,2,1,1,2,5,1,2,2,1,1,1,1,1,1,1,1,2,2,2,2,2,2,2,2,2,2,2,1,,,,,,,,,,,,,,,,,,,,,,,,,,,,,,,,,,,,,,,,,,,,,,,,2,300,,,,,,,,,,,1,2,2,2,,1,1,1,1,1,1,9
243102,2,22,2,6,7,8,1,1,1,1,1,2,2,1,1,2,9,1,2,2,1,1,1,1,2,1,2,2,2,2,2,1,2,2,2,2,2,2,2,1,1,2,1,2,15,2,1,2,2,2,2,2,2,,,,,,,,,,,,,,,,,,,,,,,,,,,,,,,,,,,1,120,2,,2,4,2,2,2,3,3,3,,2,2,2,,2,,1,2,1,1,2
243203,2,17,3,3,2,3,1,1,1,2,,2,2,1,1,2,4,1,2,2,1,1,1,1,1,1,1,1,2,2,2,1,2,2,2,2,2,2,2,2,1,2,1,2,15,1,2,2,1,2,2,2,2,,,,,,,,,,,,,,,,,,,,,,,,,,,,,,,,,,,,,1,5,2,2,2,2,2,1,3,3,,2,1,1,2,1,1,1,1,1,1,1
243304,1,36,3,3,1,1,0,2,2,1,1,2,2,2,,,5,1,2,2,1,1,1,1,1,1,1,1,2,2,2,1,2,2,2,2,2,2,1,1,1,2,1,5,60,1,2,2,1,2,2,2,2,,,,,,,,,,,,,,,,,,,,,,,,,,,,,,,,5,15,1,5,15,2,,1,1,2,2,3,3,3,1,,2,2,2,,2,,1,1,1,1,1
243401,1,28,7,3,3,5,1,1,1,2,,2,2,1,1,2,5,1,1,2,2,1,1,1,1,1,1,1,1,1,1,,2,2,2,2,1,,1,1,8,1,2,1,120,1,2,2,2,1,1,2,1,,,,,,,,,,,,,,,,,,,,,,,,,,,,3,40,1,2,1,120,1,1,120,2,,4,4,2,1,2,3,3,1,,1,1,1,2,1,1,1,1,1,1,1
243502,2,60,8,5,2,3,1,1,1,1,1,1,2,1,1,1,3,1,2,2,1,1,1,1,1,1,1,1,2,2,2,2,2,2,2,2,2,2,2,1,,,,,,,,,,,,,,,,,,,,,,,,,,,,,,,,,,,,,,,,,,,,,,,,1,120,,,,,,,,,,,2,2,2,2,,2,,1,2,2,2,2
243603,2,28,2,6,1,1,0,1,1,2,,2,2,1,2,2,4,1,2,2,2,1,1,2,2,1,1,1,2,1,1,,2,2,2,2,2,2,1,1,4,2,1,2,30,1,2,2,2,1,2,2,3,,,,,,,,,,,,,,,,,,,,,,,,,,,,,,,,2,8,1,1,80,2,,3,3,2,2,3,3,3,1,,2,2,2,,2,,1,1,1,2,2
243704,2,16,6,1,2,4,2,1,1,2,,1,2,1,1,1,4,1,2,1,1,1,1,1,2,1,1,1,1,1,1,,2,2,2,2,2,2,1,1,1,2,1,2,30,1,2,2,2,1,2,2,3,,,,,,,,,,,,,,,,,,,,,,,,,,,,,,,,2,25,2,1,180,1,5,3,2,2,1,2,3,3,1,,2,2,2,,2,,1,2,2,2,2
243801,1,74,0,,1,2,0,2,2,1,1,2,2,2,,,1,1,2,2,1,1,1,1,1,1,1,1,2,,,,,,,,,,,,,,,,,,,,,,,,,,,,,,,,,,,,,,,,,,,,,,,,,,,,,,,,,,,,,,,,,,,,,,,,,,,,,,,,,,
243902,1,21,8,1,2,2,1,1,2,2,,1,2,1,1,2,3,1,2,2,1,1,1,1,1,1,1,1,2,1,1,,2,2,2,2,2,2,1,1,2,1,2,2,60,1,1,1,1,2,2,2,1,,,,,,,,,,,,,,,,,,,,,,,,,,,,,,,,2,60,1,2,60,1,2,3,2,1,1,2,3,3,1,,1,1,1,1,1,1,1,1,2,1,1
244003,2,38,3,3,2,5,1,1,1,2,,2,2,1,2,2,3,1,2,2,1,1,1,1,1,1,1,1,2,2,2,1,2,2,2,1,2,2,2,1,2,2,1,2,30,1,1,2,1,2,2,2,3,,,,,,,,,,,,,,2,1,1,20,1,0,0,1,0,0,0,0,0,2,,,,,,,,1,30,2,,3,4,2,1,1,3,3,1,,1,2,2,,1,1,1,1,1,1,1
244104,1,51,2,6,2,4,1,1,1,1,2,2,2,1,1,2,2,1,2,2,1,1,1,1,1,1,1,1,2,2,2,2,2,2,2,2,2,2,1,1,,,,,,,,,,,,,,,,,,,,,,,,,,,,,,,,,,,,,,,,,,,,,1,60,1,1,120,2,,3,1,2,1,2,3,3,1,,2,2,2,,2,,1,2,9,9,9
244201,1,32,8,5,1,2,1,1,2,1,1,2,2,1,1,1,1,1,2,2,1,1,1,1,2,1,1,1,2,2,2,2,2,2,2,2,2,2,1,1,,,,,,,,,,,,,,,,,,,,,,,,,,,,,,,,,,,,,,,,,,,,,1,30,2,1,30,2,,3,3,2,2,2,3,1,1,,1,1,1,2,1,1,1,1,1,1,1
244302,1,78,2,6,3,5,1,1,1,1,1,1,2,1,1,2,3,1,2,2,1,1,1,1,1,1,1,1,2,2,2,2,2,2,2,2,2,2,1,1,,,,,,,,,,,,,,,,,,,,,,,,,,,,,,,,,,,,,,,,,,,,,1,30,1,1,30,2,,1,2,2,1,2,3,1,3,,2,2,2,,2,,1,2,1,2,2
244403,2,69,3,1,1,3,1,1,1,1,1,2,2,2,,,2,1,2,2,1,1,1,2,1,1,1,1,2,2,2,2,2,2,2,2,2,2,2,1,,,,,,,,,,,,,,,,,,,,,,,,,,,,,,,,,,,,,,,,,,,,,,,,1,5,,,,,,,,,,,1,2,2,2,,2,,1,1,9,9,9
244504,1,20,6,3,2,4,1,1,1,1,1,2,2,1,1,2,4,1,2,2,1,1,1,1,1,1,1,1,2,2,2,2,2,2,2,2,2,2,2,1,,,,,,,,,,,,,,,,,,,,,,,,,,,,,,,,,,,,,,,,,,,,,,,,1,120,,,,,,,,,,,1,2,2,2,,1,1,1,1,1,1,2
244601,2,15,3,3,2,3,1,1,1,1,1,1,2,1,1,2,5,1,2,2,1,1,1,1,1,1,1,1,2,1,1,,2,2,2,2,1,,1,1,5,1,1,2,60,1,2,1,2,1,2,2,1,,,,,,,,,,,,,,,,,,,,,,,,,,,,3,120,1,2,2,60,1,2,120,2,,2,3,2,1,1,3,3,1,,2,2,2,,2,,1,1,1,1,1
244702,2,34,8,5,3,4,1,1,1,1,1,1,2,2,,,4,1,2,2,2,1,1,1,1,1,1,1,1,2,2,1,2,2,2,2,2,2,2,1,3,2,1,1,20,2,2,1,1,2,1,2,2,,,,,,,,,,,,,,,,,,,,,,,,,,,,,,,,,,,1,180,2,,2,3,1,1,1,3,3,1,,2,2,2,,2,,1,9,1,1,1
244803,2,70,2,6,3,3,1,1,1,2,,2,2,1,1,2,5,1,2,2,1,1,1,1,1,1,1,1,2,2,2,2,2,2,2,2,2,2,2,2,,,,,,,,,,,,,,,,,,,,,,,,,,,,,,,,,,,,,,,,,,,,,,,,,,,,,,,,,,,,1,2,1,2,,2,,1,2,2,2,2
244904,1,57,8,5,4,7,2,1,1,1,1,1,2,1,1,1,3,1,2,2,1,1,1,1,1,1,1,1,2,1,1,,2,2,2,2,2,2,1,1,3,2,1,1,60,2,2,1,2,2,1,2,3,,,,,,,,,,,,,,,,,,,,,,,,,,,,,,,,2,240,2,2,15,2,,3,4,2,1,2,3,3,1,,2,2,2,,2,,1,2,1,2,2
245001,2,46,3,3,1,3,1,1,1,2,,1,1,1,1,1,3,1,2,2,3,1,1,1,2,1,1,1,1,1,1,,1,,2,2,2,1,1,1,10,1,1,1,60,1,1,1,1,1,1,2,2,5,2,30,1,1,1,1,1,1,1,2,2,2,,,,,,,,,,,,,,,2,60,1,2,1,30,1,2,20,2,,3,3,2,1,2,3,3,1,,2,1,2,,1,1,1,2,1,1,1
245102,1,14,3,1,2,3,1,1,1,2,,1,2,1,1,1,4,1,2,2,1,1,1,1,2,1,1,1,2,1,1,,2,2,2,2,2,2,1,1,5,2,1,1,40,2,2,1,2,1,1,2,2,,,,,,,,,,,,,,,,,,,,,,,,,,,,,,,,1,60,1,1,180,1,7,2,2,1,1,1,3,1,3,,2,2,2,,1,1,1,1,1,1,1
245203,2,76,0,,2,3,1,1,1,2,,2,2,2,,,1,1,2,2,3,2,2,2,2,1,1,2,1,,,,,,,,,,,,,,,,,,,,,,,,,,,,,,,,,,,,,,,,,,,,,,,,,,,,,,,,,,,,,,,,,,,,,,,,,,,,,,,,,,
245304,2,81,0,,1,3,0,1,1,2,,2,2,2,,,1,1,2,2,3,2,2,2,2,1,1,1,1,,,,,,,,,,,,,,,,,,,,,,,,,,,,,,,,,,,,,,,,,,,,,,,,,,,,,,,,,,,,,,,,,,,,,,,,,,,,,,,,,,
245401,1,20,8,1,3,4,1,1,1,2,,2,2,1,1,1,4,1,2,2,2,2,1,1,2,1,1,2,2,1,1,,2,1,2,2,1,,1,1,4,1,2,1,90,2,1,1,2,1,1,2,1,6,2,45,1,2,2,2,1,1,1,1,2,2,,,,,,,,,,,,,,,2,90,1,2,2,120,1,1,30,2,,3,3,1,1,1,3,1,1,,2,2,2,,1,1,1,2,2,2,2
245502,1,38,6,3,2,3,1,1,1,2,,2,2,1,1,2,4,1,2,2,1,1,1,1,1,1,1,1,1,1,1,,1,,1,,2,2,1,1,1,2,1,5,30,1,2,1,1,1,1,2,2,1,5,40,2,1,1,1,2,2,2,2,2,2,1,2,3,20,2,1,0,0,1,1,0,1,0,1,,,,,1,15,2,1,20,1,6,2,3,1,1,1,3,3,1,,1,1,1,1,1,1,1,1,1,1,1
245603,2,71,2,3,1,2,1,1,1,2,,1,2,1,1,2,2,1,2,2,2,1,2,3,2,1,1,1,2,2,2,2,2,2,2,2,2,2,2,2,,,,,,,,,,,,,,,,,,,,,,,,,,,,,,,,,,,,,,,,,,,,,,,,,,,,,,,,,,,,1,2,2,2,,2,,1,2,2,2,2
245704,2,13,2,6,2,3,2,1,1,1,1,1,2,1,1,2,4,1,2,2,1,1,1,1,1,1,1,1,2,1,1,,2,1,2,2,2,2,1,1,2,2,1,2,30,1,2,2,2,1,1,2,3,3,4,20,1,2,2,2,2,2,1,2,1,2,,,,,,,,,,,,,,,,,,,3,20,1,1,90,2,,2,4,2,1,3,3,3,1,,2,1,2,,1,1,1,1,1,1,1
245801,2,37,3,3,1,3,1,1,1,2,,2,2,1,1,1,1,1,2,2,1,1,1,1,1,1,1,1,2,1,2,1,1,,1,,1,,2,1,1,2,1,2,30,1,1,2,2,2,2,2,2,4,2,60,1,2,2,2,2,2,2,2,1,2,2,1,3,15,1,0,0,1,0,1,0,0,0,3,3,30,2,1,,,,1,10,2,,2,4,2,1,2,3,3,1,,1,1,1,1,2,,1,1,1,1,1
245902,2,17,6,2,1,1,1,1,1,2,,2,2,1,1,2,2,1,2,2,1,1,1,1,1,1,2,1,2,1,2,2,1,,2,2,2,2,2,1,,,,,,,,,,,,,,1,2,60,1,2,2,2,2,1,2,2,2,2,,,,,,,,,,,,,,,,,,,,,,2,120,1,5,3,2,2,1,1,3,3,1,,2,2,2,,2,,1,1,1,1,1
246003,1,29,0,,2,3,1,1,1,2,,2,2,1,1,2,3,1,2,2,1,1,1,1,1,1,1,1,2,2,2,1,2,2,1,,2,2,2,1,1,2,1,1,5,2,1,1,2,2,2,2,2,,,,,,,,,,,,,,2,1,3,5,1,0,0,0,0,0,0,1,0,3,,,,,,,,1,10,2,,1,4,2,1,1,3,1,1,,2,1,2,,2,,2,,,,
246104,1,43,3,3,2,3,2,1,1,1,1,1,2,1,1,1,3,1,2,2,1,1,1,1,1,1,1,1,2,2,2,1,2,2,2,2,2,2,2,1,1,2,1,2,20,2,2,1,2,2,2,2,1,,,,,,,,,,,,,,,,,,,,,,,,,,,,,,,,,,,1,30,2,,1,2,2,1,3,3,3,1,,2,1,1,2,1,1,1,9,1,1,1
246201,1,55,6,3,2,3,1,1,1,1,2,2,2,1,1,2,3,1,2,2,1,1,1,1,3,1,1,1,2,1,1,,2,2,2,2,2,2,2,1,1,1,1,1,10,2,2,2,1,2,2,2,2,,,,,,,,,,,,,,,,,,,,,,,,,,,,,,,,,,,1,10,2,,2,2,1,2,3,3,2,1,,2,2,2,,2,,1,2,2,1,2
246302,1,32,3,3,1,2,1,1,2,1,1,2,2,1,1,2,1,1,2,2,1,1,1,1,1,1,1,1,2,1,2,1,2,2,2,2,2,2,1,1,5,1,2,1,5,2,1,2,2,2,2,2,1,,,,,,,,,,,,,,,,,,,,,,,,,,,,,,,,2,20,2,1,30,2,,3,3,1,1,2,3,3,1,,2,1,1,2,1,1,1,1,1,1,1
246504,2,40,3,3,3,4,1,1,1,2,,2,2,1,1,2,4,1,2,2,2,1,1,1,1,1,1,1,1,1,1,,1,,2,2,1,,1,1,3,1,1,4,30,1,1,1,1,1,1,2,1,1,2,40,1,2,2,1,2,1,2,2,1,2,,,,,,,,,,,,,,,1,20,1,2,1,15,1,1,20,2,,2,3,1,1,2,3,1,1,,2,2,1,2,2,,1,1,1,1,1
246601,2,22,8,4,3,5,2,1,1,1,1,1,2,1,1,2,3,1,2,2,1,1,1,1,2,1,1,1,2,1,1,,2,1,2,1,2,2,1,1,4,1,2,3,300,1,2,1,2,2,1,2,1,4,2,120,2,2,2,2,2,2,1,2,2,2,1,2,1,60,1,0,0,0,0,1,0,0,0,1,,,,,1,120,1,1,240,2,,2,4,2,1,2,3,3,1,,2,1,1,2,1,2,1,1,1,1,1
246702,2,61,3,3,1,2,1,1,1,2,,2,2,1,1,2,2,1,2,2,1,1,1,1,1,1,1,1,2,2,2,2,2,2,2,2,2,2,2,1,,,,,,,,,,,,,,,,,,,,,,,,,,,,,,,,,,,,,,,,,,,,,,,,1,10,,,,,,,,,,,2,2,2,2,,2,,1,2,2,2,2
246904,2,53,8,5,1,5,1,1,1,2,,2,2,1,1,1,2,1,2,2,2,1,1,1,2,1,1,1,2,1,1,,2,2,2,1,1,,1,1,5,1,2,2,60,1,1,1,1,1,1,2,1,,,,,,,,,,,,,,1,2,3,10,1,1,0,0,0,0,0,0,0,1,1,30,1,2,2,120,2,1,30,2,,1,2,1,1,2,3,3,1,,2,1,1,1,1,1,1,2,1,1,1
247001,2,33,3,3,3,5,3,1,1,1,2,2,2,1,1,2,7,1,2,2,1,1,1,1,1,1,1,1,2,1,2,1,2,2,2,2,2,1,1,1,6,1,1,2,30,2,1,2,2,2,2,2,1,,,,,,,,,,,,,,,,,,,,,,,,,,,,5,5,1,2,5,10,1,1,15,2,,2,4,2,1,2,3,3,1,,2,2,2,,2,,1,1,1,1,1
247203,2,39,10,2,3,5,2,1,1,1,2,1,2,1,1,1,2,1,2,2,1,1,1,1,2,1,1,1,2,1,1,,2,1,2,1,2,2,1,1,3,1,2,2,120,1,2,1,1,2,1,2,1,3,2,40,1,2,1,1,1,2,1,1,1,2,1,2,7,30,1,1,1,1,1,1,1,1,0,1,,,,,1,45,1,1,60,2,,2,3,2,1,1,3,3,1,,2,2,2,,2,,1,2,1,2,2
247304,1,64,2,2,2,4,1,1,1,2,,1,2,1,1,2,3,1,2,2,2,1,1,2,1,1,1,1,2,2,2,2,2,2,2,2,2,2,2,2,,,,,,,,,,,,,,,,,,,,,,,,,,,,,,,,,,,,,,,,,,,,,,,,,,,,,,,,,,,,1,2,2,2,,2,,1,2,2,9,9
247401,2,51,6,3,3,5,2,1,1,1,2,2,2,1,1,2,3,1,2,2,1,1,1,1,1,1,1,1,2,2,2,1,2,2,2,2,2,2,1,1,2,2,1,5,60,1,2,2,1,2,2,2,3,,,,,,,,,,,,,,,,,,,,,,,,,,,,,,,,5,20,1,1,120,2,,2,4,1,1,2,3,3,1,,2,2,2,,2,,1,9,1,1,1
247502,2,12,2,6,3,4,2,1,1,1,2,1,1,1,1,1,4,1,2,2,1,1,1,1,1,1,1,1,2,1,1,,2,2,2,2,2,1,1,1,1,2,1,2,30,1,2,2,2,1,2,2,3,,,,,,,,,,,,,,,,,,,,,,,,,,,,5,15,1,2,2,5,1,1,5,2,,2,3,1,2,1,3,3,1,,2,1,1,2,1,1,1,2,1,1,2
247603,2,28,8,5,2,6,2,1,2,2,,1,2,1,1,2,2,1,2,2,1,1,1,1,1,1,1,1,2,1,1,,2,2,2,2,2,2,1,1,25,2,1,1,60,1,2,1,1,1,1,2,3,,,,,,,,,,,,,,,,,,,,,,,,,,,,,,,,2,60,1,1,30,2,,3,3,2,1,1,3,3,1,,2,1,1,1,2,,1,2,1,2,2
247801,2,72,5,3,3,4,1,1,1,2,,1,2,1,1,1,1,1,2,2,1,1,1,2,1,1,1,1,1,1,1,,2,2,2,2,2,2,1,1,1,2,1,2,45,1,2,2,1,2,1,2,3,,,,,,,,,,,,,,,,,,,,,,,,,,,,,,,,5,15,1,1,15,2,,2,4,2,1,3,3,3,1,,2,1,2,,1,2,1,2,2,2,2
248104,2,28,10,2,4,10,2,1,1,1,2,1,1,1,1,1,4,1,2,2,1,1,1,1,1,1,1,1,2,1,1,,1,,1,,2,2,1,1,24,2,1,1,60,1,2,1,2,1,1,2,3,15,1,120,2,2,2,2,2,2,1,2,2,2,2,1,7,20,1,1,1,1,1,1,1,1,0,3,,,,,5,60,2,1,60,1,3,4,3,1,1,3,3,3,1,,1,2,2,,1,5,1,1,1,1,1
248201,2,75,2,6,2,4,1,1,1,2,,2,2,1,1,2,1,1,2,2,2,1,2,1,1,1,1,1,1,2,2,2,2,2,2,2,2,2,2,2,,,,,,,,,,,,,,,,,,,,,,,,,,,,,,,,,,,,,,,,,,,,,,,,,,,,,,,,,,,,1,2,2,2,,2,,1,2,2,2,2
248302,2,95,2,6,3,4,1,1,2,2,,2,2,1,1,2,1,1,2,2,2,1,1,2,1,2,1,2,2,2,2,2,2,2,2,2,2,2,2,2,,,,,,,,,,,,,,,,,,,,,,,,,,,,,,,,,,,,,,,,,,,,,,,,,,,,,,,,,,,,6,2,2,2,,2,,1,2,2,2,2
248403,2,94,2,6,3,6,1,1,1,1,1,2,2,1,1,2,3,1,2,2,1,3,1,1,3,3,3,3,2,1,2,2,2,2,2,2,2,2,2,2,,,,,,,,,,,,,,,,,,,,,,,,,,,,,,,,,,,,,,,,,,,,,,,,,,,,,,,,,,,,9,2,2,2,,2,,1,1,1,1,1
248504,1,66,10,2,6,6,1,1,1,1,1,2,2,1,1,2,1,1,2,2,1,1,1,1,1,1,1,1,1,1,1,,1,,1,,2,2,2,2,3,1,1,2,50,2,2,1,2,1,1,2,3,2,2,60,1,1,2,1,1,2,1,2,2,2,1,2,2,60,1,0,1,0,0,0,0,0,0,1,,,,,,,,,,1,6,2,3,1,1,2,3,3,1,,1,1,1,1,1,5,1,1,1,1,1
248601,1,57,8,5,3,4,2,1,1,1,2,1,2,1,1,1,5,1,2,2,1,1,1,1,1,1,1,1,1,1,1,,1,,2,2,1,,1,1,1,2,1,2,120,1,2,2,2,1,1,2,3,1,4,60,1,1,1,2,2,2,1,2,2,2,,,,,,,,,,,,,,,5,30,1,2,5,60,1,1,120,1,5,2,4,1,1,2,3,3,1,,2,2,1,2,1,1,1,1,1,1,1
248702,1,33,10,2,2,4,1,1,1,2,,1,2,1,1,1,1,1,2,2,2,1,3,1,1,2,1,1,2,1,2,1,1,,1,,2,2,1,1,50,1,1,2,15,2,2,1,2,2,1,2,2,2,4,10,1,1,1,1,2,2,2,1,2,2,1,2,1,5,1,0,1,0,0,1,0,0,0,1,,,,,1,60,1,1,60,1,4,3,3,2,1,1,3,3,1,,2,2,1,2,1,1,1,2,2,1,1
248904,2,39,8,5,3,6,2,1,1,1,1,1,2,1,1,1,3,1,2,2,1,1,1,1,1,1,1,1,2,1,1,,2,2,2,2,2,2,1,1,2,2,1,2,30,1,1,1,2,1,1,2,4,,,,,,,,,,,,,,,,,,,,,,,,,,,,,,,,3,30,1,2,60,2,,2,3,2,1,2,3,3,1,,2,1,1,2,1,1,1,1,1,1,1
249001,1,32,6,3,4,5,2,1,1,2,,1,1,1,1,2,6,1,2,2,1,1,1,1,1,1,1,1,2,1,2,2,1,,2,2,2,2,1,1,,,,,,,,,,,,,,1,4,5,1,1,1,2,2,2,1,2,2,2,,,,,,,,,,,,,,,,,,,2,30,1,1,30,1,6,1,2,2,2,1,3,1,1,,2,1,2,,1,1,1,2,1,1,1
249102,2,40,6,3,2,2,1,1,1,2,,2,2,1,1,2,3,1,2,2,1,1,1,1,1,1,1,1,2,1,2,1,2,2,2,2,2,2,1,1,3,1,1,3,5,1,1,2,2,1,1,2,4,,,,,,,,,,,,,,,,,,,,,,,,,,,,,,,,1,10,1,1,180,1,6,2,2,1,1,1,3,1,1,,2,1,2,,1,1,1,2,1,1,2
249203,1,35,8,5,2,5,2,1,1,1,1,1,2,1,1,2,3,1,2,2,1,1,1,1,1,1,1,1,2,1,1,,2,2,2,2,2,2,1,1,1,2,1,3,40,1,2,2,2,1,2,2,3,,,,,,,,,,,,,,,,,,,,,,,,,,,,,,,,2,30,1,1,120,2,,3,3,2,1,2,3,3,1,,2,1,1,2,1,5,1,1,1,1,1
249401,1,54,3,3,2,3,1,1,1,2,,2,2,2,,,1,1,2,2,1,1,1,2,1,1,1,1,2,2,2,2,2,2,2,2,2,2,1,1,,,,,,,,,,,,,,,,,,,,,,,,,,,,,,,,,,,,,,,,,,,,,5,10,1,1,20,1,3,3,3,2,1,2,3,3,1,,2,2,2,,2,,1,1,1,1,1
249502,1,64,8,1,2,3,1,2,2,2,,2,2,2,,,1,1,2,2,1,2,2,2,2,1,1,1,2,1,2,1,2,2,2,2,2,2,2,1,10,1,2,1,240,2,2,2,1,2,1,2,1,,,,,,,,,,,,,,,,,,,,,,,,,,,,,,,,,,,1,240,2,,4,3,1,1,1,3,3,1,,1,1,1,2,1,2,1,2,2,2,2
249603,2,77,8,5,2,4,1,1,1,1,1,1,2,1,1,2,2,1,2,2,1,2,1,1,2,1,1,1,2,1,1,,1,,2,2,1,,1,1,24,2,1,1,30,1,2,2,1,1,1,2,3,4,1,20,1,2,2,1,2,1,2,1,2,2,,,,,,,,,,,,,,,4,20,2,1,3,15,1,1,60,2,,4,4,2,1,1,3,3,1,,1,1,1,2,1,1,1,1,1,1,1
249704,2,22,6,3,3,4,1,1,1,1,2,1,2,1,1,1,4,1,2,2,1,1,1,1,1,1,1,1,2,1,1,,2,2,2,2,2,2,1,1,3,2,1,2,60,2,2,1,2,1,2,2,1,,,,,,,,,,,,,,,,,,,,,,,,,,,,,,,,1,30,1,1,300,2,,2,3,2,1,2,3,3,1,,2,1,1,2,1,1,1,2,1,1,1
249801,2,63,8,5,1,2,1,2,2,2,,2,2,2,,,1,1,2,2,1,1,1,1,1,1,1,1,2,2,1,,2,2,2,1,2,2,2,2,3,2,1,3,60,1,2,1,1,1,1,2,3,,,,,,,,,,,,,,1,2,4,60,1,0,0,1,0,1,1,1,0,1,,,,,,,,,,2,,2,3,2,1,3,3,3,1,,1,2,1,2,1,5,1,1,1,1,2
249902,1,25,7,3,3,4,1,1,1,2,,2,2,1,1,2,3,1,2,2,1,1,1,1,1,1,1,1,2,2,2,1,2,1,2,2,2,2,2,1,4,1,2,2,120,1,2,1,2,2,2,2,3,5,1,60,1,2,2,2,2,2,2,1,2,2,,,,,,,,,,,,,,,,,,,,,,1,60,2,,2,4,2,1,2,3,3,1,,2,1,1,2,1,2,1,1,1,1,9
250003,2,66,10,2,2,4,2,1,1,1,1,1,2,1,1,2,1,1,2,2,1,1,1,1,2,1,1,1,2,2,1,,2,2,2,1,2,2,2,2,4,2,1,1,90,1,2,1,2,1,2,2,3,,,,,,,,,,,,,,1,2,2,45,2,1,0,0,0,0,0,0,0,1,,,,,,,,,,2,,1,3,2,1,2,3,3,1,,2,1,2,,1,2,1,2,2,2,2
250201,2,64,5,3,3,6,2,1,1,2,,1,2,1,1,2,3,2,2,2,2,1,1,1,1,1,1,1,2,1,1,,2,2,1,,2,2,1,2,2,2,1,2,45,1,2,2,2,1,1,2,3,,,,,,,,,,,,,,2,1,3,30,1,0,1,0,0,1,0,0,0,3,,,,,1,15,1,,,2,,2,1,1,1,3,3,3,1,,1,1,1,1,1,1,1,9,2,2,2
250302,2,80,8,5,1,3,1,1,1,2,,2,1,1,1,2,1,1,2,2,2,1,1,1,1,1,1,1,2,1,1,,2,2,2,2,2,2,1,1,4,2,1,1,60,1,2,2,1,1,1,2,2,,,,,,,,,,,,,,,,,,,,,,,,,,,,,,,,1,60,1,1,30,2,,1,3,2,1,2,3,3,1,,2,2,2,,2,,1,2,1,1,1
250601,2,60,8,5,6,8,2,1,1,1,3,1,1,1,1,1,6,2,2,2,1,1,1,1,1,1,1,1,1,1,1,,1,,2,2,2,2,1,1,2,2,1,2,60,1,2,2,1,2,1,2,3,1,5,120,2,2,2,1,2,2,2,2,2,2,,,,,,,,,,,,,,,,,,,2,30,1,2,30,2,,2,4,1,1,1,3,3,1,,2,1,1,2,1,1,1,1,1,1,1
250702,2,59,2,6,4,8,3,1,1,1,1,2,2,1,1,2,7,2,2,2,1,2,1,1,1,1,1,1,2,2,2,2,2,2,2,2,2,2,2,2,,,,,,,,,,,,,,,,,,,,,,,,,,,,,,,,,,,,,,,,,,,,,,,,,,,,,,,,,,,,1,2,2,2,,2,,1,1,1,1,9
250803,2,24,3,3,2,3,1,1,1,2,,2,2,1,1,2,4,1,2,2,1,1,1,1,1,1,1,1,1,1,1,,1,,2,2,2,2,1,1,2,2,1,4,120,1,2,2,2,1,2,2,3,1,5,15,1,2,2,2,2,2,2,2,1,2,,,,,,,,,,,,,,,,,,,1,60,1,1,60,2,,4,4,2,1,2,3,3,1,,2,1,1,2,1,1,1,1,1,1,1
250904,1,16,6,1,3,4,1,1,1,2,,1,2,1,1,2,4,1,2,2,1,2,1,1,2,1,2,1,2,2,2,1,2,2,2,1,1,,1,1,16,1,2,1,5,1,2,1,1,2,1,2,1,,,,,,,,,,,,,,1,2,1,30,1,0,0,0,0,0,0,1,0,1,1,90,1,2,1,10,1,5,3,2,,3,3,2,1,2,3,3,3,,2,1,1,2,1,2,1,2,1,2,2
251001,2,34,6,1,2,4,2,1,1,1,2,2,2,1,1,1,3,1,2,2,1,1,2,1,1,1,1,1,1,1,2,1,1,,2,2,2,1,1,1,2,2,1,5,10,1,1,2,2,2,2,2,2,1,5,15,1,2,2,1,1,2,2,2,2,2,,,,,,,,,,,,,,,5,15,1,1,3,15,1,1,60,2,,3,3,2,2,3,3,3,1,,2,2,2,,2,,1,1,1,1,1
251102,2,77,2,4,2,3,1,1,1,2,,2,2,2,,,1,1,2,2,2,1,1,1,1,1,1,1,1,1,2,2,2,2,2,2,2,2,2,2,,,,,,,,,,,,,,,,,,,,,,,,,,,,,,,,,,,,,,,,,,,,,,,,,,,,,,,,,,,,6,2,1,1,1,2,,1,1,1,2,2
251203,2,31,2,5,1,2,1,2,2,2,,2,2,2,,,4,1,2,2,1,1,1,1,1,1,1,1,1,1,1,,2,2,2,2,2,2,2,1,8,2,1,1,120,2,1,1,2,2,2,2,3,,,,,,,,,,,,,,,,,,,,,,,,,,,,,,,,,,,1,10,2,,2,1,2,2,3,3,3,2,,2,2,1,1,1,1,1,2,2,2,2
251304,2,27,6,1,1,2,0,1,2,2,,2,2,2,,,3,1,2,2,1,2,1,1,2,1,1,1,1,1,2,1,2,1,2,2,2,1,1,1,3,1,1,5,10,1,1,1,1,1,1,2,4,1,5,10,2,2,2,1,1,1,2,2,2,2,,,,,,,,,,,,,,,5,5,1,2,5,5,1,1,60,2,,3,3,2,1,1,3,3,1,,2,1,1,1,2,,1,1,1,2,1
251401,2,34,2,2,4,4,1,1,1,1,1,2,2,1,1,2,5,1,2,2,1,2,1,1,2,1,1,1,1,2,2,1,2,2,2,2,2,2,2,1,3,2,1,3,20,1,2,2,1,1,2,2,2,,,,,,,,,,,,,,,,,,,,,,,,,,,,,,,,,,,1,240,2,,2,2,2,2,1,3,3,3,,2,1,2,,2,,1,1,1,1,1
251502,2,70,2,6,2,4,1,1,2,2,,2,2,2,,,5,2,2,2,2,1,1,1,1,1,1,1,2,2,2,2,2,2,2,2,1,,2,2,,,,,,,,,,,,,,,,,,,,,,,,,,,,,,,,,,,,,,,,,5,10,1,2,,,,,,2,,3,4,2,2,3,3,3,1,,2,1,1,2,1,2,1,2,1,1,1
251603,1,72,0,,1,2,1,1,2,2,,2,2,2,,,2,1,2,2,1,1,1,2,1,1,1,1,1,,,,,,,,,,,,,,,,,,,,,,,,,,,,,,,,,,,,,,,,,,,,,,,,,,,,,,,,,,,,,,,,,,,,,,,,,,,,,,,,,,
251704,2,18,6,2,3,6,2,1,1,1,1,1,2,2,,,4,1,2,2,1,1,1,1,1,1,1,1,2,2,2,1,2,2,2,2,2,2,2,1,6,1,2,1,30,2,2,1,2,2,2,2,1,,,,,,,,,,,,,,,,,,,,,,,,,,,,,,,,,,,1,60,1,5,2,2,2,1,2,3,3,1,,2,1,2,,1,1,1,1,1,1,1
251801,2,66,0,,5,5,0,1,1,2,,2,2,1,1,2,5,2,2,2,2,1,1,2,1,1,1,1,2,,,,,,,,,,,,,,,,,,,,,,,,,,,,,,,,,,,,,,,,,,,,,,,,,,,,,,,,,,,,,,,,,,,,,,,,,,,,,,,,,,
252104,1,44,6,3,2,3,1,1,2,2,,2,2,1,1,2,4,1,2,2,1,1,1,1,1,1,1,1,2,2,2,1,2,2,2,2,1,,2,1,9,2,1,3,120,2,1,1,2,2,1,2,2,,,,,,,,,,,,,,,,,,,,,,,,,,,,2,30,1,2,,,,1,30,2,,2,3,2,1,2,3,3,3,,1,2,1,2,2,,1,1,1,1,1
252201,2,69,3,3,2,4,1,1,1,2,,2,2,2,,,1,1,2,2,1,1,2,3,2,1,1,2,1,2,2,2,1,,2,2,2,2,2,2,,,,,,,,,,,,,,1,1,20,1,2,2,2,2,1,2,2,2,2,,,,,,,,,,,,,,,,,,,,,,,,2,,3,2,2,2,2,3,1,3,,2,2,2,,2,,1,1,1,1,1
252302,2,31,10,1,3,6,1,1,1,1,3,1,1,1,1,1,3,1,2,2,1,1,1,1,1,1,1,1,2,1,1,,2,1,2,2,2,2,1,1,6,2,1,3,60,1,2,1,1,1,2,2,3,10,2,30,1,2,2,2,1,2,2,2,2,2,,,,,,,,,,,,,,,,,,,3,60,1,1,60,2,,3,3,2,1,2,3,3,1,,1,1,1,1,1,4,1,2,2,2,1
252504,2,72,2,6,3,4,2,1,1,1,1,2,2,1,1,2,1,1,2,2,1,2,1,2,1,1,1,1,2,2,1,,2,2,2,2,2,2,2,2,1,2,1,1,10,1,2,2,1,2,2,2,3,,,,,,,,,,,,,,,,,,,,,,,,,,,,,,,,,,,,,2,,1,2,1,2,3,3,3,3,,2,1,2,,2,,1,2,1,2,2
252601,2,69,2,6,3,4,1,1,1,2,,1,2,1,1,2,4,1,2,2,3,1,3,2,2,1,1,2,2,2,2,2,2,2,2,2,2,2,2,2,,,,,,,,,,,,,,,,,,,,,,,,,,,,,,,,,,,,,,,,,,,,,,,,,,,,,,,,,,,,6,2,2,2,,2,,1,2,2,2,2
252702,1,70,6,3,1,3,1,1,1,2,,2,2,2,,,1,1,2,2,1,1,1,1,1,1,1,1,2,2,2,2,2,2,1,,2,2,2,2,,,,,,,,,,,,,,,,,,,,,,,,,,,2,1,2,20,1,1,0,0,0,0,0,0,0,3,,,,,,,,,,2,,1,2,1,2,2,3,3,1,,1,1,1,1,1,1,1,9,9,9,9
252803,1,66,5,3,1,2,8,1,1,1,1,2,2,2,,,1,1,2,2,1,3,1,2,2,1,1,1,2,2,2,2,2,2,2,2,2,2,2,1,,,,,,,,,,,,,,,,,,,,,,,,,,,,,,,,,,,,,,,,,,,,,,,,1,30,,,,,,,,,,,6,2,2,2,,1,1,1,2,2,2,2
253001,2,31,6,3,1,5,1,1,1,2,,2,2,1,1,1,2,1,2,2,1,1,1,1,1,1,1,1,2,2,2,1,2,2,2,2,2,2,1,1,1,1,2,3,30,1,2,2,1,2,2,2,1,,,,,,,,,,,,,,,,,,,,,,,,,,,,,,,,2,60,1,2,60,2,,3,4,2,1,2,3,3,1,,1,2,1,2,1,1,1,1,1,1,1
253102,2,40,3,3,3,5,1,1,1,1,3,1,2,1,1,1,6,1,2,2,1,1,1,1,1,1,1,1,2,1,1,,2,2,2,2,2,2,2,1,1,2,1,1,30,1,2,2,1,2,2,2,2,,,,,,,,,,,,,,,,,,,,,,,,,,,,,,,,,,,1,20,2,,4,3,2,1,3,3,3,1,,2,2,2,,2,,1,2,1,1,9
253203,1,71,0,,1,4,1,1,1,2,,2,2,2,,,1,1,2,2,3,1,1,1,1,1,1,1,2,,,,,,,,,,,,,,,,,,,,,,,,,,,,,,,,,,,,,,,,,,,,,,,,,,,,,,,,,,,,,,,,,,,,,,,,,,,,,,,,,,
253304,1,44,0,,1,3,1,1,1,2,,2,2,1,1,2,1,1,2,2,1,2,1,1,1,1,1,1,1,2,2,2,2,2,2,2,2,2,2,2,,,,,,,,,,,,,,,,,,,,,,,,,,,,,,,,,,,,,,,,,,,,,,,,,,,,,,,,,,,,2,2,1,1,1,1,1,2,,,,
253401,1,57,2,2,1,2,1,1,1,2,,2,2,1,1,2,2,1,2,2,2,1,2,2,2,1,1,1,1,2,2,2,2,2,2,2,2,2,2,2,,,,,,,,,,,,,,,,,,,,,,,,,,,,,,,,,,,,,,,,,,,,,,,,,,,,,,,,,,,,1,2,2,2,,2,,1,1,1,1,1
253502,1,60,2,2,2,3,0,1,1,2,,2,2,1,1,1,4,1,2,2,2,2,1,2,1,1,1,1,2,,,,,,,,,,,,,,,,,,,,,,,,,,,,,,,,,,,,,,,,,,,,,,,,,,,,,,,,,,,,,,,,,,,,,,,,,,,,,,,,,,
253603,2,55,2,4,1,2,1,1,1,2,,2,2,1,1,2,1,1,2,2,2,1,2,1,1,1,1,1,1,1,1,,2,2,2,2,2,2,1,1,2,2,1,1,60,2,2,2,1,2,2,2,2,,,,,,,,,,,,,,,,,,,,,,,,,,,,,,,,5,30,2,2,10,1,8,1,3,2,1,2,3,1,3,,2,2,2,,2,,1,2,2,1,2
253704,1,33,2,6,1,3,0,1,1,1,1,2,2,1,1,2,4,1,2,2,2,1,1,1,1,1,1,1,1,2,2,2,2,2,2,2,2,2,2,1,,,,,,,,,,,,,,,,,,,,,,,,,,,,,,,,,,,,,,,,,,,,,,,,2,30,,,,,,,,,,,5,2,1,1,1,1,1,1,2,1,1,2
253801,2,24,6,1,2,3,1,1,1,1,1,2,2,2,,,5,1,2,2,1,1,1,1,1,1,1,1,1,2,2,1,2,2,2,1,2,2,1,1,3,1,2,3,20,1,1,2,1,1,2,2,1,,,,,,,,,,,,,,1,2,2,10,1,0,0,0,0,1,0,0,0,1,,,,,3,30,1,1,60,2,,2,2,2,1,1,3,3,1,,2,1,1,2,2,,1,2,1,1,1
253902,2,79,0,,2,3,1,1,2,2,,2,2,2,,,1,1,2,2,3,1,3,3,3,3,1,3,1,,,,,,,,,,,,,,,,,,,,,,,,,,,,,,,,,,,,,,,,,,,,,,,,,,,,,,,,,,,,,,,,,,,,,,,,,,,,,,,,,,
254003,2,64,2,4,2,3,1,1,1,1,1,2,2,1,1,2,5,1,2,2,1,1,1,2,1,1,1,2,2,2,2,2,2,2,2,2,2,2,2,2,,,,,,,,,,,,,,,,,,,,,,,,,,,,,,,,,,,,,,,,,,,,,,,,,,,,,,,,,,,,2,2,2,2,,2,,1,2,2,2,2
254104,2,22,8,5,3,5,1,1,1,1,1,1,2,1,1,2,4,1,2,2,1,1,1,1,1,1,1,1,1,1,1,,2,2,2,2,2,2,1,1,3,2,1,1,90,1,2,1,2,2,2,2,3,,,,,,,,,,,,,,,,,,,,,,,,,,,,,,,,1,20,1,1,240,2,,3,3,2,1,2,3,3,1,,1,1,1,2,1,1,1,1,1,1,1
254201,1,51,2,3,2,3,1,1,2,2,,2,2,2,,,6,1,2,2,1,1,1,1,1,1,1,1,2,2,1,,2,2,2,2,2,2,2,2,3,2,1,2,30,2,2,1,2,2,2,2,2,,,,,,,,,,,,,,,,,,,,,,,,,,,,,,,,,,,,,2,,2,1,1,2,2,3,1,1,,2,1,1,2,2,,1,2,2,2,2
254302,1,49,2,6,3,3,1,1,2,1,1,2,2,2,,,1,1,2,2,1,1,1,1,1,1,1,1,2,2,2,2,2,2,2,2,2,2,2,1,,,,,,,,,,,,,,,,,,,,,,,,,,,,,,,,,,,,,,,,,,,,,,,,1,5,,,,,,,,,,,3,2,2,2,,2,,1,2,1,1,2
254403,2,50,2,6,2,3,1,1,1,1,1,2,2,2,,,2,1,2,2,2,2,1,2,2,1,1,2,2,1,2,2,2,2,2,2,2,2,2,1,,,,,,,,,,,,,,,,,,,,,,,,,,,,,,,,,,,,,,,,,,,,,,,,1,10,,,,,,,,,,,6,2,2,2,,2,,1,2,2,2,2
254504,1,90,0,,2,3,1,1,2,1,2,2,2,2,,,3,1,2,2,2,1,2,2,1,2,1,1,2,,,,,,,,,,,,,,,,,,,,,,,,,,,,,,,,,,,,,,,,,,,,,,,,,,,,,,,,,,,,,,,,,,,,,,,,,,,,,,,,,,
254601,2,37,2,6,1,1,0,2,1,2,,2,2,2,,,4,1,2,2,1,1,1,1,1,1,1,1,1,2,2,1,2,2,2,2,2,2,2,1,7,2,1,2,30,2,2,2,1,1,2,2,2,,,,,,,,,,,,,,,,,,,,,,,,,,,,,,,,,,,2,15,2,,2,1,2,2,2,3,3,1,,2,2,2,,2,,1,2,1,2,2
254702,1,17,2,6,3,4,2,1,1,1,2,2,2,1,1,2,1,1,2,2,1,1,1,1,1,1,2,1,1,2,2,1,2,2,2,2,2,2,1,1,5,2,1,5,60,1,1,1,2,1,2,2,2,,,,,,,,,,,,,,,,,,,,,,,,,,,,,,,,2,60,1,1,120,2,,1,4,2,1,2,3,1,1,,2,2,2,,1,1,1,2,1,1,1
254803,2,82,2,1,3,6,2,1,1,1,1,2,2,1,1,2,6,2,2,2,1,1,1,2,1,1,1,1,1,1,2,2,2,2,2,2,2,2,2,2,,,,,,,,,,,,,,,,,,,,,,,,,,,,,,,,,,,,,,,,,,,,,,,,,,,,,,,,,,,,9,2,1,1,2,1,1,1,2,2,2,1
254904,2,25,3,3,2,3,0,1,1,2,,2,2,2,,,5,1,2,2,1,1,1,1,1,1,1,1,1,1,2,1,1,,2,2,2,2,1,1,2,2,1,3,20,1,1,2,1,2,1,2,1,2,3,10,1,2,1,2,2,2,2,2,1,2,,,,,,,,,,,,,,,,,,,1,20,1,2,15,2,,2,1,2,1,3,3,3,1,,2,2,2,,1,1,1,2,1,1,1
255001,2,14,3,2,3,4,1,1,1,1,1,2,2,1,1,2,4,1,2,2,1,1,1,1,2,1,1,2,2,1,1,,2,2,2,2,2,2,1,1,1,1,2,3,20,1,2,2,2,1,2,2,2,,,,,,,,,,,,,,,,,,,,,,,,,,,,,,,,1,30,1,1,60,1,3,2,2,1,1,3,3,3,1,,2,1,2,,2,,1,1,1,1,1
255102,2,31,3,2,2,2,1,1,1,1,1,2,2,1,1,2,5,1,2,2,1,1,1,1,1,1,1,1,2,1,1,,1,,2,2,2,2,2,1,3,2,1,4,60,1,1,2,1,1,1,2,3,1,5,50,1,2,2,2,1,2,2,2,2,2,,,,,,,,,,,,,,,,,,,,,,1,60,2,,2,3,2,2,1,3,3,3,,2,2,2,,2,,1,2,1,2,2
255203,2,14,3,1,3,4,2,1,1,1,1,2,2,1,1,2,3,1,2,2,1,1,1,1,2,1,1,1,2,2,2,1,2,2,2,2,2,2,1,1,3,2,1,1,5,2,2,1,2,1,2,2,2,,,,,,,,,,,,,,,,,,,,,,,,,,,,,,,,2,20,1,2,30,1,3,3,4,1,1,2,3,3,1,,2,2,2,,2,,1,2,1,1,2
255304,1,25,3,3,1,5,1,1,1,1,1,1,1,1,1,1,3,1,2,2,1,1,1,1,1,1,1,1,1,2,2,2,2,2,2,2,2,2,2,1,,,,,,,,,,,,,,,,,,,,,,,,,,,,,,,,,,,,,,,,,,,,,,,,1,60,,,,,,,,,,,3,2,2,2,,2,,1,1,1,1,2
255401,2,48,2,6,4,6,2,1,1,2,,2,2,1,1,2,7,1,2,2,2,1,1,2,2,1,1,1,2,2,2,2,2,2,2,2,2,2,1,1,,,,,,,,,,,,,,,,,,,,,,,,,,,,,,,,,,,,,,,,,,,,,1,3,1,5,10,1,3,1,2,2,2,3,3,3,3,,2,2,2,,2,,1,9,2,1,2
255502,1,60,2,4,2,4,1,1,1,1,2,2,2,1,1,1,5,1,2,2,1,1,1,1,1,1,1,1,2,2,2,2,2,2,2,2,2,2,2,2,,,,,,,,,,,,,,,,,,,,,,,,,,,,,,,,,,,,,,,,,,,,,,,,,,,,,,,,,,,,3,2,2,2,,2,,1,2,2,2,2
255603,2,79,2,3,1,2,1,1,1,2,,2,2,2,,,1,1,2,2,1,1,1,2,2,1,1,1,2,1,1,,1,,2,2,2,2,2,2,1,2,1,2,15,1,2,2,1,2,2,2,2,4,2,15,1,2,2,2,1,1,2,2,2,2,,,,,,,,,,,,,,,,,,,,,,,,1,8,1,1,2,2,2,3,3,1,,2,1,2,,2,,1,2,1,2,2
255704,2,30,3,3,1,4,1,1,1,2,,2,2,2,,,3,1,2,2,1,1,1,1,1,1,1,1,2,2,2,2,2,2,2,2,2,2,2,1,,,,,,,,,,,,,,,,,,,,,,,,,,,,,,,,,,,,,,,,,,,,,,,,5,5,,,,,,,,,,,1,2,2,2,,1,1,1,1,1,1,1
255801,2,49,2,6,2,3,1,1,1,2,,2,2,2,,,4,1,2,1,1,1,1,2,1,1,1,2,1,1,1,,1,,2,2,1,,2,1,1,2,1,4,10,1,2,2,2,1,2,2,2,3,2,5,1,1,2,1,1,2,1,2,1,2,,,,,,,,,,,,,,,5,10,2,1,,,,1,6,2,,2,2,1,2,2,3,3,3,,2,2,2,,2,,1,2,1,2,1
255902,2,72,2,2,2,3,0,1,2,2,,2,2,2,,,3,1,2,2,2,1,1,2,1,1,1,1,2,,,,,,,,,,,,,,,,,,,,,,,,,,,,,,,,,,,,,,,,,,,,,,,,,,,,,,,,,,,,,,,,,,,,,,,,,,,,,,,,,,
256003,2,18,6,3,3,4,1,2,2,2,,2,2,2,,,3,1,2,2,1,1,1,1,1,1,1,1,2,1,1,,2,2,2,2,2,2,2,1,1,2,1,2,120,1,2,2,1,2,2,2,4,,,,,,,,,,,,,,,,,,,,,,,,,,,,,,,,,,,1,120,2,,2,1,2,2,3,3,3,1,,2,2,1,2,1,1,1,2,1,2,1
256104,1,21,2,6,2,3,2,1,1,2,,2,2,2,,,6,1,2,2,2,1,1,1,2,1,1,1,2,2,2,1,2,2,2,2,2,2,1,1,3,2,1,2,60,1,2,2,1,2,2,2,2,,,,,,,,,,,,,,,,,,,,,,,,,,,,,,,,2,10,1,1,10,2,,2,4,2,2,2,3,3,1,,2,2,1,2,1,1,1,2,1,9,9
256201,2,39,3,3,2,4,2,1,1,2,,1,2,1,1,2,4,1,1,2,1,2,1,1,1,1,1,1,1,1,1,,2,1,2,1,2,2,1,1,1,1,2,2,120,1,2,2,1,2,2,2,1,1,2,20,1,2,2,2,1,2,2,2,2,2,2,1,1,20,1,0,0,0,0,0,0,0,1,2,,,,,2,20,1,1,120,2,,2,3,2,1,2,3,3,1,,2,2,2,,2,,1,2,1,1,1
256302,2,39,6,2,1,2,0,2,1,2,,2,2,2,,,4,1,1,2,2,1,1,1,1,1,1,1,1,1,1,,2,2,2,2,1,,2,1,1,2,1,2,10,2,2,2,2,2,1,2,4,,,,,,,,,,,,,,,,,,,,,,,,,,,,2,20,2,1,,,,3,5,2,,2,1,2,1,3,3,3,1,,2,2,2,,2,,1,1,1,1,1
256403,1,53,3,3,2,3,1,1,1,2,,2,2,1,1,2,2,1,1,2,1,1,1,1,1,1,1,1,1,1,1,,1,,2,2,2,2,2,2,6,2,1,2,60,1,1,2,2,2,1,2,4,3,2,20,1,2,2,1,1,2,2,2,2,2,,,,,,,,,,,,,,,,,,,,,,,,2,,2,3,1,2,2,3,3,1,,2,1,2,,1,3,1,1,1,2,1
256504,1,14,2,6,1,2,0,2,2,2,,2,2,2,,,3,1,1,2,1,1,1,1,2,1,1,1,1,1,2,2,2,2,2,2,1,,1,1,,,,,,,,,,,,,,,,,,,,,,,,,,,,,,,,,,,,,,,,,2,10,1,2,1,15,1,1,20,1,5,3,4,2,1,2,3,3,1,,2,1,1,2,2,,1,1,1,1,1
256601,1,22,8,3,2,4,1,1,1,2,,2,2,1,1,2,3,1,2,2,2,1,1,1,3,1,1,1,2,1,1,,2,1,2,2,2,2,2,1,2,1,1,2,60,1,1,1,2,2,1,2,1,2,3,20,1,1,2,2,2,2,2,2,2,2,,,,,,,,,,,,,,,,,,,,,,1,60,2,,1,2,1,1,1,3,3,1,,2,2,2,,2,,1,1,1,1,1
256702,1,74,0,,3,6,2,1,2,2,,2,2,1,1,2,5,2,2,2,1,1,1,2,2,1,1,2,2,,,,,,,,,,,,,,,,,,,,,,,,,,,,,,,,,,,,,,,,,,,,,,,,,,,,,,,,,,,,,,,,,,,,,,,,,,,,,,,,,,
256803,2,40,2,4,2,2,1,1,1,1,1,2,2,1,1,2,4,1,2,2,1,1,1,1,1,1,1,1,2,,,,,,,,,,,,,,,,,,,,,,,,,,,,,,,,,,,,,,,,,,,,,,,,,,,,,,,,,,,,,,,,,,,,,,,,,,,,,,,,,,
256904,2,42,3,3,2,5,1,1,1,1,1,2,2,2,,,4,1,2,2,1,1,1,1,1,1,1,1,1,2,1,,2,2,2,2,2,2,2,2,1,2,1,2,1,1,2,2,1,2,2,2,3,,,,,,,,,,,,,,,,,,,,,,,,,,,,,,,,,,,,,2,,1,4,2,2,1,3,1,1,,2,2,2,,2,,1,1,2,1,2
257001,1,47,6,3,2,3,1,1,1,2,,2,2,1,1,2,4,1,2,2,2,1,1,2,1,1,1,1,2,1,1,,1,,2,1,2,2,1,1,1,1,2,2,30,1,2,2,1,2,2,2,1,1,2,30,1,2,2,2,2,1,2,2,2,2,1,2,1,15,2,0,0,0,0,1,0,0,0,1,,,,,2,20,1,2,20,2,,2,3,2,1,1,3,3,1,,1,2,2,,1,1,1,2,1,1,1
257102,2,67,2,1,1,4,1,1,1,2,,1,2,1,1,2,1,1,2,2,1,2,2,3,2,1,2,2,2,1,2,2,1,,2,2,2,2,1,2,,,,,,,,,,,,,,3,4,60,1,2,2,2,1,2,2,2,2,2,,,,,,,,,,,,,,,,,,,2,30,2,,,2,,1,1,1,2,1,3,3,1,,2,1,2,,2,,1,2,1,2,2
257304,1,15,3,2,3,5,1,1,1,1,1,1,1,1,1,1,4,1,1,2,1,1,1,1,1,1,1,1,1,1,2,1,1,,2,2,1,,1,1,1,2,1,4,30,2,2,1,2,2,1,2,4,1,2,30,1,2,2,2,2,2,2,2,1,2,,,,,,,,,,,,,,,2,30,2,1,5,30,1,1,60,1,5,2,4,2,1,3,1,3,1,,2,1,1,2,1,1,1,1,1,1,2
257401,2,57,2,6,3,4,1,1,1,1,1,2,2,2,,,4,1,2,2,3,2,2,2,4,2,3,1,2,2,2,2,2,2,2,2,2,2,2,2,,,,,,,,,,,,,,,,,,,,,,,,,,,,,,,,,,,,,,,,,,,,,,,,,,,,,,,,,,,,6,2,2,2,,2,,1,1,1,1,2
257502,1,60,6,1,1,2,1,1,2,2,,2,2,2,,,1,1,1,2,2,1,1,2,2,1,1,1,2,2,2,2,2,2,2,2,2,2,2,2,,,,,,,,,,,,,,,,,,,,,,,,,,,,,,,,,,,,,,,,,,,,,,,,,,,,,,,,,,,,6,2,1,1,1,1,1,1,1,1,1,1
257603,1,41,8,5,2,3,2,1,1,2,,2,2,1,1,1,6,1,2,2,1,1,1,1,1,1,1,1,1,1,2,2,2,2,2,2,2,2,1,1,,,,,,,,,,,,,,,,,,,,,,,,,,,,,,,,,,,,,,,,,,,,,1,30,1,1,60,2,,3,3,1,1,2,3,3,3,,2,2,2,,1,1,1,2,2,2,2
257704,2,26,8,4,3,6,2,1,1,1,2,1,2,1,1,1,3,1,1,2,1,1,1,1,1,1,1,1,2,1,1,,2,2,2,2,2,2,2,1,4,2,1,3,60,1,2,2,2,1,2,2,3,,,,,,,,,,,,,,,,,,,,,,,,,,,,,,,,,,,1,240,2,,2,3,2,1,1,3,3,1,,2,2,2,,1,1,1,1,1,1,2
257801,1,42,8,2,2,4,1,1,1,2,,2,2,2,,,2,1,1,2,2,1,1,1,1,1,1,1,2,1,1,,1,,1,,2,2,2,1,2,2,1,2,30,1,1,1,2,2,2,2,3,2,2,60,1,2,2,2,2,2,1,2,1,2,2,1,1,6,1,1,0,1,0,0,0,0,0,3,,,,,,,,2,15,2,,2,3,2,2,2,3,3,3,,1,1,1,2,1,2,1,1,1,1,1
258104,2,43,6,3,4,6,2,1,1,2,,1,2,1,1,2,5,1,2,2,2,1,1,1,1,1,1,1,1,1,2,2,2,2,2,2,2,2,1,1,,,,,,,,,,,,,,,,,,,,,,,,,,,,,,,,,,,,,,,,,,,,,1,30,1,1,30,2,,3,4,1,2,1,3,3,1,,1,1,1,2,2,,1,1,1,1,1
258201,1,48,3,3,1,2,1,1,1,2,,2,2,2,,,2,1,2,2,1,1,2,2,3,2,2,3,2,1,2,2,1,,2,2,2,2,2,2,,,,,,,,,,,,,,1,5,15,1,1,2,2,2,2,2,2,2,2,,,,,,,,,,,,,,,,,,,,,,,,1,5,3,3,1,2,1,3,3,1,,2,1,1,1,1,5,1,2,1,1,1
258302,2,48,2,6,4,6,1,1,1,1,1,1,2,1,1,2,3,1,1,2,2,1,1,2,1,1,1,1,2,1,1,,2,1,1,,1,,2,1,1,2,1,1,20,1,2,2,1,2,2,2,2,1,2,30,1,2,2,2,2,2,2,1,2,2,2,1,1,20,1,0,0,0,1,0,0,0,0,2,2,60,1,2,,,,1,15,1,3,2,3,2,1,1,3,3,1,,2,1,1,1,2,,1,2,1,1,1
258403,1,54,6,3,2,5,1,1,1,1,1,1,2,1,1,1,4,1,2,2,2,1,1,1,1,1,1,1,2,1,2,1,1,,1,,2,2,1,1,1,2,1,2,25,1,2,2,2,2,1,2,3,1,2,15,1,2,1,2,2,2,2,2,2,2,2,1,2,20,1,1,0,0,0,0,0,0,0,2,,,,,2,60,2,1,40,2,,3,3,2,1,3,3,3,1,,2,2,1,2,1,2,1,1,1,1,1
258504,1,65,8,4,4,6,2,1,1,1,1,1,1,1,1,1,6,1,2,2,2,1,1,2,2,1,1,2,2,1,1,,2,1,2,1,2,2,1,1,6,2,1,1,60,1,1,2,1,1,1,2,3,2,2,120,1,2,1,2,1,1,1,2,2,2,2,1,7,30,1,1,0,0,0,0,0,0,0,3,,,,,2,60,2,1,30,2,,2,3,2,1,1,3,3,1,,2,1,2,,1,2,1,2,2,2,2
258601,2,37,6,1,5,8,2,1,1,2,,1,2,1,1,2,5,1,2,2,1,1,1,1,1,1,1,1,2,1,1,,2,2,2,1,2,2,1,1,2,1,2,2,120,1,2,2,1,2,2,2,1,,,,,,,,,,,,,,1,2,1,5,1,0,0,0,1,0,0,0,0,1,,,,,5,5,1,5,5,2,,3,3,2,1,1,3,3,1,,1,1,1,2,1,2,1,1,1,1,1
258702,2,68,6,3,2,6,2,1,1,1,1,1,1,1,1,2,2,1,2,2,1,3,1,1,1,1,1,1,2,1,1,,2,2,2,2,2,2,2,1,5,2,1,1,60,1,2,2,1,1,1,2,3,,,,,,,,,,,,,,,,,,,,,,,,,,,,,,,,,,,2,20,2,,4,4,2,2,2,3,3,1,,1,1,1,1,1,5,1,1,1,1,1
258803,1,56,3,3,2,3,1,1,2,2,,2,2,2,,,2,1,2,2,2,1,1,1,1,1,1,1,1,2,2,2,2,2,2,2,2,2,2,1,,,,,,,,,,,,,,,,,,,,,,,,,,,,,,,,,,,,,,,,,,,,,,,,5,10,,,,,,,,,,,3,2,2,2,,2,,1,2,1,1,9
258904,1,13,2,6,2,4,1,1,1,1,1,1,2,1,1,1,4,1,2,2,2,2,1,1,2,2,1,1,2,1,1,,2,1,1,,1,,1,1,2,2,1,3,30,1,2,2,2,1,1,2,4,2,5,30,2,1,2,2,2,2,2,2,2,2,2,1,2,10,2,0,1,0,0,0,0,0,0,2,4,30,2,1,4,15,1,1,20,2,,4,3,2,2,3,3,3,1,,1,1,2,,1,1,1,1,1,1,2
259001,1,68,0,,1,2,1,1,2,2,,2,2,1,1,1,2,1,2,2,2,2,2,3,2,1,1,1,2,2,2,2,2,2,2,2,2,2,2,1,,,,,,,,,,,,,,,,,,,,,,,,,,,,,,,,,,,,,,,,,,,,,,,,1,20,,,,,,,,,,,2,2,2,2,,2,,2,,,,
259203,1,26,8,4,1,2,1,1,1,2,,1,2,1,1,1,1,1,2,2,2,1,1,1,2,1,1,1,2,1,2,1,1,,2,2,2,2,1,1,1,1,1,2,180,2,1,2,2,2,2,2,1,1,3,60,1,2,2,1,2,2,2,2,2,2,,,,,,,,,,,,,,,,,,,1,60,1,1,180,2,,2,3,2,1,3,3,3,1,,2,2,2,,1,1,1,2,2,1,1
259401,1,48,10,2,2,4,3,1,1,1,1,1,2,1,1,1,3,1,1,2,2,1,1,1,1,1,1,1,2,1,1,,1,,2,1,1,,1,1,20,2,1,2,120,1,2,2,2,1,1,2,3,6,2,30,2,2,1,2,2,2,1,1,2,2,1,2,6,10,1,0,0,0,0,0,1,1,0,1,4,30,2,1,1,10,1,2,10,2,,3,4,1,1,2,3,3,1,,1,1,1,1,1,3,1,1,1,1,1
259502,2,32,6,3,1,1,1,1,2,2,,2,2,1,1,2,6,1,2,2,1,1,1,1,1,1,1,1,1,2,2,2,2,2,2,2,2,2,2,2,,,,,,,,,,,,,,,,,,,,,,,,,,,,,,,,,,,,,,,,,,,,,,,,,,,,,,,,,,,,4,1,2,2,,2,,1,1,1,1,1
259603,1,54,6,3,3,5,1,1,1,1,1,1,2,1,1,1,3,1,2,2,1,1,1,1,2,1,1,1,2,1,1,,1,,1,,1,,1,1,10,1,1,1,30,2,2,1,2,1,1,2,1,2,2,50,2,2,2,2,2,2,1,1,2,2,1,2,3,60,1,1,1,1,1,1,1,1,1,1,2,60,1,2,1,30,1,1,30,2,,2,4,1,1,2,3,3,1,,1,1,1,2,1,4,1,2,1,1,1
259704,2,80,8,5,3,5,2,1,1,1,1,1,2,1,1,1,1,1,2,2,1,1,1,1,1,1,1,1,1,1,1,,2,2,2,2,1,,2,2,6,2,1,1,120,1,1,1,1,1,1,2,3,,,,,,,,,,,,,,,,,,,,,,,,,,,,1,60,2,1,,,,,,2,,3,3,2,2,1,3,3,3,,2,1,1,2,1,1,1,2,2,1,2
259801,2,21,8,2,2,3,1,1,1,2,,1,2,1,1,1,4,1,2,2,1,1,1,1,1,1,1,1,2,1,1,,1,,2,2,2,2,1,1,2,1,1,1,45,2,2,1,2,1,1,2,1,2,2,20,1,2,2,2,1,2,1,1,2,2,,,,,,,,,,,,,,,,,,,1,40,2,1,40,1,5,3,3,1,1,1,3,3,1,,1,1,1,1,1,1,1,1,1,1,1
259902,1,62,3,3,1,2,0,2,2,2,,2,2,1,2,2,1,1,2,2,1,1,1,1,1,1,1,1,1,1,2,2,1,,1,,2,2,2,2,,,,,,,,,,,,,,2,1,30,1,2,2,2,2,1,2,2,2,2,2,1,1,30,1,0,0,0,0,0,0,1,0,3,,,,,,,,,,1,5,3,1,1,2,2,3,3,1,,2,1,1,2,1,1,1,1,1,1,1
260003,2,38,6,3,4,6,2,1,1,1,1,1,2,1,1,1,6,1,2,2,2,2,2,2,2,2,2,2,2,2,2,2,2,2,2,2,2,2,2,1,,,,,,,,,,,,,,,,,,,,,,,,,,,,,,,,,,,,,,,,,,,,,,,,1,180,,,,,,,,,,,1,2,2,2,,2,,1,9,9,9,9
260104,2,55,3,3,2,3,1,1,2,2,,2,2,1,1,2,3,1,2,2,1,1,1,1,1,1,1,1,1,1,1,,1,,1,,2,1,1,1,2,1,2,1,30,1,1,2,2,2,1,2,4,6,2,10,1,2,2,2,1,2,2,2,2,2,2,1,1,20,1,1,1,0,1,0,0,0,0,2,3,30,1,1,2,15,1,2,20,1,5,2,3,2,1,3,3,3,1,,1,2,2,,1,1,1,1,1,1,1
260201,2,60,8,4,2,4,1,1,1,1,1,1,2,1,1,1,1,1,2,2,2,1,1,1,1,1,1,1,2,1,1,,1,,1,,2,2,1,1,2,2,1,2,20,1,2,2,1,2,2,2,2,3,4,10,1,2,2,1,2,2,2,2,2,2,2,1,5,20,1,1,0,0,0,0,0,1,0,3,,,,,1,15,1,1,40,1,6,3,3,2,1,2,3,3,1,,2,1,1,1,1,3,1,2,1,2,1
260403,1,74,6,3,1,5,2,1,1,1,1,1,2,1,1,2,2,1,2,2,1,2,1,1,1,1,1,1,2,1,1,,2,1,2,2,2,2,1,1,2,2,1,2,30,1,2,2,1,2,2,2,3,1,1,20,2,1,2,2,2,2,2,2,1,2,,,,,,,,,,,,,,,,,,,1,10,1,1,10,1,5,3,3,2,1,2,3,3,1,,2,2,2,,1,1,1,1,1,1,1
260601,2,69,10,2,1,3,3,1,1,1,1,1,1,1,1,1,2,1,2,2,2,1,1,1,1,1,1,1,2,1,2,2,1,,2,2,2,2,2,2,,,,,,,,,,,,,,3,1,60,1,2,2,2,2,2,1,2,2,2,,,,,,,,,,,,,,,,,,,,,,,,2,,1,3,1,2,3,3,3,1,,2,2,2,,1,2,1,1,1,1,1
260702,2,75,8,4,3,7,2,1,1,1,2,1,1,1,1,1,2,1,2,2,1,1,1,2,1,1,1,1,1,2,1,,2,2,2,2,2,2,2,2,3,2,1,1,120,1,2,2,1,1,2,2,3,,,,,,,,,,,,,,,,,,,,,,,,,,,,,,,,,,,,,2,,4,3,1,1,3,3,1,1,,2,2,2,,2,,1,1,1,1,1
260803,2,30,10,2,2,3,3,1,1,2,,2,2,1,1,1,2,1,2,2,2,1,1,1,1,1,1,1,2,1,1,,2,1,2,1,2,1,1,2,30,1,1,1,180,1,1,1,2,1,1,2,3,8,1,60,2,2,1,1,1,2,1,1,2,2,1,2,7,15,1,1,0,0,1,0,1,0,0,1,3,60,1,1,1,15,2,,,1,8,4,4,1,1,3,3,3,1,,1,1,1,1,1,5,1,1,1,1,2
261001,2,55,2,6,3,4,1,2,1,1,1,2,2,2,,,4,1,2,2,1,1,1,1,1,1,1,1,1,2,2,2,2,2,1,,2,2,2,2,,,,,,,,,,,,,,,,,,,,,,,,,,,2,1,3,5,1,0,0,0,0,0,0,1,0,3,,,,,,,,,,1,6,2,2,2,2,2,3,3,1,,2,2,2,,2,,1,1,1,1,1
261102,2,29,6,3,2,4,1,1,2,2,,2,1,1,1,2,3,1,2,2,1,1,1,1,2,2,2,2,1,2,2,2,2,2,2,2,2,2,2,1,,,,,,,,,,,,,,,,,,,,,,,,,,,,,,,,,,,,,,,,,,,,,,,,1,30,,,,,,,,,,,1,2,1,2,,2,,1,2,1,1,1
261203,2,59,3,3,1,1,1,1,2,2,,2,2,1,1,2,2,1,2,2,2,1,1,1,2,1,1,1,2,2,2,2,2,2,2,2,2,2,2,1,,,,,,,,,,,,,,,,,,,,,,,,,,,,,,,,,,,,,,,,,,,,,,,,1,5,,,,,,,,,,,2,1,2,2,,2,,1,2,2,9,9
261304,2,61,3,3,3,7,1,1,1,2,,1,2,1,1,2,5,2,2,2,2,1,1,2,2,1,1,1,1,2,2,2,2,2,2,2,2,2,2,1,,,,,,,,,,,,,,,,,,,,,,,,,,,,,,,,,,,,,,,,,,,,,,,,1,5,,,,,,,,,,,6,1,2,2,,1,1,1,1,1,1,1
261401,1,13,2,6,1,2,0,1,1,2,,1,2,1,1,2,5,1,1,2,1,1,1,1,1,1,1,1,2,1,2,1,2,1,2,2,2,2,1,1,1,2,1,2,90,1,1,2,2,2,2,2,3,1,2,90,1,2,2,1,2,2,2,2,2,2,,,,,,,,,,,,,,,,,,,1,180,1,2,60,1,7,1,1,2,1,2,3,3,1,,2,1,1,2,1,1,1,1,1,1,2
261704,2,17,3,3,3,5,1,1,1,1,2,1,2,1,1,2,3,1,1,2,2,1,1,1,1,1,1,1,2,1,2,1,2,1,1,,2,1,1,1,1,1,2,1,180,1,2,2,2,1,2,2,3,1,2,50,2,2,2,2,2,2,1,2,2,2,2,1,1,60,2,1,0,0,0,0,0,0,0,3,3,120,1,2,2,60,1,5,180,1,5,4,3,2,1,3,3,3,1,,2,2,1,1,2,,1,1,1,2,2
261801,1,71,8,4,1,3,1,1,1,1,1,1,2,1,1,2,2,1,2,2,1,1,1,1,2,1,1,1,1,1,1,,2,2,1,,2,2,2,2,2,2,1,4,30,1,2,1,2,2,1,2,4,,,,,,,,,,,,,,2,1,4,15,1,1,0,1,0,0,0,1,0,3,,,,,,,,,,1,5,2,2,2,2,3,3,3,1,,2,2,2,,2,,1,9,9,9,9
261902,1,45,3,3,2,4,1,1,1,2,,2,2,2,,,5,1,2,2,1,1,1,1,1,1,1,1,2,2,2,2,2,2,2,2,2,2,2,2,,,,,,,,,,,,,,,,,,,,,,,,,,,,,,,,,,,,,,,,,,,,,,,,,,,,,,,,,,,,1,2,2,2,,2,,1,2,1,1,2
262003,1,35,8,4,3,4,1,1,1,1,1,1,1,1,1,2,3,1,2,2,2,1,1,2,1,1,1,1,1,1,2,2,1,,1,,1,,2,1,,,,,,,,,,,,,,5,2,30,1,2,2,2,2,2,1,1,2,2,1,2,4,20,1,1,0,1,0,0,0,1,0,3,1,60,2,1,,,,1,30,1,7,2,3,2,2,3,3,3,1,,1,2,2,,1,4,1,1,1,1,1
262201,1,28,2,6,3,4,2,1,2,2,,2,2,1,1,2,8,1,2,2,2,1,1,1,1,1,1,1,1,2,2,2,1,,1,,2,2,2,1,,,,,,,,,,,,,,1,1,20,1,1,2,2,2,2,2,2,2,2,2,1,2,20,1,1,0,0,0,1,0,0,0,3,,,,,,,,1,30,2,,2,2,2,2,3,3,3,1,,2,2,2,,2,,1,2,1,1,2
262302,1,27,3,3,1,2,1,1,1,1,1,2,2,1,1,1,1,1,1,2,1,1,1,1,1,1,1,1,1,1,1,,2,1,1,,1,,1,1,1,2,1,2,60,1,2,1,2,1,2,2,3,1,2,15,1,1,2,2,2,2,2,2,2,2,2,1,3,5,1,0,0,0,0,1,0,0,0,3,3,10,1,2,2,15,2,1,30,2,,3,2,1,2,1,3,3,3,,2,2,2,,2,,1,1,1,1,1
262403,1,45,3,3,1,2,2,1,1,2,,1,2,1,1,1,2,1,2,2,1,1,2,1,1,1,1,2,1,2,2,1,2,1,2,2,2,2,1,1,5,2,1,2,15,2,2,1,2,2,2,2,4,1,2,15,1,2,2,2,2,2,1,2,2,2,,,,,,,,,,,,,,,,,,,1,15,2,1,20,2,,2,2,2,1,1,3,3,1,,2,2,2,,2,,1,2,1,1,1
262504,2,53,2,6,1,2,0,1,2,2,,2,2,1,1,2,1,1,2,2,2,2,1,1,1,1,1,1,2,2,2,2,2,2,2,2,2,2,2,2,,,,,,,,,,,,,,,,,,,,,,,,,,,,,,,,,,,,,,,,,,,,,,,,,,,,,,,,,,,,4,2,2,2,,2,,1,9,2,2,2
262601,1,65,8,3,3,6,2,1,1,1,1,1,1,1,1,1,5,1,2,2,1,1,1,1,1,1,1,1,2,2,2,1,2,2,1,,2,2,2,1,1,1,2,3,30,1,2,2,2,2,1,2,1,,,,,,,,,,,,,,1,2,6,30,1,0,1,0,0,0,0,0,0,1,,,,,,,,1,30,1,3,2,3,1,1,1,3,1,1,,2,2,2,,1,1,1,1,1,1,1
262702,2,19,6,3,2,3,0,1,1,2,,2,2,1,1,2,4,1,2,1,1,1,1,1,1,1,1,1,1,1,1,,2,2,2,2,1,,1,1,7,2,1,1,180,1,2,2,2,1,1,2,3,,,,,,,,,,,,,,,,,,,,,,,,,,,,2,3,1,2,1,60,1,1,30,1,5,3,4,1,2,1,3,3,1,,1,1,2,,1,2,1,1,1,1,1
262904,2,67,2,5,1,2,1,1,1,2,,1,2,1,1,2,2,1,2,2,3,1,3,3,1,2,1,1,2,2,2,2,2,2,1,,2,2,2,2,,,,,,,,,,,,,,,,,,,,,,,,,,,2,1,1,10,1,0,0,0,0,0,0,1,0,2,,,,,,,,,,2,,1,1,2,2,2,3,3,1,,2,2,2,,2,,1,2,1,2,2
263001,1,21,3,3,1,20,0,1,1,1,1,1,2,1,1,1,4,1,2,2,1,1,1,1,1,1,1,1,2,1,2,1,2,2,2,2,2,1,2,1,1,2,1,3,5,1,2,2,1,2,2,2,1,,,,,,,,,,,,,,,,,,,,,,,,,,,,4,20,1,1,,,,1,60,1,5,3,4,1,1,2,3,3,1,,2,1,1,2,1,1,1,1,1,1,1
263102,2,73,2,4,2,3,1,1,1,2,,2,2,2,,,3,1,1,2,2,1,3,3,1,2,1,1,1,1,1,,2,1,2,1,2,2,1,1,1,2,1,1,15,1,2,2,1,2,2,2,3,1,2,40,1,2,2,2,2,1,2,2,2,2,1,2,1,5,1,0,0,0,0,0,0,1,0,1,,,,,2,5,1,2,5,2,,2,2,2,2,2,3,3,1,,2,2,2,,2,,1,2,1,1,1
263203,2,55,6,3,3,6,2,1,1,1,1,1,2,1,1,1,3,1,2,2,2,2,2,2,2,2,2,2,2,2,2,2,2,2,2,2,2,2,2,1,,,,,,,,,,,,,,,,,,,,,,,,,,,,,,,,,,,,,,,,,,,,,,,,1,50,,,,,,,,,,,1,2,2,2,,2,,1,2,2,2,2
263304,1,83,0,,1,2,0,1,1,2,,2,2,2,,,2,1,1,2,3,3,1,3,1,1,1,1,2,,,,,,,,,,,,,,,,,,,,,,,,,,,,,,,,,,,,,,,,,,,,,,,,,,,,,,,,,,,,,,,,,,,,,,,,,,,,,,,,,,
263401,2,36,6,3,1,2,1,1,2,2,,1,2,1,1,1,2,1,1,2,2,1,1,1,2,1,1,1,1,1,1,,1,,1,,2,2,1,1,15,2,1,1,90,1,2,2,1,2,1,2,2,12,1,60,1,2,2,2,2,1,2,2,2,2,2,1,1,20,1,0,0,0,0,0,0,1,0,3,,,,,2,30,1,1,10,2,,2,4,1,2,2,1,1,1,,2,1,1,2,1,2,1,2,1,1,1
263502,1,13,2,6,1,2,1,1,2,2,,1,2,1,1,2,3,1,2,2,1,1,1,1,1,1,1,1,2,2,2,1,1,,2,1,2,2,2,1,5,2,1,2,20,2,2,1,2,2,1,2,1,15,2,10,2,1,1,1,1,2,1,1,1,2,1,2,2,10,2,0,0,0,0,0,0,1,0,1,,,,,,,,1,300,1,5,4,4,2,2,2,3,3,1,,2,2,2,,1,1,1,1,1,1,1
263704,2,24,6,3,2,4,2,1,1,1,1,2,2,1,1,1,4,1,1,2,1,1,1,1,1,1,1,1,1,1,1,,1,,1,,2,1,1,1,2,2,1,2,120,1,2,2,2,2,1,2,3,2,2,30,1,2,1,2,2,2,2,2,2,2,2,1,2,30,1,1,0,0,0,0,0,0,0,2,2,30,2,1,2,30,1,1,20,1,5,2,2,2,2,2,3,3,1,,2,1,1,1,1,2,1,1,1,1,1
263801,2,39,6,3,3,8,1,1,1,1,1,1,1,1,1,1,5,1,2,2,1,1,1,1,1,1,1,1,2,2,2,2,2,2,2,2,2,2,1,1,,,,,,,,,,,,,,,,,,,,,,,,,,,,,,,,,,,,,,,,,,,,,1,3,1,2,30,2,,2,3,2,2,2,3,3,1,,2,2,2,,2,,1,2,2,2,1
263902,1,51,3,3,1,1,1,1,1,2,,2,2,2,,,1,1,2,2,1,1,1,1,1,1,1,1,2,2,2,2,2,2,2,2,2,2,2,1,,,,,,,,,,,,,,,,,,,,,,,,,,,,,,,,,,,,,,,,,,,,,,,,1,120,,,,,,,,,,,5,2,2,2,,2,,1,2,2,2,2
264003,2,50,3,3,3,4,2,1,1,1,1,2,2,1,1,2,4,2,2,2,4,1,1,1,2,1,1,1,1,2,2,2,2,2,1,,2,2,2,1,,,,,,,,,,,,,,,,,,,,,,,,,,,2,1,3,30,1,1,0,0,0,0,0,0,0,3,,,,,,,,2,5,2,,2,2,2,2,3,3,3,3,,2,2,2,,2,,1,2,2,2,2
264104,2,14,3,2,3,5,2,1,1,1,1,1,2,1,1,2,3,1,2,2,1,1,1,1,1,1,1,1,2,1,1,,2,2,2,2,2,2,2,1,1,2,1,4,180,1,2,2,1,2,2,2,2,,,,,,,,,,,,,,,,,,,,,,,,,,,,,,,,,,,1,180,1,5,3,1,2,2,3,3,1,1,,2,1,1,2,1,1,1,2,1,1,2
264201,2,16,3,1,3,4,1,2,2,2,,2,2,1,1,2,5,1,1,2,1,1,1,1,1,1,1,1,1,1,2,1,2,2,2,1,1,,1,1,2,1,2,3,30,1,2,2,1,2,2,2,1,,,,,,,,,,,,,,1,2,1,15,1,0,0,0,0,0,0,1,0,2,2,30,1,2,2,30,1,1,120,2,,2,4,2,1,2,3,3,1,,1,1,1,1,1,1,1,1,1,1,1
264302,2,38,3,3,2,3,0,2,2,2,,2,2,1,1,2,4,1,1,2,1,1,1,1,1,1,1,1,1,2,2,2,2,2,2,2,2,2,2,2,,,,,,,,,,,,,,,,,,,,,,,,,,,,,,,,,,,,,,,,,,,,,,,,,,,,,,,,,,,,2,2,2,2,,2,,1,2,1,2,1
264403,1,60,3,3,3,4,0,1,2,1,1,2,2,2,,,3,1,1,2,2,1,1,1,1,1,1,1,1,1,2,2,2,2,1,,2,2,2,1,,,,,,,,,,,,,,,,,,,,,,,,,,,2,1,1,30,1,0,0,0,0,0,0,1,0,3,,,,,,,,2,30,2,,1,2,2,2,2,1,3,1,,2,2,2,,2,,1,2,1,2,1
264504,2,55,2,2,3,3,0,2,1,2,,2,2,2,,,2,1,1,2,1,1,1,1,1,1,1,1,1,,,,,,,,,,,,,,,,,,,,,,,,,,,,,,,,,,,,,,,,,,,,,,,,,,,,,,,,,,,,,,,,,,,,,,,,,,,,,,,,,,
264601,1,50,3,3,2,3,1,2,1,2,,2,2,1,1,2,4,1,2,2,1,1,1,1,2,1,1,1,1,2,2,2,2,2,1,,2,2,2,1,,,,,,,,,,,,,,,,,,,,,,,,,,,2,1,2,5,1,0,0,1,1,0,0,0,0,2,,,,,,,,1,60,1,6,1,2,2,1,3,3,1,3,,2,2,2,,2,,1,1,1,1,1
264702,2,25,3,3,2,8,0,1,1,1,1,2,2,1,1,2,6,1,2,2,1,1,1,1,1,1,1,1,1,1,2,2,1,,1,,1,,2,2,,,,,,,,,,,,,,2,3,30,2,2,2,1,1,2,1,2,2,2,2,1,2,15,1,0,0,0,0,0,0,1,0,3,3,60,1,2,,,,,,2,,2,3,2,1,1,3,3,1,,1,2,2,,1,1,1,1,1,1,1
264803,1,79,3,3,1,10,0,1,2,2,,2,2,2,,,1,1,2,2,1,1,1,1,1,1,1,1,2,1,2,2,2,2,1,,2,2,2,2,,,,,,,,,,,,,,,,,,,,,,,,,,,2,1,3,30,1,1,1,0,0,0,0,1,0,3,,,,,,,,,,2,,2,3,2,2,2,3,3,1,,2,2,2,,2,,1,1,1,1,1
264904,2,52,3,3,2,3,1,1,2,2,,2,2,1,1,2,3,1,1,2,2,1,1,3,1,1,1,1,2,2,1,,2,2,2,2,2,2,2,2,1,2,1,1,5,1,2,2,1,2,2,2,3,,,,,,,,,,,,,,,,,,,,,,,,,,,,,,,,,,,,,2,,1,2,2,2,3,3,3,3,,2,2,2,,2,,1,1,1,2,2
265001,1,21,3,3,3,5,2,1,1,2,,2,1,1,1,1,4,1,2,2,1,1,1,1,1,1,1,1,1,1,2,2,2,2,2,2,2,2,1,1,,,,,,,,,,,,,,,,,,,,,,,,,,,,,,,,,,,,,,,,,,,,,3,3,1,1,10,2,,1,1,2,2,2,3,3,3,,2,1,1,2,2,,1,1,1,1,1
265102,2,50,3,3,2,3,1,1,1,1,1,1,1,1,1,2,1,1,2,2,1,1,1,1,1,1,1,1,1,2,2,2,2,2,2,1,2,2,2,2,,,,,,,,,,,,,,,,,,,,,,,,,,,2,1,1,30,1,0,0,0,0,0,0,1,0,2,,,,,,,,,,2,,1,2,2,2,2,3,3,3,,2,2,2,,1,1,1,1,1,1,1
265304,1,35,3,3,1,4,1,1,1,2,,2,2,1,1,2,2,1,2,2,1,1,1,1,1,1,1,1,1,2,2,2,2,2,1,,2,2,2,2,,,,,,,,,,,,,,,,,,,,,,,,,,,2,1,3,5,1,0,0,0,0,0,0,1,0,3,,,,,,,,,,1,6,2,1,2,2,3,3,3,1,,2,2,2,,2,,1,2,2,2,2
265401,2,39,8,3,2,5,1,1,1,1,1,1,1,1,1,2,3,1,2,2,1,1,1,1,1,1,1,1,1,1,1,,2,2,2,2,2,2,1,2,2,2,1,2,60,1,2,2,1,2,2,2,2,,,,,,,,,,,,,,,,,,,,,,,,,,,,,,,,2,3,2,,,2,,2,3,2,2,2,3,1,1,,2,2,2,,1,1,1,2,1,1,1
265502,1,73,5,3,3,6,3,1,1,1,1,2,2,1,1,2,3,1,2,2,1,2,2,4,1,3,1,3,2,2,2,2,2,2,2,2,2,2,2,1,,,,,,,,,,,,,,,,,,,,,,,,,,,,,,,,,,,,,,,,,,,,,,,,1,30,,,,,,,,,,,6,2,2,2,,1,1,1,1,1,1,1
265603,1,85,3,3,1,3,0,1,2,2,,2,2,2,,,1,1,2,2,1,2,1,1,2,2,2,1,1,1,2,2,2,2,1,,2,2,2,2,,,,,,,,,,,,,,,,,,,,,,,,,,,2,1,3,15,1,1,1,1,0,0,0,1,0,3,,,,,,,,,,2,,1,2,2,2,2,3,1,1,,2,2,2,,2,,1,9,9,9,9
265704,2,42,3,3,3,5,1,1,1,2,,1,2,1,1,1,6,1,2,2,1,1,1,1,1,1,1,2,2,1,2,1,2,2,2,1,2,1,1,1,1,1,1,4,60,2,2,1,2,2,2,2,4,,,,,,,,,,,,,,1,2,2,30,1,0,0,0,0,0,0,1,0,1,5,60,1,2,2,60,1,2,60,2,,2,3,1,1,3,3,3,1,,1,1,1,2,1,1,1,1,1,1,1
265801,2,18,6,2,3,3,1,1,1,1,2,2,2,1,1,1,3,1,2,2,1,1,1,1,2,1,1,1,2,1,1,,1,,2,2,1,,1,1,6,2,1,1,40,1,2,2,1,1,2,2,3,3,3,30,1,2,2,1,2,2,2,2,1,2,,,,,,,,,,,,,,,1,120,2,1,5,30,1,1,30,1,5,2,4,2,1,1,3,1,1,,1,1,1,2,1,1,1,1,1,1,1
265902,2,16,6,1,2,3,1,1,1,2,,2,2,1,1,2,5,1,1,2,1,1,1,1,2,1,1,1,1,2,2,1,2,2,2,2,2,2,1,1,1,2,1,2,15,1,2,2,1,2,2,2,3,,,,,,,,,,,,,,,,,,,,,,,,,,,,,,,,1,10,1,1,15,1,5,2,3,2,2,1,3,3,3,,2,2,2,,1,1,1,1,1,1,2
266003,2,71,3,3,2,9,4,1,1,1,2,1,2,1,1,1,4,1,2,2,1,1,3,1,1,1,1,1,1,2,2,2,2,2,2,2,2,2,2,2,,,,,,,,,,,,,,,,,,,,,,,,,,,,,,,,,,,,,,,,,,,,,,,,,,,,,,,,,,,,6,2,2,2,,2,,1,2,2,2,2
266104,2,58,2,5,2,3,1,1,2,2,,2,2,2,,,4,1,2,2,1,1,1,2,1,1,1,1,2,2,2,2,2,2,2,2,2,2,2,2,,,,,,,,,,,,,,,,,,,,,,,,,,,,,,,,,,,,,,,,,,,,,,,,,,,,,,,,,,,,2,2,2,2,,2,,1,2,2,2,2
266201,2,32,3,3,2,3,1,1,2,2,,1,2,1,2,2,5,1,1,2,2,1,1,2,2,1,1,2,2,1,1,,2,2,2,2,1,,1,1,2,2,1,2,30,1,1,2,2,2,2,2,2,,,,,,,,,,,,,,,,,,,,,,,,,,,,2,30,2,1,3,30,1,1,15,2,,2,2,2,1,1,3,1,1,,2,2,2,,2,,1,1,1,1,1
266302,1,78,0,,2,3,0,1,1,2,,2,2,2,,,2,1,1,2,3,2,1,1,2,1,1,1,2,,,,,,,,,,,,,,,,,,,,,,,,,,,,,,,,,,,,,,,,,,,,,,,,,,,,,,,,,,,,,,,,,,,,,,,,,,,,,,,,,,
266403,2,19,3,3,4,6,3,1,1,1,1,2,2,1,1,2,3,1,1,2,2,1,1,1,1,1,1,1,1,1,1,,1,,1,,1,,1,1,7,2,1,2,120,1,2,2,1,2,2,2,2,5,1,30,1,1,1,2,2,2,2,2,2,2,2,1,2,30,1,0,0,0,0,0,0,1,0,3,1,30,1,2,2,60,1,1,120,1,5,2,3,1,2,1,3,3,1,,1,1,1,1,1,1,1,1,1,1,1
266504,1,59,3,3,2,3,0,1,2,2,,2,2,2,,,3,1,2,2,2,1,2,2,1,1,1,1,1,1,1,,1,,2,2,1,,1,1,1,2,1,1,30,1,2,2,1,2,2,2,2,4,1,60,1,2,2,2,2,1,2,2,2,2,,,,,,,,,,,,,,,1,20,2,1,2,15,1,2,20,2,,1,3,1,2,3,3,3,1,,2,1,2,,1,2,1,2,2,1,2
266601,2,26,6,1,4,5,1,1,1,1,1,1,2,1,1,1,4,1,1,2,2,1,1,1,1,1,1,1,1,1,2,1,2,2,2,1,1,,1,1,1,2,1,3,30,1,2,1,2,2,2,2,2,,,,,,,,,,,,,,2,1,3,10,1,0,0,0,0,1,0,0,0,2,3,15,2,1,1,30,1,1,120,1,5,3,3,2,1,1,3,3,1,,2,1,1,1,1,1,1,1,1,2,2
266702,2,35,3,3,2,3,1,1,2,2,,2,2,2,,,2,1,1,2,1,1,1,1,1,1,1,1,2,1,1,,2,1,2,2,2,2,2,1,1,2,1,1,180,1,2,2,1,2,2,2,2,1,2,120,1,2,2,1,2,2,2,2,2,2,,,,,,,,,,,,,,,,,,,,,,1,120,2,,2,4,2,1,3,3,3,1,,2,2,2,,2,,1,1,1,1,1
266803,2,28,6,3,3,4,0,1,1,2,,2,2,1,1,2,5,1,1,2,1,1,1,1,1,1,1,1,1,2,2,1,2,2,2,2,2,2,2,1,1,1,2,1,5,1,2,2,2,1,2,2,1,,,,,,,,,,,,,,,,,,,,,,,,,,,,,,,,,,,1,60,1,6,2,4,2,1,2,3,3,1,,2,1,2,,1,1,1,9,2,1,1
266904,2,36,8,4,3,4,1,1,1,1,1,1,1,1,1,2,5,1,1,2,1,1,1,1,2,1,1,1,1,2,2,1,2,2,2,2,2,2,1,1,15,2,1,4,20,1,2,2,1,2,2,2,4,,,,,,,,,,,,,,,,,,,,,,,,,,,,,,,,1,20,2,1,40,1,5,2,3,2,1,1,3,3,1,,2,2,1,2,2,,1,1,1,1,1
267001,2,24,8,3,3,3,1,1,1,1,1,1,2,2,,,4,1,2,2,1,1,1,1,1,1,1,1,2,2,2,1,1,,2,2,2,2,1,1,3,1,1,1,60,2,1,2,2,1,1,2,1,5,1,30,1,2,2,1,1,2,1,2,2,2,,,,,,,,,,,,,,,,,,,2,20,1,2,60,2,,2,2,1,1,2,3,1,1,,2,2,2,,2,,1,1,1,1,1
267102,1,29,2,5,2,6,1,1,1,1,1,2,2,2,,,3,1,2,2,1,1,1,2,1,1,1,1,2,1,2,2,1,,1,,2,2,1,1,,,,,,,,,,,,,,3,3,60,1,1,1,2,2,2,2,2,2,2,1,2,1,60,1,0,1,0,0,0,0,0,0,3,,,,,1,120,1,1,60,2,,2,3,2,1,2,3,3,3,,2,2,2,,2,,1,1,1,1,1
267203,1,35,3,3,1,3,1,2,2,1,1,2,2,2,,,1,1,2,2,1,1,1,1,1,1,1,1,2,2,2,1,2,2,2,2,2,2,2,1,1,2,1,5,10,2,1,2,2,2,2,2,2,,,,,,,,,,,,,,,,,,,,,,,,,,,,,,,,,,,1,30,2,,2,1,2,2,2,3,3,3,,2,2,1,2,2,,1,1,1,1,1
267304,2,60,3,3,1,6,1,1,2,2,,2,2,2,,,1,1,2,2,1,1,1,1,1,1,1,1,1,2,2,2,2,2,2,2,2,2,2,2,,,,,,,,,,,,,,,,,,,,,,,,,,,,,,,,,,,,,,,,,,,,,,,,,,,,,,,,,,,,1,2,2,2,,2,,1,9,9,9,9
267401,1,13,2,5,2,3,0,1,2,2,,2,2,2,,,3,1,2,2,1,2,1,1,2,1,1,1,2,2,2,1,2,2,2,2,1,,2,2,3,2,1,4,15,1,2,2,1,1,2,2,4,,,,,,,,,,,,,,,,,,,,,,,,,,,,3,10,1,2,,,,,,2,,4,2,2,2,1,3,3,3,,2,1,1,1,1,1,1,1,1,1,1
267502,2,46,6,3,2,3,0,1,1,2,,2,2,1,1,2,3,1,2,2,2,1,1,1,1,1,1,1,2,1,1,,1,,1,,2,1,2,1,3,2,1,2,60,2,1,2,1,1,2,2,2,2,2,30,1,2,2,1,2,2,2,2,2,2,2,1,1,20,1,0,0,0,0,0,0,1,0,2,3,20,1,2,,,,2,30,2,,2,2,2,1,2,3,3,1,,1,1,1,2,1,1,1,1,1,1,1
267801,2,66,10,2,1,3,2,1,1,1,1,1,2,1,2,2,1,1,1,2,2,1,1,2,1,1,1,1,1,1,1,,2,2,2,2,1,,2,1,6,2,1,1,120,1,1,1,1,1,1,2,4,,,,,,,,,,,,,,,,,,,,,,,,,,,,3,60,2,1,,,,1,60,2,,3,3,2,1,3,3,3,1,,2,2,2,,2,,1,2,2,2,2
267902,2,75,3,3,3,4,2,1,1,2,,2,2,1,1,2,1,1,2,2,3,1,1,2,1,1,1,1,1,2,2,1,2,2,2,2,2,2,2,1,1,2,1,2,60,1,2,2,1,2,2,2,3,,,,,,,,,,,,,,,,,,,,,,,,,,,,,,,,,,,1,30,1,4,2,2,1,2,3,3,1,1,,2,2,2,,2,,1,2,2,2,1
268003,1,64,2,6,3,4,1,1,2,2,,2,2,1,1,2,8,1,2,2,2,2,2,2,2,2,2,2,2,2,2,2,2,2,2,2,2,2,2,1,,,,,,,,,,,,,,,,,,,,,,,,,,,,,,,,,,,,,,,,,,,,,,,,1,40,,,,,,,,,,,6,2,2,2,,2,,1,9,9,9,9
268104,2,27,6,3,4,9,2,1,1,1,1,1,2,1,1,1,8,1,2,2,1,2,1,2,1,1,1,1,1,1,1,,1,,1,,2,2,1,1,10,1,2,4,60,1,2,1,2,2,1,2,1,1,2,30,1,2,2,1,2,2,2,2,2,2,1,2,1,20,2,0,1,0,0,1,0,0,0,1,,,,,2,30,2,1,120,1,6,2,3,2,1,1,3,3,1,,2,1,1,1,1,4,1,1,1,1,2
268201,2,69,10,2,3,6,3,1,1,1,1,1,2,1,1,1,1,1,1,2,2,1,1,1,2,1,1,1,1,1,1,,1,,2,2,2,2,2,1,2,1,1,2,90,1,1,1,2,2,1,2,4,1,4,30,1,2,2,2,1,2,1,2,2,2,,,,,,,,,,,,,,,,,,,,,,1,30,2,,2,3,1,1,1,3,3,1,,2,2,2,,1,3,1,2,1,1,2
268302,1,37,6,3,1,2,1,2,2,2,,2,2,1,1,1,2,1,2,2,1,2,1,1,1,1,1,1,2,1,1,,2,2,2,2,2,2,2,1,3,2,1,2,90,1,2,2,2,1,2,2,2,,,,,,,,,,,,,,,,,,,,,,,,,,,,,,,,,,,1,300,2,,2,3,2,1,1,3,3,1,,2,2,1,2,1,1,1,1,1,1,1
268504,1,31,5,3,1,2,1,1,1,2,,1,1,2,,,1,1,2,2,1,1,1,1,1,1,1,1,2,1,1,,1,,2,1,1,,1,1,15,1,2,1,240,1,2,2,2,1,1,2,2,55,1,30,1,2,2,1,2,2,1,1,1,2,1,2,7,20,1,0,0,0,0,0,0,1,0,1,1,60,1,2,1,20,1,1,180,1,5,4,4,2,1,3,3,3,1,,1,1,2,,1,1,1,1,1,1,1
268601,2,13,2,6,2,4,1,1,1,2,,2,2,1,1,2,6,1,1,2,1,1,1,1,1,1,2,1,2,1,2,1,1,,2,2,1,,2,1,1,2,1,3,10,1,2,2,2,1,2,2,2,3,2,15,1,2,2,1,2,1,2,2,2,2,,,,,,,,,,,,,,,2,20,1,2,,,,1,20,2,,2,3,1,1,1,3,1,3,,2,2,2,,1,1,1,2,2,2,2
268702,1,70,3,3,1,1,1,1,1,2,,2,2,2,,,1,1,2,2,1,1,1,1,1,1,1,1,2,2,2,2,2,2,2,2,2,2,1,1,,,,,,,,,,,,,,,,,,,,,,,,,,,,,,,,,,,,,,,,,,,,,2,60,1,1,60,1,5,2,4,2,2,2,3,3,1,,2,2,2,,2,,1,9,9,9,9
268803,2,31,6,3,1,2,1,1,1,2,,2,2,1,1,2,4,1,2,2,2,1,1,1,1,1,1,1,1,2,2,2,2,2,1,,2,2,2,1,,,,,,,,,,,,,,,,,,,,,,,,,,,2,1,2,30,2,0,0,1,0,0,0,0,0,2,,,,,,,,1,30,2,,2,3,2,2,2,3,3,1,,1,1,1,1,1,1,1,1,1,1,1
268904,1,24,6,3,3,6,2,1,2,1,1,1,2,1,1,2,4,1,2,2,1,1,1,1,1,1,1,1,1,2,2,2,2,2,2,2,2,2,2,2,,,,,,,,,,,,,,,,,,,,,,,,,,,,,,,,,,,,,,,,,,,,,,,,,,,,,,,,,,,,2,2,2,1,2,1,1,1,1,1,1,1
269001,2,48,3,3,2,3,1,1,1,1,1,2,2,1,1,2,4,1,2,2,2,1,1,1,1,1,1,1,1,1,1,,1,,2,1,2,1,1,1,3,2,1,2,60,1,1,2,1,2,2,2,2,1,2,90,1,2,2,1,2,2,2,1,2,2,2,1,3,120,1,0,0,0,0,0,0,0,1,2,3,60,2,1,2,12,1,1,15,2,,2,2,1,1,2,3,3,1,,2,2,2,,2,,1,2,1,2,2
269203,1,15,3,3,2,4,1,1,1,2,,2,1,1,1,2,3,1,1,2,1,1,1,1,2,1,1,1,1,1,2,2,1,,2,2,1,,1,1,,,,,,,,,,,,,,3,2,120,1,2,2,2,2,2,1,2,2,2,,,,,,,,,,,,,,,3,60,1,2,3,60,1,1,480,1,5,3,2,2,2,1,3,3,3,,2,2,1,1,1,1,1,1,1,1,1
269304,2,18,3,3,3,4,1,2,1,2,,2,2,1,1,2,3,1,1,2,1,1,1,1,1,1,1,1,2,2,2,2,2,2,2,2,2,2,2,1,,,,,,,,,,,,,,,,,,,,,,,,,,,,,,,,,,,,,,,,,,,,,,,,2,30,,,,,,,,,,,1,2,2,1,3,2,,1,1,1,1,2
269401,2,50,3,3,2,3,1,1,1,2,,2,2,2,,,5,1,2,2,2,1,1,1,1,1,1,1,2,2,2,2,2,2,2,2,2,2,2,2,,,,,,,,,,,,,,,,,,,,,,,,,,,,,,,,,,,,,,,,,,,,,,,,,,,,,,,,,,,,3,1,1,1,1,1,1,1,2,2,1,1
269502,2,44,2,6,3,5,1,1,1,2,,2,2,1,1,2,4,1,2,2,3,1,1,2,2,1,1,1,2,2,2,2,2,2,2,2,2,2,2,2,,,,,,,,,,,,,,,,,,,,,,,,,,,,,,,,,,,,,,,,,,,,,,,,,,,,,,,,,,,,7,2,2,2,,1,1,1,2,2,2,2
269603,2,16,3,1,1,2,1,1,1,2,,2,2,1,1,2,2,1,1,2,1,1,1,2,2,1,1,2,2,2,2,2,2,2,2,2,2,2,2,2,,,,,,,,,,,,,,,,,,,,,,,,,,,,,,,,,,,,,,,,,,,,,,,,,,,,,,,,,,,,1,2,1,2,,2,,1,1,1,1,1
269704,2,17,3,3,2,5,2,1,1,1,2,1,2,1,1,1,3,1,2,2,1,1,1,1,1,1,1,1,2,2,2,1,2,2,2,2,1,,1,1,1,2,1,2,20,2,2,1,2,2,2,2,3,,,,,,,,,,,,,,,,,,,,,,,,,,,,5,10,1,2,2,5,1,1,10,2,,2,1,2,1,3,3,3,1,,1,1,1,2,1,1,1,1,1,1,1
269801,2,22,3,3,2,2,0,1,2,2,,2,2,1,1,2,3,1,2,2,1,1,1,2,1,1,1,1,1,1,2,2,2,2,2,2,2,1,1,1,,,,,,,,,,,,,,,,,,,,,,,,,,,,,,,,,,,,,,,,,3,60,1,1,2,30,1,1,60,2,,4,4,1,1,2,3,3,1,,2,1,1,2,1,2,1,1,1,1,1
269902,1,14,3,2,2,2,1,1,2,2,,2,2,1,2,2,5,1,2,2,2,1,1,2,3,2,3,1,2,1,1,,2,2,2,1,1,,1,1,3,2,1,2,5,2,2,2,2,1,1,2,2,,,,,,,,,,,,,,1,2,1,5,2,0,0,1,0,0,0,0,0,1,2,5,1,2,2,5,1,2,5,1,5,1,1,1,1,2,3,1,3,,2,1,1,2,2,,1,1,1,1,1
270003,2,45,7,3,2,4,1,1,2,2,,2,2,1,1,2,4,1,2,2,2,1,1,1,1,1,1,1,2,2,2,2,2,2,2,2,2,2,2,2,,,,,,,,,,,,,,,,,,,,,,,,,,,,,,,,,,,,,,,,,,,,,,,,,,,,,,,,,,,,3,2,2,2,,2,,1,2,2,2,2
270201,2,60,3,3,1,5,0,2,2,2,,2,2,2,,,2,1,2,2,1,1,1,1,1,1,1,1,2,2,2,2,2,2,2,2,2,2,2,2,,,,,,,,,,,,,,,,,,,,,,,,,,,,,,,,,,,,,,,,,,,,,,,,,,,,,,,,,,,,1,2,2,2,,2,,1,2,2,2,2
270302,1,13,3,1,2,3,1,1,1,1,1,2,2,1,1,2,5,1,2,2,1,1,1,1,3,1,1,1,2,2,2,1,2,2,2,2,2,2,2,1,1,1,2,5,10,1,1,2,2,2,2,2,1,,,,,,,,,,,,,,,,,,,,,,,,,,,,,,,,,,,2,5,2,,2,4,2,1,1,3,1,3,,2,2,2,,1,1,1,1,1,2,1
270403,1,17,6,2,3,5,2,1,1,1,1,2,2,1,1,2,4,1,2,2,1,1,1,1,1,1,1,1,2,2,2,1,2,2,2,2,2,2,1,1,3,2,1,4,60,2,2,1,2,2,1,2,2,,,,,,,,,,,,,,,,,,,,,,,,,,,,,,,,3,60,1,1,40,2,,3,3,2,1,1,3,3,1,,1,1,1,2,1,1,1,1,1,1,2
270504,2,13,3,1,3,4,2,1,1,1,1,1,2,1,1,1,3,1,1,2,2,2,2,2,2,2,2,2,2,2,1,,2,2,2,2,2,2,2,2,2,2,1,1,30,1,2,2,1,2,2,2,3,,,,,,,,,,,,,,,,,,,,,,,,,,,,,,,,,,,,,2,,2,2,2,1,1,3,3,3,,1,1,1,2,1,1,1,1,1,1,1
270601,2,74,8,4,3,5,2,1,1,1,2,1,2,1,1,1,6,1,2,2,1,1,1,1,2,1,1,2,2,1,1,,1,,1,,2,2,2,2,1,2,1,2,5,1,2,2,1,2,2,2,3,1,2,20,1,2,2,2,2,2,2,1,2,2,2,1,4,10,1,0,0,0,0,0,0,1,0,3,,,,,,,,,,2,,2,1,2,2,3,3,3,3,,2,2,2,,2,,1,2,2,2,2
270702,2,73,3,3,3,4,1,1,1,2,,1,2,1,1,1,5,1,2,2,1,1,1,1,1,1,1,1,2,1,1,,2,2,2,2,2,2,2,1,1,2,1,2,10,1,2,2,1,2,2,2,2,,,,,,,,,,,,,,,,,,,,,,,,,,,,,,,,,,,1,60,1,4,4,3,2,1,1,3,3,1,,1,1,1,2,2,,1,2,1,1,1
270803,1,23,8,5,2,3,1,1,1,1,1,2,2,1,1,2,4,1,2,2,1,1,1,1,1,1,1,1,2,2,2,2,2,2,2,2,2,2,1,1,,,,,,,,,,,,,,,,,,,,,,,,,,,,,,,,,,,,,,,,,,,,,1,30,1,1,30,2,,1,1,2,2,2,1,3,3,,2,2,2,,2,,1,2,2,2,2
270904,2,12,2,6,2,2,1,1,1,1,1,1,1,1,1,2,3,1,2,2,1,1,1,1,1,1,1,1,2,2,1,,2,2,2,2,2,2,2,2,3,2,1,1,60,1,2,2,1,1,2,2,2,,,,,,,,,,,,,,,,,,,,,,,,,,,,,,,,,,,,,2,,1,4,2,1,3,3,3,3,,2,2,2,,2,,1,2,1,1,1
271001,1,34,3,3,2,2,1,1,1,1,1,1,1,1,1,1,5,1,2,2,1,1,1,1,1,1,1,1,2,2,2,1,2,2,2,2,2,1,2,1,2,2,1,4,15,2,1,2,2,2,2,2,3,,,,,,,,,,,,,,,,,,,,,,,,,,,,5,5,1,2,,,,1,30,2,,2,2,1,1,2,3,3,1,,2,2,2,,1,1,1,1,1,1,1
271102,2,17,6,1,2,4,1,1,1,2,,2,2,1,1,2,2,1,2,2,1,1,1,1,1,1,1,1,2,2,2,1,2,2,2,2,2,2,1,1,5,2,1,1,30,1,2,1,1,2,2,2,3,,,,,,,,,,,,,,,,,,,,,,,,,,,,,,,,2,15,1,1,15,2,,2,2,2,1,1,3,3,3,,2,2,2,,1,1,1,1,1,1,1
271203,2,33,2,6,2,4,1,1,1,2,,2,2,2,,,6,1,2,2,2,1,1,1,2,1,1,1,2,1,1,,2,2,2,2,2,2,2,1,9,2,1,2,10,1,2,2,1,1,2,2,2,,,,,,,,,,,,,,,,,,,,,,,,,,,,,,,,,,,1,20,1,8,2,1,2,1,1,3,3,3,,2,2,2,,2,,1,2,2,2,2
271304,2,43,8,5,2,4,1,1,1,2,,1,2,1,1,1,4,1,1,2,3,1,1,1,2,1,1,1,1,2,2,2,2,2,2,2,2,2,1,1,,,,,,,,,,,,,,,,,,,,,,,,,,,,,,,,,,,,,,,,,,,,,2,3,1,1,60,2,,2,3,2,1,1,3,1,1,,2,1,2,,1,1,1,1,1,1,1
271401,1,62,2,4,2,3,1,1,1,1,1,2,2,2,,,8,1,2,2,2,1,1,1,1,1,1,1,1,2,1,,2,2,2,2,2,2,2,2,2,2,1,1,15,1,2,2,1,2,2,2,2,,,,,,,,,,,,,,,,,,,,,,,,,,,,,,,,,,,,,2,,2,3,2,2,1,3,3,1,,2,1,2,,1,1,1,2,2,2,2
271502,2,59,2,3,1,2,0,2,1,2,,2,2,2,,,1,1,2,2,1,2,2,1,1,1,1,1,2,1,2,2,2,2,2,2,2,2,2,1,,,,,,,,,,,,,,,,,,,,,,,,,,,,,,,,,,,,,,,,,,,,,,,,1,30,,,,,,,,,,,2,2,2,2,,2,,1,1,1,2,2
271603,1,17,6,2,2,4,1,1,1,1,1,2,1,1,1,1,3,1,2,2,1,1,1,1,2,1,1,1,2,1,1,,2,1,2,2,2,1,1,1,11,1,1,3,20,2,2,1,2,1,1,2,2,2,5,15,2,2,2,2,2,2,1,2,2,2,,,,,,,,,,,,,,,4,15,1,2,3,60,2,1,180,1,3,4,4,2,1,3,3,3,3,,2,2,2,,1,1,1,1,1,1,1
271704,2,26,6,3,1,2,1,1,1,2,,2,2,1,1,2,3,1,2,2,1,1,1,1,1,1,1,1,2,1,2,2,2,2,2,2,2,2,1,1,,,,,,,,,,,,,,,,,,,,,,,,,,,,,,,,,,,,,,,,,,,,,2,10,1,1,15,2,,4,3,2,1,1,3,3,1,,2,1,2,,1,1,1,2,1,1,1
271801,1,14,2,6,3,4,2,1,1,1,1,2,2,2,,,4,1,2,2,1,2,1,1,2,1,2,2,2,2,2,2,2,2,2,2,2,2,2,2,,,,,,,,,,,,,,,,,,,,,,,,,,,,,,,,,,,,,,,,,,,,,,,,,,,,,,,,,,,,1,2,1,1,2,1,1,1,2,2,1,2
271902,1,56,2,6,2,3,1,1,2,2,,2,2,2,,,4,1,2,2,2,2,1,3,1,1,1,1,1,,,,,,,,,,,,,,,,,,,,,,,,,,,,,,,,,,,,,,,,,,,,,,,,,,,,,,,,,,,,,,,,,,,,,,,,,,,,,,,,,,
272003,1,73,8,5,1,4,1,1,1,1,2,1,2,2,,,2,1,2,2,1,1,2,2,1,1,1,1,1,1,1,,1,,2,2,1,,2,1,24,2,1,2,90,1,2,1,2,1,1,2,3,4,2,120,1,2,1,2,2,2,1,1,1,2,,,,,,,,,,,,,,,2,60,1,2,,,,2,30,2,,2,2,1,2,1,3,3,1,,2,2,2,,2,,1,2,2,1,2
272104,1,17,3,3,4,5,0,1,2,2,,2,2,1,1,2,13,1,2,1,1,1,1,1,1,1,1,1,1,2,2,1,2,2,2,2,1,,2,1,2,2,1,4,30,1,2,2,2,1,2,2,2,,,,,,,,,,,,,,,,,,,,,,,,,,,,4,30,1,2,,,,1,30,1,5,2,3,2,1,3,3,3,1,,2,1,2,,1,1,1,1,1,1,1
272201,2,53,3,3,1,2,1,1,1,2,,2,2,1,1,2,2,1,2,2,1,1,2,1,1,1,1,1,2,1,2,2,2,2,2,2,2,2,2,1,,,,,,,,,,,,,,,,,,,,,,,,,,,,,,,,,,,,,,,,,,,,,,,,1,10,,,,,,,,,,,2,2,2,2,,2,,1,1,1,1,1
272302,2,52,3,3,2,3,0,1,1,2,,2,2,2,,,1,1,2,2,1,2,1,1,2,1,1,1,2,2,1,,2,2,2,2,2,2,2,2,3,2,1,2,30,1,2,2,2,1,2,2,2,,,,,,,,,,,,,,,,,,,,,,,,,,,,,,,,,,,,,2,,1,2,2,2,3,3,3,3,,2,2,2,,2,,1,2,2,2,2
272403,2,22,8,5,1,2,1,2,1,2,,1,2,1,1,1,1,1,2,2,1,1,1,1,1,2,1,1,2,2,2,1,1,,2,2,2,2,1,1,3,1,2,4,60,1,2,1,2,1,2,2,1,1,4,30,1,2,2,2,2,2,1,2,2,2,,,,,,,,,,,,,,,,,,,1,30,1,1,120,1,3,4,3,2,1,1,3,1,1,,2,1,1,1,1,1,1,1,1,1,1
272504,1,61,3,2,1,3,1,1,1,2,,2,2,2,,,1,1,2,2,1,1,1,1,1,1,1,1,2,1,2,2,2,2,2,2,2,2,2,2,,,,,,,,,,,,,,,,,,,,,,,,,,,,,,,,,,,,,,,,,,,,,,,,,,,,,,,,,,,,2,2,1,1,2,1,1,1,2,2,2,1
272601,1,26,3,2,1,4,1,2,2,2,,2,2,2,,,1,1,2,2,1,1,1,1,1,1,1,1,2,2,2,2,2,2,2,2,2,2,1,1,,,,,,,,,,,,,,,,,,,,,,,,,,,,,,,,,,,,,,,,,,,,,2,60,1,2,20,2,,2,1,2,2,3,3,1,1,,2,1,1,2,2,,1,2,1,1,2
272702,2,27,3,3,1,2,1,1,1,2,,2,2,2,,,5,1,2,2,1,1,1,1,1,1,1,1,2,1,2,2,2,2,2,2,2,2,1,1,,,,,,,,,,,,,,,,,,,,,,,,,,,,,,,,,,,,,,,,,,,,,1,60,1,1,60,2,,2,4,2,1,2,3,3,3,,2,2,1,2,1,1,1,1,1,2,1
272803,2,28,3,3,1,3,1,1,1,1,1,2,2,1,1,2,4,1,2,2,1,1,1,1,1,1,1,1,2,2,2,2,2,2,2,2,2,2,1,1,,,,,,,,,,,,,,,,,,,,,,,,,,,,,,,,,,,,,,,,,,,,,1,60,1,1,60,2,,2,4,2,1,3,3,3,3,,2,2,2,,1,1,1,1,2,2,2
272904,1,46,8,2,1,2,1,1,2,1,1,1,2,1,1,1,1,1,2,2,2,2,2,2,2,1,1,3,2,2,2,2,1,,2,2,2,2,1,1,,,,,,,,,,,,,,4,2,15,1,2,2,2,2,2,2,1,1,2,,,,,,,,,,,,,,,,,,,1,60,1,1,60,2,,1,2,2,1,2,3,3,1,,2,1,2,,1,1,1,2,1,2,2
273001,2,47,6,3,3,6,3,1,1,2,,1,2,1,1,2,3,1,2,2,3,1,1,1,1,1,1,1,2,1,2,2,1,,2,2,2,2,1,1,,,,,,,,,,,,,,3,5,15,2,2,1,2,2,2,2,2,2,2,,,,,,,,,,,,,,,,,,,1,30,2,1,360,2,,3,4,2,1,1,3,3,1,,1,1,1,1,1,1,1,1,1,1,1
273102,2,12,2,6,3,5,2,1,1,1,1,1,1,1,1,1,3,1,2,2,1,1,1,1,1,1,1,1,2,2,2,1,2,1,2,2,2,2,1,1,1,2,1,2,13,2,2,2,2,1,2,2,3,1,2,5,1,2,2,2,2,2,2,2,1,2,,,,,,,,,,,,,,,,,,,2,7,1,1,1,2,,3,3,2,1,1,3,3,1,,1,1,1,2,1,2,1,1,2,1,1
273203,2,13,2,6,3,5,2,1,1,1,1,1,2,1,1,1,4,1,2,2,1,1,1,1,1,1,1,1,2,2,2,2,2,2,2,2,2,2,2,2,,,,,,,,,,,,,,,,,,,,,,,,,,,,,,,,,,,,,,,,,,,,,,,,,,,,,,,,,,,,1,1,1,1,2,1,2,1,1,1,1,1
273304,1,47,7,3,1,6,2,1,1,1,1,1,1,1,1,1,2,1,2,2,1,1,1,1,1,1,1,1,2,1,2,2,2,2,2,2,2,2,1,1,,,,,,,,,,,,,,,,,,,,,,,,,,,,,,,,,,,,,,,,,,,,,2,60,1,1,60,2,,3,4,2,1,1,3,3,1,,2,1,2,,1,2,1,1,1,1,1
273401,2,74,2,4,1,3,1,1,1,2,,2,2,1,1,1,1,1,2,2,2,1,2,1,2,1,1,2,2,2,2,1,2,2,2,2,2,2,2,1,1,2,1,3,30,1,2,2,1,2,2,2,2,,,,,,,,,,,,,,,,,,,,,,,,,,,,,,,,,,,1,30,2,,2,3,2,2,2,3,1,3,,2,1,1,3,1,1,1,1,1,1,2
273502,1,20,8,1,2,4,2,1,1,1,1,1,2,1,1,1,4,1,2,2,1,1,1,1,1,1,1,1,2,2,2,1,2,2,2,2,2,2,1,1,10,1,2,4,30,2,1,1,2,2,2,2,1,,,,,,,,,,,,,,,,,,,,,,,,,,,,,,,,2,20,2,1,60,2,,3,1,2,1,1,3,1,3,,2,1,1,2,1,1,1,2,2,2,2
273603,2,13,2,3,2,4,1,1,2,1,1,2,2,1,1,2,3,1,2,2,1,1,1,1,2,1,1,2,2,1,1,,2,2,2,2,2,2,1,1,4,1,1,2,60,2,2,1,2,1,2,2,3,,,,,,,,,,,,,,,,,,,,,,,,,,,,,,,,1,60,2,2,30,2,,2,3,2,1,1,3,3,3,,2,1,2,,1,1,1,1,1,2,2
273801,2,53,7,3,2,3,2,1,1,1,1,2,2,1,1,2,1,1,2,2,1,1,1,2,1,1,1,1,2,1,1,,2,2,2,2,2,2,1,1,2,2,1,3,30,1,2,2,2,1,1,2,2,,,,,,,,,,,,,,,,,,,,,,,,,,,,,,,,1,30,2,1,30,2,,3,4,2,2,2,3,3,1,,1,1,1,1,1,2,1,1,1,1,1
273902,1,35,3,1,2,3,1,1,2,2,,1,2,1,1,2,3,1,2,2,1,1,1,1,1,1,1,1,2,2,2,2,2,2,2,2,2,2,1,1,,,,,,,,,,,,,,,,,,,,,,,,,,,,,,,,,,,,,,,,,,,,,3,5,1,1,5,2,,1,1,2,1,3,3,1,3,,2,2,2,,2,,1,1,1,1,1
274104,2,44,6,3,3,3,2,1,1,2,,2,2,1,1,1,2,1,2,2,2,1,1,1,1,1,1,1,2,2,2,2,1,,1,,1,,2,1,,,,,,,,,,,,,,5,3,10,1,2,2,1,1,2,2,2,1,2,1,2,1,10,1,0,0,1,0,0,0,0,0,1,2,10,2,1,,,,1,30,2,,2,3,2,1,2,3,3,3,,1,1,1,1,1,2,1,1,1,1,1
274201,1,65,8,5,1,5,1,1,1,1,2,1,2,1,1,2,2,1,2,2,1,1,1,1,1,1,1,1,1,1,2,1,2,1,1,,2,2,2,1,7,1,2,2,30,1,1,2,2,2,1,2,1,3,4,25,1,2,1,2,1,2,2,2,2,2,1,2,1,20,1,1,1,0,0,0,0,0,0,3,,,,,,,,1,20,2,,4,3,2,1,1,3,3,1,,1,1,2,,1,1,1,1,1,1,1
274302,2,62,0,,1,1,0,2,2,2,,2,2,1,2,2,2,1,2,2,1,1,2,2,2,1,1,1,2,,,,,,,,,,,,,,,,,,,,,,,,,,,,,,,,,,,,,,,,,,,,,,,,,,,,,,,,,,,,,,,,,,,,,,,,,,,,,,,,,,
274403,2,66,2,2,3,4,1,1,1,2,,2,2,1,2,2,2,1,2,2,2,1,2,3,2,3,1,1,2,1,2,2,2,2,2,2,2,2,2,1,,,,,,,,,,,,,,,,,,,,,,,,,,,,,,,,,,,,,,,,,,,,,,,,2,30,,,,,,,,,,,6,2,2,2,,2,,1,1,2,1,2
274504,2,30,8,5,2,5,2,1,1,1,1,1,1,1,1,1,5,1,2,2,1,1,1,1,1,1,1,1,2,2,2,1,2,1,2,2,2,2,2,1,5,1,1,4,10,2,1,1,2,2,2,2,1,1,5,15,2,1,2,2,2,2,2,2,2,2,,,,,,,,,,,,,,,,,,,,,,1,20,2,,4,3,2,1,3,3,3,3,,1,1,1,2,1,1,1,1,1,1,1
274601,1,80,0,,1,2,1,2,2,2,,2,2,2,,,1,1,2,2,3,1,2,2,2,2,1,1,2,,,,,,,,,,,,,,,,,,,,,,,,,,,,,,,,,,,,,,,,,,,,,,,,,,,,,,,,,,,,,,,,,,,,,,,,,,,,,,,,,,
274702,2,23,6,3,2,4,2,1,1,1,1,2,2,1,1,2,6,1,2,2,1,1,1,1,1,1,1,1,2,2,2,1,2,2,2,2,2,2,2,1,10,1,2,2,30,2,2,1,2,2,1,2,1,,,,,,,,,,,,,,,,,,,,,,,,,,,,,,,,,,,1,60,1,3,3,4,2,1,3,3,3,1,,2,2,1,2,1,1,1,1,1,1,1
274803,1,31,6,3,2,3,1,1,1,2,,2,2,1,2,2,2,1,2,2,1,1,1,1,1,1,1,1,2,1,1,,1,,1,,1,,1,1,15,1,2,1,60,1,2,2,1,1,1,2,1,1,5,15,1,2,1,2,2,2,2,2,2,2,2,1,1,15,1,1,1,1,0,0,1,0,0,2,1,120,1,2,1,50,1,1,120,1,5,4,4,1,1,1,3,3,1,,2,2,2,,2,,1,1,1,1,1
275001,2,39,8,5,2,4,1,1,1,1,1,1,2,1,1,1,2,1,2,2,1,1,1,1,1,1,1,1,2,1,2,2,2,2,2,2,2,2,1,1,,,,,,,,,,,,,,,,,,,,,,,,,,,,,,,,,,,,,,,,,,,,,2,10,1,1,30,1,3,2,3,2,1,1,3,3,3,,2,2,2,,2,,1,2,2,2,2
275102,1,14,3,2,2,5,1,1,1,1,1,2,1,1,1,1,3,1,2,2,1,1,1,1,1,1,1,1,2,2,2,2,2,2,2,2,2,2,1,1,,,,,,,,,,,,,,,,,,,,,,,,,,,,,,,,,,,,,,,,,,,,,2,60,1,2,30,2,,2,1,2,2,2,3,3,1,,2,1,2,,2,,1,2,2,2,2
275203,2,75,3,3,2,3,1,1,1,2,,2,2,1,1,1,2,1,2,2,1,1,2,2,1,1,1,1,2,2,2,2,2,2,2,2,2,2,1,1,,,,,,,,,,,,,,,,,,,,,,,,,,,,,,,,,,,,,,,,,,,,,1,15,1,1,20,2,,2,2,2,2,2,3,3,1,,2,2,2,,2,,1,2,2,2,2
275304,2,46,6,1,2,5,1,1,1,1,1,2,2,1,1,2,3,1,2,2,1,1,1,1,1,1,1,1,2,1,2,2,2,2,2,2,2,2,1,1,,,,,,,,,,,,,,,,,,,,,,,,,,,,,,,,,,,,,,,,,,,,,2,30,1,2,15,2,,2,3,2,2,2,3,3,3,,2,2,2,,2,,1,2,2,2,2
275401,2,60,8,4,3,6,2,1,1,1,1,1,2,1,1,1,3,1,2,2,1,1,1,1,1,1,1,1,2,2,2,2,2,2,2,2,2,2,1,1,,,,,,,,,,,,,,,,,,,,,,,,,,,,,,,,,,,,,,,,,,,,,2,30,1,1,30,2,,2,4,2,1,2,1,1,3,,2,2,2,,2,,1,2,2,2,2
275502,2,50,3,3,3,5,1,1,1,2,,2,2,1,1,1,2,1,2,2,3,1,1,1,1,1,1,1,2,2,2,2,2,2,2,2,2,2,1,2,,,,,,,,,,,,,,,,,,,,,,,,,,,,,,,,,,,,,,,,,,,,,2,30,1,,,2,,1,1,2,2,3,3,3,3,,2,2,2,,2,,1,2,2,2,2
275603,2,44,8,5,2,7,2,1,1,1,1,2,1,1,1,2,2,1,2,2,1,1,1,1,1,1,1,1,2,1,2,2,2,2,2,2,2,2,1,1,,,,,,,,,,,,,,,,,,,,,,,,,,,,,,,,,,,,,,,,,,,,,1,10,1,1,15,2,,2,4,2,1,1,3,3,3,,1,1,2,,1,1,1,1,1,2,2
275704,2,23,8,5,3,4,2,1,1,2,,1,2,1,1,2,7,1,2,2,1,1,1,1,1,1,1,1,2,1,1,,2,2,2,2,2,2,1,1,1,2,1,3,60,1,2,2,2,1,2,2,2,,,,,,,,,,,,,,,,,,,,,,,,,,,,,,,,1,60,1,1,60,2,,2,4,2,2,3,3,3,3,,2,2,2,,2,,1,2,2,2,2
275801,2,20,8,2,3,4,2,1,1,1,3,1,1,1,1,1,5,1,2,2,1,1,1,1,1,1,1,1,2,1,1,,2,2,2,2,2,2,1,1,1,1,2,2,30,2,2,1,2,2,2,2,1,,,,,,,,,,,,,,,,,,,,,,,,,,,,,,,,2,20,1,1,30,1,5,2,3,2,1,1,3,3,1,,2,1,1,2,1,1,1,2,1,2,2
275902,1,29,8,5,1,4,1,1,1,1,1,1,1,1,1,1,2,1,2,2,1,1,1,1,1,1,1,1,2,2,2,1,2,2,2,2,2,2,1,1,1,2,1,2,40,2,1,2,2,2,2,2,2,,,,,,,,,,,,,,,,,,,,,,,,,,,,,,,,3,120,2,1,120,1,3,4,3,2,1,1,3,1,1,,2,1,1,2,1,3,1,1,1,1,2
276003,1,49,11,3,1,4,2,1,1,1,2,1,2,1,1,2,1,1,2,2,2,1,1,2,1,1,1,1,2,1,1,,1,,2,2,2,2,1,1,15,1,1,2,120,1,2,1,2,1,1,2,3,1,2,60,1,2,2,2,2,2,2,1,2,2,,,,,,,,,,,,,,,,,,,1,30,2,1,30,2,,2,3,2,1,2,3,3,1,,1,2,2,,1,1,1,2,2,2,2
276104,1,30,8,5,2,4,1,1,1,1,2,1,1,1,1,1,3,1,2,2,1,1,1,1,1,1,1,1,2,1,1,,1,,1,,2,2,1,1,1,2,1,4,20,2,2,2,1,2,2,2,2,1,3,10,1,1,2,2,2,2,2,2,2,2,2,1,1,10,1,0,0,0,0,1,0,0,0,2,,,,,1,10,1,1,30,1,3,2,4,2,1,1,3,3,1,,1,1,1,2,1,2,1,2,1,1,1
276201,2,17,6,2,3,8,3,1,1,1,2,1,1,1,1,1,5,1,2,2,1,1,1,1,1,1,1,1,2,1,1,,2,1,2,2,2,2,1,1,2,2,1,2,45,1,2,1,2,1,2,2,3,1,2,30,1,2,2,1,2,2,2,2,2,2,,,,,,,,,,,,,,,,,,,3,30,1,1,30,2,,3,3,1,1,1,3,3,1,,1,1,1,2,1,1,1,1,1,1,1
276302,2,88,3,3,3,5,1,1,2,2,,2,2,2,,,1,1,2,2,1,3,1,2,3,1,1,1,2,2,1,,2,2,2,2,2,2,2,2,3,2,1,1,30,1,2,1,1,1,2,2,2,,,,,,,,,,,,,,,,,,,,,,,,,,,,,,,,,,,,,2,,1,1,2,2,2,3,3,1,,2,1,2,,2,,1,2,2,2,1
276403,2,93,2,2,1,4,2,1,1,2,,1,2,1,1,1,1,1,2,2,2,1,2,2,1,1,1,1,2,2,2,2,2,2,2,2,2,2,2,2,,,,,,,,,,,,,,,,,,,,,,,,,,,,,,,,,,,,,,,,,,,,,,,,,,,,,,,,,,,,6,2,2,2,,2,,1,2,2,2,2
276504,2,62,3,3,3,4,1,1,1,1,1,1,2,1,1,1,1,1,2,2,3,1,2,2,1,2,2,2,2,1,1,,2,2,2,2,2,2,2,1,2,2,1,3,30,1,2,1,2,2,2,2,2,,,,,,,,,,,,,,,,,,,,,,,,,,,,,,,,,,,1,5,1,3,2,1,2,2,3,3,1,1,,1,1,2,,1,1,1,1,1,2,2
276601,1,16,3,3,3,7,1,1,1,2,,2,1,1,1,1,6,1,2,2,1,1,1,1,2,1,1,3,2,2,2,2,2,2,2,2,2,2,1,1,,,,,,,,,,,,,,,,,,,,,,,,,,,,,,,,,,,,,,,,,,,,,3,60,1,1,30,2,,4,3,2,1,3,3,3,1,,2,1,2,,1,1,1,2,1,2,1
276702,2,64,10,2,3,5,3,1,1,1,2,1,2,1,1,2,2,1,2,2,3,2,1,1,1,1,1,1,2,2,1,,2,2,2,2,2,2,2,2,1,2,1,1,10,1,2,2,2,1,2,2,3,,,,,,,,,,,,,,,,,,,,,,,,,,,,,,,,,,,,,2,,2,4,2,2,2,3,3,1,,2,2,2,,2,,1,2,2,2,2
276803,1,38,8,5,3,5,1,1,1,1,1,1,2,1,1,2,2,1,2,2,1,1,1,1,2,1,1,1,2,1,1,,2,2,2,2,2,2,1,1,1,2,1,1,30,1,2,2,2,1,2,2,3,,,,,,,,,,,,,,,,,,,,,,,,,,,,,,,,3,30,1,2,15,2,,2,3,1,1,2,3,3,1,,2,1,1,2,1,1,1,2,1,2,2
276904,1,55,6,3,2,3,2,1,1,1,1,1,1,1,1,2,3,1,2,2,1,1,1,1,1,1,1,1,2,1,2,1,2,2,2,2,2,2,1,1,5,1,2,2,30,1,1,1,2,2,2,2,1,,,,,,,,,,,,,,,,,,,,,,,,,,,,,,,,1,120,1,1,90,1,3,4,4,2,1,1,3,3,3,,2,2,2,,1,1,1,2,1,1,1
277102,1,52,6,3,3,6,1,1,1,1,1,1,1,1,1,1,1,1,2,2,1,1,1,1,1,1,1,1,2,1,2,1,2,2,2,2,2,2,1,1,10,1,2,2,30,2,1,1,2,2,2,2,1,,,,,,,,,,,,,,,,,,,,,,,,,,,,,,,,2,5,1,2,2,2,,2,4,2,1,2,3,3,1,,1,1,1,1,1,3,1,1,1,1,1
277203,1,39,8,5,5,9,3,1,1,1,1,1,1,1,1,2,8,1,2,2,1,1,1,1,1,1,1,1,2,2,2,2,2,2,2,2,2,2,2,2,,,,,,,,,,,,,,,,,,,,,,,,,,,,,,,,,,,,,,,,,,,,,,,,,,,,,,,,,,,,3,1,1,1,2,1,1,1,1,1,1,1
277304,1,55,3,3,1,4,1,2,2,2,,2,2,2,,,1,1,2,2,1,1,1,1,1,1,1,1,2,2,2,2,2,2,2,2,2,2,2,2,,,,,,,,,,,,,,,,,,,,,,,,,,,,,,,,,,,,,,,,,,,,,,,,,,,,,,,,,,,,1,2,1,2,,2,,1,2,2,2,2
277401,2,80,2,3,1,3,0,1,1,2,,2,2,2,,,1,1,2,2,1,1,2,2,2,2,2,1,1,2,2,2,2,2,2,2,2,2,2,2,,,,,,,,,,,,,,,,,,,,,,,,,,,,,,,,,,,,,,,,,,,,,,,,,,,,,,,,,,,,1,2,1,2,,1,1,1,1,2,1,2
277502,1,43,6,2,2,4,1,1,1,2,,2,2,2,,,3,1,2,2,2,1,1,1,1,1,1,2,1,2,2,1,1,,2,2,2,2,2,2,2,2,1,1,120,1,2,2,1,2,2,2,2,7,2,60,2,2,2,2,1,2,2,2,2,2,,,,,,,,,,,,,,,,,,,,,,,,2,,4,3,1,2,3,3,3,1,,2,1,1,1,1,1,1,1,1,1,1
277603,2,72,2,6,2,3,1,1,2,2,,2,2,1,1,2,2,1,2,2,3,3,3,3,3,3,1,3,2,2,1,,2,2,2,2,2,2,2,2,5,2,1,1,60,1,2,2,1,2,2,2,3,,,,,,,,,,,,,,,,,,,,,,,,,,,,,,,,,,,,,2,,1,2,2,2,2,3,3,3,,2,2,2,,2,,1,1,1,1,2
277704,2,24,6,3,2,4,1,1,1,1,1,2,2,1,1,2,4,1,2,2,1,1,1,1,2,1,1,1,2,1,2,2,2,2,2,2,2,2,1,1,,,,,,,,,,,,,,,,,,,,,,,,,,,,,,,,,,,,,,,,,,,,,1,10,1,2,10,2,,4,4,2,1,1,1,1,3,,1,1,1,1,1,1,1,1,1,1,1
277801,1,19,3,3,2,2,1,1,1,2,,2,1,1,1,1,4,1,2,2,2,1,1,1,1,1,1,1,2,1,2,1,1,,2,2,1,,1,1,2,2,1,2,60,2,1,1,2,2,2,2,2,5,2,120,1,1,2,1,2,2,1,2,1,2,,,,,,,,,,,,,,,3,30,2,1,1,60,1,1,60,2,,2,3,1,1,2,3,3,1,,2,2,1,1,1,1,1,1,1,1,1
278003,1,32,8,5,2,3,1,1,2,2,,2,2,1,1,2,6,1,2,2,1,1,1,1,1,1,1,1,2,2,2,1,2,2,2,2,2,2,2,2,1,2,1,2,10,2,2,1,2,2,2,2,1,,,,,,,,,,,,,,,,,,,,,,,,,,,,,,,,,,,,,2,,2,4,1,1,2,3,3,3,,2,1,1,1,1,1,1,1,1,2,2
278201,2,41,5,3,2,4,1,1,1,2,,2,1,1,1,1,4,1,2,2,1,1,1,1,1,1,1,1,2,2,2,2,2,2,2,2,2,2,1,1,,,,,,,,,,,,,,,,,,,,,,,,,,,,,,,,,,,,,,,,,,,,,3,10,1,1,5,2,,2,3,2,1,1,3,3,3,,1,2,1,2,1,1,1,1,1,1,1
278302,1,32,6,3,1,2,1,1,2,1,1,2,2,1,1,2,2,1,2,2,1,1,1,1,1,1,1,1,1,1,1,,2,2,2,2,2,2,1,1,2,1,1,3,60,1,1,2,2,1,2,2,2,,,,,,,,,,,,,,,,,,,,,,,,,,,,,,,,2,10,1,1,10,1,3,4,4,2,1,2,3,3,1,,2,1,1,2,1,2,1,1,1,1,2
278403,1,36,6,3,2,5,1,1,1,1,1,2,2,1,1,1,3,1,2,2,1,1,1,1,2,1,1,1,1,1,1,,2,2,2,2,1,,1,1,2,2,1,2,20,1,2,2,1,1,2,2,2,,,,,,,,,,,,,,,,,,,,,,,,,,,,3,15,2,1,2,15,1,1,15,2,,4,4,2,1,2,3,3,1,,2,2,2,,2,,1,1,1,2,1
278504,1,59,2,6,1,2,1,1,1,1,1,2,2,1,1,2,4,1,2,2,1,2,2,2,2,1,1,2,1,1,2,2,2,2,2,2,2,2,2,1,,,,,,,,,,,,,,,,,,,,,,,,,,,,,,,,,,,,,,,,,,,,,,,,2,120,,,,,,,,,,,2,2,1,2,,2,,1,2,1,2,2
278601,1,44,6,3,2,4,2,1,1,1,2,1,1,1,1,1,3,1,2,2,1,1,1,1,1,1,1,1,2,1,1,,2,1,2,1,2,2,1,1,3,1,2,1,60,1,1,1,2,2,1,2,1,2,2,15,1,2,2,2,2,2,2,1,2,2,1,2,5,10,1,1,0,0,0,0,1,0,0,1,,,,,2,30,1,2,15,1,3,2,3,2,1,2,3,3,1,,2,1,2,,1,4,1,1,1,1,2
278702,2,33,3,3,1,3,1,1,1,2,,1,2,1,1,1,8,1,2,2,1,1,1,1,1,1,1,1,2,2,2,2,2,2,1,,2,1,2,1,,,,,,,,,,,,,,,,,,,,,,,,,,,2,1,3,60,2,0,1,0,0,0,0,0,0,2,5,10,2,1,,,,1,60,1,8,4,4,1,2,1,3,3,1,,2,2,2,,2,,1,1,1,1,1
278803,1,27,8,5,1,3,1,1,1,1,1,1,1,1,1,1,2,1,2,2,1,1,1,1,1,1,1,1,2,1,2,1,2,2,2,2,2,2,1,1,4,1,1,4,30,2,1,1,2,2,2,2,2,,,,,,,,,,,,,,,,,,,,,,,,,,,,,,,,1,30,1,1,90,2,,2,4,2,1,1,3,3,1,,2,2,2,,1,5,1,1,2,1,1
278904,1,47,6,3,2,3,1,1,2,1,1,2,2,1,1,2,1,1,2,2,1,1,1,1,1,1,1,1,2,2,2,2,2,2,2,2,2,2,1,1,,,,,,,,,,,,,,,,,,,,,,,,,,,,,,,,,,,,,,,,,,,,,2,10,1,1,15,2,,4,4,2,1,3,3,3,2,,2,1,1,2,1,2,1,2,1,1,1
279001,1,42,3,3,3,5,2,1,1,1,2,2,2,1,1,1,4,1,2,2,1,1,1,1,1,1,1,1,2,2,2,2,2,2,2,2,2,2,1,1,,,,,,,,,,,,,,,,,,,,,,,,,,,,,,,,,,,,,,,,,,,,,1,30,1,1,30,1,3,1,1,2,2,2,3,1,3,,2,2,2,,2,,1,2,2,2,1
279102,2,60,2,3,1,2,1,1,1,2,,2,2,1,1,2,2,1,2,2,2,1,1,1,1,1,1,1,2,2,2,2,2,2,2,2,2,2,2,1,,,,,,,,,,,,,,,,,,,,,,,,,,,,,,,,,,,,,,,,,,,,,,,,1,10,,,,,,,,,,,3,2,2,2,,2,,1,2,2,2,2
279203,1,61,3,3,2,5,1,1,1,1,1,2,2,1,2,2,4,1,2,2,1,1,1,1,1,1,1,1,1,2,2,1,2,2,2,2,2,2,2,1,2,2,1,4,30,1,2,1,2,2,1,2,2,,,,,,,,,,,,,,,,,,,,,,,,,,,,,,,,,,,1,10,2,,2,4,1,1,2,3,3,1,,2,1,1,2,1,1,1,2,1,1,2
279304,1,42,2,3,2,3,0,1,1,2,,2,2,1,1,2,4,1,2,2,1,1,1,1,1,1,1,1,1,2,1,,2,2,2,2,2,2,2,2,1,2,1,1,6,2,2,2,1,2,2,2,2,,,,,,,,,,,,,,,,,,,,,,,,,,,,,,,,,,,,,2,,1,3,2,2,3,3,3,3,,2,2,2,,2,,1,2,1,2,2
279401,2,29,3,2,1,2,1,2,2,2,,2,2,2,,,4,1,2,1,1,1,1,1,1,1,1,1,1,1,1,,2,2,2,2,2,2,2,1,1,2,1,2,90,1,2,2,2,1,2,2,2,,,,,,,,,,,,,,,,,,,,,,,,,,,,,,,,,,,3,30,2,,2,1,1,2,2,3,3,1,,2,2,2,,2,,1,1,1,1,1
279502,2,14,3,2,2,3,1,1,2,2,,2,2,2,,,3,1,2,1,1,1,1,1,1,1,1,1,1,2,2,2,1,,2,2,2,2,1,1,,,,,,,,,,,,,,2,4,30,2,1,2,1,2,2,2,2,2,2,,,,,,,,,,,,,,,,,,,3,20,1,2,15,2,,2,2,2,1,2,1,1,1,,2,2,1,2,1,1,1,2,2,2,2
279603,2,65,0,,1,2,0,1,2,2,,2,2,2,,,2,1,2,1,2,3,2,2,2,1,1,1,1,,,,,,,,,,,,,,,,,,,,,,,,,,,,,,,,,,,,,,,,,,,,,,,,,,,,,,,,,,,,,,,,,,,,,,,,,,,,,,,,,,
279704,2,22,6,2,1,3,0,1,1,2,,2,2,1,1,2,4,1,2,1,1,1,1,1,1,1,1,1,1,1,2,2,2,2,2,2,2,1,2,1,,,,,,,,,,,,,,,,,,,,,,,,,,,,,,,,,,,,,,,,,4,20,1,2,,,,1,15,2,,2,3,2,1,2,3,3,1,,2,2,2,,2,,1,1,1,1,1
279801,1,43,3,3,2,5,1,1,1,2,,2,2,2,,,5,1,2,2,1,1,1,1,1,1,1,1,1,1,2,2,2,2,2,2,2,2,2,2,,,,,,,,,,,,,,,,,,,,,,,,,,,,,,,,,,,,,,,,,,,,,,,,,,,,,,,,,,,,3,2,1,2,,2,,1,1,2,2,2
279902,1,69,0,,2,3,0,1,2,2,,2,2,2,,,4,1,2,2,3,2,1,3,2,2,1,2,1,,,,,,,,,,,,,,,,,,,,,,,,,,,,,,,,,,,,,,,,,,,,,,,,,,,,,,,,,,,,,,,,,,,,,,,,,,,,,,,,,,
280003,2,46,0,,1,2,0,1,1,2,,2,2,2,,,4,1,2,2,1,1,1,1,2,3,2,2,2,,,,,,,,,,,,,,,,,,,,,,,,,,,,,,,,,,,,,,,,,,,,,,,,,,,,,,,,,,,,,,,,,,,,,,,,,,,,,,,,,,
280104,1,13,2,6,2,4,0,1,2,1,1,2,2,1,2,2,5,1,2,2,1,1,1,1,2,1,1,1,2,2,2,1,2,2,2,2,2,2,2,1,5,2,1,2,60,2,2,1,2,2,2,2,2,,,,,,,,,,,,,,,,,,,,,,,,,,,,,,,,,,,2,10,2,,2,2,2,1,2,3,1,1,,2,1,1,2,2,,1,1,1,1,2
280201,2,24,8,4,3,4,1,1,1,2,,1,2,1,1,2,4,1,2,2,1,1,1,1,1,1,1,1,2,1,2,2,1,,2,2,2,2,1,1,,,,,,,,,,,,,,2,2,15,2,2,2,2,2,2,1,2,2,2,,,,,,,,,,,,,,,,,,,1,5,1,1,5,1,3,2,3,2,1,3,3,3,1,,2,2,2,,1,1,1,2,2,2,2
280302,2,22,8,5,2,4,0,1,2,2,,1,2,2,,,3,1,2,2,1,1,1,1,1,1,1,1,1,1,2,2,2,2,2,2,2,2,1,1,,,,,,,,,,,,,,,,,,,,,,,,,,,,,,,,,,,,,,,,,,,,,2,15,1,1,60,1,8,2,2,2,2,3,3,1,1,,2,2,1,2,2,,1,1,1,1,2
280403,1,76,0,,1,2,0,1,2,2,,2,2,2,,,1,1,2,2,1,1,1,1,1,1,1,1,2,,,,,,,,,,,,,,,,,,,,,,,,,,,,,,,,,,,,,,,,,,,,,,,,,,,,,,,,,,,,,,,,,,,,,,,,,,,,,,,,,,
280504,2,64,2,3,1,2,0,1,2,2,,2,2,1,1,2,1,1,2,2,1,1,1,2,2,1,1,1,2,2,2,2,2,2,2,2,2,2,2,1,,,,,,,,,,,,,,,,,,,,,,,,,,,,,,,,,,,,,,,,,,,,,,,,3,10,,,,,,,,,,,9,2,2,2,,2,,1,2,2,2,2
280601,2,18,6,3,2,4,1,1,1,1,1,1,2,1,1,2,5,1,2,2,1,1,1,1,1,1,1,1,2,1,1,,2,2,2,2,2,2,1,1,2,1,2,3,20,2,1,1,2,2,2,2,3,,,,,,,,,,,,,,,,,,,,,,,,,,,,,,,,1,15,1,1,10,2,,2,2,2,1,1,3,3,1,,2,1,1,2,1,1,1,1,2,1,2
280702,2,24,6,1,2,3,1,1,1,2,,2,2,2,,,5,1,2,2,2,1,1,1,3,1,1,1,1,2,2,2,2,2,2,2,2,2,2,2,,,,,,,,,,,,,,,,,,,,,,,,,,,,,,,,,,,,,,,,,,,,,,,,,,,,,,,,,,,,3,2,2,2,,2,,1,1,1,1,1
280803,2,24,6,3,2,4,1,1,1,1,1,2,2,1,1,1,3,1,2,2,2,1,1,1,1,1,1,1,2,2,2,2,2,2,2,2,2,2,1,1,,,,,,,,,,,,,,,,,,,,,,,,,,,,,,,,,,,,,,,,,,,,,2,10,1,1,20,1,1,2,3,2,1,2,3,3,1,,2,1,1,2,1,1,1,1,1,1,1
280904,1,17,3,2,2,4,1,1,1,1,1,2,2,1,2,2,6,1,2,2,1,1,1,1,2,1,1,1,2,2,2,1,2,2,2,2,2,2,1,1,20,1,1,4,15,1,1,2,2,2,2,2,3,,,,,,,,,,,,,,,,,,,,,,,,,,,,,,,,2,5,2,1,60,1,3,2,2,2,1,2,3,3,1,,2,1,1,2,1,1,1,1,1,1,1
281001,1,44,2,6,2,5,1,1,1,1,2,1,1,1,1,2,5,1,2,2,1,1,1,1,1,1,1,1,2,2,2,2,2,2,2,2,2,2,2,1,,,,,,,,,,,,,,,,,,,,,,,,,,,,,,,,,,,,,,,,,,,,,,,,1,30,,,,,,,,,,,3,2,2,2,,2,,1,2,1,1,2
281102,1,44,2,5,1,2,0,2,2,2,,2,2,2,,,1,1,2,2,1,1,1,1,1,1,1,1,2,1,2,2,1,,2,2,2,2,2,2,,,,,,,,,,,,,,1,2,30,1,2,2,2,2,1,2,2,2,2,,,,,,,,,,,,,,,,,,,,,,,,2,,1,1,1,2,2,2,2,2,,2,1,1,1,1,1,1,2,2,1,2
281203,1,37,6,3,2,4,1,1,1,1,1,2,2,2,,,4,1,2,2,1,1,1,3,1,1,1,1,2,2,2,1,2,2,2,2,2,2,2,2,1,2,1,3,60,1,2,2,1,2,2,2,2,,,,,,,,,,,,,,,,,,,,,,,,,,,,,,,,,,,,,1,5,1,1,1,2,3,3,1,1,,1,1,1,1,1,1,1,1,1,1,1
281304,2,47,0,,1,1,1,2,2,2,,2,2,2,,,3,1,2,1,2,1,2,1,2,1,2,1,1,,,,,,,,,,,,,,,,,,,,,,,,,,,,,,,,,,,,,,,,,,,,,,,,,,,,,,,,,,,,,,,,,,,,,,,,,,,,,,,,,,
281401,1,48,6,3,3,5,1,1,1,1,1,1,2,1,1,1,4,1,2,2,2,1,1,1,3,1,1,2,1,2,2,2,2,2,2,2,2,2,2,1,,,,,,,,,,,,,,,,,,,,,,,,,,,,,,,,,,,,,,,,,,,,,,,,1,4,,,,,,,,,,,1,2,1,2,,1,1,1,2,1,1,2
281502,1,75,3,3,2,3,1,1,2,2,,2,2,2,,,1,1,2,2,1,2,1,1,3,1,1,1,1,2,1,,2,2,2,2,2,2,2,2,3,2,1,4,30,1,2,2,1,2,2,2,2,,,,,,,,,,,,,,,,,,,,,,,,,,,,,,,,,,,,,2,,1,3,2,2,2,3,3,3,,2,2,2,,2,,1,2,2,2,2
281603,1,31,2,6,2,4,1,1,1,2,,2,2,1,2,2,4,1,2,2,1,1,1,1,1,1,1,1,2,2,2,2,2,2,2,2,2,2,1,1,,,,,,,,,,,,,,,,,,,,,,,,,,,,,,,,,,,,,,,,,,,,,2,30,1,1,5,2,,1,3,2,2,3,3,3,3,,2,2,2,,2,,1,1,2,1,1
281704,1,40,2,2,2,2,1,1,1,2,,2,2,2,,,1,1,2,2,1,1,1,1,1,1,1,1,1,,,,,,,,,,,,,,,,,,,,,,,,,,,,,,,,,,,,,,,,,,,,,,,,,,,,,,,,,,,,,,,,,,,,,,,,,,,,,,,,,,
281801,2,27,7,2,2,4,1,1,1,1,1,1,1,1,1,1,2,1,2,2,1,1,1,1,1,1,1,1,2,1,1,,2,2,2,2,2,2,2,1,5,2,1,1,60,1,2,2,2,1,2,2,3,,,,,,,,,,,,,,,,,,,,,,,,,,,,,,,,,,,1,60,2,,4,3,2,1,2,3,3,1,,2,2,2,,2,,1,1,1,1,1
281902,1,56,7,2,2,3,1,1,1,1,1,2,2,2,,,2,1,2,2,2,1,1,1,1,1,1,1,2,1,1,,2,2,2,2,2,2,1,1,2,2,1,2,120,1,2,2,1,2,2,2,3,,,,,,,,,,,,,,,,,,,,,,,,,,,,,,,,1,15,1,1,180,2,,3,4,2,1,2,3,3,1,,1,1,1,2,1,1,1,2,2,1,1
282003,2,55,3,3,4,6,2,1,1,1,2,1,1,1,1,2,2,1,2,2,1,1,1,1,1,1,1,1,2,1,2,2,2,2,2,2,2,2,1,1,,,,,,,,,,,,,,,,,,,,,,,,,,,,,,,,,,,,,,,,,,,,,1,60,1,1,120,2,,4,4,2,1,2,3,3,1,,1,1,1,2,1,1,1,1,1,1,1
282104,2,52,8,3,3,6,2,1,1,1,1,1,2,1,1,1,1,1,2,2,1,1,1,2,1,1,1,1,2,1,1,,1,,1,,2,2,1,1,3,2,1,3,180,1,2,2,1,2,1,2,3,2,4,60,1,2,1,2,2,2,2,2,1,2,1,2,3,20,1,0,0,0,0,0,0,1,0,1,,,,,1,20,1,1,180,2,,3,4,2,1,2,3,3,1,,1,1,1,2,2,,1,1,1,1,1
282201,2,28,3,3,2,4,1,1,1,1,1,2,2,1,1,1,5,1,2,2,1,1,1,1,1,1,1,1,2,2,2,2,2,2,2,2,2,2,2,1,,,,,,,,,,,,,,,,,,,,,,,,,,,,,,,,,,,,,,,,,,,,,,,,1,180,,,,,,,,,,,3,2,2,2,,1,1,1,1,1,1,1
282302,2,24,8,5,3,5,1,1,1,1,2,1,1,1,1,1,4,1,2,2,1,1,1,1,1,1,1,1,2,1,1,,2,2,2,2,2,2,1,1,4,1,2,2,60,2,2,1,2,2,1,2,1,,,,,,,,,,,,,,,,,,,,,,,,,,,,,,,,2,120,2,1,180,1,5,4,3,2,1,1,3,3,1,,2,1,2,,1,1,1,1,2,1,1
282403,1,21,6,3,2,4,2,1,1,1,1,1,2,1,1,2,3,1,2,2,1,1,1,1,1,1,1,1,2,1,1,,1,,2,2,1,,1,1,3,2,1,3,120,1,2,2,2,1,1,2,2,2,3,120,1,1,2,2,2,2,2,2,1,2,,,,,,,,,,,,,,,2,60,2,1,1,120,1,1,120,2,,3,4,2,1,1,3,3,1,,2,1,1,2,1,1,1,1,1,1,1
282504,2,19,8,2,2,5,1,1,1,1,1,1,2,1,1,1,5,1,2,2,1,1,1,1,1,1,1,1,2,1,1,,1,,1,,2,2,1,1,8,1,1,2,120,2,1,1,2,1,1,2,1,2,2,30,1,1,2,1,2,2,2,2,2,2,1,1,3,15,1,1,1,0,1,0,0,0,0,1,,,,,1,60,1,1,60,2,,4,3,2,1,1,3,3,1,,2,1,1,2,1,1,1,1,1,1,2
282702,1,33,8,1,3,6,2,1,1,1,1,2,2,1,1,2,5,1,2,2,1,1,1,1,1,1,1,1,2,2,2,2,2,2,2,2,1,,1,1,,,,,,,,,,,,,,,,,,,,,,,,,,,,,,,,,,,,,,,,,2,30,1,2,3,30,1,1,60,1,8,4,4,2,1,2,3,3,1,,2,2,2,,2,,1,2,1,2,2
282803,1,50,8,4,3,6,2,1,1,1,2,1,2,1,1,2,3,1,2,2,1,1,1,1,1,1,1,1,2,2,2,1,1,,1,,2,2,1,1,2,2,1,2,60,1,2,2,1,1,2,2,2,2,2,60,1,1,1,2,2,2,2,2,1,2,2,1,3,60,1,1,0,0,0,0,0,0,0,3,,,,,1,120,2,1,60,2,,2,3,1,1,2,3,3,1,,2,2,1,2,1,1,1,1,1,1,1
282904,1,19,6,2,3,6,2,1,1,1,1,1,1,1,1,2,5,1,2,2,2,1,1,1,1,1,1,1,2,2,2,2,2,2,2,2,2,2,2,1,,,,,,,,,,,,,,,,,,,,,,,,,,,,,,,,,,,,,,,,,,,,,,,,1,420,,,,,,,,,,,1,2,1,1,2,1,1,1,1,1,1,1
283001,1,14,3,2,2,5,2,1,1,1,2,1,1,1,1,1,4,1,2,2,1,1,1,1,1,1,1,1,2,2,2,2,2,2,1,,2,2,1,1,,,,,,,,,,,,,,,,,,,,,,,,,,,2,1,1,10,1,0,1,0,0,0,0,1,0,2,,,,,2,5,1,1,20,2,,2,4,2,1,1,3,1,1,,2,1,1,2,1,1,1,1,1,1,1
283102,2,21,8,3,3,6,2,1,1,1,1,1,2,1,1,1,5,1,2,2,1,1,1,1,1,1,1,1,2,1,1,,2,2,2,2,1,,1,1,5,1,1,1,180,1,2,2,2,1,2,2,3,,,,,,,,,,,,,,,,,,,,,,,,,,,,2,30,1,2,3,10,1,1,480,1,5,4,3,2,1,3,3,3,1,,1,1,1,2,1,2,1,1,2,1,1
283203,2,53,8,5,2,4,1,1,1,1,4,1,2,1,1,1,5,1,2,2,1,1,1,1,1,1,1,1,2,1,2,2,2,2,2,2,2,2,2,1,,,,,,,,,,,,,,,,,,,,,,,,,,,,,,,,,,,,,,,,,,,,,,,,1,60,,,,,,,,,,,2,2,2,2,,1,1,1,1,1,1,1
283304,1,24,8,5,2,4,1,1,1,1,2,1,2,1,1,1,3,1,2,2,1,1,1,1,1,1,1,1,2,1,1,,2,2,2,2,2,2,1,1,4,2,1,2,180,1,2,1,2,1,1,2,3,,,,,,,,,,,,,,,,,,,,,,,,,,,,,,,,1,60,1,1,180,2,,3,4,2,1,3,3,3,1,,2,1,1,2,1,2,1,1,1,1,1
283401,1,55,3,3,3,4,1,1,1,1,1,2,2,2,,,1,1,2,2,1,1,1,1,1,1,1,1,2,2,2,2,2,2,2,2,2,2,2,1,,,,,,,,,,,,,,,,,,,,,,,,,,,,,,,,,,,,,,,,,,,,,,,,1,120,,,,,,,,,,,1,2,2,2,,2,,1,1,1,1,1
283502,2,19,8,2,2,4,2,1,1,1,1,1,1,1,1,1,3,1,2,2,1,1,1,1,1,1,1,1,2,1,1,,2,2,2,2,1,,2,1,5,2,1,1,120,1,2,1,2,1,2,2,2,,,,,,,,,,,,,,,,,,,,,,,,,,,,1,60,1,2,,,,1,20,1,5,3,4,1,1,2,3,3,1,,2,1,1,2,1,1,1,1,2,1,2
283603,2,43,3,3,3,4,1,1,1,1,1,1,2,1,1,1,5,1,2,2,1,1,1,1,1,1,1,1,2,2,1,,2,2,2,2,2,2,2,2,2,2,1,2,60,1,2,2,1,1,2,2,3,,,,,,,,,,,,,,,,,,,,,,,,,,,,,,,,,,,,,2,,4,4,2,2,3,3,3,1,,2,2,2,,2,,1,2,1,1,1
283704,2,25,3,3,3,4,1,1,2,2,,2,2,1,1,2,5,1,2,2,1,1,1,1,1,1,1,1,2,1,2,2,1,,2,2,1,,2,1,,,,,,,,,,,,,,3,2,20,1,2,2,2,2,2,2,2,1,2,,,,,,,,,,,,,,,3,20,1,2,,,,1,60,2,,3,3,2,1,2,3,3,1,,2,1,1,2,1,1,1,2,1,1,2
283801,1,58,8,4,3,6,2,1,1,1,4,1,1,1,1,1,4,1,2,2,1,1,1,1,1,1,1,1,2,1,1,,2,2,2,2,2,2,2,1,4,2,1,1,90,2,2,1,2,2,2,2,3,,,,,,,,,,,,,,,,,,,,,,,,,,,,,,,,,,,1,300,2,,3,4,2,1,1,3,3,1,,1,1,1,2,1,1,1,1,1,1,1
283902,1,17,6,2,5,9,2,1,1,1,2,1,1,1,1,1,4,1,2,2,1,1,1,1,1,1,1,1,2,1,1,,1,,2,2,2,2,1,1,3,2,1,1,60,2,2,1,1,1,2,2,2,1,3,20,1,1,2,2,2,2,2,2,2,2,,,,,,,,,,,,,,,,,,,1,60,1,1,180,2,,2,3,2,1,1,3,3,1,,2,2,2,,2,,1,1,2,1,2
284003,1,33,8,4,2,5,1,1,1,1,1,1,1,1,1,1,4,1,2,2,1,1,1,1,1,1,1,1,2,2,2,1,2,2,2,2,2,2,2,1,4,1,2,2,120,2,2,1,2,2,2,2,1,,,,,,,,,,,,,,,,,,,,,,,,,,,,,,,,,,,1,60,2,,2,3,2,1,3,3,3,1,,2,2,1,2,1,1,1,1,1,1,1
284104,2,29,8,2,2,4,1,1,1,2,,1,2,1,1,1,4,1,2,2,1,1,1,1,1,1,1,1,2,1,2,2,2,2,2,2,2,2,1,1,,,,,,,,,,,,,,,,,,,,,,,,,,,,,,,,,,,,,,,,,,,,,2,6,1,1,15,1,8,4,4,2,1,2,3,3,1,,1,1,1,1,1,1,1,1,1,1,1
284201,2,56,6,3,3,6,1,1,1,1,1,1,2,1,1,1,4,1,2,2,1,1,1,1,1,1,1,1,2,1,1,,2,2,2,2,2,2,2,1,6,2,1,1,30,2,2,2,1,2,2,2,2,,,,,,,,,,,,,,,,,,,,,,,,,,,,,,,,,,,1,15,2,,1,3,2,1,2,3,3,1,,2,2,2,,2,,1,2,2,2,2
284302,2,48,6,1,3,4,1,1,1,2,,2,2,1,1,2,3,1,2,2,1,1,1,1,1,1,1,1,2,1,2,2,2,2,2,2,2,2,2,1,,,,,,,,,,,,,,,,,,,,,,,,,,,,,,,,,,,,,,,,,,,,,,,,1,120,,,,,,,,,,,2,2,2,2,,2,,1,2,1,1,1
284403,1,45,3,3,2,5,1,1,1,1,2,1,1,1,1,2,4,1,2,2,1,1,1,1,1,1,1,1,2,2,2,2,1,,2,2,2,2,2,1,,,,,,,,,,,,,,1,2,30,1,1,2,2,2,2,2,2,1,2,,,,,,,,,,,,,,,,,,,,,,1,60,2,,2,3,2,1,2,3,3,1,,2,2,1,2,2,,1,1,1,1,1
284504,2,49,2,6,2,4,1,1,1,1,1,2,2,1,1,1,3,1,2,2,3,1,1,1,1,1,1,1,2,1,2,2,2,2,2,2,2,2,1,1,,,,,,,,,,,,,,,,,,,,,,,,,,,,,,,,,,,,,,,,,,,,,2,30,1,1,60,2,,3,2,1,1,3,3,3,1,,2,2,2,,2,,1,1,1,1,1
284601,1,24,8,5,2,4,1,1,1,1,1,1,2,1,1,1,4,1,2,2,1,1,1,1,1,1,1,1,2,1,2,2,2,2,2,2,1,,1,1,,,,,,,,,,,,,,,,,,,,,,,,,,,,,,,,,,,,,,,,,2,25,1,1,1,20,1,1,120,2,,3,3,2,1,3,3,3,1,,1,1,1,2,1,1,1,1,1,1,1
284702,1,33,8,4,2,5,1,1,1,2,,1,2,1,1,1,1,1,2,2,1,1,1,1,1,1,1,1,2,1,1,,2,2,2,2,1,,1,1,3,2,1,2,60,1,2,2,2,1,1,2,3,,,,,,,,,,,,,,,,,,,,,,,,,,,,2,30,1,2,1,30,1,1,120,2,,3,4,2,1,2,3,3,1,,1,1,1,2,1,1,1,1,1,1,1
284803,2,30,8,4,2,3,1,1,1,1,2,1,1,1,1,2,2,1,2,2,1,1,1,1,1,1,1,1,2,1,1,,2,2,2,2,1,,1,1,3,2,1,1,60,1,2,1,2,1,1,2,2,,,,,,,,,,,,,,,,,,,,,,,,,,,,2,30,2,1,2,30,1,1,180,2,,3,3,1,1,3,3,3,1,,2,1,2,,2,,1,1,1,1,1
284904,1,17,3,3,2,4,1,1,1,2,,2,2,1,1,2,6,1,2,2,1,1,1,1,1,1,1,1,1,2,2,2,2,2,2,2,1,,1,1,,,,,,,,,,,,,,,,,,,,,,,,,,,,,,,,,,,,,,,,,2,20,1,2,2,30,1,1,60,2,,2,3,2,1,2,3,3,1,,1,1,1,2,1,1,1,1,1,1,1
285001,1,71,3,3,1,6,2,1,1,1,1,2,2,1,1,2,2,1,2,2,1,1,2,2,1,1,1,1,2,2,2,2,2,2,2,2,2,2,2,2,,,,,,,,,,,,,,,,,,,,,,,,,,,,,,,,,,,,,,,,,,,,,,,,,,,,,,,,,,,,6,2,2,2,,2,,1,2,2,2,2
285102,1,21,3,3,2,4,1,1,1,2,,2,2,2,,,6,1,2,2,1,1,1,1,1,1,1,1,2,1,2,2,2,2,2,2,2,2,2,1,,,,,,,,,,,,,,,,,,,,,,,,,,,,,,,,,,,,,,,,,,,,,,,,2,30,,,,,,,,,,,3,1,1,1,1,1,1,1,1,1,1,1
285203,2,12,2,6,1,2,1,1,1,1,1,2,2,1,1,2,4,1,2,2,1,1,1,1,2,1,1,1,2,1,2,2,2,1,2,2,2,2,2,1,,,,,,,,,,,,,,5,1,5,1,2,2,2,2,2,2,2,1,2,,,,,,,,,,,,,,,,,,,,,,1,420,1,5,2,2,2,1,1,3,3,3,,2,1,1,2,2,,1,2,2,2,2
285304,1,36,7,3,1,3,1,1,1,1,1,2,1,1,1,1,4,1,2,2,1,1,1,1,1,1,1,1,2,2,2,2,1,,1,,1,,2,1,,,,,,,,,,,,,,2,3,30,1,1,2,2,2,2,2,2,2,2,1,2,2,40,1,0,0,1,1,0,0,0,0,1,3,60,2,1,,,,1,360,2,,2,3,2,2,2,3,3,1,,1,1,1,1,1,1,1,1,1,1,1
285401,1,49,2,5,1,2,1,1,2,2,,2,2,2,,,1,1,2,2,2,1,1,1,1,1,1,1,2,,,,,,,,,,,,,,,,,,,,,,,,,,,,,,,,,,,,,,,,,,,,,,,,,,,,,,,,,,,,,,,,,,,,,,,,,,,,,,,,,,
285502,2,17,6,2,2,2,1,1,1,2,,1,2,1,1,2,3,1,1,2,3,3,1,1,1,1,1,1,2,1,1,,2,2,2,2,1,,2,1,2,2,1,3,30,1,1,2,2,1,1,2,2,,,,,,,,,,,,,,,,,,,,,,,,,,,,3,15,1,2,,,,1,120,2,,3,4,1,2,3,3,3,1,,2,1,1,2,1,1,1,2,1,1,1
285603,1,13,3,1,2,4,1,1,1,2,,2,2,1,1,1,5,1,2,2,1,1,1,1,1,1,2,1,2,2,2,1,2,2,2,2,1,,2,1,6,2,1,2,30,2,2,1,2,2,2,2,3,,,,,,,,,,,,,,,,,,,,,,,,,,,,2,20,2,1,,,,1,60,2,,2,3,1,1,2,3,3,1,,2,1,1,2,2,,1,2,1,1,2
285704,2,27,3,3,2,3,1,1,1,1,1,1,2,1,1,2,4,1,2,2,1,1,1,1,1,1,1,1,2,2,2,2,2,2,2,2,2,2,2,1,,,,,,,,,,,,,,,,,,,,,,,,,,,,,,,,,,,,,,,,,,,,,,,,2,30,,,,,,,,,,,1,2,2,1,2,2,,1,2,1,1,1
285801,2,28,3,3,1,2,1,1,1,2,,1,2,1,1,1,4,1,2,2,2,1,1,1,1,1,1,1,2,1,1,,2,2,2,2,2,2,2,1,1,2,1,3,20,1,2,2,2,1,2,2,2,,,,,,,,,,,,,,,,,,,,,,,,,,,,,,,,,,,1,160,2,,2,2,2,2,1,3,3,1,,2,2,2,,2,,1,2,1,1,1
285902,1,29,3,3,2,3,1,1,1,2,,2,2,1,1,2,4,1,2,2,1,1,1,1,1,1,1,1,2,2,2,2,2,2,2,2,2,2,2,1,,,,,,,,,,,,,,,,,,,,,,,,,,,,,,,,,,,,,,,,,,,,,,,,1,30,,,,,,,,,,,3,2,2,2,,2,,1,2,2,2,2
286003,2,59,2,6,2,3,1,1,1,2,,2,2,1,1,2,3,1,2,2,3,1,1,1,1,1,1,1,2,2,2,2,2,2,2,2,2,2,2,2,,,,,,,,,,,,,,,,,,,,,,,,,,,,,,,,,,,,,,,,,,,,,,,,,,,,,,,,,,,,6,2,2,2,,2,,1,2,2,2,2
286104,2,12,2,4,2,3,1,1,2,2,,2,2,1,1,2,6,1,2,2,1,1,1,1,1,1,1,1,2,2,1,,2,2,2,2,2,2,2,2,23,1,1,1,30,1,2,1,2,2,1,2,2,,,,,,,,,,,,,,,,,,,,,,,,,,,,,,,,,,,,,2,,3,2,2,2,1,3,3,1,,2,1,1,2,2,,1,2,2,2,2
286201,1,57,0,,7,9,3,1,1,1,2,2,2,2,,,2,1,2,2,1,1,1,3,1,1,1,1,2,,,,,,,,,,,,,,,,,,,,,,,,,,,,,,,,,,,,,,,,,,,,,,,,,,,,,,,,,,,,,,,,,,,,,,,,,,,,,,,,,,
286302,1,71,0,,1,2,1,1,1,2,,2,2,2,,,2,1,2,2,1,1,2,4,1,1,1,1,2,2,2,2,1,,2,2,2,2,2,2,,,,,,,,,,,,,,1,4,20,1,2,2,2,2,1,2,2,2,2,,,,,,,,,,,,,,,,,,,,,,,,2,,1,1,1,2,2,3,1,1,,2,2,2,,2,,2,,,,
286403,2,53,3,3,1,4,1,1,2,2,,2,2,2,,,1,1,2,2,3,1,2,3,3,2,1,1,2,1,2,2,2,2,2,2,2,2,2,2,,,,,,,,,,,,,,,,,,,,,,,,,,,,,,,,,,,,,,,,,,,,,,,,,,,,,,,,,,,,6,2,2,2,,2,,1,1,1,1,1
286504,1,15,3,2,3,5,2,1,1,1,1,2,2,2,,,4,1,2,2,1,1,1,1,1,1,1,1,2,1,1,,2,2,2,2,2,2,2,1,2,1,2,2,60,1,1,1,2,1,1,2,1,,,,,,,,,,,,,,,,,,,,,,,,,,,,,,,,,,,1,90,2,,2,3,2,1,1,3,3,1,,2,1,1,2,1,1,1,1,1,1,1
286601,2,51,3,3,1,2,1,1,1,1,1,1,2,1,1,1,1,1,2,2,2,1,1,1,1,1,1,1,2,2,2,2,2,2,2,2,2,2,2,1,,,,,,,,,,,,,,,,,,,,,,,,,,,,,,,,,,,,,,,,,,,,,,,,1,60,,,,,,,,,,,3,2,2,2,,1,1,1,1,1,1,1
286803,1,24,6,3,1,2,1,1,2,2,,2,2,2,,,1,1,2,2,1,1,1,1,1,1,1,1,2,2,2,2,2,2,1,,2,2,2,1,,,,,,,,,,,,,,,,,,,,,,,,,,,2,1,3,30,1,1,0,0,0,0,0,1,0,3,,,,,,,,1,360,1,5,2,2,2,2,1,3,3,1,,2,1,1,2,1,1,1,2,1,1,1
286904,1,22,6,3,2,3,1,1,1,2,,2,2,1,2,2,4,1,2,2,1,1,1,1,1,1,1,1,2,2,2,2,2,2,2,2,2,2,2,1,,,,,,,,,,,,,,,,,,,,,,,,,,,,,,,,,,,,,,,,,,,,,,,,1,120,,,,,,,,,,,3,1,1,1,2,1,1,1,9,9,9,9
287001,1,35,3,3,2,3,1,1,1,2,,2,2,1,1,2,7,1,2,2,1,1,1,1,1,1,1,1,2,2,2,2,2,2,2,2,2,2,2,1,,,,,,,,,,,,,,,,,,,,,,,,,,,,,,,,,,,,,,,,,,,,,,,,1,30,,,,,,,,,,,3,1,1,1,2,1,1,1,1,1,1,9
287102,1,63,2,3,1,3,1,1,1,1,1,2,2,2,,,1,1,2,2,1,1,1,1,1,1,1,1,2,1,2,2,1,,2,2,2,2,2,1,,,,,,,,,,,,,,3,3,120,1,2,2,2,2,2,2,2,1,2,,,,,,,,,,,,,,,,,,,,,,1,120,2,,1,1,2,2,1,3,3,1,,2,1,1,2,1,1,1,2,1,1,2
287203,2,35,3,3,1,2,1,1,1,1,1,1,2,2,,,4,1,2,2,1,1,1,1,1,1,1,1,2,2,2,2,2,2,2,2,2,2,2,1,,,,,,,,,,,,,,,,,,,,,,,,,,,,,,,,,,,,,,,,,,,,,,,,1,120,,,,,,,,,,,2,2,2,2,,2,,1,1,1,1,1
287304,2,84,99,9,2,4,1,1,1,2,,2,2,1,1,2,2,1,2,2,3,1,2,2,1,1,1,1,2,1,2,2,2,2,1,,2,2,2,1,,,,,,,,,,,,,,,,,,,,,,,,,,,2,1,7,40,1,1,1,1,1,1,1,1,1,3,,,,,,,,1,10,2,,2,2,2,2,2,3,1,1,,2,2,2,,2,,1,1,1,1,1
287401,2,15,3,2,2,3,1,1,1,1,1,2,2,1,1,1,4,1,2,2,1,1,1,1,1,1,1,1,2,2,1,,2,2,2,2,2,2,2,2,2,2,1,3,60,1,2,2,2,1,2,2,2,,,,,,,,,,,,,,,,,,,,,,,,,,,,,,,,,,,,,1,5,2,1,2,2,2,3,2,3,,2,1,1,2,1,1,1,1,1,2,2
287502,2,59,6,2,2,5,2,1,1,1,1,1,1,1,1,2,2,1,2,2,1,1,1,1,1,1,1,1,2,2,2,2,2,2,2,2,2,2,2,1,,,,,,,,,,,,,,,,,,,,,,,,,,,,,,,,,,,,,,,,,,,,,,,,1,180,,,,,,,,,,,1,2,2,2,,2,,1,1,1,1,1
287603,2,47,8,4,1,2,1,1,1,1,2,1,2,1,1,1,2,1,2,2,2,1,1,1,2,1,1,1,2,1,1,,2,2,2,2,2,2,1,1,3,2,1,2,60,1,2,2,1,2,2,2,3,,,,,,,,,,,,,,,,,,,,,,,,,,,,,,,,3,60,1,1,120,2,,2,3,2,1,3,3,3,1,,1,1,1,2,1,5,1,2,1,1,1
287704,1,36,6,2,5,6,2,1,1,1,1,2,2,1,1,1,5,1,2,2,1,1,1,1,1,1,1,1,2,2,2,2,2,2,2,2,2,2,2,1,,,,,,,,,,,,,,,,,,,,,,,,,,,,,,,,,,,,,,,,,,,,,,,,1,20,,,,,,,,,,,1,2,2,2,,2,,1,2,1,1,1
287801,1,14,3,2,4,7,2,1,1,1,4,1,1,1,1,1,6,1,2,2,2,1,1,1,1,1,1,1,2,2,2,2,2,2,2,2,2,2,1,1,,,,,,,,,,,,,,,,,,,,,,,,,,,,,,,,,,,,,,,,,,,,,1,60,1,1,300,2,,3,3,1,1,1,3,3,1,,2,2,1,2,2,,1,1,2,1,1
287902,2,56,2,6,2,5,1,1,1,2,,2,2,1,1,2,4,1,2,2,1,1,1,2,1,1,1,1,2,2,2,2,2,2,2,2,2,2,2,1,,,,,,,,,,,,,,,,,,,,,,,,,,,,,,,,,,,,,,,,,,,,,,,,1,360,,,,,,,,,,,4,2,2,2,,2,,1,2,2,2,2
288003,1,24,8,5,3,4,1,1,1,1,1,2,1,1,1,1,4,1,2,2,1,1,1,1,1,1,1,1,2,1,1,,1,,1,,1,,2,1,2,2,1,3,120,1,1,1,1,1,1,2,2,3,4,30,1,2,1,2,2,1,1,1,2,2,1,2,1,15,1,0,1,1,0,0,0,0,0,2,1,90,1,1,,,,1,40,2,,3,4,2,1,2,3,3,1,,1,1,1,1,1,2,1,1,1,1,1
288104,2,19,3,3,2,3,1,2,2,2,,2,2,2,,,4,1,2,2,1,1,1,1,1,1,1,1,2,2,2,2,2,2,2,2,1,,1,1,,,,,,,,,,,,,,,,,,,,,,,,,,,,,,,,,,,,,,,,,2,60,1,2,1,20,1,1,60,1,5,2,2,2,1,3,3,3,1,,2,2,2,,2,,1,1,1,1,1
288201,2,37,2,6,1,2,1,2,2,2,,2,2,2,,,1,1,2,2,2,1,1,1,1,1,1,1,2,1,2,1,2,1,2,2,2,2,2,1,1,2,1,3,10,1,2,1,2,2,2,2,3,1,5,15,1,2,2,2,2,2,2,2,1,2,,,,,,,,,,,,,,,,,,,,,,1,120,1,5,2,1,2,1,2,3,3,1,,1,1,1,1,1,1,1,9,9,9,9
288302,1,20,3,3,2,3,1,1,1,1,1,2,2,1,1,1,4,1,2,2,1,1,1,1,1,1,1,1,2,2,2,2,2,2,2,2,2,2,2,1,,,,,,,,,,,,,,,,,,,,,,,,,,,,,,,,,,,,,,,,,,,,,,,,1,60,,,,,,,,,,,3,1,1,1,2,1,1,1,1,1,1,1
288403,1,26,8,5,2,3,1,1,1,2,,1,2,1,1,1,2,1,2,2,1,1,1,1,1,1,1,1,2,2,2,1,2,2,2,1,2,2,2,1,1,2,1,5,40,1,2,1,2,2,2,2,3,,,,,,,,,,,,,,1,2,2,30,1,1,1,0,0,0,0,0,0,1,,,,,,,,1,180,2,,2,3,2,1,2,3,1,1,,2,1,1,2,1,2,1,1,1,2,2
288601,2,67,8,5,3,5,4,1,1,1,2,1,2,1,1,1,4,1,2,2,1,1,1,1,1,1,1,1,2,2,2,1,1,,1,,2,2,1,1,1,2,1,3,60,1,2,2,2,1,2,2,3,1,3,30,1,1,2,2,2,2,2,2,2,2,2,1,1,60,1,1,1,1,1,1,1,1,0,3,,,,,2,30,1,1,30,2,,4,3,2,1,2,3,3,1,,1,1,1,2,1,1,1,1,1,1,1
289102,1,62,8,5,4,6,2,1,1,1,2,1,1,1,1,1,4,1,2,2,1,1,1,1,1,1,1,1,2,1,1,,1,,1,,1,,2,2,2,2,1,1,60,1,2,2,1,1,2,2,3,2,1,60,1,1,1,2,2,2,2,2,2,2,1,2,3,20,1,1,1,0,1,1,1,0,0,2,2,20,2,1,,,,,,2,,2,2,2,2,1,3,3,1,,1,1,1,1,1,1,1,1,1,1,1
289401,1,57,8,2,1,2,1,2,2,2,,2,2,1,1,2,1,1,2,2,1,1,1,1,1,1,1,1,2,1,1,,2,2,2,2,2,2,2,1,1,2,1,2,120,1,2,2,1,1,2,2,3,,,,,,,,,,,,,,,,,,,,,,,,,,,,,,,,,,,1,30,2,,2,3,2,2,2,3,3,1,,1,1,1,2,1,1,1,1,1,1,1
289502,2,26,6,2,1,2,1,1,1,2,,2,1,1,1,1,4,1,2,2,1,1,1,1,1,1,1,1,2,1,2,2,2,2,2,2,2,2,2,1,,,,,,,,,,,,,,,,,,,,,,,,,,,,,,,,,,,,,,,,,,,,,,,,1,60,,,,,,,,,,,1,2,1,2,,1,1,1,1,1,1,1
289603,1,18,3,3,3,5,3,1,1,1,2,1,1,1,1,1,5,1,2,2,1,1,1,1,1,1,1,1,2,2,2,2,2,2,2,2,2,2,2,2,,,,,,,,,,,,,,,,,,,,,,,,,,,,,,,,,,,,,,,,,,,,,,,,,,,,,,,,,,,,2,2,1,1,2,1,1,1,1,1,1,1
289704,2,60,3,3,2,4,1,1,1,1,2,2,2,1,1,2,2,1,2,2,1,1,1,1,1,1,1,1,2,1,2,2,2,2,2,2,2,2,2,1,,,,,,,,,,,,,,,,,,,,,,,,,,,,,,,,,,,,,,,,,,,,,,,,2,60,,,,,,,,,,,2,2,2,2,,2,,1,2,2,2,2
289801,2,26,3,3,2,4,1,1,1,2,,2,2,1,1,1,4,1,2,2,1,1,1,1,1,1,1,1,2,1,1,,2,2,2,2,2,2,2,1,1,1,1,1,38,1,2,2,1,1,2,2,3,,,,,,,,,,,,,,,,,,,,,,,,,,,,,,,,,,,1,60,2,,2,3,2,2,2,3,1,1,,1,1,2,,1,1,1,1,1,1,1
289902,2,51,3,3,3,5,2,1,1,1,2,1,1,1,1,1,4,1,2,2,1,1,1,1,1,1,1,1,2,2,2,2,2,2,2,2,2,2,2,1,,,,,,,,,,,,,,,,,,,,,,,,,,,,,,,,,,,,,,,,,,,,,,,,1,60,,,,,,,,,,,1,2,1,2,,2,,1,2,2,2,2
290003,1,46,3,3,3,4,1,1,1,2,,2,2,1,1,2,8,2,2,2,1,1,1,1,1,1,1,1,2,1,1,,2,2,1,,1,,2,1,4,2,1,2,120,1,2,2,2,1,2,2,2,,,,,,,,,,,,,,2,1,3,30,1,0,1,0,0,0,0,0,0,3,3,60,2,1,,,,1,60,2,,4,4,2,1,2,3,1,1,,1,1,1,2,1,1,1,1,1,1,1
290104,1,61,3,3,2,5,2,1,1,2,,1,2,1,1,1,5,1,2,2,1,1,1,1,1,1,1,1,2,2,2,2,2,2,2,2,2,2,2,2,,,,,,,,,,,,,,,,,,,,,,,,,,,,,,,,,,,,,,,,,,,,,,,,,,,,,,,,,,,,6,2,2,2,,2,,1,1,1,1,1
290201,1,46,3,3,5,7,2,1,1,2,,1,2,1,1,2,5,1,2,2,1,1,1,1,1,1,1,1,2,2,1,,2,2,2,2,2,2,2,2,1,2,1,3,40,1,2,2,2,1,2,2,2,,,,,,,,,,,,,,,,,,,,,,,,,,,,,,,,,,,,,2,,2,3,1,2,3,3,1,1,,1,1,1,1,1,1,1,1,1,1,1
290302,2,26,2,6,1,1,1,2,2,2,,2,2,1,1,2,2,1,2,1,1,1,1,1,1,1,1,1,1,1,2,2,1,,2,2,2,2,2,2,,,,,,,,,,,,,,1,3,30,1,2,2,2,2,2,2,2,1,2,,,,,,,,,,,,,,,,,,,,,,,,2,,4,4,2,2,2,3,1,1,,2,2,1,2,2,,1,1,1,1,2
290403,2,49,3,3,1,4,1,1,1,1,1,1,2,1,1,1,2,1,2,2,3,1,1,1,1,1,1,1,2,2,2,2,2,2,2,2,2,2,2,2,,,,,,,,,,,,,,,,,,,,,,,,,,,,,,,,,,,,,,,,,,,,,,,,,,,,,,,,,,,,1,2,1,1,2,2,,1,2,2,2,2
290504,2,31,3,3,3,5,2,1,1,1,1,2,2,2,,,6,1,2,2,1,1,1,1,1,1,1,1,2,2,2,2,2,2,2,2,2,2,2,1,,,,,,,,,,,,,,,,,,,,,,,,,,,,,,,,,,,,,,,,,,,,,,,,1,60,,,,,,,,,,,2,2,2,2,,2,,1,1,1,1,2
290601,1,38,2,6,1,2,1,1,2,2,,2,2,2,,,4,1,2,2,1,1,1,1,1,1,1,1,2,1,1,,2,2,2,2,2,2,2,1,1,2,1,1,20,1,2,2,1,2,2,2,3,,,,,,,,,,,,,,,,,,,,,,,,,,,,,,,,,,,1,30,2,,2,3,2,2,3,3,3,3,,2,1,2,,1,1,1,2,2,2,2
290702,2,52,2,6,2,4,1,1,1,2,,2,2,1,1,1,3,1,2,2,1,1,1,2,1,1,1,1,2,2,2,2,2,2,2,2,2,2,2,1,,,,,,,,,,,,,,,,,,,,,,,,,,,,,,,,,,,,,,,,,,,,,,,,1,120,,,,,,,,,,,2,2,2,2,,2,,1,2,2,2,2
290803,2,50,3,3,1,3,1,1,2,2,,2,2,2,,,2,1,2,2,1,1,1,1,1,1,1,1,2,1,2,2,2,2,2,2,2,2,2,1,,,,,,,,,,,,,,,,,,,,,,,,,,,,,,,,,,,,,,,,,,,,,,,,1,30,,,,,,,,,,,1,2,2,2,,2,,1,2,2,2,2
290904,2,52,3,3,2,3,1,1,1,2,,2,2,2,,,3,1,2,2,2,1,2,1,1,1,1,1,2,2,2,2,2,2,1,,2,2,2,1,,,,,,,,,,,,,,,,,,,,,,,,,,,2,1,4,10,1,0,0,1,0,0,0,0,0,3,,,,,,,,1,20,2,,2,3,2,2,1,3,3,1,,2,2,2,,2,,1,2,2,2,2
291001,1,46,3,1,1,2,1,1,1,2,,2,2,2,,,2,1,2,2,1,1,1,1,1,1,1,1,2,2,2,2,2,2,2,2,2,2,2,1,,,,,,,,,,,,,,,,,,,,,,,,,,,,,,,,,,,,,,,,,,,,,,,,1,60,,,,,,,,,,,1,2,1,1,2,1,1,1,1,1,1,1
291102,2,66,3,2,2,4,3,1,1,1,1,2,2,1,1,2,1,1,2,2,1,1,1,1,1,1,1,1,2,2,2,2,2,2,2,2,2,2,2,1,,,,,,,,,,,,,,,,,,,,,,,,,,,,,,,,,,,,,,,,,,,,,,,,1,30,,,,,,,,,,,1,2,1,2,,2,,1,2,2,2,2
291203,2,22,99,9,2,4,1,1,1,1,1,2,2,1,1,2,7,1,2,2,1,1,1,1,1,1,1,1,2,2,2,2,2,2,2,2,2,2,2,1,,,,,,,,,,,,,,,,,,,,,,,,,,,,,,,,,,,,,,,,,,,,,,,,1,60,,,,,,,,,,,5,1,2,2,,2,,1,1,1,1,1
291304,1,22,2,6,2,3,1,1,2,2,,2,2,2,,,8,1,2,2,2,1,1,1,1,1,1,1,2,1,1,,1,,2,2,2,2,2,1,15,2,1,1,120,1,1,2,2,1,1,2,3,9,1,180,1,2,2,2,1,2,2,2,2,2,,,,,,,,,,,,,,,,,,,,,,1,30,2,,2,4,2,2,3,3,3,3,,2,2,2,,2,,1,2,2,2,2
291502,1,30,10,2,3,7,2,1,1,1,2,1,2,1,1,1,2,1,1,2,1,1,1,1,1,1,1,1,1,1,1,,1,,2,2,1,,1,1,12,1,1,3,120,2,1,1,2,1,2,2,1,4,4,30,1,2,2,1,1,2,2,1,1,2,,,,,,,,,,,,,,,2,120,1,2,1,60,1,1,180,1,5,4,3,2,1,1,3,3,1,,1,2,1,2,1,2,1,2,1,1,1
291603,1,12,2,6,2,6,2,1,1,1,2,1,1,1,1,1,4,1,2,2,1,1,1,1,1,1,1,1,2,1,1,,2,2,2,2,1,,2,1,3,2,1,2,40,1,2,1,1,1,1,2,3,,,,,,,,,,,,,,,,,,,,,,,,,,,,3,20,2,1,,,,1,60,2,,4,3,2,1,2,3,3,1,,2,1,1,2,1,1,1,1,1,1,1
291704,2,63,3,3,3,5,2,1,1,1,1,1,2,1,1,2,1,1,2,2,1,1,2,1,1,1,1,1,1,1,1,,2,2,2,2,2,2,2,1,1,2,1,1,30,1,2,2,1,2,2,2,2,,,,,,,,,,,,,,,,,,,,,,,,,,,,,,,,,,,1,120,2,,1,3,2,1,3,3,3,1,,2,2,2,,2,,1,2,2,2,2
291801,2,51,3,3,1,2,1,1,2,2,,2,2,1,1,1,2,1,2,2,2,1,1,1,1,1,1,1,2,2,2,2,2,2,2,2,2,2,2,1,,,,,,,,,,,,,,,,,,,,,,,,,,,,,,,,,,,,,,,,,,,,,,,,1,30,,,,,,,,,,,2,2,1,2,,2,,1,2,2,2,2
291902,1,62,3,3,2,5,1,1,1,1,1,2,2,2,,,1,1,2,2,1,1,1,1,1,1,1,1,1,1,2,2,2,2,2,2,2,2,1,1,,,,,,,,,,,,,,,,,,,,,,,,,,,,,,,,,,,,,,,,,,,,,1,60,1,1,60,2,,3,3,2,1,2,3,3,1,,1,1,1,2,1,1,1,2,1,2,1
292003,1,60,6,3,2,6,1,1,1,1,1,1,1,1,1,2,3,1,2,2,1,1,1,1,1,1,1,1,2,2,2,2,2,2,2,2,2,2,2,1,,,,,,,,,,,,,,,,,,,,,,,,,,,,,,,,,,,,,,,,,,,,,,,,1,20,,,,,,,,,,,1,2,1,2,,2,,1,2,2,2,2
292104,2,61,5,2,2,5,1,1,1,2,,2,2,1,1,2,1,1,2,2,2,1,1,1,1,1,1,1,2,1,2,2,2,2,2,2,2,2,2,1,,,,,,,,,,,,,,,,,,,,,,,,,,,,,,,,,,,,,,,,,,,,,,,,1,180,,,,,,,,,,,1,1,2,2,,2,,1,2,1,1,2
292201,2,66,10,2,2,7,3,1,1,1,2,1,2,1,1,1,3,1,2,2,1,1,1,1,1,1,1,1,2,1,1,,2,2,1,,2,2,1,1,3,2,1,2,120,1,2,2,2,1,1,2,3,,,,,,,,,,,,,,1,2,7,30,1,1,0,0,0,0,0,0,0,1,,,,,5,10,1,1,120,1,3,4,3,2,1,2,3,3,1,,2,1,1,2,1,1,1,2,1,2,2
292302,1,52,3,3,5,8,2,1,1,1,2,1,1,1,1,1,3,1,2,2,2,1,1,1,2,1,1,2,2,2,2,2,1,,1,,1,,1,1,,,,,,,,,,,,,,6,2,30,2,1,2,1,1,1,2,2,2,2,2,1,1,30,1,0,0,0,0,0,0,1,0,3,2,20,2,1,1,20,1,1,30,2,,1,1,2,2,1,3,1,1,,2,1,2,,1,2,1,1,1,1,2
292403,2,44,7,2,3,4,1,1,1,2,,1,2,1,1,2,2,1,2,2,2,1,1,1,1,1,1,1,2,1,1,,1,,2,2,2,2,1,1,5,1,1,3,60,2,1,1,2,2,2,2,1,2,3,30,2,2,2,2,1,2,1,2,2,2,,,,,,,,,,,,,,,,,,,2,30,1,1,120,2,,3,4,2,2,2,3,3,1,,2,1,2,,1,1,1,2,2,1,1
292601,2,68,2,6,3,4,2,1,1,2,,2,2,1,1,2,3,1,2,2,1,1,1,1,2,1,1,1,2,1,2,2,2,2,2,2,2,2,2,2,,,,,,,,,,,,,,,,,,,,,,,,,,,,,,,,,,,,,,,,,,,,,,,,,,,,,,,,,,,,9,2,2,2,,2,,1,2,2,2,2
292702,1,24,6,3,3,5,1,1,1,1,1,2,2,1,1,2,7,1,2,2,1,1,1,1,1,1,1,1,2,2,2,2,2,2,2,2,2,2,2,1,,,,,,,,,,,,,,,,,,,,,,,,,,,,,,,,,,,,,,,,,,,,,,,,1,60,,,,,,,,,,,3,2,1,2,,2,,1,1,1,1,1
292803,1,75,2,6,2,3,1,1,1,1,1,2,2,1,1,1,4,1,2,2,1,1,1,1,1,1,1,1,2,2,2,2,2,2,2,2,2,2,2,2,,,,,,,,,,,,,,,,,,,,,,,,,,,,,,,,,,,,,,,,,,,,,,,,,,,,,,,,,,,,6,2,2,2,,2,,1,9,9,9,9
292904,1,48,3,3,2,3,1,1,1,1,1,2,2,1,1,2,5,1,2,2,1,1,1,1,1,1,1,1,2,2,2,2,2,2,2,2,2,2,2,1,,,,,,,,,,,,,,,,,,,,,,,,,,,,,,,,,,,,,,,,,,,,,,,,1,120,,,,,,,,,,,1,2,2,2,,2,,1,2,2,2,2
293001,2,27,6,3,2,3,1,1,1,1,1,1,1,1,1,1,2,1,2,2,2,1,1,1,1,1,1,1,2,1,1,,2,2,2,2,2,2,2,1,6,2,1,2,300,1,2,2,2,1,1,2,3,,,,,,,,,,,,,,,,,,,,,,,,,,,,,,,,,,,1,60,2,,3,3,2,1,1,3,3,1,,2,2,2,,2,,1,2,1,1,1
293102,2,45,3,3,2,4,1,1,1,2,,2,2,1,1,2,2,1,2,2,2,1,1,1,1,1,1,1,1,1,1,,2,2,2,2,2,2,2,1,1,2,1,2,20,1,2,2,2,1,2,2,2,,,,,,,,,,,,,,,,,,,,,,,,,,,,,,,,,,,1,240,2,,3,3,2,1,1,3,3,1,,2,2,2,,2,,1,1,1,1,1
293203,2,52,2,6,2,3,1,1,1,1,1,2,2,2,,,5,1,2,2,1,1,1,1,1,1,1,1,2,1,1,,1,,2,2,2,2,1,1,3,2,1,2,30,1,2,2,2,1,1,2,2,2,2,20,1,2,2,2,2,2,2,2,1,2,,,,,,,,,,,,,,,,,,,2,20,1,1,120,2,,2,3,2,1,3,3,3,1,,1,1,1,2,1,1,1,2,1,1,2
293304,2,23,6,3,2,4,1,1,1,1,1,2,2,1,1,1,1,1,2,2,1,1,1,1,1,1,1,1,2,1,1,,2,2,1,,2,2,1,1,4,2,1,2,120,1,2,1,1,2,2,2,2,,,,,,,,,,,,,,2,1,3,30,1,1,0,0,0,0,0,0,0,3,,,,,3,30,1,1,180,2,,3,3,2,1,3,3,3,1,,2,2,1,2,2,,1,1,1,1,1
293401,1,39,2,6,3,4,1,1,1,1,2,1,2,1,1,1,5,1,2,2,1,1,1,1,1,1,1,1,1,2,2,2,2,2,2,2,2,2,2,1,,,,,,,,,,,,,,,,,,,,,,,,,,,,,,,,,,,,,,,,,,,,,,,,1,180,,,,,,,,,,,1,2,2,2,,2,,1,2,1,1,2
293502,1,46,2,6,2,3,1,2,2,1,1,2,1,2,,,1,1,2,2,1,1,1,1,1,1,1,1,2,2,2,2,2,2,2,2,2,2,2,1,,,,,,,,,,,,,,,,,,,,,,,,,,,,,,,,,,,,,,,,,,,,,,,,1,120,,,,,,,,,,,1,2,1,1,1,2,,1,2,1,1,9
293603,2,24,3,2,2,3,1,1,1,1,1,2,2,1,1,2,5,1,2,2,1,1,1,1,1,1,1,1,2,1,1,,2,2,2,2,1,,1,1,2,2,1,1,60,1,2,2,2,1,2,2,2,,,,,,,,,,,,,,,,,,,,,,,,,,,,2,120,1,2,2,20,1,1,180,2,,4,3,2,1,2,3,3,1,,2,2,2,,1,1,1,1,1,1,1
293801,1,29,8,5,4,5,2,1,1,1,3,1,1,1,1,1,4,1,2,2,1,1,1,1,1,1,1,1,2,1,1,,2,2,1,,2,2,1,1,1,2,1,1,248,1,2,2,2,1,2,2,3,,,,,,,,,,,,,,2,1,1,60,1,0,0,0,0,0,1,0,0,2,,,,,1,300,1,1,280,2,,2,3,2,1,2,3,3,1,,1,1,1,1,1,1,1,1,1,1,1
293902,2,38,8,5,3,5,1,1,1,1,1,2,2,1,1,1,5,1,2,2,1,1,1,1,1,1,1,1,2,1,1,,2,2,2,2,2,2,2,1,2,2,1,2,60,1,2,2,1,1,2,2,3,,,,,,,,,,,,,,,,,,,,,,,,,,,,,,,,,,,1,120,2,,3,4,2,2,2,3,3,1,,1,1,1,2,1,1,1,1,1,1,1
294003,2,19,8,2,3,5,2,1,1,1,1,2,2,1,1,2,6,1,2,2,1,1,1,1,1,1,1,1,2,1,1,,2,2,2,2,2,2,2,1,3,2,1,1,60,1,2,2,2,1,2,2,3,,,,,,,,,,,,,,,,,,,,,,,,,,,,,,,,,,,1,60,2,,3,3,2,1,1,3,3,3,,1,1,1,2,1,2,1,1,1,1,1
294104,2,40,6,3,2,5,2,1,1,1,1,2,2,1,1,1,2,1,2,2,1,1,1,1,1,1,1,1,2,1,2,1,2,2,2,2,2,2,2,1,1,2,1,1,180,2,2,2,2,1,2,2,2,,,,,,,,,,,,,,,,,,,,,,,,,,,,,,,,,,,1,240,2,,1,4,2,1,1,3,1,1,,2,2,2,,1,2,1,1,1,1,1
294201,2,25,8,5,3,5,2,1,1,1,1,2,2,1,1,2,6,1,2,2,1,1,1,1,1,1,1,1,2,1,1,,2,2,2,2,2,2,1,1,2,2,1,3,30,1,2,2,1,2,2,2,2,,,,,,,,,,,,,,,,,,,,,,,,,,,,,,,,2,30,1,1,120,2,,3,3,1,1,1,3,3,1,,2,2,2,,1,1,1,1,1,1,1
294302,1,54,3,3,1,4,1,1,1,2,,2,2,2,,,1,1,2,2,1,1,1,1,1,1,1,1,2,1,1,,2,2,2,2,2,2,2,1,3,1,2,2,120,1,2,2,1,2,2,2,2,,,,,,,,,,,,,,,,,,,,,,,,,,,,,,,,,,,1,350,2,,1,3,2,2,3,3,3,1,,2,2,1,1,1,1,1,2,1,1,1
294403,2,56,3,3,2,4,1,1,1,1,1,1,1,1,2,2,2,1,2,2,3,1,1,1,2,1,1,1,2,1,1,,2,2,2,2,2,2,2,1,5,2,1,2,20,1,2,2,1,1,2,2,2,,,,,,,,,,,,,,,,,,,,,,,,,,,,,,,,,,,1,60,2,,4,4,1,2,1,3,3,1,,2,2,2,,2,,1,2,1,1,2
294504,2,13,3,1,4,5,1,1,1,1,2,2,2,1,1,2,6,1,2,2,1,1,1,1,1,1,1,1,2,2,2,1,2,2,2,2,2,2,2,1,1,1,2,3,60,1,2,2,2,1,2,2,1,,,,,,,,,,,,,,,,,,,,,,,,,,,,,,,,,,,1,240,2,,3,4,2,1,3,3,1,3,,2,2,1,2,2,,1,1,2,1,2
294601,2,31,8,4,1,3,1,1,1,1,1,1,1,1,1,1,3,1,2,2,1,1,1,1,1,1,1,1,2,2,2,2,2,2,2,2,2,2,1,1,,,,,,,,,,,,,,,,,,,,,,,,,,,,,,,,,,,,,,,,,,,,,3,60,1,1,60,2,,2,3,2,1,2,3,3,1,,1,1,1,2,1,1,1,1,1,1,1
294803,2,27,8,5,3,4,1,1,1,1,1,1,1,1,1,1,4,1,2,2,2,1,1,1,1,1,1,1,2,1,1,,2,2,2,1,2,1,1,1,12,1,2,2,120,1,2,2,1,1,2,2,2,,,,,,,,,,,,,,1,2,1,15,1,1,0,0,0,0,0,0,0,2,5,30,1,2,5,60,1,1,120,1,3,4,3,2,2,3,3,3,1,,1,2,2,,1,2,1,1,1,1,1
294904,1,23,8,5,2,3,2,1,1,1,2,1,2,1,1,1,4,1,2,2,1,1,1,1,1,1,1,1,2,1,2,2,2,2,1,,2,2,1,1,,,,,,,,,,,,,,,,,,,,,,,,,,,1,2,2,25,1,1,0,0,1,0,0,0,0,1,,,,,3,30,1,2,60,2,,4,3,1,1,3,3,3,1,,2,1,2,,1,2,1,1,1,2,2
295001,2,21,3,3,2,4,1,1,1,1,1,2,2,1,1,1,3,1,2,2,1,1,1,1,1,1,1,1,2,1,1,,2,2,2,2,2,1,1,1,2,1,2,3,60,2,2,2,1,2,1,2,2,,,,,,,,,,,,,,,,,,,,,,,,,,,,3,60,1,2,2,120,1,2,120,2,,2,1,2,1,2,3,3,1,,2,1,1,2,1,1,1,2,2,1,1
295102,2,37,8,4,2,4,1,1,1,1,2,1,1,1,1,1,4,1,1,2,2,1,1,1,1,1,1,1,1,1,1,,2,1,1,,2,2,1,1,1,1,2,3,40,1,2,2,1,2,1,2,1,1,2,20,1,2,2,2,1,2,1,1,1,2,1,2,1,15,1,0,0,0,0,0,0,1,0,1,,,,,2,40,1,1,120,2,,3,3,2,1,2,3,3,1,,1,2,1,1,1,1,1,2,1,2,1
295203,2,39,8,5,1,3,2,1,1,1,2,1,2,1,1,1,1,1,1,2,1,1,1,1,1,1,1,1,2,1,1,,2,1,2,2,2,2,1,1,3,1,1,2,221,1,2,2,1,1,1,2,2,5,4,60,1,2,2,2,2,2,2,2,1,2,,,,,,,,,,,,,,,,,,,1,240,1,1,240,1,4,2,4,2,1,1,3,3,1,,2,1,2,,1,1,1,2,2,2,2
295401,1,59,8,3,2,5,2,1,1,1,1,1,2,1,1,1,5,1,2,2,2,1,1,1,2,1,1,1,2,1,1,,1,,1,,2,2,1,1,2,1,2,2,60,1,2,2,1,1,2,2,1,3,2,30,1,2,2,1,1,2,1,2,1,2,1,2,7,15,1,0,1,0,0,0,1,0,0,1,,,,,3,15,1,1,20,1,3,4,3,2,1,2,3,3,1,,1,1,2,,1,5,1,2,1,1,1
295603,2,33,8,4,2,2,1,1,1,1,1,1,2,1,1,1,3,1,2,2,1,1,1,1,1,1,1,1,2,2,2,1,2,2,2,2,2,2,2,1,3,1,2,4,60,2,1,2,2,2,2,1,1,,,,,,,,,,,,,,,,,,,,,,,,,,,,,,,,,,,1,120,2,,4,3,2,1,3,3,3,2,,2,2,2,,1,1,1,1,1,1,2
295704,2,35,7,3,3,4,1,1,1,1,1,1,2,1,1,2,4,1,2,2,1,1,1,1,1,1,1,1,2,1,1,,2,1,2,2,2,1,2,1,1,2,1,1,40,1,2,2,1,2,2,2,2,1,1,30,1,2,2,2,2,2,2,2,1,2,,,,,,,,,,,,,,,3,30,1,2,,,,1,240,1,6,3,2,2,1,1,3,3,1,,1,1,1,2,1,1,1,1,1,1,1
295801,1,35,3,3,2,3,1,1,1,2,,2,2,1,1,1,6,1,2,2,3,3,1,1,1,1,1,1,2,1,2,2,2,2,2,2,2,2,1,1,,,,,,,,,,,,,,,,,,,,,,,,,,,,,,,,,,,,,,,,,,,,,2,20,1,1,20,1,6,2,1,2,2,1,3,3,1,,2,2,1,1,2,,1,2,1,1,1
295902,1,31,6,2,3,4,1,1,1,1,1,1,2,1,1,1,3,1,2,2,2,1,1,2,2,1,1,1,2,1,2,1,1,,1,,1,,1,1,1,2,1,2,30,1,2,1,2,2,2,2,2,1,1,30,2,2,1,2,1,1,1,1,2,2,1,2,1,60,1,1,1,0,1,1,1,1,0,1,2,60,1,1,1,30,1,1,60,1,3,3,3,2,1,1,3,3,1,,2,2,2,,2,,1,2,2,2,2
296003,2,43,2,6,1,1,1,1,1,2,,2,2,2,,,1,1,2,2,1,1,1,1,4,1,1,1,2,2,2,2,1,,2,2,2,2,2,1,,,,,,,,,,,,,,1,2,20,1,2,2,2,2,1,2,2,2,2,,,,,,,,,,,,,,,,,,,,,,1,60,2,,4,4,2,1,2,3,3,1,,2,1,1,2,2,,1,1,2,1,2
296104,1,67,2,6,3,5,1,1,1,1,1,1,2,1,1,2,6,1,2,2,2,2,1,1,1,1,1,1,2,2,2,2,2,2,2,2,2,2,2,2,,,,,,,,,,,,,,,,,,,,,,,,,,,,,,,,,,,,,,,,,,,,,,,,,,,,,,,,,,,,1,2,2,2,,2,,1,2,1,1,1
296201,1,42,6,2,2,2,1,1,1,2,,1,1,1,1,1,6,1,2,2,1,1,1,1,1,1,1,1,2,2,2,2,2,2,1,,1,,2,1,,,,,,,,,,,,,,,,,,,,,,,,,,,2,1,1,20,1,0,0,1,0,0,0,1,0,2,2,180,1,2,,,,1,30,2,,2,3,2,1,2,3,3,1,,2,1,1,2,1,1,1,2,1,1,1
296302,1,43,6,1,2,6,1,1,1,2,,2,2,2,,,2,1,2,2,1,1,1,1,1,1,1,1,2,1,2,2,1,,2,2,1,,1,1,,,,,,,,,,,,,,2,4,60,1,1,2,2,2,2,2,2,2,2,,,,,,,,,,,,,,,2,30,1,2,1,30,1,1,30,2,,2,3,2,1,2,3,3,3,,2,2,2,,2,,1,9,9,9,9
296403,1,15,3,3,2,4,1,1,1,1,1,1,1,1,1,2,4,1,2,2,1,1,1,1,2,1,1,1,2,2,2,2,2,2,2,1,2,2,2,1,,,,,,,,,,,,,,,,,,,,,,,,,,,1,2,1,10,2,0,0,0,0,1,0,0,0,1,,,,,,,,1,60,2,,3,3,2,1,1,3,3,1,,1,1,1,2,1,1,1,1,1,1,1
296504,1,57,3,3,2,3,1,1,1,1,1,2,2,1,1,1,2,1,2,2,1,1,1,1,1,1,1,1,2,2,2,2,2,2,2,2,2,2,2,1,,,,,,,,,,,,,,,,,,,,,,,,,,,,,,,,,,,,,,,,,,,,,,,,1,60,,,,,,,,,,,1,2,2,2,,2,,1,2,2,2,2
296601,2,37,3,3,2,3,1,1,1,1,2,1,2,1,1,1,6,1,2,2,1,1,1,1,1,1,1,1,2,2,2,2,2,2,2,2,2,2,2,1,,,,,,,,,,,,,,,,,,,,,,,,,,,,,,,,,,,,,,,,,,,,,,,,1,120,,,,,,,,,,,1,2,2,2,,2,,1,2,1,9,1
296702,2,39,3,3,2,3,1,1,1,2,,2,2,1,1,2,3,1,2,2,1,1,1,1,1,1,1,1,2,2,2,2,2,2,2,2,2,2,1,1,,,,,,,,,,,,,,,,,,,,,,,,,,,,,,,,,,,,,,,,,,,,,2,30,1,1,120,2,,2,3,2,1,3,3,3,1,,1,1,1,2,1,1,1,1,1,1,1
296803,1,36,7,3,2,2,1,2,2,2,,2,2,2,,,3,1,2,2,1,1,1,1,1,1,1,1,2,1,2,2,2,2,2,2,2,2,2,1,,,,,,,,,,,,,,,,,,,,,,,,,,,,,,,,,,,,,,,,,,,,,,,,1,60,,,,,,,,,,,3,1,1,1,2,1,1,1,1,1,1,1
296904,1,36,3,3,2,2,1,1,1,2,,2,2,1,1,1,6,1,2,2,1,1,1,1,1,1,1,1,2,1,2,1,1,,2,1,2,1,1,1,1,2,1,1,20,1,2,2,1,2,2,2,2,4,3,10,1,1,2,2,2,2,2,2,2,2,1,2,2,10,1,0,1,0,0,0,0,0,0,1,2,5,1,2,3,5,1,1,15,1,3,4,3,2,1,2,3,3,1,,2,1,2,,1,1,1,2,1,2,1
297001,1,38,6,3,1,3,1,1,1,2,,2,2,1,1,2,3,1,2,1,2,1,1,1,1,1,1,1,1,2,1,,2,2,2,2,2,2,2,2,1,1,2,2,120,1,2,2,1,2,2,2,1,,,,,,,,,,,,,,,,,,,,,,,,,,,,,,,,,,,,,2,,2,2,2,1,3,3,3,3,,2,1,2,,2,,1,2,1,2,2
297102,1,36,3,3,2,3,1,1,1,1,1,2,1,1,1,2,5,1,2,2,1,1,1,1,1,1,1,1,2,2,2,1,2,2,2,2,2,1,1,1,3,2,1,3,50,2,1,2,2,2,2,2,4,,,,,,,,,,,,,,,,,,,,,,,,,,,,3,30,1,2,2,25,1,2,20,2,,3,3,2,1,2,3,3,1,,1,1,1,1,2,,1,1,1,1,1
297203,1,44,3,3,2,3,1,1,2,2,,2,2,1,1,2,3,1,2,1,2,1,1,1,1,1,1,1,1,2,2,2,1,,2,2,2,2,2,1,,,,,,,,,,,,,,5,2,20,1,1,2,2,2,2,2,2,2,2,,,,,,,,,,,,,,,,,,,,,,1,180,2,,2,2,2,1,2,3,3,1,,2,1,1,1,1,1,1,2,1,1,2
297304,2,38,3,3,2,4,1,1,1,1,2,2,2,1,1,2,5,1,2,2,1,1,1,1,1,1,1,1,2,1,1,,1,,2,1,1,,1,1,1,1,2,1,60,1,1,2,1,2,2,2,1,7,1,120,1,2,2,2,2,2,2,2,1,2,1,2,1,30,1,0,1,0,1,0,0,0,0,1,3,60,1,2,1,40,1,1,30,1,8,2,1,2,1,2,3,3,1,,2,2,2,,2,,1,1,1,1,1
297502,2,40,3,3,3,5,2,1,1,1,1,1,1,1,1,1,4,1,2,2,1,1,1,1,1,1,1,1,2,2,2,2,2,2,2,2,1,,1,1,,,,,,,,,,,,,,,,,,,,,,,,,,,,,,,,,,,,,,,,,3,30,1,2,1,60,1,1,240,2,,3,4,1,1,2,3,3,1,,1,1,1,2,1,1,1,1,1,1,1
297603,2,13,3,1,2,3,2,1,1,1,1,1,1,1,1,1,2,1,1,2,2,2,1,2,3,2,4,4,2,1,1,,2,2,2,2,1,,1,1,4,2,1,1,40,1,2,2,1,1,1,2,2,,,,,,,,,,,,,,,,,,,,,,,,,,,,1,30,2,1,2,30,1,1,40,2,,3,2,1,1,1,3,3,1,,2,2,2,,1,1,1,1,1,2,2
297704,1,12,2,5,1,4,2,1,1,1,2,2,1,1,1,1,4,1,2,2,2,1,1,1,2,1,1,2,2,2,1,,2,2,2,2,2,2,2,2,2,1,1,1,15,2,2,2,1,2,2,2,2,,,,,,,,,,,,,,,,,,,,,,,,,,,,,,,,,,,,,2,,2,1,2,2,2,3,1,3,,2,1,2,,1,1,1,1,2,1,1
297902,2,25,6,3,1,1,1,1,1,2,,1,2,1,1,2,4,1,2,2,1,1,1,1,2,1,1,1,2,2,2,1,2,2,2,2,2,2,1,1,1,1,2,2,15,1,2,2,2,1,2,2,1,,,,,,,,,,,,,,,,,,,,,,,,,,,,,,,,1,60,1,1,60,1,5,2,2,2,1,2,3,3,1,,2,1,1,2,1,1,1,1,1,1,1
298003,1,22,6,3,1,3,1,1,1,1,2,2,2,1,1,2,3,1,2,2,1,1,1,1,1,1,1,1,2,2,2,2,2,2,2,2,2,2,2,1,,,,,,,,,,,,,,,,,,,,,,,,,,,,,,,,,,,,,,,,,,,,,,,,1,30,,,,,,,,,,,1,2,2,1,1,1,1,1,1,1,1,1
298104,2,29,8,3,1,2,1,1,1,2,,1,1,1,1,1,2,1,1,2,3,1,1,1,1,1,1,1,2,1,1,,1,,2,1,2,2,1,1,2,2,1,3,60,1,1,2,1,1,2,2,2,2,4,30,1,2,2,2,1,2,2,1,1,2,1,2,1,15,1,0,0,1,0,0,0,0,0,1,,,,,3,30,1,1,30,2,,3,3,2,1,1,3,3,1,,1,2,2,,1,1,1,2,1,1,1
298201,1,57,8,5,2,3,1,1,1,2,,1,1,1,1,1,5,1,2,2,3,2,1,1,2,1,1,1,2,2,2,2,2,2,2,2,2,2,1,1,,,,,,,,,,,,,,,,,,,,,,,,,,,,,,,,,,,,,,,,,,,,,1,120,1,1,350,2,,3,2,2,1,2,3,3,1,,2,2,2,,2,,1,2,2,2,2
298302,1,37,8,3,1,2,1,2,2,2,,1,2,2,,,1,1,2,2,1,2,1,1,1,1,2,1,2,1,1,,1,,2,2,1,,1,2,3,2,1,2,120,1,2,2,2,1,2,2,2,1,2,120,1,2,2,2,2,2,1,2,2,2,,,,,,,,,,,,,,,3,120,1,1,2,60,1,,,1,5,2,3,2,1,2,3,3,1,,2,2,2,,1,1,1,2,2,2,2
298403,2,71,3,3,2,3,2,1,1,1,2,1,2,1,1,1,3,1,2,2,2,1,2,1,2,1,1,1,2,1,1,,1,,2,2,2,2,1,1,1,2,1,2,60,1,2,2,1,2,2,2,2,2,1,30,1,2,2,2,2,1,2,2,2,2,,,,,,,,,,,,,,,,,,,1,30,1,1,15,2,,2,2,2,1,3,3,3,1,,1,2,1,2,2,,1,2,1,1,1
298504,1,18,3,3,2,2,1,1,1,1,1,1,1,1,1,1,5,1,2,2,1,1,1,1,1,1,1,1,2,2,2,2,2,2,2,2,1,,2,1,,,,,,,,,,,,,,,,,,,,,,,,,,,,,,,,,,,,,,,,,4,60,1,1,,,,1,120,2,,2,3,2,1,2,3,3,1,,1,1,2,,1,1,1,1,1,1,1
298601,2,31,6,3,2,4,1,1,1,1,1,1,1,1,1,1,2,1,2,2,1,1,1,1,1,1,1,1,2,2,2,2,2,2,2,2,2,2,2,1,,,,,,,,,,,,,,,,,,,,,,,,,,,,,,,,,,,,,,,,,,,,,,,,1,180,,,,,,,,,,,1,1,1,1,1,1,1,1,1,1,2,1
298702,2,69,2,6,1,4,1,1,1,2,,2,2,1,1,2,1,1,2,2,3,1,1,1,1,1,1,1,2,2,2,2,2,2,2,2,2,2,2,1,,,,,,,,,,,,,,,,,,,,,,,,,,,,,,,,,,,,,,,,,,,,,,,,1,180,,,,,,,,,,,4,2,1,2,,2,,1,1,1,1,1
298803,2,42,5,3,2,4,1,1,1,1,2,1,1,1,1,2,5,1,2,2,1,1,1,1,1,1,1,1,2,2,2,2,2,2,2,2,2,2,2,1,,,,,,,,,,,,,,,,,,,,,,,,,,,,,,,,,,,,,,,,,,,,,,,,1,120,,,,,,,,,,,3,2,2,2,,2,,1,1,1,1,1
298904,2,41,8,4,1,3,1,1,1,1,1,1,2,1,1,1,2,1,2,2,1,1,1,1,1,1,1,1,2,2,2,2,2,2,2,2,2,2,1,1,,,,,,,,,,,,,,,,,,,,,,,,,,,,,,,,,,,,,,,,,,,,,4,30,2,1,120,1,3,3,3,2,1,3,3,1,1,,2,2,2,,2,,1,9,9,9,9
299001,2,45,3,3,2,3,1,1,1,2,,2,2,1,1,2,4,1,2,2,2,1,1,1,1,1,1,1,2,2,2,2,2,2,2,2,2,2,2,1,,,,,,,,,,,,,,,,,,,,,,,,,,,,,,,,,,,,,,,,,,,,,,,,1,5,,,,,,,,,,,6,2,1,1,2,1,1,1,2,2,9,2
299102,1,32,3,3,1,3,1,1,1,2,,2,2,1,1,1,4,1,2,2,1,1,1,1,1,1,1,1,2,2,2,2,1,,1,,1,,2,1,,,,,,,,,,,,,,1,2,30,1,1,2,2,2,2,2,2,2,2,2,1,1,30,1,0,1,0,0,0,0,1,0,3,1,60,1,2,,,,1,120,1,3,2,1,2,1,2,3,3,1,,2,2,2,,1,1,1,1,1,1,1
299203,1,23,6,3,1,3,1,1,1,1,1,2,2,1,1,1,2,1,2,2,1,1,1,1,1,1,1,1,2,2,2,2,2,2,2,2,2,2,2,1,,,,,,,,,,,,,,,,,,,,,,,,,,,,,,,,,,,,,,,,,,,,,,,,1,60,,,,,,,,,,,3,2,2,2,,2,,1,2,2,2,2
299304,1,25,3,3,2,3,1,1,1,2,,2,2,1,1,2,4,1,2,2,1,1,1,1,1,1,1,1,2,2,2,2,2,2,2,2,2,2,2,1,,,,,,,,,,,,,,,,,,,,,,,,,,,,,,,,,,,,,,,,,,,,,,,,1,60,,,,,,,,,,,1,2,1,1,2,1,1,1,1,1,1,1
299401,2,24,3,3,1,2,1,1,1,2,,2,2,1,1,1,3,1,2,2,1,1,1,1,1,1,1,1,2,1,1,,2,2,2,2,1,,1,1,7,1,2,1,60,1,2,2,2,1,2,2,1,,,,,,,,,,,,,,,,,,,,,,,,,,,,1,60,1,2,1,10,1,1,30,2,,4,4,2,1,3,3,3,1,,2,1,1,2,1,1,1,1,1,1,1
299502,2,60,99,9,2,3,1,1,1,1,2,1,2,1,1,2,3,1,2,2,1,1,1,1,1,1,1,1,2,2,2,2,2,2,2,2,2,2,2,1,,,,,,,,,,,,,,,,,,,,,,,,,,,,,,,,,,,,,,,,,,,,,,,,1,20,,,,,,,,,,,3,2,2,2,,2,,1,1,1,1,1
299603,1,64,3,2,2,4,1,1,1,2,,2,2,1,1,2,3,1,2,2,1,1,1,1,1,1,1,1,2,1,1,,1,,1,,1,,1,1,8,2,1,1,38,1,1,2,1,2,2,2,4,2,1,30,1,2,2,1,2,2,2,2,2,2,2,1,1,20,1,0,0,0,0,0,0,1,0,3,5,5,1,2,5,60,1,1,30,2,,3,3,2,1,1,3,3,1,,1,1,1,1,1,1,1,1,1,1,1
299704,1,17,6,3,2,4,1,1,1,1,1,1,2,1,1,1,5,1,2,2,1,1,1,1,1,1,1,1,2,2,2,2,2,2,2,2,2,2,1,1,,,,,,,,,,,,,,,,,,,,,,,,,,,,,,,,,,,,,,,,,,,,,1,30,1,1,30,2,,3,3,2,1,1,3,3,1,,2,2,1,2,1,1,1,1,1,1,1
299801,2,17,3,3,3,5,1,1,1,1,1,1,1,1,1,1,6,1,2,2,1,1,1,1,2,1,2,1,2,1,1,,2,2,2,2,1,,2,1,5,1,1,1,30,1,2,2,2,1,2,2,3,,,,,,,,,,,,,,,,,,,,,,,,,,,,2,20,1,2,,,,1,10,1,8,2,3,2,1,2,3,3,1,,2,2,2,,1,1,1,1,1,1,1
299902,1,14,3,1,3,7,1,1,1,1,1,1,1,1,1,2,4,1,2,2,3,1,1,1,2,1,1,1,2,1,1,,2,2,2,2,2,2,2,1,8,1,1,1,20,2,2,1,2,2,2,2,3,,,,,,,,,,,,,,,,,,,,,,,,,,,,,,,,,,,1,120,2,,2,3,2,1,2,3,3,1,,2,1,2,,2,,1,1,1,1,2
300003,1,59,3,3,2,5,2,1,1,2,,2,2,1,1,2,6,1,2,2,1,1,1,2,1,1,1,1,2,2,2,2,2,2,2,2,2,2,2,2,,,,,,,,,,,,,,,,,,,,,,,,,,,,,,,,,,,,,,,,,,,,,,,,,,,,,,,,,,,,4,2,2,2,,2,,1,2,2,2,2
300104,2,13,2,6,1,3,1,1,2,2,,2,2,1,1,2,3,1,2,2,1,1,1,1,1,1,1,1,2,2,1,,2,2,2,2,2,2,2,2,4,2,1,2,20,1,2,1,2,1,1,2,3,,,,,,,,,,,,,,,,,,,,,,,,,,,,,,,,,,,,,2,,3,4,1,1,1,3,3,1,,2,1,1,2,1,4,1,1,1,1,1
300201,1,64,2,6,1,3,1,1,1,1,1,2,2,2,,,2,1,2,2,2,1,1,1,2,1,1,1,2,2,2,2,2,2,2,2,2,2,2,1,,,,,,,,,,,,,,,,,,,,,,,,,,,,,,,,,,,,,,,,,,,,,,,,1,60,,,,,,,,,,,6,2,2,2,,1,1,1,2,1,1,1
300302,2,39,3,3,2,4,1,1,1,1,1,1,2,1,1,1,3,1,2,2,1,1,1,1,1,1,1,1,2,1,2,2,2,2,2,2,2,2,2,1,,,,,,,,,,,,,,,,,,,,,,,,,,,,,,,,,,,,,,,,,,,,,,,,1,120,,,,,,,,,,,4,1,1,1,1,1,1,1,2,1,1,1
300504,1,44,2,6,2,4,2,1,1,2,,2,2,1,1,1,5,1,2,2,1,1,1,1,1,1,1,1,2,1,2,2,2,2,2,2,2,2,2,1,,,,,,,,,,,,,,,,,,,,,,,,,,,,,,,,,,,,,,,,,,,,,,,,1,30,,,,,,,,,,,1,2,2,2,,2,,1,2,2,2,2
300601,2,17,3,3,2,3,1,1,1,2,,1,1,1,1,1,2,1,2,2,1,1,1,1,1,1,1,1,2,1,2,2,2,2,2,2,2,2,2,1,,,,,,,,,,,,,,,,,,,,,,,,,,,,,,,,,,,,,,,,,,,,,,,,1,60,,,,,,,,,,,1,2,1,1,2,1,1,1,1,1,1,1
300702,2,50,8,5,2,3,1,1,1,1,1,1,1,1,1,1,2,1,2,2,1,1,1,1,1,1,1,1,2,1,1,,1,,2,2,2,2,2,1,4,1,1,1,50,1,1,1,1,2,1,2,2,1,1,45,1,2,1,2,2,2,2,2,2,2,,,,,,,,,,,,,,,,,,,,,,1,130,2,,2,3,2,1,1,3,3,1,,1,1,1,2,1,2,1,1,1,1,1
300803,1,19,6,2,2,5,1,1,1,1,1,1,1,1,1,2,3,1,2,2,2,1,1,1,2,1,2,1,2,1,1,,2,1,2,2,1,,1,1,2,1,2,4,40,1,1,1,2,2,1,2,2,5,3,20,1,1,1,2,1,2,1,2,1,2,,,,,,,,,,,,,,,3,30,1,2,2,30,1,1,40,2,,2,2,2,1,1,3,1,1,,2,1,1,2,1,1,1,1,1,1,1
300904,2,28,9,5,2,4,1,1,1,1,1,1,1,1,1,1,2,1,2,2,2,1,1,1,1,1,1,1,2,1,1,,1,,2,2,2,2,1,1,7,1,2,1,120,2,1,1,2,1,1,2,3,3,3,120,2,2,2,2,1,2,1,2,2,2,,,,,,,,,,,,,,,,,,,2,40,1,1,60,1,7,4,4,2,2,1,3,3,3,,2,2,2,,2,,1,2,1,2,2
301001,1,53,8,5,2,4,1,1,1,1,1,1,2,1,1,1,1,1,2,2,1,1,1,1,1,1,1,1,2,1,1,,2,1,1,,2,2,1,1,6,2,1,2,60,1,2,2,2,1,2,2,3,1,4,38,1,2,1,2,2,2,2,2,2,2,2,1,1,20,1,0,1,0,0,0,0,0,0,3,,,,,1,60,1,1,60,2,,4,4,2,2,2,3,3,1,,2,2,1,1,1,1,1,1,1,1,1
301102,2,75,2,6,1,2,1,1,1,2,,2,2,1,1,2,2,1,2,2,2,1,1,1,1,1,1,1,2,2,2,2,2,2,2,2,2,2,2,2,,,,,,,,,,,,,,,,,,,,,,,,,,,,,,,,,,,,,,,,,,,,,,,,,,,,,,,,,,,,2,2,1,2,,2,,1,1,1,1,1
301203,2,24,8,4,3,6,3,1,1,1,3,1,2,1,1,1,4,1,2,2,1,1,1,1,1,1,1,1,2,1,1,,2,2,2,2,2,2,1,1,4,1,2,2,180,1,2,2,1,1,2,2,1,,,,,,,,,,,,,,,,,,,,,,,,,,,,,,,,1,40,1,1,60,2,,3,3,2,1,2,3,3,1,,1,1,2,,1,2,1,1,1,1,1
301304,2,33,8,5,2,4,1,1,1,1,1,1,1,1,1,1,4,1,2,2,1,1,1,1,1,1,1,1,2,2,2,2,2,2,2,2,2,2,2,1,,,,,,,,,,,,,,,,,,,,,,,,,,,,,,,,,,,,,,,,,,,,,,,,1,180,,,,,,,,,,,1,1,1,2,,2,,1,1,1,1,1
301502,1,77,2,3,1,2,1,2,2,2,,2,2,2,,,1,1,2,2,1,1,2,2,1,1,1,1,2,1,2,2,2,2,2,2,2,2,2,2,,,,,,,,,,,,,,,,,,,,,,,,,,,,,,,,,,,,,,,,,,,,,,,,,,,,,,,,,,,,2,2,2,2,,2,,1,1,1,1,1
301603,2,35,3,3,2,3,1,1,2,2,,2,2,1,1,2,5,1,2,2,1,1,1,1,1,1,1,1,2,1,2,2,2,2,2,2,2,2,1,1,,,,,,,,,,,,,,,,,,,,,,,,,,,,,,,,,,,,,,,,,,,,,2,60,1,1,240,2,,4,4,2,1,1,3,1,1,,1,1,2,,2,,1,1,1,1,1
301704,2,59,5,3,2,3,1,1,2,2,,2,2,1,1,2,1,1,2,2,1,1,1,1,1,1,1,1,2,1,2,2,2,2,2,2,2,2,1,1,,,,,,,,,,,,,,,,,,,,,,,,,,,,,,,,,,,,,,,,,,,,,1,60,1,1,30,2,,4,4,2,2,1,3,3,1,,1,1,1,1,1,2,1,1,1,1,1
301801,2,63,8,5,1,4,1,1,1,2,,2,2,1,2,2,1,1,2,2,1,1,1,2,1,1,1,1,2,1,1,,2,2,2,2,2,2,2,1,1,2,1,1,60,1,2,2,1,2,2,2,3,,,,,,,,,,,,,,,,,,,,,,,,,,,,,,,,,,,2,60,2,,2,3,2,2,2,3,2,2,,1,1,1,1,1,1,1,2,2,1,2
301902,1,54,7,3,2,4,1,1,1,1,3,2,2,1,1,1,3,1,2,2,1,1,1,1,1,1,1,1,2,2,2,1,2,2,2,2,2,2,1,1,1,2,1,1,60,1,2,2,1,2,2,2,3,,,,,,,,,,,,,,,,,,,,,,,,,,,,,,,,1,60,1,1,60,2,,1,1,2,2,2,3,2,1,,2,1,2,,1,2,1,9,1,1,1
302003,1,35,3,3,3,5,2,1,1,2,,1,1,1,1,1,7,1,2,2,1,1,1,1,1,1,1,1,2,2,2,2,2,2,2,2,2,2,2,2,,,,,,,,,,,,,,,,,,,,,,,,,,,,,,,,,,,,,,,,,,,,,,,,,,,,,,,,,,,,6,1,2,2,,2,,1,1,1,2,2
302104,2,29,3,3,1,1,1,1,1,2,,2,2,2,,,3,1,2,2,1,1,1,1,1,1,1,1,2,2,2,1,1,,2,2,2,2,2,2,1,2,1,2,60,1,2,2,1,2,2,2,2,2,2,120,1,2,2,2,2,1,2,2,2,2,,,,,,,,,,,,,,,,,,,,,,,,2,,2,3,2,1,2,3,1,1,,2,1,1,1,2,,1,1,1,1,1
302201,2,60,2,6,2,4,2,1,1,2,,1,2,1,1,2,3,1,2,2,1,1,1,1,1,1,1,1,2,2,2,2,2,2,2,2,2,2,2,2,,,,,,,,,,,,,,,,,,,,,,,,,,,,,,,,,,,,,,,,,,,,,,,,,,,,,,,,,,,,4,1,1,1,1,1,1,1,1,2,2,2
302302,2,76,2,6,1,3,2,1,1,2,,2,2,1,1,2,4,2,2,2,1,1,1,2,1,1,1,1,2,2,2,2,2,2,2,2,2,2,2,1,,,,,,,,,,,,,,,,,,,,,,,,,,,,,,,,,,,,,,,,,,,,,,,,2,60,,,,,,,,,,,4,2,2,2,,2,,1,1,2,1,1
302403,2,84,2,2,4,8,2,1,1,1,1,2,2,2,,,6,2,2,2,2,3,2,3,1,1,1,1,2,1,2,2,2,1,2,2,2,2,2,2,,,,,,,,,,,,,,1,1,180,1,2,2,2,2,1,2,2,2,2,,,,,,,,,,,,,,,,,,,,,,,,2,,2,3,2,2,2,2,1,2,,2,2,2,,2,,1,2,2,2,2
302504,1,50,3,2,1,8,3,1,1,2,,2,2,2,,,1,1,2,2,1,1,1,1,1,1,1,1,2,2,2,2,2,2,2,2,2,2,2,2,,,,,,,,,,,,,,,,,,,,,,,,,,,,,,,,,,,,,,,,,,,,,,,,,,,,,,,,,,,,1,2,2,2,,2,,1,1,2,1,2
302601,1,24,6,3,2,3,1,1,1,1,1,1,1,1,1,2,5,1,2,2,1,1,1,1,1,1,1,1,2,1,2,2,2,2,2,2,2,2,2,1,,,,,,,,,,,,,,,,,,,,,,,,,,,,,,,,,,,,,,,,,,,,,,,,1,60,,,,,,,,,,,1,2,2,2,,2,,1,1,2,2,2
302702,2,77,2,6,3,5,2,1,1,1,1,1,2,1,1,1,4,1,1,2,1,1,1,2,1,1,1,1,2,2,2,2,2,2,2,2,2,2,2,2,,,,,,,,,,,,,,,,,,,,,,,,,,,,,,,,,,,,,,,,,,,,,,,,,,,,,,,,,,,,2,2,2,2,,1,1,1,2,1,1,2
302803,2,15,3,3,2,4,1,1,1,2,,1,2,1,1,1,3,1,1,2,1,1,1,1,1,1,1,1,2,1,2,1,1,,2,1,1,,2,1,3,2,1,2,240,1,2,2,2,1,2,2,3,1,3,120,1,2,2,2,2,2,2,1,1,2,2,1,3,30,1,0,0,0,1,0,0,0,0,3,1,120,2,1,,,,1,120,2,,4,4,2,2,1,3,3,1,,1,1,1,2,1,1,1,2,1,1,2
302904,1,46,3,3,1,2,1,1,2,2,,1,2,1,1,2,5,1,2,2,1,1,1,1,1,1,1,1,2,2,2,2,2,2,2,2,2,2,2,2,,,,,,,,,,,,,,,,,,,,,,,,,,,,,,,,,,,,,,,,,,,,,,,,,,,,,,,,,,,,3,2,2,2,,2,,1,2,2,2,2
303001,1,23,8,5,1,3,1,1,2,2,,1,1,1,1,1,1,1,2,2,1,1,1,1,1,1,1,1,2,1,1,,2,2,2,2,2,2,1,1,2,1,1,2,60,1,2,2,1,1,1,2,3,,,,,,,,,,,,,,,,,,,,,,,,,,,,,,,,1,120,1,1,240,2,,3,3,2,1,2,3,3,1,,2,2,2,,2,,1,1,1,1,1
303102,1,36,8,5,1,3,1,1,2,1,1,1,2,1,1,1,1,1,2,2,1,1,1,1,1,1,1,1,2,1,2,2,2,2,2,2,2,2,1,1,,,,,,,,,,,,,,,,,,,,,,,,,,,,,,,,,,,,,,,,,,,,,1,60,1,1,240,2,,3,3,2,1,3,3,3,1,,1,1,1,2,1,1,1,1,1,1,1
303203,1,67,8,5,1,4,1,1,1,1,1,1,2,1,1,1,2,1,2,2,2,1,1,1,1,1,1,1,2,2,1,,2,2,2,2,2,2,2,2,30,2,1,1,30,1,2,2,1,2,2,2,3,,,,,,,,,,,,,,,,,,,,,,,,,,,,,,,,,,,,,2,,2,3,2,2,2,3,3,1,,2,2,2,,2,,1,2,2,2,2
303304,2,49,10,2,1,3,1,1,2,2,,1,2,1,1,1,1,1,2,2,1,1,1,1,1,1,1,1,2,1,1,,2,2,2,2,2,2,1,1,4,1,1,1,120,1,2,2,1,1,1,2,2,,,,,,,,,,,,,,,,,,,,,,,,,,,,,,,,2,40,1,1,240,2,,3,2,2,1,1,3,3,1,,1,1,1,1,1,1,1,2,2,2,2
303401,1,31,7,3,3,4,1,1,1,2,,2,2,2,,,7,1,2,2,1,1,1,1,1,1,1,1,2,2,2,2,2,2,2,2,2,2,2,1,,,,,,,,,,,,,,,,,,,,,,,,,,,,,,,,,,,,,,,,,,,,,,,,1,30,,,,,,,,,,,3,2,2,2,,2,,1,1,1,1,1
303502,1,47,8,4,3,4,2,1,1,2,,1,2,1,1,2,2,1,2,2,1,1,1,1,1,1,1,1,2,1,2,2,1,,1,,2,2,2,1,,,,,,,,,,,,,,2,2,30,1,1,2,2,1,2,2,2,2,2,1,2,1,20,1,1,1,1,0,1,1,0,0,3,,,,,,,,1,120,2,,2,3,2,1,1,3,3,1,,1,1,2,,2,,1,1,1,1,1
303603,1,49,3,3,2,5,1,1,1,1,1,1,2,1,1,2,5,1,2,2,1,1,1,1,1,1,1,1,2,2,2,2,2,2,2,2,2,2,2,1,,,,,,,,,,,,,,,,,,,,,,,,,,,,,,,,,,,,,,,,,,,,,,,,1,60,,,,,,,,,,,2,2,2,2,,2,,1,1,1,1,1
303704,2,57,3,3,3,5,2,1,1,1,1,2,2,1,1,1,3,1,2,2,1,1,1,1,1,1,1,1,2,2,2,2,2,2,2,2,2,2,2,1,,,,,,,,,,,,,,,,,,,,,,,,,,,,,,,,,,,,,,,,,,,,,,,,1,60,,,,,,,,,,,3,2,2,2,,2,,1,1,1,1,1
303801,2,51,5,2,1,2,1,1,1,2,,2,2,1,1,2,2,1,2,2,1,1,1,1,1,1,1,1,2,2,2,2,2,2,2,2,2,2,2,1,,,,,,,,,,,,,,,,,,,,,,,,,,,,,,,,,,,,,,,,,,,,,,,,1,60,,,,,,,,,,,4,2,1,2,,1,1,1,1,1,1,1
303902,2,19,6,1,2,3,1,1,1,2,,2,1,1,1,1,5,1,2,2,2,1,1,1,1,1,1,1,2,1,2,2,1,,2,2,1,,2,1,,,,,,,,,,,,,,5,3,30,1,2,1,1,1,2,2,2,2,2,,,,,,,,,,,,,,,3,30,1,2,,,,1,120,1,3,3,3,2,1,3,3,3,1,,2,2,2,,2,,1,1,1,1,1
304003,1,70,2,6,2,3,1,1,1,2,,2,2,1,1,2,3,1,2,2,1,1,3,3,1,1,1,3,2,2,2,2,2,2,2,2,2,2,2,2,,,,,,,,,,,,,,,,,,,,,,,,,,,,,,,,,,,,,,,,,,,,,,,,,,,,,,,,,,,,2,2,2,2,,2,,1,9,9,9,9
304104,1,20,2,6,3,4,1,1,2,2,,2,2,1,1,2,5,1,2,1,1,1,1,1,1,1,1,1,1,2,2,2,2,2,2,2,2,2,2,1,,,,,,,,,,,,,,,,,,,,,,,,,,,,,,,,,,,,,,,,,,,,,,,,2,20,,,,,,,,,,,1,2,2,2,,2,,1,2,2,2,2
304201,1,52,8,5,4,6,2,1,1,1,1,1,1,1,1,1,6,1,2,2,1,1,1,1,1,1,1,1,2,1,1,,2,2,2,2,2,2,2,1,24,2,1,1,120,1,2,2,1,1,1,2,3,,,,,,,,,,,,,,,,,,,,,,,,,,,,,,,,,,,1,90,2,,4,4,2,2,1,3,3,1,,2,1,1,2,1,2,1,1,1,1,1
304302,1,58,3,3,1,2,1,1,1,2,,2,2,1,1,2,1,1,2,2,2,1,3,3,1,1,1,1,2,2,2,2,2,2,2,2,2,2,2,1,,,,,,,,,,,,,,,,,,,,,,,,,,,,,,,,,,,,,,,,,,,,,,,,1,60,,,,,,,,,,,1,2,2,2,,2,,1,2,2,2,2
304403,1,30,7,3,1,3,1,1,1,2,,1,1,1,1,1,2,1,2,2,1,1,1,1,1,1,1,1,2,1,1,,2,2,2,2,2,2,2,1,1,2,1,4,30,1,1,2,2,2,2,2,2,,,,,,,,,,,,,,,,,,,,,,,,,,,,,,,,,,,1,60,1,6,4,4,2,2,2,3,3,1,,2,2,2,,2,,1,2,2,2,2
304504,1,40,8,5,2,3,1,1,1,1,1,1,1,1,1,1,2,1,2,2,1,1,1,1,1,1,1,1,2,1,1,,1,,2,2,2,2,1,1,5,2,1,2,20,1,2,1,1,1,1,2,3,1,5,1,1,1,2,2,2,2,2,2,2,2,,,,,,,,,,,,,,,,,,,1,18,1,1,40,2,,2,3,2,1,2,3,3,1,,2,2,1,2,1,1,1,1,1,1,1
304601,2,56,2,6,2,4,1,1,1,2,,2,2,1,1,1,2,1,2,2,2,1,1,3,4,1,1,1,2,1,1,,1,,2,2,2,2,2,1,4,2,1,1,30,1,2,2,1,2,2,2,2,1,4,20,1,2,2,2,2,1,2,2,2,2,,,,,,,,,,,,,,,,,,,,,,1,30,2,,2,4,2,1,3,3,3,1,,2,2,2,,2,,1,2,1,1,2
304702,1,70,8,4,1,3,1,1,1,2,,2,2,1,1,2,2,1,2,2,1,1,2,2,2,1,1,1,2,2,2,2,2,2,2,2,2,2,2,2,,,,,,,,,,,,,,,,,,,,,,,,,,,,,,,,,,,,,,,,,,,,,,,,,,,,,,,,,,,,6,2,2,2,,2,,1,2,2,2,2
305001,2,40,8,5,2,3,1,1,1,1,1,2,2,1,1,1,3,1,2,2,1,1,1,1,1,1,1,1,2,1,1,,1,,2,2,2,2,2,1,2,2,1,3,60,1,2,2,1,1,2,2,2,1,2,60,1,2,2,2,2,2,1,2,2,2,,,,,,,,,,,,,,,,,,,,,,1,60,2,,2,4,2,1,2,3,3,1,,2,1,1,1,2,,1,1,1,1,1
305102,2,55,8,5,3,5,3,1,1,1,1,1,2,1,1,1,2,1,2,2,1,1,1,1,1,1,1,1,2,1,1,,2,2,2,2,2,2,1,1,2,2,1,2,45,1,2,2,1,1,2,2,3,,,,,,,,,,,,,,,,,,,,,,,,,,,,,,,,1,45,1,1,30,2,,3,3,2,1,2,3,3,1,,2,2,2,,2,,1,2,2,2,2
305304,2,18,6,3,3,7,3,1,1,1,2,1,2,1,1,1,3,1,2,2,1,1,1,1,1,1,1,1,2,1,1,,2,2,2,2,2,2,2,1,4,2,1,2,25,1,2,2,1,1,2,2,3,,,,,,,,,,,,,,,,,,,,,,,,,,,,,,,,,,,1,38,1,7,3,3,2,1,1,3,3,1,,2,1,1,2,1,2,1,1,1,1,1
305401,2,64,8,5,1,6,1,1,1,1,1,1,2,1,1,1,1,1,2,2,1,1,1,1,1,1,1,1,2,2,2,2,2,2,1,,2,2,2,1,,,,,,,,,,,,,,,,,,,,,,,,,,,1,2,1,10,2,1,1,0,0,1,0,1,0,1,,,,,,,,1,120,2,,3,3,2,1,2,3,1,1,,2,2,2,,2,,1,2,2,2,2
305502,2,30,10,2,3,5,3,1,1,1,1,1,1,1,1,1,3,1,2,2,1,1,1,1,1,1,1,1,2,1,1,,1,,1,,1,,1,1,20,2,1,1,60,1,2,2,2,1,2,2,3,2,2,10,1,2,2,2,2,2,2,2,1,2,1,2,1,30,1,1,0,0,0,0,0,0,0,1,1,60,2,1,2,15,1,1,60,2,,4,4,2,1,1,3,3,1,,2,2,2,,2,,1,1,1,1,1
305603,1,42,6,3,1,4,1,1,1,1,1,1,2,1,1,1,1,1,2,2,1,1,1,1,1,1,1,1,2,1,1,,2,2,2,2,2,2,1,1,2,2,1,2,60,1,2,2,2,1,2,2,2,,,,,,,,,,,,,,,,,,,,,,,,,,,,,,,,1,120,1,1,60,1,5,3,4,2,1,2,3,3,1,,1,1,1,1,1,2,1,2,2,2,2
305704,2,45,8,5,1,2,1,1,1,1,1,1,2,1,1,1,2,1,2,2,1,1,1,1,1,1,1,1,2,2,2,2,2,2,2,2,2,2,2,2,,,,,,,,,,,,,,,,,,,,,,,,,,,,,,,,,,,,,,,,,,,,,,,,,,,,,,,,,,,,3,1,1,1,2,2,,1,1,1,1,1
305801,2,51,2,6,2,3,1,1,1,1,1,2,2,1,1,1,2,1,2,2,1,1,1,1,1,1,1,1,2,2,2,2,2,2,2,2,2,2,2,1,,,,,,,,,,,,,,,,,,,,,,,,,,,,,,,,,,,,,,,,,,,,,,,,2,20,,,,,,,,,,,1,2,2,2,,2,,1,2,2,2,2
305902,1,30,6,2,2,4,1,1,1,1,1,1,1,1,1,1,3,1,2,2,2,2,1,1,2,1,1,1,2,1,1,,2,2,2,2,1,,2,1,12,2,1,1,120,1,2,2,2,1,1,2,1,,,,,,,,,,,,,,,,,,,,,,,,,,,,3,120,1,2,,,,1,200,1,5,2,3,2,1,1,3,2,1,,2,2,2,,1,1,1,2,1,9,2
306201,1,76,2,6,2,4,1,1,1,2,,2,2,2,,,1,1,2,2,2,2,2,3,2,1,1,1,2,1,2,2,2,2,2,2,2,2,2,2,,,,,,,,,,,,,,,,,,,,,,,,,,,,,,,,,,,,,,,,,,,,,,,,,,,,,,,,,,,,9,2,1,1,1,2,,1,2,2,2,2
306302,2,70,7,3,1,3,1,1,1,2,,2,2,2,,,1,1,1,2,2,1,1,1,1,1,1,1,2,2,2,2,2,2,2,2,2,2,2,1,,,,,,,,,,,,,,,,,,,,,,,,,,,,,,,,,,,,,,,,,,,,,,,,1,120,,,,,,,,,,,4,2,1,1,1,1,1,1,1,1,1,2
306403,1,73,7,3,2,5,1,1,1,2,,2,2,1,1,2,2,1,2,2,1,1,1,1,1,1,1,1,1,2,2,2,2,2,2,2,2,2,2,1,,,,,,,,,,,,,,,,,,,,,,,,,,,,,,,,,,,,,,,,,,,,,,,,1,200,,,,,,,,,,,2,2,2,2,,1,1,1,1,1,1,2
306504,1,36,3,3,3,6,1,1,1,1,1,2,2,1,1,2,4,1,2,2,1,1,1,1,1,1,1,1,2,2,2,2,2,2,2,2,1,,2,1,,,,,,,,,,,,,,,,,,,,,,,,,,,,,,,,,,,,,,,,,2,60,2,1,,,,1,60,2,,4,3,2,2,2,3,3,1,,2,1,2,,1,1,1,1,1,1,1
306601,1,63,3,2,2,3,1,1,2,2,,2,2,2,,,1,1,2,2,4,4,1,1,1,1,1,1,2,2,2,2,2,2,2,2,2,2,2,2,,,,,,,,,,,,,,,,,,,,,,,,,,,,,,,,,,,,,,,,,,,,,,,,,,,,,,,,,,,,6,2,2,2,,2,,1,2,1,1,1
306702,1,60,6,1,1,4,1,1,2,2,,2,2,2,,,1,1,2,2,3,1,1,1,1,1,1,2,2,2,2,2,1,,2,2,2,2,2,1,,,,,,,,,,,,,,2,3,20,1,1,2,2,2,1,2,2,2,2,,,,,,,,,,,,,,,,,,,,,,5,15,2,,1,2,1,1,2,3,1,1,,2,1,1,1,1,4,1,2,1,1,1
306803,1,38,6,3,2,2,1,1,1,2,,1,2,2,,,2,1,2,1,2,2,1,1,2,1,1,1,1,2,2,2,2,2,2,2,2,2,2,1,,,,,,,,,,,,,,,,,,,,,,,,,,,,,,,,,,,,,,,,,,,,,,,,1,60,,,,,,,,,,,1,2,2,2,,2,,1,1,1,1,2
306904,1,20,7,3,2,2,1,1,1,2,,1,1,1,1,1,4,1,2,2,1,1,1,1,1,1,2,1,2,1,2,1,1,,2,1,1,,1,1,3,1,2,2,240,1,1,1,1,1,2,2,2,1,1,28,1,1,2,2,2,2,2,2,2,2,2,1,1,30,1,0,1,1,0,0,0,0,0,3,2,120,1,2,1,240,1,1,60,2,,3,2,1,1,2,3,3,1,,2,1,1,2,1,1,1,1,1,1,1
307001,2,32,3,3,2,3,1,1,1,2,,2,2,1,1,2,4,1,2,2,1,1,1,1,1,1,1,1,2,2,2,1,2,2,1,,2,2,2,1,2,2,1,3,60,2,2,2,1,2,2,2,3,,,,,,,,,,,,,,2,1,3,15,2,0,0,1,0,0,0,0,0,2,,,,,,,,1,120,2,,2,3,1,1,3,3,3,1,,2,2,2,,2,,1,1,1,1,1
307401,2,63,8,3,1,7,3,1,1,1,2,2,2,1,1,2,2,1,2,2,2,1,1,1,1,1,1,1,2,2,2,2,1,,2,2,2,2,2,1,,,,,,,,,,,,,,1,3,30,1,2,2,2,1,2,2,2,2,2,,,,,,,,,,,,,,,,,,,,,,1,60,2,,2,4,2,1,1,3,3,3,,2,2,2,,2,,1,1,1,1,1
307502,2,25,8,5,2,6,1,1,1,1,1,1,2,1,1,2,2,1,2,2,1,1,2,2,2,2,2,2,2,1,1,,2,2,2,2,1,,1,1,4,1,2,3,90,1,2,2,2,1,1,2,1,,,,,,,,,,,,,,,,,,,,,,,,,,,,2,40,1,1,2,30,1,1,60,2,,2,4,2,1,1,3,3,1,,2,1,1,1,1,1,1,1,1,1,2
307603,1,46,3,2,3,4,1,1,2,2,,2,2,2,,,1,1,2,2,1,1,3,2,1,1,1,1,2,2,2,2,2,2,2,2,2,2,2,1,,,,,,,,,,,,,,,,,,,,,,,,,,,,,,,,,,,,,,,,,,,,,,,,1,120,,,,,,,,,,,1,2,2,2,,2,,1,2,2,2,2
307704,2,91,2,5,6,8,1,1,1,2,,2,2,1,1,2,1,1,2,2,2,1,3,3,2,2,2,2,2,2,2,2,2,2,2,2,2,2,2,2,,,,,,,,,,,,,,,,,,,,,,,,,,,,,,,,,,,,,,,,,,,,,,,,,,,,,,,,,,,,6,2,1,1,1,1,1,1,1,1,1,1
307801,1,59,8,5,1,4,1,1,1,1,1,1,1,1,1,2,2,1,2,2,1,1,1,1,1,1,1,1,2,1,1,,2,2,2,2,2,2,1,1,8,1,2,1,240,2,2,1,2,2,2,2,1,,,,,,,,,,,,,,,,,,,,,,,,,,,,,,,,2,60,1,1,180,1,6,3,3,2,1,2,3,3,1,,2,2,2,,2,,1,1,1,1,1
307902,1,26,2,6,2,3,1,1,1,2,,2,2,1,1,2,4,1,2,2,1,1,1,1,1,1,1,1,2,2,2,2,2,2,2,2,2,2,2,1,,,,,,,,,,,,,,,,,,,,,,,,,,,,,,,,,,,,,,,,,,,,,,,,1,300,,,,,,,,,,,1,2,2,2,,1,1,1,1,1,2,2
308003,2,39,6,2,2,5,1,1,1,1,2,1,1,1,1,1,5,1,2,1,1,1,1,1,1,1,1,1,1,1,1,,2,2,2,2,2,2,2,1,3,1,2,2,60,1,2,2,2,1,2,2,1,,,,,,,,,,,,,,,,,,,,,,,,,,,,,,,,,,,1,120,2,,2,3,2,2,2,3,3,1,,2,2,2,,2,,1,2,2,2,2
308104,2,35,6,3,2,4,1,1,1,2,,1,2,1,1,2,4,1,2,2,1,1,1,1,1,1,1,1,2,2,2,2,2,2,2,2,2,2,2,1,,,,,,,,,,,,,,,,,,,,,,,,,,,,,,,,,,,,,,,,,,,,,,,,1,30,,,,,,,,,,,1,2,2,2,,2,,1,2,1,1,1
308302,2,21,3,3,2,3,1,1,2,2,,2,2,1,1,2,3,1,2,2,1,1,1,1,1,1,1,1,1,2,2,2,2,2,2,2,2,2,2,1,,,,,,,,,,,,,,,,,,,,,,,,,,,,,,,,,,,,,,,,,,,,,,,,1,120,,,,,,,,,,,1,2,1,1,2,1,1,1,1,1,1,1
308403,2,21,8,2,2,4,1,1,1,2,,1,2,1,1,2,2,1,2,2,1,1,1,1,1,1,1,1,2,1,1,,2,2,2,2,2,2,1,1,3,2,1,1,30,1,2,2,2,1,2,2,3,,,,,,,,,,,,,,,,,,,,,,,,,,,,,,,,1,10,1,1,360,1,5,2,4,1,1,3,3,3,1,,1,1,1,2,2,,1,1,1,1,1
308504,2,51,3,3,2,4,1,1,1,2,,2,2,2,,,1,1,2,2,1,1,1,1,1,1,1,1,1,2,2,2,2,2,2,2,2,2,2,1,,,,,,,,,,,,,,,,,,,,,,,,,,,,,,,,,,,,,,,,,,,,,,,,1,60,,,,,,,,,,,4,2,1,1,2,1,1,1,1,1,1,1
308601,2,17,6,3,3,11,3,1,1,1,2,1,2,1,1,1,6,1,2,2,2,1,1,1,1,1,1,1,2,1,1,,2,2,2,2,1,,1,1,3,1,1,3,60,1,2,1,2,1,1,2,1,,,,,,,,,,,,,,,,,,,,,,,,,,,,3,60,1,2,2,60,1,1,120,2,,2,3,1,1,2,3,3,1,,1,1,1,1,1,4,1,1,1,1,2
308803,1,49,6,2,1,4,3,1,1,1,3,1,2,1,1,1,3,1,2,2,1,1,1,1,1,1,1,1,2,2,2,2,2,2,2,2,2,2,1,1,,,,,,,,,,,,,,,,,,,,,,,,,,,,,,,,,,,,,,,,,,,,,2,60,1,1,30,2,,4,4,2,2,2,3,3,1,,2,2,2,,1,1,1,2,1,1,2
308904,1,53,8,4,3,6,2,1,1,1,2,1,2,1,1,1,4,1,2,2,1,1,1,1,1,1,1,1,2,2,2,2,2,2,1,,2,2,2,1,,,,,,,,,,,,,,,,,,,,,,,,,,,1,2,2,30,1,0,1,0,1,0,0,1,0,1,,,,,,,,2,60,2,,2,3,2,1,2,3,3,1,,1,1,2,,1,1,1,9,1,1,1
309001,2,37,3,3,1,2,1,1,1,2,,2,2,2,,,4,1,2,2,2,1,1,1,1,1,1,1,2,1,1,,1,,1,,2,2,2,1,2,2,1,2,60,1,2,2,1,2,1,2,2,2,2,30,1,2,2,2,2,2,2,2,1,2,2,1,7,15,1,1,1,1,1,1,0,0,0,2,,,,,,,,1,120,2,,2,3,2,1,2,3,3,1,,2,1,2,,1,1,1,1,1,1,1
309102,1,72,2,6,2,3,1,1,1,2,,2,2,1,1,2,2,1,2,2,2,1,1,1,1,1,1,1,2,2,2,2,2,2,2,2,2,2,2,2,,,,,,,,,,,,,,,,,,,,,,,,,,,,,,,,,,,,,,,,,,,,,,,,,,,,,,,,,,,,2,2,2,2,,2,,1,2,2,2,2
309203,2,59,0,,3,5,1,1,1,1,1,1,2,1,1,1,2,1,2,2,1,1,1,1,1,1,1,1,2,2,2,2,2,2,2,2,2,2,2,1,,,,,,,,,,,,,,,,,,,,,,,,,,,,,,,,,,,,,,,,,,,,,,,,1,60,,,,,,,,,,,2,2,2,2,,2,,2,,,,
309304,1,44,3,3,3,5,1,1,2,2,,2,2,2,,,1,1,2,2,1,1,1,1,1,1,1,1,2,1,1,,2,2,2,2,2,2,2,1,2,2,1,3,60,1,2,2,2,1,1,2,3,,,,,,,,,,,,,,,,,,,,,,,,,,,,,,,,,,,1,60,2,,3,4,2,2,2,3,3,1,,2,1,1,1,1,1,1,2,1,1,1
309401,1,62,3,3,2,5,2,1,1,1,1,1,2,1,1,1,2,1,2,2,2,1,1,1,1,1,2,1,1,1,2,1,1,,1,,1,,1,1,1,2,1,4,60,1,1,2,1,2,1,2,2,2,4,120,1,1,1,1,1,2,1,1,1,2,2,1,2,60,1,0,1,0,0,0,0,1,1,3,3,60,2,1,1,180,1,1,120,2,,2,3,2,2,1,3,3,1,,2,2,2,,2,,1,2,1,2,1
309502,1,28,6,1,2,4,1,1,1,1,1,1,2,1,1,2,3,1,2,2,1,1,1,1,1,1,1,1,2,2,2,2,2,2,2,2,2,2,2,1,,,,,,,,,,,,,,,,,,,,,,,,,,,,,,,,,,,,,,,,,,,,,,,,1,120,,,,,,,,,,,1,2,2,2,,2,,1,2,1,1,2
309603,2,57,6,3,3,5,2,1,1,1,1,1,1,1,1,1,2,1,2,2,1,1,1,1,1,1,1,1,2,1,1,,2,2,2,2,2,2,2,1,6,2,1,1,60,1,2,2,1,2,2,2,3,,,,,,,,,,,,,,,,,,,,,,,,,,,,,,,,,,,1,60,2,,2,4,2,1,2,3,3,1,,2,2,2,,2,,1,2,1,2,2
309704,1,61,3,3,3,6,1,1,1,1,1,2,2,1,1,2,7,2,2,2,4,2,1,2,3,1,1,1,1,1,2,2,1,,1,,2,2,2,1,,,,,,,,,,,,,,7,2,10,1,2,2,2,2,1,2,2,2,2,2,1,3,15,1,0,1,0,1,0,0,1,0,3,,,,,,,,5,20,2,,2,1,2,2,3,3,3,1,,2,2,2,,2,,1,2,1,1,2
309801,2,32,6,3,3,5,1,1,1,1,1,1,2,1,1,1,4,1,2,2,1,1,1,1,1,1,1,1,2,2,2,2,2,2,2,2,2,2,2,1,,,,,,,,,,,,,,,,,,,,,,,,,,,,,,,,,,,,,,,,,,,,,,,,1,90,,,,,,,,,,,2,2,2,1,2,1,1,1,1,1,1,1
309902,1,48,8,5,2,4,1,1,1,1,2,1,1,1,1,1,3,1,2,2,2,1,1,1,1,1,1,1,2,1,1,,2,1,1,,2,2,1,1,4,2,1,3,50,2,2,1,1,1,2,2,3,1,1,30,1,2,1,2,2,2,2,2,2,2,1,2,2,40,1,0,0,0,0,0,1,0,0,1,,,,,1,50,1,1,30,2,,2,3,2,1,3,3,3,1,,2,2,2,,2,,1,1,1,1,1
310003,2,22,8,5,3,6,1,1,1,1,2,1,2,1,1,1,4,1,2,2,1,1,1,1,1,1,1,1,2,1,1,,2,2,2,2,1,,1,1,4,2,1,2,30,1,2,1,2,1,2,2,3,,,,,,,,,,,,,,,,,,,,,,,,,,,,3,30,2,1,2,30,1,1,120,2,,3,4,1,1,2,3,3,1,,1,1,1,2,1,5,1,1,1,1,1
310104,2,26,6,2,2,4,1,1,1,1,1,2,2,1,1,2,4,1,2,2,1,1,1,1,1,1,1,1,2,1,1,,2,2,2,2,2,2,2,1,1,2,1,1,30,2,2,2,1,2,2,2,2,,,,,,,,,,,,,,,,,,,,,,,,,,,,,,,,,,,1,60,2,,1,3,2,1,3,3,3,1,,2,2,2,,1,1,1,1,1,1,1
310201,1,35,7,1,1,2,1,1,1,1,1,1,2,1,2,1,2,1,2,2,1,1,1,1,1,1,1,1,2,2,2,2,2,2,2,2,2,2,1,1,,,,,,,,,,,,,,,,,,,,,,,,,,,,,,,,,,,,,,,,,,,,,2,30,1,1,30,1,5,4,4,2,1,2,3,3,1,,1,2,2,,2,,1,1,1,1,1
310403,2,76,2,6,1,3,1,1,1,2,,2,2,1,1,2,1,1,2,2,1,1,1,2,1,1,1,1,2,2,2,2,2,2,2,2,2,2,2,2,,,,,,,,,,,,,,,,,,,,,,,,,,,,,,,,,,,,,,,,,,,,,,,,,,,,,,,,,,,,6,2,2,2,,2,,1,9,9,9,9
310504,2,42,3,3,3,6,1,1,1,1,1,2,2,1,1,1,7,1,2,2,1,1,1,1,1,1,1,1,2,2,2,2,2,2,2,2,2,2,2,1,,,,,,,,,,,,,,,,,,,,,,,,,,,,,,,,,,,,,,,,,,,,,,,,1,210,,,,,,,,,,,1,2,2,2,,2,,1,9,9,9,9
310601,1,33,3,3,1,3,1,1,1,1,1,2,2,1,1,1,3,1,2,2,1,1,1,1,1,1,1,1,2,2,2,2,2,2,2,2,2,2,2,1,,,,,,,,,,,,,,,,,,,,,,,,,,,,,,,,,,,,,,,,,,,,,,,,1,20,,,,,,,,,,,3,1,1,1,2,1,1,1,1,1,1,1
310702,1,51,6,1,3,4,2,1,1,1,2,1,1,1,1,1,4,1,2,2,1,1,1,1,1,1,1,1,2,2,2,2,2,2,2,2,2,2,1,1,,,,,,,,,,,,,,,,,,,,,,,,,,,,,,,,,,,,,,,,,,,,,2,5,2,1,10,2,,3,3,2,1,3,3,3,1,,2,2,2,,2,,1,2,2,1,1
310803,2,52,6,1,1,3,1,1,1,1,1,1,2,1,1,2,2,1,2,2,2,1,1,1,1,1,1,1,1,2,2,2,2,2,2,2,2,2,2,1,,,,,,,,,,,,,,,,,,,,,,,,,,,,,,,,,,,,,,,,,,,,,,,,1,180,,,,,,,,,,,4,2,2,2,,2,,1,2,2,1,1
310904,2,54,3,3,2,3,1,1,1,1,1,2,1,1,1,2,5,1,2,2,1,1,1,1,1,1,1,1,2,1,1,,2,2,2,2,2,2,2,1,2,2,1,3,68,2,2,2,1,2,2,2,3,,,,,,,,,,,,,,,,,,,,,,,,,,,,,,,,,,,1,30,2,,1,1,2,2,2,3,3,2,,1,2,2,,1,1,1,9,9,9,9
311001,1,37,8,5,3,4,2,1,1,1,2,1,1,1,1,1,5,1,2,2,1,1,1,1,1,1,1,1,2,2,2,1,1,,1,,2,2,1,1,1,2,1,5,120,1,2,2,1,2,2,2,2,6,2,40,1,2,1,2,2,2,2,1,2,2,1,2,3,30,1,1,1,0,0,0,0,0,0,1,,,,,3,40,1,1,360,1,5,2,3,2,1,2,3,3,1,,2,1,2,,1,1,1,2,2,2,2
311102,2,30,10,2,2,4,2,1,1,1,2,1,2,1,1,1,3,1,2,2,2,2,1,2,3,1,1,1,2,1,2,1,1,,1,,2,1,1,1,1,2,1,5,60,1,2,1,2,1,2,2,2,2,4,20,2,2,2,1,2,2,2,1,1,2,2,1,1,20,1,0,0,0,1,0,0,0,0,3,5,20,2,1,1,20,2,1,180,2,,2,3,1,1,2,3,1,1,,2,2,2,,2,,1,1,1,1,1
311304,2,21,8,3,3,4,2,1,1,1,2,1,2,1,1,1,5,1,2,2,2,2,1,1,1,1,1,1,2,1,1,,2,1,2,2,2,2,2,1,1,2,1,3,20,1,2,2,1,2,2,2,3,2,2,5,1,1,1,2,2,2,2,2,2,2,,,,,,,,,,,,,,,,,,,,,,1,60,1,5,3,3,2,1,1,3,3,1,,2,1,1,2,1,1,1,2,1,2,2
311502,2,37,7,3,1,2,1,1,1,1,1,2,2,1,1,1,1,1,2,2,1,1,1,1,1,1,1,1,2,2,2,2,2,2,2,2,2,2,2,1,,,,,,,,,,,,,,,,,,,,,,,,,,,,,,,,,,,,,,,,,,,,,,,,1,60,,,,,,,,,,,3,1,1,1,2,1,1,1,2,9,2,1
311603,2,38,6,3,2,5,1,1,1,1,1,1,1,1,1,1,4,1,2,2,1,1,1,1,1,1,1,1,2,2,2,2,2,2,2,2,2,2,2,1,,,,,,,,,,,,,,,,,,,,,,,,,,,,,,,,,,,,,,,,,,,,,,,,1,180,,,,,,,,,,,4,1,1,1,2,1,1,1,1,1,2,1
311704,2,76,2,6,1,4,1,1,1,2,,2,2,1,1,1,1,1,2,2,3,1,2,2,2,2,1,1,2,2,2,2,2,2,2,2,2,2,2,2,,,,,,,,,,,,,,,,,,,,,,,,,,,,,,,,,,,,,,,,,,,,,,,,,,,,,,,,,,,,6,1,1,1,1,1,1,1,2,2,2,2
311801,2,34,99,9,2,5,1,1,1,2,,1,1,1,1,1,3,1,2,2,1,1,1,1,1,1,1,1,2,2,2,2,2,2,2,2,2,2,2,1,,,,,,,,,,,,,,,,,,,,,,,,,,,,,,,,,,,,,,,,,,,,,,,,1,30,,,,,,,,,,,3,1,1,2,,2,,1,1,1,2,1
311902,1,63,3,3,2,5,3,1,2,2,,2,2,1,1,2,2,1,2,2,2,1,3,4,1,1,1,1,1,1,2,2,2,2,2,2,2,2,2,1,,,,,,,,,,,,,,,,,,,,,,,,,,,,,,,,,,,,,,,,,,,,,,,,1,300,,,,,,,,,,,6,2,2,2,,2,,1,2,1,1,2
312003,2,22,8,3,2,4,2,1,1,2,,1,2,1,1,1,4,1,2,2,2,1,1,1,1,1,1,1,2,1,2,1,1,,2,1,1,,1,1,1,2,1,3,60,2,1,1,2,2,2,2,1,1,2,60,2,2,2,2,2,2,1,2,2,2,1,2,1,15,2,0,0,0,0,0,0,0,1,1,5,60,1,2,5,60,1,1,300,2,,2,3,2,1,2,3,3,1,,2,2,1,1,1,1,1,2,1,1,1
312104,2,19,6,3,3,4,2,1,1,1,2,1,1,1,1,2,6,1,2,2,3,1,1,1,1,1,1,1,2,1,1,,2,2,2,1,1,,1,1,3,1,2,2,120,1,2,2,1,1,2,2,1,,,,,,,,,,,,,,1,2,1,15,1,0,0,0,1,0,0,0,0,1,3,60,1,2,1,120,1,1,120,2,,2,3,2,2,2,3,3,2,,1,2,2,,2,,1,1,1,1,1
312201,2,38,8,3,3,5,3,1,1,1,2,1,2,1,1,1,3,1,2,2,2,1,1,1,1,1,1,2,2,1,1,,2,2,2,2,2,2,1,1,2,2,1,2,90,1,2,2,1,1,2,2,3,,,,,,,,,,,,,,,,,,,,,,,,,,,,,,,,1,60,2,1,60,1,5,3,2,2,1,2,3,1,1,,2,2,1,1,1,1,1,2,1,2,2
312302,1,25,8,2,3,5,2,1,1,2,,1,2,1,1,1,3,1,2,2,2,1,1,1,1,1,1,1,2,2,2,2,2,2,2,2,1,,1,1,,,,,,,,,,,,,,,,,,,,,,,,,,,,,,,,,,,,,,,,,4,30,1,2,5,30,1,1,30,1,3,4,3,2,1,2,3,3,1,,2,2,2,,1,1,1,2,1,2,2
312403,1,34,8,4,2,4,2,1,1,1,1,1,2,1,1,1,3,1,2,2,1,1,1,1,1,1,1,1,2,1,1,,2,1,2,1,2,2,1,1,2,1,1,2,30,1,2,2,2,1,2,2,3,3,4,20,1,2,2,2,2,2,1,2,2,2,1,2,2,10,1,0,1,0,0,0,1,0,0,1,,,,,2,30,1,1,60,1,5,2,3,2,1,1,3,3,2,,2,1,1,1,1,5,1,9,9,9,9
312504,2,52,8,4,1,3,2,1,1,1,2,1,2,1,1,1,2,1,2,2,2,1,1,1,1,1,1,1,2,1,2,2,1,,1,,2,2,2,1,,,,,,,,,,,,,,2,2,30,1,2,2,2,2,2,1,2,1,2,2,1,2,30,1,1,1,0,0,0,0,0,0,3,,,,,,,,1,120,2,,2,3,2,1,2,3,3,1,,2,2,2,,1,1,1,2,1,1,1
312601,1,23,8,3,3,6,2,1,1,1,1,1,1,1,1,2,5,1,2,2,1,1,1,1,1,1,1,1,2,1,1,,2,2,2,2,1,,1,1,3,1,1,1,20,1,2,2,1,1,2,2,3,,,,,,,,,,,,,,,,,,,,,,,,,,,,3,20,1,1,1,60,1,1,120,2,,3,3,1,1,1,3,3,1,,1,1,1,2,1,1,1,1,1,1,1
312702,1,80,3,3,2,3,1,1,1,2,,2,2,1,1,2,2,1,2,2,2,1,1,2,3,3,2,1,2,2,2,2,2,2,2,2,2,2,2,2,,,,,,,,,,,,,,,,,,,,,,,,,,,,,,,,,,,,,,,,,,,,,,,,,,,,,,,,,,,,6,2,2,2,,2,,1,9,9,9,9
312803,1,18,3,3,3,5,1,1,1,2,,2,2,1,1,2,8,1,2,2,1,1,1,1,1,1,1,1,2,2,2,2,2,2,2,2,2,2,2,1,,,,,,,,,,,,,,,,,,,,,,,,,,,,,,,,,,,,,,,,,,,,,,,,1,120,,,,,,,,,,,3,2,2,2,,2,,1,2,2,2,2
312904,1,67,2,6,2,3,1,1,1,2,,2,2,1,1,2,2,1,2,2,4,4,2,4,2,4,2,4,2,,,,,,,,,,,,,,,,,,,,,,,,,,,,,,,,,,,,,,,,,,,,,,,,,,,,,,,,,,,,,,,,,,,,,,,,,,,,,,,,,,
313001,2,23,8,4,2,3,1,1,1,1,1,2,2,1,1,1,4,1,2,2,1,1,1,1,1,1,1,1,2,1,1,,1,,2,1,2,2,2,1,3,2,1,4,120,1,2,2,2,1,2,2,2,1,5,30,2,2,2,1,1,2,2,2,2,2,1,2,3,5,1,1,0,0,0,0,0,1,0,1,,,,,,,,1,180,1,5,4,3,2,1,3,3,3,1,,2,1,1,2,1,4,1,1,1,1,1
313102,2,32,6,3,1,3,2,1,1,1,2,1,1,1,1,2,2,1,2,2,1,1,1,1,1,1,1,1,2,1,1,,2,1,2,1,2,2,1,1,1,2,1,5,60,1,2,2,2,1,2,2,3,2,1,60,1,2,2,2,1,2,2,1,2,2,1,2,7,60,1,0,1,0,0,0,0,1,0,1,,,,,1,60,1,1,60,1,5,2,3,2,1,1,3,3,1,,1,2,2,,2,,1,2,1,1,1
313203,2,46,8,5,2,5,2,1,1,1,1,1,1,1,1,1,3,1,2,2,1,1,1,1,1,1,1,1,2,1,1,,2,1,2,2,2,2,1,1,1,2,1,5,20,1,2,2,1,2,2,2,3,2,4,10,2,2,2,2,1,2,2,2,2,2,,,,,,,,,,,,,,,,,,,1,30,2,1,120,2,,1,3,2,1,1,3,3,1,,1,1,1,1,1,1,1,2,1,9,1
313304,2,33,6,3,2,4,2,1,1,1,1,2,1,1,1,1,2,1,2,2,3,1,1,1,2,1,1,1,2,1,1,,2,2,2,2,2,2,1,1,2,2,1,1,40,2,2,1,2,2,2,2,2,,,,,,,,,,,,,,,,,,,,,,,,,,,,,,,,1,30,2,1,30,2,,3,3,2,1,1,3,3,3,,1,1,1,2,1,1,1,1,1,1,1
313401,1,63,3,3,1,4,1,1,1,1,1,2,2,1,1,1,2,1,2,2,1,1,1,1,1,1,1,1,2,2,2,2,2,2,2,2,2,2,2,2,,,,,,,,,,,,,,,,,,,,,,,,,,,,,,,,,,,,,,,,,,,,,,,,,,,,,,,,,,,,1,2,2,2,,2,,1,2,2,2,2
313502,2,30,8,4,1,2,1,1,1,1,1,2,2,1,1,1,1,1,2,2,2,1,1,1,2,1,1,1,2,1,1,,1,,2,2,2,2,1,1,2,1,2,5,20,2,2,2,1,2,2,2,1,1,4,20,1,2,2,2,2,2,2,2,1,2,,,,,,,,,,,,,,,,,,,1,30,2,1,120,1,3,3,4,2,1,3,3,3,1,,1,1,1,2,1,1,1,1,1,1,2
313603,1,59,6,3,1,4,1,1,1,2,,2,2,2,,,2,1,2,2,2,2,3,1,1,1,1,1,2,2,2,2,2,2,2,2,2,2,2,1,,,,,,,,,,,,,,,,,,,,,,,,,,,,,,,,,,,,,,,,,,,,,,,,1,20,,,,,,,,,,,3,2,2,2,,2,,1,9,9,9,9
313704,2,56,5,3,2,4,1,1,1,1,1,1,2,1,1,1,4,1,2,2,2,1,1,1,1,1,1,1,2,1,1,,1,,1,,2,2,2,1,10,1,1,3,30,1,1,2,1,1,2,2,2,4,1,20,1,2,2,2,2,1,1,2,2,2,2,1,7,30,1,1,0,1,1,0,0,1,0,2,,,,,,,,1,60,2,,4,4,2,1,2,3,3,1,,2,2,2,,2,,1,1,1,1,1
313801,1,40,3,3,3,4,1,1,1,1,1,2,2,2,,,6,1,2,2,1,1,1,1,1,1,1,1,2,2,2,2,2,2,2,2,2,2,2,1,,,,,,,,,,,,,,,,,,,,,,,,,,,,,,,,,,,,,,,,,,,,,,,,1,120,,,,,,,,,,,3,2,2,2,,2,,1,9,9,9,9
313902,1,66,2,5,1,6,1,1,1,1,1,2,2,2,,,4,1,2,2,1,1,1,1,1,1,1,1,2,2,2,2,2,2,2,2,2,2,2,1,,,,,,,,,,,,,,,,,,,,,,,,,,,,,,,,,,,,,,,,,,,,,,,,1,20,,,,,,,,,,,3,2,2,2,,2,,1,2,2,2,2
314003,1,76,2,5,1,3,1,1,1,1,1,2,2,2,,,2,1,2,2,3,3,2,3,2,2,1,1,2,2,2,2,2,2,2,2,2,2,2,2,,,,,,,,,,,,,,,,,,,,,,,,,,,,,,,,,,,,,,,,,,,,,,,,,,,,,,,,,,,,6,2,2,2,,2,,1,2,2,2,2
314104,1,49,2,6,2,3,0,2,2,2,,2,2,2,,,2,1,2,2,1,1,1,1,1,1,1,1,2,2,2,2,2,2,2,2,2,2,2,2,,,,,,,,,,,,,,,,,,,,,,,,,,,,,,,,,,,,,,,,,,,,,,,,,,,,,,,,,,,,3,2,2,2,,2,,1,9,9,9,9
314201,1,51,2,6,2,4,1,1,1,1,1,2,2,1,2,2,4,1,2,2,1,1,1,1,1,1,1,1,2,2,2,2,2,2,2,2,2,2,2,1,,,,,,,,,,,,,,,,,,,,,,,,,,,,,,,,,,,,,,,,,,,,,,,,5,8,,,,,,,,,,,3,2,2,2,,2,,1,2,2,2,2
314302,1,63,2,6,1,1,0,2,2,2,,2,2,2,,,1,1,2,2,1,1,1,1,1,1,1,1,1,1,1,,2,2,2,2,1,,2,2,2,2,1,4,15,1,2,2,1,2,2,2,2,,,,,,,,,,,,,,,,,,,,,,,,,,,,4,15,2,1,,,,,,1,1,1,2,1,2,2,1,1,1,,2,2,2,,2,,1,2,1,1,2
314403,1,13,3,1,2,5,1,1,1,1,1,2,1,1,2,2,8,1,2,2,1,1,1,1,2,1,1,1,2,1,2,1,2,2,2,1,2,1,1,1,8,2,1,2,20,1,1,1,1,1,2,2,2,,,,,,,,,,,,,,1,2,4,25,1,1,1,0,0,0,0,1,0,1,2,15,1,2,1,30,1,1,30,2,,2,3,2,1,1,3,3,1,,2,1,1,2,1,1,1,1,1,2,1
314504,1,62,0,,1,1,0,2,2,2,,2,2,2,,,1,1,2,2,1,1,1,1,1,1,1,1,1,,,,,,,,,,,,,,,,,,,,,,,,,,,,,,,,,,,,,,,,,,,,,,,,,,,,,,,,,,,,,,,,,,,,,,,,,,,,,,,,,,
314601,1,56,3,3,2,4,1,1,1,1,1,2,2,2,,,2,1,2,2,2,1,1,1,1,1,1,1,2,2,2,2,2,2,2,2,2,2,2,1,,,,,,,,,,,,,,,,,,,,,,,,,,,,,,,,,,,,,,,,,,,,,,,,1,30,,,,,,,,,,,2,2,1,1,2,1,1,1,2,1,2,2
314702,1,25,6,1,2,4,1,1,1,2,,2,2,1,1,2,2,1,2,2,1,1,1,1,1,1,1,1,2,2,2,2,2,2,2,2,2,2,2,1,,,,,,,,,,,,,,,,,,,,,,,,,,,,,,,,,,,,,,,,,,,,,,,,1,120,,,,,,,,,,,1,2,2,2,,1,1,1,1,1,1,1
314803,1,30,6,3,1,4,1,1,1,1,1,2,2,1,1,1,3,1,2,2,1,1,1,1,1,1,1,1,2,2,2,1,2,2,1,,2,2,2,2,1,2,1,1,30,1,2,2,2,1,2,2,2,,,,,,,,,,,,,,2,1,2,30,1,0,1,0,0,0,0,0,0,3,,,,,,,,,,2,,2,4,2,2,2,3,3,1,,2,2,2,,2,,1,2,2,1,2
314904,1,21,3,3,1,4,1,1,1,2,,2,2,1,1,2,2,1,1,2,2,1,1,1,1,1,1,2,2,2,2,2,2,2,2,1,2,2,2,1,,,,,,,,,,,,,,,,,,,,,,,,,,,1,2,1,10,1,0,1,0,0,0,0,0,0,1,,,,,,,,1,480,2,,3,3,2,2,3,3,3,1,,2,1,1,2,2,,1,1,1,1,1
315001,1,25,6,2,2,3,2,1,1,2,,2,2,2,,,2,1,1,2,1,1,1,1,2,1,1,1,2,1,1,,2,1,1,,1,,1,1,2,2,1,3,60,1,2,1,2,2,2,2,3,1,4,30,1,2,2,2,2,2,2,2,1,2,1,2,2,20,1,1,1,0,0,0,0,1,0,1,2,30,1,2,5,30,1,1,180,1,6,2,3,2,1,1,3,1,1,,2,1,1,2,1,1,1,1,1,2,1
315102,1,24,8,5,1,2,1,1,1,2,,2,2,1,1,2,4,1,2,2,1,1,1,1,1,1,1,1,2,1,1,,2,2,2,2,2,2,1,1,3,1,1,4,120,1,2,1,2,2,2,2,1,,,,,,,,,,,,,,,,,,,,,,,,,,,,,,,,5,10,1,5,60,2,,3,4,1,1,2,3,3,3,,1,1,2,,2,,1,1,1,1,1
315203,2,28,2,6,1,2,1,1,1,2,,2,2,1,1,2,3,1,2,2,1,1,1,1,2,1,1,1,2,1,1,,2,2,2,2,2,2,1,1,2,1,1,1,60,1,2,2,1,1,2,2,1,,,,,,,,,,,,,,,,,,,,,,,,,,,,,,,,1,30,1,1,60,2,,4,2,2,1,1,3,3,1,,2,2,2,,2,,1,2,2,2,2
315304,2,50,0,,1,1,1,1,1,2,,2,2,2,,,2,1,2,2,1,1,1,2,2,1,1,1,2,,,,,,,,,,,,,,,,,,,,,,,,,,,,,,,,,,,,,,,,,,,,,,,,,,,,,,,,,,,,,,,,,,,,,,,,,,,,,,,,,,
315401,2,60,5,3,2,3,2,1,1,2,,1,2,1,1,1,4,2,2,2,4,1,3,3,1,1,1,1,1,2,2,2,2,2,2,2,2,2,2,2,,,,,,,,,,,,,,,,,,,,,,,,,,,,,,,,,,,,,,,,,,,,,,,,,,,,,,,,,,,,6,2,2,2,,2,,1,9,9,9,9
315502,2,34,6,3,2,3,1,1,2,2,,2,2,1,1,2,3,1,2,2,2,1,1,1,1,2,1,2,1,1,1,,1,,1,,1,,1,1,3,2,1,2,60,1,2,2,2,2,1,2,4,4,2,60,2,2,2,2,2,2,2,1,2,2,2,1,1,120,2,0,0,1,0,0,0,0,0,2,2,120,2,1,2,60,1,2,60,2,,3,2,2,1,1,3,3,1,,2,2,2,,1,1,1,9,1,1,1
315603,1,43,6,3,1,1,1,1,1,2,,2,2,2,,,1,1,2,2,1,1,1,2,2,1,1,1,1,2,2,2,2,2,2,2,2,2,2,1,,,,,,,,,,,,,,,,,,,,,,,,,,,,,,,,,,,,,,,,,,,,,,,,1,120,,,,,,,,,,,3,2,2,2,,2,,1,2,1,2,2
315704,1,55,8,5,2,4,2,1,1,1,1,1,1,1,1,1,4,1,2,2,2,1,1,1,2,2,1,1,2,1,1,,2,1,2,1,2,2,1,1,6,2,1,1,40,1,2,2,2,1,1,2,3,2,3,10,1,1,2,2,2,2,2,2,2,2,1,2,1,10,1,1,1,0,0,0,0,0,0,1,,,,,3,5,1,1,20,1,6,3,2,2,2,1,3,3,1,,1,1,1,2,1,2,1,1,1,1,1
316003,1,39,8,4,2,3,1,1,2,2,,2,2,2,,,2,1,2,2,1,1,1,1,2,1,1,2,1,1,1,,1,,1,,1,,1,1,5,2,1,1,180,1,2,2,2,2,1,2,4,6,2,60,1,2,1,2,2,2,2,2,2,2,1,2,1,30,2,0,0,0,0,1,0,1,0,1,2,30,2,1,2,60,1,2,60,1,3,4,4,1,1,1,3,3,1,,1,1,1,1,1,4,1,1,1,1,1
316104,2,56,8,4,2,4,1,1,1,2,,1,2,1,1,1,2,1,2,2,1,1,1,2,2,1,1,2,2,1,1,,2,2,2,2,2,2,1,1,5,2,1,2,180,1,2,1,2,2,1,2,2,,,,,,,,,,,,,,,,,,,,,,,,,,,,,,,,2,30,2,1,120,1,8,2,3,2,1,2,3,3,1,,2,2,2,,2,,1,2,2,2,2
316302,2,58,8,4,2,4,4,1,1,1,1,1,2,1,1,2,2,1,2,2,1,1,1,1,1,1,1,1,2,1,1,,2,1,2,1,2,2,1,1,1,2,1,1,30,1,2,2,2,1,2,2,3,10,2,10,1,2,2,1,2,2,2,2,2,2,1,2,2,15,1,1,0,0,0,0,0,0,0,1,,,,,3,10,1,5,5,2,,2,4,2,2,1,3,3,1,,2,2,2,,2,,1,1,1,1,1
316504,1,46,10,2,2,3,3,1,1,1,2,1,1,1,1,1,3,1,2,2,1,1,1,1,1,1,1,1,2,1,2,2,1,,1,,1,,1,1,,,,,,,,,,,,,,36,2,5,1,2,1,2,2,2,1,1,1,2,1,2,1,30,1,0,0,0,0,1,0,0,1,1,1,5,1,2,1,60,1,1,60,1,3,4,4,2,1,1,3,3,1,,1,1,2,,1,1,1,1,1,1,1
316601,2,41,8,5,2,5,2,1,1,1,1,1,1,1,1,1,4,1,2,2,1,1,1,1,1,1,1,1,2,1,1,,1,,2,2,2,2,1,1,2,1,1,2,60,1,2,2,2,1,2,2,1,1,4,30,1,2,2,1,2,2,2,2,2,2,,,,,,,,,,,,,,,,,,,2,30,1,1,60,2,,3,4,2,1,3,3,3,1,,1,1,2,,1,1,1,2,2,2,1
316702,1,61,3,3,3,3,3,1,1,1,1,1,2,1,1,2,3,1,2,2,2,1,2,2,2,2,2,1,1,2,2,2,2,2,2,2,2,2,2,1,,,,,,,,,,,,,,,,,,,,,,,,,,,,,,,,,,,,,,,,,,,,,,,,1,160,,,,,,,,,,,1,1,1,1,1,1,1,1,1,1,1,1
316803,2,25,8,4,1,2,0,1,2,2,,2,2,1,1,2,4,1,2,2,1,1,1,1,1,1,1,1,2,1,2,2,2,2,2,2,2,2,1,1,,,,,,,,,,,,,,,,,,,,,,,,,,,,,,,,,,,,,,,,,,,,,1,30,1,1,10,2,,2,3,2,1,2,3,3,3,,1,2,2,,2,,1,2,1,2,2
316904,1,52,3,3,2,3,0,1,1,2,,1,2,1,1,2,4,1,2,2,1,2,1,1,1,1,1,1,2,2,2,2,2,1,2,1,2,1,2,1,,,,,,,,,,,,,,4,2,30,2,2,2,2,1,2,1,2,1,2,2,1,1,30,1,0,0,0,0,0,0,0,1,1,5,30,1,2,,,,1,240,2,,3,2,2,1,2,3,3,1,,2,2,2,,2,,1,1,1,2,2
317001,1,44,8,5,4,8,1,1,1,2,,1,1,1,1,1,5,1,1,2,1,1,1,1,1,1,1,1,1,1,1,,1,,2,2,2,2,1,1,12,1,1,1,40,1,1,1,2,1,2,2,1,6,2,15,1,2,1,2,2,2,1,1,2,2,,,,,,,,,,,,,,,,,,,1,15,1,1,15,2,,2,3,1,1,2,3,3,2,,2,2,2,,2,,1,1,1,1,1
317102,1,32,3,3,2,2,1,1,1,2,,2,2,2,,,5,1,2,2,2,1,1,1,2,2,1,2,1,1,1,,2,2,1,,2,2,1,1,2,1,1,1,30,1,2,2,1,1,2,2,2,,,,,,,,,,,,,,1,2,7,20,1,0,0,0,0,0,0,1,0,1,,,,,2,60,1,1,120,2,,2,3,2,2,3,3,3,3,,2,1,2,,1,3,1,1,1,1,1
317203,1,38,3,3,2,3,1,1,1,2,,2,2,2,,,2,1,2,2,1,1,1,1,1,1,1,1,1,1,1,,1,,1,,2,1,1,1,3,2,1,2,60,1,2,2,1,1,1,2,2,6,2,60,1,2,2,1,2,2,2,1,2,2,2,1,1,40,1,0,0,1,0,0,0,0,0,3,4,30,2,1,2,40,1,1,20,1,6,2,2,2,2,2,3,3,2,,2,2,2,,2,,1,1,1,1,2
317304,1,58,2,4,1,2,1,1,2,2,,2,2,1,1,2,2,1,2,2,1,1,1,1,1,1,1,1,2,1,2,1,2,1,1,,2,2,2,2,1,2,1,5,15,1,2,2,2,1,2,2,3,1,2,15,1,2,2,2,2,2,2,2,1,2,2,1,1,15,1,0,0,0,0,0,0,1,0,3,,,,,,,,,,2,,1,2,1,2,3,3,1,1,,2,2,2,,2,,1,1,1,2,2
317401,2,17,6,3,1,1,0,1,2,2,,1,2,1,1,2,4,1,2,2,2,1,1,1,2,1,1,1,1,1,1,,2,1,1,,1,,1,1,18,1,1,2,180,1,1,1,1,1,1,2,1,1,4,30,2,2,1,1,2,2,2,2,1,2,1,2,1,30,2,0,0,0,1,0,1,0,0,1,2,120,1,2,3,30,1,1,60,2,,3,2,2,1,2,3,3,1,,2,1,1,2,1,1,1,1,1,1,2
317502,1,72,2,6,1,2,0,1,2,2,,2,2,2,,,1,1,2,2,1,1,3,3,3,3,1,4,1,1,2,2,1,,2,2,2,2,2,2,,,,,,,,,,,,,,5,1,30,1,2,2,2,2,1,2,2,2,2,,,,,,,,,,,,,,,,,,,,,,,,2,,1,2,1,2,3,3,3,2,,2,2,2,,2,,1,2,2,2,2
317704,2,56,8,5,1,4,2,1,1,1,1,1,2,1,1,2,1,1,1,1,3,1,4,4,2,3,1,4,1,1,1,,2,1,2,2,2,2,2,1,3,1,2,1,480,1,1,2,2,2,2,2,1,3,1,480,1,2,2,1,2,2,2,2,2,2,,,,,,,,,,,,,,,,,,,,,,1,20,2,,2,3,2,1,1,3,3,1,,2,2,2,,2,,1,1,1,1,1
317801,2,70,0,,1,2,1,1,2,2,,2,2,2,,,1,1,2,2,2,2,2,2,2,2,2,2,2,,,,,,,,,,,,,,,,,,,,,,,,,,,,,,,,,,,,,,,,,,,,,,,,,,,,,,,,,,,,,,,,,,,,,,,,,,,,,,,,,,
318104,2,64,3,3,4,10,4,1,1,1,1,1,2,1,1,1,7,2,2,2,1,1,1,1,1,1,1,1,2,2,2,2,2,2,2,2,2,2,2,2,,,,,,,,,,,,,,,,,,,,,,,,,,,,,,,,,,,,,,,,,,,,,,,,,,,,,,,,,,,,4,2,2,2,,2,,1,9,9,9,9
318201,1,64,8,2,1,9,4,1,1,1,1,2,2,1,1,1,2,1,2,2,2,1,1,1,1,1,1,1,1,2,2,1,1,,2,2,2,2,1,1,2,1,2,5,30,2,1,2,2,2,2,2,1,1,5,30,1,2,1,2,2,2,2,2,2,2,,,,,,,,,,,,,,,,,,,1,30,1,1,120,2,,3,2,2,1,2,3,3,3,,2,2,2,,2,,1,1,1,1,1
318302,1,19,8,1,4,5,2,1,1,1,2,1,2,1,1,2,5,1,2,2,1,1,1,1,1,1,2,2,2,2,2,1,2,1,2,2,2,2,1,1,3,1,2,2,10,1,2,2,2,2,1,2,1,3,2,5,1,2,1,2,2,2,2,2,2,2,,,,,,,,,,,,,,,,,,,5,5,1,3,15,2,,2,2,2,1,1,3,3,1,,1,2,1,2,2,,1,1,1,1,1
318403,1,13,3,1,1,3,1,1,2,2,,2,2,2,,,4,1,2,2,1,1,1,1,1,1,1,1,2,2,2,1,2,2,2,2,1,,2,2,4,2,1,2,60,1,2,2,2,1,2,2,3,,,,,,,,,,,,,,,,,,,,,,,,,,,,3,60,1,1,,,,,,2,,2,3,1,1,2,3,3,1,,2,1,1,2,1,1,1,2,1,1,1
318504,1,25,8,5,3,7,1,1,1,1,1,1,2,1,1,2,4,1,2,2,1,1,1,1,2,1,2,3,2,2,2,1,2,1,1,,2,2,1,1,2,1,1,1,20,1,2,2,1,2,2,2,1,1,2,5,1,1,2,2,2,2,2,2,2,2,2,1,1,5,1,0,0,0,0,0,0,1,0,2,,,,,1,180,1,1,180,2,,2,2,1,1,2,3,3,1,,2,2,2,,1,1,1,1,1,1,1
318601,2,60,3,3,2,3,0,1,1,2,,2,2,2,,,3,1,1,2,1,1,2,2,1,1,1,2,1,1,2,2,1,,1,,2,2,2,1,,,,,,,,,,,,,,2,2,60,1,2,2,1,1,1,2,1,2,2,2,1,2,60,1,0,0,0,1,0,0,0,0,2,,,,,,,,5,5,2,,3,2,1,1,1,3,3,1,,2,2,1,3,1,1,1,2,1,1,1
318702,2,49,3,3,3,4,1,1,1,2,,2,1,1,1,2,4,1,2,2,2,1,1,1,2,1,1,2,1,1,2,2,2,2,2,2,2,2,2,1,,,,,,,,,,,,,,,,,,,,,,,,,,,,,,,,,,,,,,,,,,,,,,,,1,5,,,,,,,,,,,3,2,1,1,1,2,,1,9,9,1,1
318803,1,52,3,3,3,5,0,1,1,2,,1,1,1,1,2,5,1,2,2,2,2,1,2,2,1,2,1,1,2,2,2,2,2,2,2,2,2,2,2,,,,,,,,,,,,,,,,,,,,,,,,,,,,,,,,,,,,,,,,,,,,,,,,,,,,,,,,,,,,3,2,2,2,,2,,1,2,2,2,2
319001,2,42,8,5,2,3,1,1,1,2,,2,2,1,1,1,6,1,2,2,2,1,1,1,1,1,1,1,2,1,1,,2,2,2,2,2,2,1,1,2,1,1,1,30,1,2,2,1,2,2,2,1,,,,,,,,,,,,,,,,,,,,,,,,,,,,,,,,1,60,1,1,120,2,,2,2,1,1,2,3,3,1,,2,2,2,,2,,1,2,2,2,2
319102,2,58,5,3,2,3,1,1,1,2,,2,2,1,1,2,5,1,1,2,2,1,1,2,1,1,1,1,1,1,2,2,2,2,2,2,2,2,1,1,,,,,,,,,,,,,,,,,,,,,,,,,,,,,,,,,,,,,,,,,,,,,1,180,1,5,10,1,6,3,2,2,1,2,3,3,1,,2,2,2,,2,,1,1,1,1,1
319203,2,39,8,5,2,3,1,1,1,1,1,1,2,1,1,2,2,1,1,2,1,1,1,1,2,1,1,1,2,1,1,,1,,2,1,1,,1,1,7,2,1,2,180,1,2,2,2,1,2,2,3,4,3,60,1,2,2,2,2,2,2,1,2,2,1,2,1,60,1,0,0,1,0,0,0,0,0,1,2,120,1,1,2,120,1,1,180,1,5,2,3,1,1,2,3,3,1,,1,1,1,2,1,1,1,2,2,2,2
319304,1,31,8,5,2,3,1,1,1,2,,1,2,1,1,1,2,1,2,2,1,1,1,1,2,1,1,1,2,1,1,,1,,2,2,2,2,1,2,1,1,2,1,30,1,2,2,1,2,2,2,1,2,2,30,1,2,2,2,2,1,2,2,2,2,,,,,,,,,,,,,,,,,,,2,15,1,,,2,,2,4,2,2,1,3,3,1,,2,2,2,,1,1,1,1,1,2,2
319401,2,33,3,3,3,4,0,1,1,1,1,2,2,2,,,3,1,2,1,1,1,1,1,1,1,1,1,1,2,2,1,2,1,2,2,2,1,2,1,2,2,1,3,3,2,2,1,2,2,2,2,1,2,3,3,1,2,2,1,2,2,2,2,1,2,,,,,,,,,,,,,,,3,2,2,1,,,,1,60,2,,2,2,2,2,2,3,3,1,,2,1,1,1,1,1,1,2,1,1,2
319502,1,43,3,3,2,3,0,1,1,2,,2,2,2,,,2,1,2,2,3,1,3,3,3,1,1,3,1,2,2,2,2,2,2,2,2,2,2,1,,,,,,,,,,,,,,,,,,,,,,,,,,,,,,,,,,,,,,,,,,,,,,,,1,30,,,,,,,,,,,6,2,1,1,2,1,1,1,1,1,1,1
319603,2,33,3,3,2,3,0,1,1,2,,2,2,1,1,2,4,1,2,2,1,1,1,1,2,1,1,1,1,2,2,1,2,2,2,2,2,2,2,1,1,2,1,2,30,1,2,1,2,2,2,2,1,,,,,,,,,,,,,,,,,,,,,,,,,,,,,,,,,,,1,20,2,,2,1,2,1,2,3,1,3,,2,2,2,,2,,1,2,1,1,1
319704,1,24,3,2,1,1,0,2,1,2,,2,2,2,,,3,1,1,2,1,1,1,1,1,1,1,1,2,2,2,2,2,2,2,2,2,2,1,1,,,,,,,,,,,,,,,,,,,,,,,,,,,,,,,,,,,,,,,,,,,,,3,30,1,1,360,2,,2,2,2,2,1,3,3,1,,1,1,1,2,1,2,1,1,1,1,1
319801,1,12,2,5,2,3,1,1,1,2,,2,2,1,1,2,5,1,2,2,1,1,1,1,1,1,1,1,2,2,2,1,2,2,2,2,2,2,1,2,1,2,1,5,30,1,2,2,2,2,1,2,2,,,,,,,,,,,,,,,,,,,,,,,,,,,,,,,,5,30,1,,,2,,3,3,1,2,1,3,3,3,,2,1,1,2,2,,1,2,1,2,2
319902,2,56,5,3,3,4,1,1,1,1,2,1,2,1,1,2,3,1,2,2,1,1,1,1,1,1,1,1,2,1,2,1,2,1,2,2,2,2,2,1,1,1,1,2,15,2,1,2,1,2,2,2,1,3,2,10,2,2,2,2,2,1,2,2,2,2,,,,,,,,,,,,,,,,,,,,,,1,15,2,,3,2,1,1,3,3,3,1,,2,2,2,,2,,1,1,1,1,1
320003,2,44,6,3,2,2,1,1,2,2,,1,2,1,1,2,2,1,2,2,1,1,1,1,1,1,1,1,1,2,2,2,2,2,2,2,2,2,2,1,,,,,,,,,,,,,,,,,,,,,,,,,,,,,,,,,,,,,,,,,,,,,,,,1,60,,,,,,,,,,,3,2,2,2,,2,,1,1,1,1,1
320104,2,31,6,3,2,3,1,1,1,1,1,1,1,1,1,1,3,1,1,2,2,1,1,1,2,1,1,1,1,2,2,1,2,1,2,1,2,2,1,1,3,1,2,2,60,1,2,2,1,2,1,2,1,1,5,5,1,2,2,2,2,2,2,1,2,2,1,2,2,30,1,0,0,0,0,0,0,1,0,1,,,,,1,15,1,1,20,1,8,2,3,2,1,3,3,3,1,,2,2,2,,2,,1,1,1,1,1
320201,1,49,2,6,1,5,1,1,1,2,,2,2,1,1,2,2,1,2,1,1,1,2,1,2,1,4,1,1,2,2,2,2,2,2,2,2,2,2,1,,,,,,,,,,,,,,,,,,,,,,,,,,,,,,,,,,,,,,,,,,,,,,,,1,60,,,,,,,,,,,3,2,2,2,,2,,1,2,2,2,2
320302,2,21,3,3,1,3,2,1,2,2,,2,2,2,,,3,1,2,2,1,1,1,1,1,1,1,1,1,2,2,1,1,,1,,2,2,2,1,3,1,2,5,60,1,1,2,2,1,2,2,1,3,4,60,1,2,2,2,1,2,2,2,1,2,2,1,3,30,1,0,0,0,0,1,0,1,0,3,,,,,,,,1,180,2,,2,3,2,1,3,3,3,1,,1,2,2,,1,3,1,1,1,1,1
320403,1,18,6,2,3,3,1,2,2,2,,2,2,2,,,5,1,2,2,1,1,1,1,1,1,1,1,2,2,2,1,2,2,2,2,2,1,2,1,1,1,2,2,60,1,2,2,2,1,2,2,4,,,,,,,,,,,,,,,,,,,,,,,,,,,,5,60,1,2,,,,1,60,2,,2,2,2,1,2,3,3,1,,2,2,1,1,1,1,1,1,1,2,2
320504,1,19,6,3,1,2,1,1,1,2,,2,2,1,1,2,4,1,2,2,1,1,1,1,1,1,1,1,1,2,2,1,2,2,2,1,2,2,1,1,1,2,1,5,180,1,2,2,1,2,2,2,2,,,,,,,,,,,,,,2,1,1,30,1,0,0,0,0,1,0,1,0,2,,,,,2,60,1,2,120,2,,3,3,2,1,3,3,3,1,,2,1,1,2,1,1,1,1,1,1,1
320601,2,89,2,6,2,3,3,1,2,2,,2,2,2,,,4,1,2,1,2,3,1,1,1,1,1,1,1,,,,,,,,,,,,,,,,,,,,,,,,,,,,,,,,,,,,,,,,,,,,,,,,,,,,,,,,,,,,,,,,,,,,,,,,,,,,,,,,,,
320702,2,48,8,5,2,3,1,1,1,2,,1,2,2,,,3,1,2,2,2,2,1,2,2,1,1,1,2,1,1,,1,,2,2,1,,1,1,1,2,1,1,40,2,2,2,1,2,2,2,3,1,5,20,1,2,2,2,1,2,2,2,2,2,,,,,,,,,,,,,,,5,20,2,1,5,5,2,5,5,2,,2,3,1,1,3,3,3,1,,2,2,1,1,1,1,1,1,1,1,1
320803,2,46,2,6,1,3,1,1,2,2,,2,2,2,,,3,1,2,1,2,1,1,1,2,1,1,1,1,1,1,,2,2,2,2,2,2,2,1,1,2,1,1,15,1,2,1,2,2,2,2,2,,,,,,,,,,,,,,,,,,,,,,,,,,,,,,,,,,,1,5,2,,1,1,2,2,2,2,1,1,,2,2,2,,2,,1,9,9,9,9
320904,1,44,6,3,1,3,1,1,2,2,,2,2,2,,,1,1,2,1,1,1,1,1,1,1,1,1,1,1,2,2,1,,2,2,2,2,1,1,,,,,,,,,,,,,,1,2,15,1,2,2,2,2,1,2,2,2,2,,,,,,,,,,,,,,,,,,,1,60,1,1,60,2,,2,3,1,2,3,3,3,1,,2,2,2,,1,1,1,1,1,1,1
321001,2,49,0,,1,1,0,2,2,2,,2,2,2,,,2,1,1,2,2,1,2,3,3,4,2,2,1,,,,,,,,,,,,,,,,,,,,,,,,,,,,,,,,,,,,,,,,,,,,,,,,,,,,,,,,,,,,,,,,,,,,,,,,,,,,,,,,,,
321102,1,66,2,6,2,4,1,1,1,1,1,2,2,1,1,2,5,1,2,1,1,1,1,1,1,1,4,2,1,1,2,2,2,2,2,2,1,,2,2,,,,,,,,,,,,,,,,,,,,,,,,,,,,,,,,,,,,,,,,,2,10,2,1,,,,,,1,6,2,1,2,2,3,3,3,3,,2,2,2,,2,,1,2,2,1,2
321203,1,64,8,4,1,1,2,2,2,1,1,2,2,1,1,2,2,1,2,2,1,2,1,1,1,1,1,1,1,2,2,2,2,2,1,,2,2,2,1,,,,,,,,,,,,,,,,,,,,,,,,,,,2,1,1,128,1,1,0,0,0,0,0,0,0,3,,,,,,,,1,120,2,,4,2,2,2,3,3,3,1,,2,2,2,,2,,1,2,1,1,1
321304,1,12,2,5,3,4,1,1,1,1,1,1,2,1,1,1,5,1,2,2,1,1,1,1,2,1,1,1,2,1,2,2,2,2,2,2,2,2,1,1,,,,,,,,,,,,,,,,,,,,,,,,,,,,,,,,,,,,,,,,,,,,,3,20,2,2,15,2,,2,3,1,1,2,3,2,3,,2,1,1,2,1,1,1,2,2,1,1
321401,2,13,3,1,2,3,1,1,2,1,1,1,2,1,1,1,4,1,2,2,1,1,1,1,2,1,3,2,2,1,1,,2,2,2,2,2,2,2,1,2,2,1,3,60,1,2,2,2,1,2,2,3,,,,,,,,,,,,,,,,,,,,,,,,,,,,,,,,,,,1,180,2,,3,4,2,1,1,3,3,1,,2,1,1,2,1,2,1,1,1,1,1
321502,2,51,3,3,2,2,1,1,2,2,,2,2,2,,,3,1,2,2,2,1,1,2,1,1,1,1,1,2,2,2,2,2,2,2,2,2,2,1,,,,,,,,,,,,,,,,,,,,,,,,,,,,,,,,,,,,,,,,,,,,,,,,1,60,,,,,,,,,,,3,1,1,1,1,2,,1,1,1,1,1
321603,1,23,8,2,3,5,0,1,2,2,,1,2,1,1,2,5,1,2,2,2,1,1,1,1,1,1,1,2,2,2,2,2,2,2,2,2,2,1,1,,,,,,,,,,,,,,,,,,,,,,,,,,,,,,,,,,,,,,,,,,,,,2,120,2,1,180,2,,2,3,2,2,1,3,1,1,,2,2,1,1,1,1,1,1,1,2,2
321704,2,37,8,4,2,4,2,1,1,1,1,1,2,1,1,2,4,1,2,1,1,1,1,1,1,1,1,1,1,1,1,,2,1,2,1,2,1,1,1,5,2,1,2,60,1,2,1,1,1,1,2,2,2,3,60,1,2,1,1,2,2,2,1,1,2,1,2,3,30,1,1,0,1,0,1,1,1,0,1,3,60,1,1,2,60,1,2,30,2,,3,3,1,1,1,3,3,1,,2,2,2,,2,,1,2,2,2,2
321801,1,75,8,4,5,7,2,1,1,1,1,1,2,1,1,1,5,1,2,2,3,2,2,2,3,1,2,2,2,1,1,,2,2,2,2,1,,2,1,1,2,1,2,120,1,2,2,1,2,2,2,3,,,,,,,,,,,,,,,,,,,,,,,,,,,,5,30,2,1,,,,2,120,2,,2,1,2,2,1,3,1,1,,2,2,2,,2,,1,1,1,1,1
322003,2,32,8,5,3,5,2,1,1,1,1,1,2,1,1,2,4,1,2,2,1,1,1,1,1,1,1,1,2,1,1,,2,2,2,2,1,,2,1,5,2,1,1,30,1,2,1,1,1,2,2,3,,,,,,,,,,,,,,,,,,,,,,,,,,,,1,20,1,2,,,,2,5,2,,2,3,2,1,2,3,3,1,,1,1,1,2,1,2,1,2,2,2,2
322104,2,62,4,4,1,2,1,1,1,2,,2,2,1,1,2,1,1,1,1,2,2,2,2,3,1,2,2,1,2,2,2,2,2,2,2,2,2,2,2,,,,,,,,,,,,,,,,,,,,,,,,,,,,,,,,,,,,,,,,,,,,,,,,,,,,,,,,,,,,1,2,2,2,,2,,1,1,1,1,1
322201,1,15,3,3,2,2,1,1,2,1,1,2,2,2,,,4,1,2,2,1,1,1,1,1,1,1,1,2,1,2,1,1,,2,2,2,1,2,2,1,2,1,3,20,2,2,1,2,2,2,2,3,1,5,15,1,2,2,2,2,2,2,2,1,2,,,,,,,,,,,,,,,5,15,1,2,,,,,,2,,2,3,1,2,2,3,3,1,,2,2,1,1,2,,1,1,1,2,2
322302,2,25,8,4,2,4,1,1,2,2,,1,2,2,,,2,1,2,2,1,1,1,1,1,1,1,1,2,1,1,,1,,2,2,2,2,1,1,7,1,1,1,120,2,2,1,2,2,2,2,1,5,2,120,2,2,2,2,2,2,1,2,2,2,,,,,,,,,,,,,,,,,,,1,60,1,1,60,2,,2,3,1,1,1,3,3,1,,2,2,2,,1,1,1,1,1,1,1
322403,1,63,8,5,1,3,1,1,2,1,1,1,2,1,1,2,3,1,2,2,2,1,1,1,1,1,1,1,1,1,1,,2,2,2,2,2,2,1,1,1,2,1,2,60,1,2,2,2,2,1,2,3,,,,,,,,,,,,,,,,,,,,,,,,,,,,,,,,1,30,1,1,60,2,,2,2,2,1,3,3,3,1,,1,1,2,,1,1,1,1,1,1,1
322504,2,42,5,4,4,4,2,1,1,2,,1,2,1,1,2,6,2,2,1,1,1,1,1,2,1,1,2,1,1,1,,2,2,2,2,1,,1,1,20,2,1,1,30,1,2,1,1,1,1,2,3,,,,,,,,,,,,,,,,,,,,,,,,,,,,2,15,1,2,1,30,1,1,60,2,,3,3,2,1,3,3,3,1,,2,2,2,,1,1,1,1,1,1,2
322601,2,31,3,3,1,2,1,2,2,2,,2,2,2,,,3,1,2,2,1,1,1,1,1,1,1,1,2,1,1,,1,,2,2,2,2,2,1,6,2,1,1,180,1,2,1,2,2,2,2,4,1,2,180,1,2,2,2,2,2,2,2,1,2,,,,,,,,,,,,,,,,,,,,,,5,30,2,,2,3,1,1,1,3,3,2,,2,2,2,,2,,1,2,2,2,2
322702,1,48,7,2,2,5,1,1,2,1,1,1,2,1,1,1,3,1,1,2,2,1,1,1,1,1,1,1,2,2,2,1,2,2,2,2,2,2,2,1,1,2,1,2,10,1,2,2,2,1,2,2,4,,,,,,,,,,,,,,,,,,,,,,,,,,,,,,,,,,,2,60,2,,2,3,1,1,3,3,3,3,,2,2,2,,2,,1,2,2,2,2
322803,1,40,2,6,4,5,2,1,1,2,,1,2,1,1,2,6,1,2,2,1,1,1,1,1,1,1,1,2,1,1,,1,,1,,1,,1,1,6,1,2,3,60,2,2,2,2,1,2,2,2,4,3,120,1,1,1,2,1,1,1,2,2,2,1,2,1,120,1,0,1,0,0,0,0,0,0,2,1,60,1,2,3,120,1,1,120,2,,2,4,2,1,2,3,3,1,,1,1,1,1,1,1,1,1,1,1,1
323001,2,27,8,4,1,2,1,1,2,2,,2,2,2,,,2,1,2,2,1,1,1,1,1,1,1,1,1,1,1,,2,2,2,2,2,2,2,1,4,1,1,2,60,1,2,2,2,1,2,2,1,,,,,,,,,,,,,,,,,,,,,,,,,,,,,,,,,,,1,60,2,,2,3,2,1,3,3,3,3,,2,2,2,,1,1,1,2,2,2,2
323102,2,40,2,6,1,2,1,1,1,1,1,2,2,1,1,2,4,1,2,1,2,2,1,1,2,1,1,1,1,1,1,,1,,2,2,2,2,1,1,1,1,2,2,20,1,2,2,1,2,2,2,1,1,2,20,1,2,2,2,2,1,2,2,2,2,,,,,,,,,,,,,,,,,,,1,5,2,1,60,2,,2,2,2,1,1,3,1,1,,2,2,2,,2,,1,2,2,2,2
323203,2,54,2,2,1,2,0,1,1,1,1,2,2,2,,,2,1,1,2,1,1,1,1,2,1,1,1,2,2,2,2,2,2,2,2,2,2,2,1,,,,,,,,,,,,,,,,,,,,,,,,,,,,,,,,,,,,,,,,,,,,,,,,5,60,,,,,,,,,,,1,2,2,2,,1,1,1,2,1,1,2
323304,1,45,2,6,1,1,0,2,2,2,,2,2,2,,,1,1,1,2,1,1,1,1,1,1,1,1,2,2,2,2,2,2,2,2,2,2,2,2,,,,,,,,,,,,,,,,,,,,,,,,,,,,,,,,,,,,,,,,,,,,,,,,,,,,,,,,,,,,3,2,1,1,1,2,,1,2,2,1,1
323401,2,73,2,3,1,1,1,1,2,2,,2,2,2,,,2,1,2,2,2,1,2,2,2,1,1,1,1,,,,,,,,,,,,,,,,,,,,,,,,,,,,,,,,,,,,,,,,,,,,,,,,,,,,,,,,,,,,,,,,,,,,,,,,,,,,,,,,,,
323502,2,67,2,4,3,4,1,1,1,2,,2,2,2,,,3,1,2,2,1,1,1,1,1,1,1,1,2,2,2,2,2,2,2,2,2,2,2,2,,,,,,,,,,,,,,,,,,,,,,,,,,,,,,,,,,,,,,,,,,,,,,,,,,,,,,,,,,,,1,2,2,2,,2,,1,9,9,9,9
323603,2,54,2,6,2,2,1,2,2,2,,2,2,1,1,2,4,1,2,2,2,1,1,1,1,1,1,1,2,2,2,2,2,2,2,2,2,2,2,1,,,,,,,,,,,,,,,,,,,,,,,,,,,,,,,,,,,,,,,,,,,,,,,,2,15,,,,,,,,,,,1,2,2,2,,2,,1,1,2,2,2
323801,2,15,3,3,2,3,1,1,1,1,1,1,2,1,1,2,3,1,2,2,2,1,1,1,2,1,1,2,2,2,2,1,2,2,2,2,2,2,2,1,4,2,1,2,30,2,2,1,2,2,2,2,3,,,,,,,,,,,,,,,,,,,,,,,,,,,,,,,,,,,1,60,2,,1,1,2,1,2,3,3,3,,2,2,1,1,2,,1,2,2,1,2
323902,2,13,3,1,1,2,0,1,1,1,1,2,2,1,1,2,5,1,2,2,1,1,1,1,1,1,1,1,2,1,1,,2,2,2,2,2,1,2,1,1,1,2,4,60,2,2,2,2,1,2,2,2,,,,,,,,,,,,,,,,,,,,,,,,,,,,5,10,1,2,,,,2,30,2,,2,3,1,2,1,3,3,1,,2,2,2,,1,1,1,2,2,1,1
324003,2,23,3,3,2,3,1,1,1,2,,2,2,1,1,2,5,1,2,1,1,1,1,1,2,1,1,1,1,2,2,2,2,2,2,2,2,2,2,2,,,,,,,,,,,,,,,,,,,,,,,,,,,,,,,,,,,,,,,,,,,,,,,,,,,,,,,,,,,,5,2,2,2,,2,,1,1,1,1,1
324104,2,54,2,6,3,3,2,2,1,1,2,2,2,2,,,5,1,2,2,2,1,1,1,1,1,1,1,1,1,2,2,1,,1,,2,2,2,2,,,,,,,,,,,,,,1,2,60,1,2,2,2,2,1,2,2,2,2,2,1,7,30,1,0,0,0,0,1,0,0,0,3,,,,,,,,,,2,,2,2,1,2,2,3,3,1,,2,2,2,,2,,1,1,1,1,1
324201,2,15,3,2,2,3,0,1,1,2,,2,2,1,1,2,8,1,1,2,1,1,1,2,2,1,1,2,1,1,1,,2,2,1,,1,,1,1,1,2,1,2,30,2,1,1,1,1,1,2,2,,,,,,,,,,,,,,2,1,1,10,1,1,0,0,0,0,0,0,0,2,2,10,1,2,1,180,2,1,30,2,,2,3,1,1,1,3,3,3,,2,2,1,2,1,1,1,1,1,1,1
324302,2,82,0,,1,2,0,1,2,2,,2,2,2,,,1,1,2,1,3,1,3,4,2,3,1,3,1,,,,,,,,,,,,,,,,,,,,,,,,,,,,,,,,,,,,,,,,,,,,,,,,,,,,,,,,,,,,,,,,,,,,,,,,,,,,,,,,,,
324403,2,13,3,1,2,2,1,1,1,2,,2,2,2,,,6,1,2,1,2,2,3,3,2,1,2,1,1,1,1,,2,2,2,2,2,2,1,1,2,2,1,2,60,1,1,1,1,1,1,2,2,,,,,,,,,,,,,,,,,,,,,,,,,,,,,,,,2,60,1,1,60,2,,2,2,1,1,1,3,3,1,,2,1,1,2,1,1,1,2,1,1,2
324504,2,27,2,6,1,2,1,1,1,2,,2,2,2,,,4,1,2,1,1,1,1,1,1,1,1,1,1,1,2,2,2,2,2,2,2,2,2,1,,,,,,,,,,,,,,,,,,,,,,,,,,,,,,,,,,,,,,,,,,,,,,,,2,30,,,,,,,,,,,9,2,2,2,,2,,1,9,9,9,9
324601,1,52,2,6,3,4,0,1,1,1,1,2,2,2,,,5,1,2,2,3,1,1,1,2,1,2,3,1,,,,,,,,,,,,,,,,,,,,,,,,,,,,,,,,,,,,,,,,,,,,,,,,,,,,,,,,,,,,,,,,,,,,,,,,,,,,,,,,,,
324702,1,32,3,3,1,2,0,2,1,1,1,2,2,1,1,2,4,1,2,2,1,1,1,1,1,1,1,1,2,1,1,,2,2,2,2,2,2,2,1,2,2,1,2,60,2,2,1,2,2,2,2,1,,,,,,,,,,,,,,,,,,,,,,,,,,,,,,,,,,,1,10,2,,2,4,2,1,1,3,3,3,,1,1,1,3,2,,1,2,1,1,1
324803,1,14,3,2,3,4,1,1,1,1,1,2,2,1,1,2,7,2,2,2,3,1,1,2,2,1,1,2,1,2,2,2,2,2,2,2,1,,2,1,,,,,,,,,,,,,,,,,,,,,,,,,,,,,,,,,,,,,,,,,2,30,1,2,,,,1,180,2,,2,1,2,1,3,3,3,1,,2,1,2,,2,,1,1,1,1,1
324904,2,63,0,,1,2,0,2,2,2,,2,2,2,,,2,1,2,2,1,1,1,1,1,1,1,1,1,,,,,,,,,,,,,,,,,,,,,,,,,,,,,,,,,,,,,,,,,,,,,,,,,,,,,,,,,,,,,,,,,,,,,,,,,,,,,,,,,,
325001,1,50,0,,1,2,0,1,2,2,,2,2,2,,,1,1,2,1,2,1,3,3,2,2,1,1,1,,,,,,,,,,,,,,,,,,,,,,,,,,,,,,,,,,,,,,,,,,,,,,,,,,,,,,,,,,,,,,,,,,,,,,,,,,,,,,,,,,
325102,2,43,2,3,1,4,0,2,2,1,1,2,2,2,,,3,1,2,1,2,3,4,2,3,2,2,3,1,,,,,,,,,,,,,,,,,,,,,,,,,,,,,,,,,,,,,,,,,,,,,,,,,,,,,,,,,,,,,,,,,,,,,,,,,,,,,,,,,,
325203,1,25,2,6,3,4,0,2,2,2,,2,2,2,,,3,1,2,1,2,1,3,3,2,3,1,2,2,2,2,2,2,2,2,2,2,2,2,1,,,,,,,,,,,,,,,,,,,,,,,,,,,,,,,,,,,,,,,,,,,,,,,,2,60,,,,,,,,,,,1,2,2,2,,2,,1,1,2,1,1
325304,1,71,2,3,1,5,0,2,2,2,,2,2,2,,,2,1,2,1,3,4,1,1,3,2,2,1,2,1,1,,2,2,2,2,1,,2,2,5,1,1,2,60,1,2,1,2,1,2,2,2,,,,,,,,,,,,,,,,,,,,,,,,,,,,2,120,2,1,,,,,,2,,2,2,1,2,1,1,1,1,,2,1,1,1,2,,1,1,1,1,1
325401,1,55,8,5,2,3,1,1,2,2,,2,2,2,,,2,1,2,2,1,1,1,1,1,1,1,1,2,1,1,,2,2,2,2,2,2,1,1,4,2,1,2,60,1,2,2,2,1,2,2,3,,,,,,,,,,,,,,,,,,,,,,,,,,,,,,,,1,180,1,1,180,2,,4,4,2,1,2,3,3,1,,2,2,2,,1,3,1,1,1,1,1
325502,2,76,3,3,2,5,3,1,1,1,1,2,2,2,,,2,1,2,2,1,2,1,3,1,1,1,1,1,2,2,2,2,2,2,2,2,2,2,1,,,,,,,,,,,,,,,,,,,,,,,,,,,,,,,,,,,,,,,,,,,,,,,,1,5,,,,,,,,,,,1,1,1,2,,1,1,1,1,1,1,1
325603,2,31,6,3,3,4,1,1,1,2,,2,2,2,,,7,1,2,2,2,1,1,1,1,1,1,1,2,2,2,2,2,2,2,2,2,2,1,1,,,,,,,,,,,,,,,,,,,,,,,,,,,,,,,,,,,,,,,,,,,,,1,60,1,1,120,2,,2,4,2,1,3,3,3,1,,2,2,2,,2,,1,2,2,2,1
325704,1,43,2,6,3,4,2,2,2,1,2,2,2,1,1,2,5,1,2,2,3,1,2,2,1,1,1,1,1,1,2,2,2,2,2,2,2,2,1,1,,,,,,,,,,,,,,,,,,,,,,,,,,,,,,,,,,,,,,,,,,,,,2,30,1,2,30,2,,1,2,2,2,2,3,3,1,,2,2,2,,2,,1,2,2,1,2
325902,1,62,2,4,1,3,0,1,1,2,,2,2,2,,,2,1,2,1,2,2,2,1,1,1,1,1,1,1,2,2,2,2,2,2,2,2,2,2,,,,,,,,,,,,,,,,,,,,,,,,,,,,,,,,,,,,,,,,,,,,,,,,,,,,,,,,,,,,3,2,2,2,,2,,1,1,1,2,2
326003,2,61,2,6,2,4,0,1,1,2,,2,2,2,,,2,1,2,1,3,1,2,3,2,1,2,2,1,1,2,2,2,2,2,2,2,2,2,2,,,,,,,,,,,,,,,,,,,,,,,,,,,,,,,,,,,,,,,,,,,,,,,,,,,,,,,,,,,,6,2,2,2,,2,,1,1,1,2,2
326104,1,66,3,3,3,4,1,1,1,1,1,2,2,1,1,2,4,1,2,1,2,1,1,2,2,1,1,2,1,1,2,2,2,2,2,2,2,2,2,2,,,,,,,,,,,,,,,,,,,,,,,,,,,,,,,,,,,,,,,,,,,,,,,,,,,,,,,,,,,,6,2,2,2,,2,,1,1,1,1,1
326201,2,50,2,6,2,3,0,1,2,1,1,2,2,2,,,3,1,2,2,3,1,2,2,1,1,1,1,1,2,2,2,2,2,2,2,2,2,2,1,,,,,,,,,,,,,,,,,,,,,,,,,,,,,,,,,,,,,,,,,,,,,,,,3,10,,,,,,,,,,,1,2,1,2,,2,,1,2,1,1,1
326302,1,74,2,3,2,2,0,1,2,2,,2,2,2,,,1,1,2,2,2,2,3,3,3,3,2,3,2,,,,,,,,,,,,,,,,,,,,,,,,,,,,,,,,,,,,,,,,,,,,,,,,,,,,,,,,,,,,,,,,,,,,,,,,,,,,,,,,,,
326403,2,40,3,3,2,3,0,1,2,2,,1,2,1,1,2,2,1,2,1,3,1,1,1,1,1,1,1,1,2,2,2,2,2,2,2,2,2,2,2,,,,,,,,,,,,,,,,,,,,,,,,,,,,,,,,,,,,,,,,,,,,,,,,,,,,,,,,,,,,6,2,2,2,,1,1,1,2,1,1,1
326504,2,63,2,3,1,2,0,1,2,2,,2,2,2,,,1,1,2,2,3,1,1,3,1,3,1,3,1,2,2,2,2,2,2,2,2,2,2,2,,,,,,,,,,,,,,,,,,,,,,,,,,,,,,,,,,,,,,,,,,,,,,,,,,,,,,,,,,,,1,2,2,2,,2,,1,1,2,2,2
326601,2,15,3,2,4,5,0,1,2,2,,2,2,2,,,3,1,1,2,1,2,1,1,2,1,1,2,1,1,1,,2,2,2,2,1,,2,1,3,2,1,2,120,1,2,1,2,2,1,2,1,,,,,,,,,,,,,,,,,,,,,,,,,,,,2,60,1,2,,,,2,180,1,3,4,3,2,1,3,3,3,2,,2,1,1,2,1,1,1,1,1,1,1
326803,2,71,2,3,1,3,0,1,1,2,,2,2,2,,,2,1,2,1,3,3,1,1,1,1,1,1,1,,,,,,,,,,,,,,,,,,,,,,,,,,,,,,,,,,,,,,,,,,,,,,,,,,,,,,,,,,,,,,,,,,,,,,,,,,,,,,,,,,
326904,2,16,3,3,1,3,1,1,1,2,,2,2,1,1,2,2,1,2,2,1,1,1,1,2,1,2,2,2,2,2,2,2,2,2,2,2,2,1,1,,,,,,,,,,,,,,,,,,,,,,,,,,,,,,,,,,,,,,,,,,,,,5,5,1,1,30,1,5,3,2,2,1,3,3,1,3,,2,2,1,3,1,1,1,2,1,2,2
327001,2,43,2,2,2,3,1,1,1,2,,2,2,2,,,4,1,2,2,4,1,1,1,2,1,2,2,1,1,2,2,2,2,2,2,2,1,2,1,,,,,,,,,,,,,,,,,,,,,,,,,,,,,,,,,,,,,,,,,5,30,2,1,,,,1,20,2,,3,2,1,2,1,3,3,1,,2,1,1,3,1,1,1,2,1,1,1
327203,1,41,3,3,2,3,0,1,1,1,1,2,2,1,1,2,3,1,2,2,1,1,1,1,1,1,1,1,1,1,1,,1,,2,2,1,,1,1,2,2,1,2,120,1,2,2,2,2,1,2,4,1,2,120,1,2,2,2,2,2,2,1,2,2,,,,,,,,,,,,,,,5,60,1,2,5,60,1,1,60,2,,4,4,2,1,1,3,3,1,,1,2,2,,2,,1,2,1,1,1
327304,2,15,2,5,1,2,0,1,2,2,,2,2,1,1,2,4,1,2,2,1,1,2,2,3,1,2,1,2,1,1,,2,1,2,2,1,,2,2,1,2,1,2,30,1,2,2,1,1,2,2,2,1,2,30,1,2,2,1,2,1,2,2,1,2,,,,,,,,,,,,,,,2,30,2,1,,,,,,2,,1,2,1,1,1,3,3,3,,1,1,1,1,1,1,1,1,1,1,1
327401,1,62,2,6,2,3,1,1,2,2,,2,2,2,,,5,1,2,1,2,2,1,1,2,1,1,1,1,2,2,2,2,2,2,2,2,2,2,2,,,,,,,,,,,,,,,,,,,,,,,,,,,,,,,,,,,,,,,,,,,,,,,,,,,,,,,,,,,,2,2,2,2,,1,1,1,2,2,2,2
327502,2,30,6,3,3,5,1,1,2,2,,2,2,2,,,3,1,2,1,1,2,1,1,1,1,1,1,1,1,2,1,1,,2,2,2,2,2,1,5,1,2,2,30,1,1,2,2,2,2,2,1,5,2,30,1,2,2,1,2,2,2,2,1,2,,,,,,,,,,,,,,,,,,,,,,1,60,2,,2,2,2,1,3,3,3,1,,2,2,2,,2,,1,1,1,1,1
327704,1,81,0,,1,2,1,2,1,2,,2,2,2,,,2,1,2,1,3,2,1,1,2,2,2,2,1,,,,,,,,,,,,,,,,,,,,,,,,,,,,,,,,,,,,,,,,,,,,,,,,,,,,,,,,,,,,,,,,,,,,,,,,,,,,,,,,,,
327801,2,41,8,3,2,3,1,1,1,1,1,1,2,2,,,6,1,1,2,2,1,1,1,1,1,1,1,2,1,1,,2,2,2,2,2,2,2,1,3,2,1,2,30,1,2,2,1,1,2,2,3,,,,,,,,,,,,,,,,,,,,,,,,,,,,,,,,,,,1,30,2,,2,3,2,1,2,3,3,1,,2,1,1,1,1,5,1,1,1,1,2
327902,1,47,6,3,2,5,2,1,1,1,1,1,2,1,1,1,6,1,1,2,1,1,2,3,2,2,1,1,2,2,2,2,2,2,2,2,2,2,1,1,,,,,,,,,,,,,,,,,,,,,,,,,,,,,,,,,,,,,,,,,,,,,2,10,1,2,20,2,,1,2,2,1,2,3,3,3,,2,2,2,,2,,1,2,1,2,2
328003,2,52,2,6,1,1,0,1,2,2,,2,2,2,,,1,1,2,2,2,1,1,1,1,1,1,1,2,2,2,2,2,2,2,2,2,2,2,2,,,,,,,,,,,,,,,,,,,,,,,,,,,,,,,,,,,,,,,,,,,,,,,,,,,,,,,,,,,,4,2,1,2,,2,,1,1,1,1,2
328104,1,37,6,2,1,6,2,1,1,1,1,2,2,2,,,2,1,2,2,1,1,1,1,1,1,1,1,2,1,1,,2,1,2,2,2,2,1,1,6,1,1,1,120,1,2,1,1,2,1,2,1,7,2,20,1,1,1,1,1,2,1,1,1,2,,,,,,,,,,,,,,,,,,,1,15,1,1,20,2,,3,3,2,1,1,3,3,1,,1,1,1,2,1,5,1,1,1,1,1
328201,1,17,2,6,2,2,0,2,2,2,,2,2,2,,,4,1,2,2,2,1,1,1,2,1,1,1,1,1,2,2,2,2,2,2,2,2,1,1,,,,,,,,,,,,,,,,,,,,,,,,,,,,,,,,,,,,,,,,,,,,,1,60,1,1,120,1,5,2,2,2,1,3,3,3,1,,2,2,2,,2,,1,1,1,2,1
328302,2,35,2,6,1,2,1,1,1,2,,2,2,2,,,5,1,2,2,1,1,1,1,1,1,1,1,1,1,2,2,1,,2,2,2,2,2,1,,,,,,,,,,,,,,1,2,15,1,2,2,1,2,2,2,2,2,2,,,,,,,,,,,,,,,,,,,,,,1,60,1,3,2,1,2,1,2,3,3,1,,2,1,1,1,1,1,1,1,1,1,1
328403,1,50,2,5,1,3,1,1,1,2,,2,2,1,1,2,1,1,2,2,3,1,2,4,2,2,2,3,1,1,2,1,2,2,2,2,2,2,1,1,4,2,1,1,60,2,1,2,2,2,2,2,2,,,,,,,,,,,,,,,,,,,,,,,,,,,,,,,,2,30,2,1,60,1,6,1,1,2,1,1,3,1,1,,2,2,2,,1,1,1,1,1,1,1
328504,1,35,3,3,2,3,1,1,2,2,,2,2,2,,,3,1,2,2,1,1,1,1,1,1,1,1,2,1,2,2,2,2,2,2,1,,2,2,,,,,,,,,,,,,,,,,,,,,,,,,,,,,,,,,,,,,,,,,3,60,2,1,,,,,,2,,2,3,2,2,3,3,3,3,,2,2,2,,2,,1,2,1,1,1
328601,1,70,2,3,1,4,1,1,1,1,1,2,2,1,1,2,2,1,2,2,1,2,1,2,3,1,1,1,2,2,2,2,2,2,2,2,2,2,2,1,,,,,,,,,,,,,,,,,,,,,,,,,,,,,,,,,,,,,,,,,,,,,,,,1,10,,,,,,,,,,,1,2,1,2,,2,,1,9,2,2,2
328702,2,61,2,6,2,4,1,1,1,1,1,2,2,2,,,2,1,2,1,2,3,2,2,1,1,1,1,1,2,2,1,2,2,1,,2,2,2,1,3,2,1,3,15,2,2,1,2,2,2,2,2,,,,,,,,,,,,,,2,1,1,10,1,0,0,1,0,0,0,0,0,2,,,,,,,,1,10,2,,1,2,1,2,3,3,3,1,,2,2,2,,2,,1,2,1,1,2
328803,1,26,3,2,2,3,1,1,2,2,,2,2,1,1,2,4,1,2,2,1,1,1,1,1,1,1,1,2,2,2,2,2,2,2,2,2,2,1,1,,,,,,,,,,,,,,,,,,,,,,,,,,,,,,,,,,,,,,,,,,,,,2,30,1,1,10,2,,2,2,2,2,3,3,1,1,,2,1,2,,2,,1,1,1,1,2
329001,2,63,2,6,2,3,1,1,2,1,1,1,2,1,1,2,3,1,1,2,2,1,1,1,1,1,1,1,1,1,1,,2,2,2,2,2,2,2,1,1,2,1,1,15,1,2,2,1,2,2,2,2,,,,,,,,,,,,,,,,,,,,,,,,,,,,,,,,,,,1,20,2,,3,3,1,1,2,3,3,1,,2,2,2,,2,,1,2,2,2,2
329102,2,43,6,3,2,3,1,1,2,2,,2,2,1,1,2,4,1,2,2,2,1,1,1,2,1,1,1,1,2,2,2,2,2,2,2,2,2,2,1,,,,,,,,,,,,,,,,,,,,,,,,,,,,,,,,,,,,,,,,,,,,,,,,1,30,,,,,,,,,,,1,2,2,2,,2,,1,2,1,2,1
329203,1,46,3,3,4,7,1,1,1,1,2,2,2,1,1,2,5,1,2,2,1,1,1,1,1,1,1,1,1,1,2,1,2,2,2,1,2,2,1,1,1,1,2,2,60,1,1,2,2,2,2,2,1,,,,,,,,,,,,,,1,2,1,60,1,1,0,0,0,0,1,0,0,1,,,,,2,60,1,1,60,2,,2,3,2,1,3,3,3,1,,2,2,2,,1,1,1,1,1,1,1
329304,2,36,6,3,2,4,1,1,2,2,,2,2,1,1,2,4,1,2,2,1,1,1,1,1,1,1,1,1,2,2,1,2,2,2,2,2,2,2,1,2,2,1,3,15,2,1,2,2,2,2,2,2,,,,,,,,,,,,,,,,,,,,,,,,,,,,,,,,,,,1,30,2,,1,1,1,1,3,3,1,3,,1,1,2,,2,,1,1,1,1,1
329401,2,37,6,3,1,3,1,1,1,2,,2,2,1,1,2,5,1,2,2,1,1,1,1,1,1,1,1,2,2,2,2,2,2,2,2,2,2,2,1,,,,,,,,,,,,,,,,,,,,,,,,,,,,,,,,,,,,,,,,,,,,,,,,1,20,,,,,,,,,,,4,2,2,2,,2,,1,2,1,1,2
329603,1,39,6,3,3,5,1,1,1,2,,2,2,1,1,2,2,1,2,2,1,1,1,1,1,1,1,1,1,1,2,1,1,,1,,2,2,2,1,2,1,2,2,15,1,1,1,2,1,1,2,4,2,2,15,1,2,1,2,2,2,1,2,2,2,2,1,6,60,1,1,1,0,1,0,1,1,0,3,,,,,,,,1,60,2,,3,3,2,1,2,3,3,1,,1,1,1,2,1,1,1,1,1,1,1
329704,2,17,6,2,3,4,1,1,1,1,1,1,2,1,1,2,6,1,2,2,1,1,1,1,1,1,1,1,2,1,1,,2,1,2,1,2,2,2,1,2,2,1,4,60,1,2,2,2,1,2,2,3,6,2,15,1,2,1,2,2,2,2,1,2,2,1,2,7,15,1,1,0,0,1,1,1,1,0,1,,,,,,,,1,120,2,,4,4,1,1,2,3,3,1,,1,1,1,2,1,1,1,1,1,1,1
329801,2,55,8,4,3,5,1,1,1,1,1,1,1,1,1,1,4,1,2,2,1,1,1,2,1,1,1,1,1,1,1,,2,2,2,2,2,2,2,1,1,2,1,2,60,1,2,2,1,2,2,2,2,,,,,,,,,,,,,,,,,,,,,,,,,,,,,,,,,,,1,60,2,,2,3,1,2,2,3,3,1,,2,2,2,,1,1,1,1,1,1,1
329902,2,30,3,3,2,2,1,1,2,2,,2,2,1,1,2,3,1,2,2,1,1,1,1,1,1,1,1,2,1,2,2,1,,2,2,2,1,1,1,,,,,,,,,,,,,,3,2,10,1,2,2,2,2,1,2,2,1,2,,,,,,,,,,,,,,,2,10,1,2,2,10,1,1,15,2,,2,2,1,1,1,3,3,3,,2,2,2,,1,9,1,1,1,1,1
330003,2,46,3,3,2,3,1,1,2,2,,2,2,1,1,2,3,1,2,2,3,1,1,1,1,1,1,1,2,1,2,1,2,1,2,2,2,2,1,1,6,1,2,2,60,2,1,2,1,1,1,2,1,5,2,60,2,2,2,1,1,2,2,1,2,2,,,,,,,,,,,,,,,,,,,2,60,2,1,60,2,,2,2,2,1,3,3,1,1,,2,2,2,,2,,1,2,1,2,9
330104,1,25,8,2,3,4,1,1,1,1,1,1,2,1,1,2,5,1,2,2,1,2,1,1,1,1,1,1,1,2,2,1,1,,2,1,1,,1,1,1,1,2,2,10,1,2,2,2,2,1,2,1,3,2,15,1,1,1,2,2,2,2,2,2,2,1,2,1,20,1,1,1,0,0,0,0,0,0,1,2,20,2,1,2,15,1,1,20,1,5,3,2,2,1,1,3,3,1,,2,1,1,2,1,1,1,1,1,1,1
330201,2,20,8,3,3,4,1,1,1,1,1,1,1,1,1,1,4,1,2,2,1,1,1,1,2,1,1,1,2,1,1,,2,1,1,,1,,1,1,5,1,1,2,480,1,2,1,2,1,1,2,1,15,2,480,1,1,1,2,2,2,1,1,2,2,1,1,2,120,1,1,0,0,1,1,1,0,0,1,3,60,1,1,2,30,1,1,480,1,6,2,4,2,1,1,3,3,1,,2,2,1,2,1,1,1,1,1,1,2
330302,2,59,0,,2,2,1,1,1,2,,2,2,1,1,2,5,1,2,2,1,1,1,1,1,1,1,1,2,1,2,2,2,2,2,2,2,2,2,2,,,,,,,,,,,,,,,,,,,,,,,,,,,,,,,,,,,,,,,,,,,,,,,,,,,,,,,,,,,,9,2,2,2,,2,,2,,,,
330403,2,61,8,4,3,5,3,1,1,1,1,1,2,1,1,1,2,1,2,2,2,1,1,2,3,1,1,1,2,1,1,,2,2,2,2,2,2,2,1,3,2,1,1,60,1,2,1,2,1,1,2,2,,,,,,,,,,,,,,,,,,,,,,,,,,,,,,,,,,,1,120,1,2,2,3,2,1,3,3,3,1,,2,2,2,,2,,1,2,1,2,2
330504,2,49,8,5,3,6,1,1,1,1,1,1,2,1,1,2,2,1,2,2,2,1,1,1,1,1,1,1,2,1,2,1,2,1,2,2,1,,1,1,20,1,1,1,60,2,1,1,1,2,1,2,1,2,2,20,1,2,1,2,1,2,2,2,2,2,,,,,,,,,,,,,,,5,10,1,2,1,180,2,1,480,1,6,2,3,2,1,3,3,3,1,,2,1,1,2,1,2,1,2,1,2,2
330601,1,48,8,5,2,4,2,1,1,1,2,1,1,1,1,1,4,1,2,2,2,1,1,1,1,1,1,1,2,1,1,,1,,2,2,2,2,2,1,1,2,1,1,480,1,2,2,2,1,2,2,3,1,2,30,1,2,2,2,2,2,1,2,2,2,,,,,,,,,,,,,,,,,,,,,,1,30,2,,2,3,1,1,3,3,3,3,,1,2,2,,2,,1,1,1,1,1
330702,2,70,2,6,1,3,2,1,1,1,1,1,2,1,1,2,2,1,2,2,1,1,1,1,2,1,1,1,2,2,2,2,2,2,2,2,2,2,2,1,,,,,,,,,,,,,,,,,,,,,,,,,,,,,,,,,,,,,,,,,,,,,,,,1,60,,,,,,,,,,,1,2,1,2,,1,1,1,1,1,1,1
330803,1,74,2,1,3,5,1,1,1,2,,1,2,1,1,2,4,1,2,2,3,1,1,1,1,1,1,1,2,2,2,2,2,2,2,2,2,2,2,1,,,,,,,,,,,,,,,,,,,,,,,,,,,,,,,,,,,,,,,,,,,,,,,,1,15,,,,,,,,,,,1,2,2,2,,2,,1,2,2,2,2
330904,2,52,6,3,2,3,1,1,2,2,,2,2,1,1,1,4,1,2,2,2,1,1,1,2,1,1,1,2,1,1,,2,2,2,1,2,2,2,1,6,2,1,1,90,1,2,2,1,1,1,2,2,,,,,,,,,,,,,,1,2,4,5,1,1,0,0,0,0,0,0,0,1,,,,,,,,1,120,1,6,4,4,2,2,3,3,3,1,,1,2,2,,1,5,1,2,2,2,2
331001,2,58,8,4,2,4,1,1,2,1,1,1,2,1,1,1,2,1,2,2,1,1,1,1,1,1,1,1,2,1,1,,1,,2,2,2,2,1,1,4,1,1,1,40,2,1,1,2,1,2,2,1,5,2,30,2,2,1,2,1,2,1,2,2,2,,,,,,,,,,,,,,,,,,,2,20,1,1,15,2,,3,3,2,1,2,3,3,1,,2,1,1,2,1,2,1,1,1,1,2
331203,2,27,6,3,2,6,1,1,2,2,,1,1,1,1,1,3,1,2,2,1,1,1,1,1,1,1,1,2,1,2,1,1,,2,2,1,,1,1,5,1,1,2,15,1,1,2,2,2,2,2,1,2,2,20,1,2,2,1,1,2,2,2,2,2,,,,,,,,,,,,,,,3,30,1,2,2,10,1,1,60,2,,3,3,1,1,2,3,3,1,,2,1,1,2,1,1,1,1,1,1,1
331304,1,33,10,2,2,4,1,1,1,1,1,1,2,1,1,1,2,1,1,2,1,1,1,1,1,1,1,1,2,1,1,,1,,1,,2,2,1,1,10,1,1,2,40,2,2,1,2,1,1,2,1,2,2,10,1,2,1,2,2,2,2,2,2,2,1,2,2,10,1,1,0,0,0,1,1,1,0,1,,,,,2,10,1,1,10,2,,4,4,1,1,1,3,1,3,,2,2,2,,1,3,1,2,1,1,1
331401,2,51,3,3,2,3,1,1,1,2,,2,2,1,1,2,3,1,2,2,2,2,1,2,2,1,1,1,1,1,2,2,2,2,2,2,2,2,2,1,,,,,,,,,,,,,,,,,,,,,,,,,,,,,,,,,,,,,,,,,,,,,,,,1,60,,,,,,,,,,,4,2,2,2,,2,,1,2,1,2,2
331603,1,56,8,5,3,5,3,1,1,1,1,1,2,1,1,2,2,1,2,2,1,1,1,1,1,1,1,1,2,2,2,2,2,2,2,2,2,2,2,1,,,,,,,,,,,,,,,,,,,,,,,,,,,,,,,,,,,,,,,,,,,,,,,,1,5,,,,,,,,,,,6,1,1,2,,1,2,1,2,1,2,9
331704,2,16,3,2,2,4,1,1,1,2,,2,2,1,1,1,5,1,2,2,1,1,1,1,2,1,1,1,2,1,1,,2,2,2,2,1,,1,1,2,1,1,1,30,1,2,2,1,1,2,2,2,,,,,,,,,,,,,,,,,,,,,,,,,,,,1,60,1,2,1,40,1,1,60,2,,2,1,1,1,1,3,3,1,,2,2,2,,1,1,1,1,1,1,1
331801,2,53,8,4,1,4,1,1,1,1,1,1,2,1,1,1,1,1,2,2,2,1,1,1,2,1,1,1,2,1,1,,2,1,2,1,2,2,1,1,1,2,1,1,30,2,2,2,2,1,2,2,3,30,1,35,1,2,1,2,1,2,1,1,1,2,1,2,3,15,1,0,0,0,0,0,0,1,0,1,,,,,1,25,1,1,120,2,,2,3,2,1,3,3,1,1,,2,1,2,,1,2,1,1,1,1,1
331902,1,65,6,3,3,6,1,1,1,2,,1,2,1,1,2,8,1,2,2,1,1,1,1,1,1,1,1,2,1,2,2,2,1,2,2,2,2,1,1,,,,,,,,,,,,,,5,1,30,1,2,1,2,1,2,2,1,1,2,,,,,,,,,,,,,,,,,,,1,40,1,1,15,2,,2,4,2,1,3,3,3,1,,1,1,1,1,1,5,1,1,1,1,1
332003,2,35,8,4,1,4,1,1,1,1,1,1,1,1,1,1,2,1,2,2,2,1,1,1,1,1,1,1,2,2,2,1,1,,1,,2,2,1,1,3,2,1,3,120,1,2,1,1,1,2,2,2,5,2,30,2,2,1,2,1,2,2,1,1,2,1,2,7,30,1,1,1,1,1,1,1,1,0,1,,,,,2,10,1,1,120,1,6,3,3,2,1,1,3,3,1,,1,1,1,2,1,2,1,1,1,1,1
332201,2,51,8,4,2,5,1,1,1,2,,2,2,1,1,2,1,1,2,2,2,1,1,1,1,1,1,1,2,1,1,,2,2,2,2,2,2,2,1,5,2,1,2,180,1,2,1,2,1,1,2,3,,,,,,,,,,,,,,,,,,,,,,,,,,,,,,,,,,,2,60,1,5,3,3,1,1,2,3,3,3,,2,1,2,,1,1,1,1,1,1,1
332302,1,60,8,5,2,4,1,1,1,1,1,1,2,1,1,2,2,1,2,2,1,1,1,1,1,1,1,1,2,1,1,,2,2,2,2,2,2,2,1,10,2,1,1,60,2,2,1,2,2,2,2,2,,,,,,,,,,,,,,,,,,,,,,,,,,,,,,,,,,,1,10,2,,2,3,2,1,1,3,3,1,,2,2,2,,1,2,1,1,1,1,1
332403,2,29,3,3,1,2,1,1,2,2,,2,2,1,1,2,5,1,2,2,1,1,1,1,1,1,1,1,1,2,2,2,2,2,2,2,2,2,2,1,,,,,,,,,,,,,,,,,,,,,,,,,,,,,,,,,,,,,,,,,,,,,,,,1,30,,,,,,,,,,,1,2,2,2,,2,,1,1,1,1,1
332504,1,14,3,2,2,3,0,2,2,2,,2,2,2,,,6,1,2,2,1,1,1,1,2,1,1,2,2,1,1,,2,2,2,2,2,2,1,1,2,2,1,2,20,1,2,1,2,2,2,2,3,,,,,,,,,,,,,,,,,,,,,,,,,,,,,,,,2,15,1,1,60,1,3,2,2,2,2,2,3,1,3,,2,2,2,,1,1,1,1,1,2,2
332803,2,65,8,5,2,6,3,1,1,2,,2,2,1,1,1,1,1,2,2,2,2,3,3,2,2,1,1,1,1,2,1,2,2,2,2,2,2,1,1,6,1,2,2,30,2,2,1,1,2,1,2,1,,,,,,,,,,,,,,,,,,,,,,,,,,,,,,,,2,120,2,2,30,2,,4,3,2,1,3,3,3,1,,1,1,1,1,1,1,1,2,1,1,1
332904,2,51,6,3,2,5,1,1,1,1,1,1,2,1,1,2,3,1,1,2,2,3,1,1,2,1,1,1,2,2,2,2,2,2,2,2,2,2,1,1,,,,,,,,,,,,,,,,,,,,,,,,,,,,,,,,,,,,,,,,,,,,,2,60,2,1,20,2,,2,1,2,1,3,3,1,1,,1,2,2,,2,,1,2,2,1,1
333001,2,35,3,2,4,6,0,1,1,2,,2,2,1,1,2,6,1,2,2,2,1,1,1,1,1,1,2,2,2,2,1,2,2,2,2,2,2,2,1,2,1,1,2,30,1,2,2,1,1,2,2,1,,,,,,,,,,,,,,,,,,,,,,,,,,,,,,,,,,,1,60,2,,2,1,2,1,3,3,1,3,,2,2,2,,2,,1,1,1,1,2
333102,1,14,3,1,1,3,1,1,1,2,,2,2,1,1,2,5,1,2,2,1,1,1,1,3,1,1,1,2,2,2,1,2,2,2,2,2,2,2,1,2,1,2,2,20,2,2,1,2,1,2,2,1,,,,,,,,,,,,,,,,,,,,,,,,,,,,,,,,,,,1,120,1,5,4,3,2,1,1,3,3,1,,2,2,1,1,1,1,1,2,1,2,2
333203,2,53,2,6,2,5,1,1,1,1,1,2,2,1,1,2,4,1,2,2,1,1,1,1,1,1,1,1,1,2,2,1,1,,2,2,2,2,2,1,3,2,1,2,25,2,2,1,1,1,2,2,2,2,2,15,1,2,2,2,1,2,1,2,1,2,,,,,,,,,,,,,,,,,,,,,,1,10,2,,2,2,1,1,2,3,3,1,,2,1,1,2,1,1,1,1,1,1,1
333304,1,32,3,3,3,5,1,1,1,2,,2,2,1,1,2,7,1,2,2,2,1,1,1,1,1,1,1,2,2,2,1,2,1,1,,1,,2,1,10,1,2,3,60,1,1,2,2,2,2,2,1,6,2,60,1,1,2,1,1,2,2,1,1,2,1,2,2,60,1,0,1,0,0,0,0,0,0,1,2,60,1,1,,,,1,40,1,6,1,1,2,1,2,3,1,1,,1,1,1,1,1,1,1,1,1,1,1
333401,2,64,2,6,2,4,1,1,2,2,,1,2,1,1,2,4,1,2,2,1,1,1,1,1,1,1,1,1,2,2,2,1,,2,2,2,1,1,1,,,,,,,,,,,,,,1,4,10,1,2,2,2,2,2,2,2,1,2,,,,,,,,,,,,,,,5,15,2,1,1,25,1,1,10,2,,2,1,1,2,2,3,3,1,,2,2,2,,1,1,1,1,1,1,1
333502,2,26,8,2,1,3,1,1,2,2,,1,2,1,1,1,1,1,2,2,1,1,1,1,1,1,1,1,2,2,2,1,2,2,2,2,2,2,2,1,2,2,1,2,60,1,2,2,2,1,2,2,3,,,,,,,,,,,,,,,,,,,,,,,,,,,,,,,,,,,1,45,2,,1,4,2,1,2,3,3,3,,2,2,2,,1,1,1,1,1,1,1
333603,1,42,8,4,2,4,1,1,1,1,1,2,2,1,1,1,2,1,2,2,1,1,1,1,1,1,1,1,2,1,2,1,1,,1,,2,2,2,1,4,1,1,3,30,2,1,2,2,2,2,2,1,2,3,25,1,1,2,2,1,2,2,2,2,2,1,2,2,20,2,0,0,0,0,0,1,1,0,1,,,,,,,,1,30,2,,3,3,2,1,2,3,3,1,,2,1,1,2,1,1,1,1,1,1,2
333704,2,21,8,3,1,4,1,1,1,2,,1,1,1,1,1,1,1,2,2,1,1,1,1,2,1,1,1,2,2,2,1,2,2,2,2,2,2,2,1,1,2,1,2,60,1,2,2,2,1,2,2,2,,,,,,,,,,,,,,,,,,,,,,,,,,,,,,,,,,,1,120,2,,2,2,2,1,2,3,3,1,,2,2,2,,1,3,1,1,1,1,2
333801,2,50,7,2,2,4,1,1,1,1,2,1,2,1,1,1,3,1,2,2,2,1,1,1,1,1,1,2,2,2,2,2,2,2,2,2,2,2,2,1,,,,,,,,,,,,,,,,,,,,,,,,,,,,,,,,,,,,,,,,,,,,,,,,1,60,,,,,,,,,,,3,2,2,2,,2,,1,2,2,2,2
334003,2,65,2,6,1,1,1,1,2,2,,2,2,2,,,1,1,2,2,2,2,2,3,3,2,2,2,1,2,2,2,2,2,2,2,2,2,2,1,,,,,,,,,,,,,,,,,,,,,,,,,,,,,,,,,,,,,,,,,,,,,,,,1,15,,,,,,,,,,,1,2,2,2,,1,1,1,1,1,2,2
334104,2,37,6,3,2,4,3,1,1,2,,2,2,1,1,2,2,1,2,2,1,1,1,1,1,1,1,1,2,1,1,,2,2,2,2,2,2,2,1,1,2,1,2,60,1,2,2,1,2,2,2,3,,,,,,,,,,,,,,,,,,,,,,,,,,,,,,,,,,,1,120,2,,4,4,2,2,2,3,3,1,,2,2,2,,1,1,1,1,1,1,1
334201,2,33,3,3,2,3,0,1,1,2,,2,2,1,1,2,4,1,2,2,1,1,1,1,2,1,1,2,2,2,2,1,2,2,2,1,2,2,2,1,1,2,1,2,60,1,2,2,2,1,2,2,2,,,,,,,,,,,,,,1,2,7,30,1,0,1,0,0,1,0,0,0,1,,,,,,,,1,60,1,8,3,3,1,1,2,3,3,1,,2,2,1,2,2,,1,1,1,1,1
334302,2,46,3,3,3,5,1,1,1,2,,1,1,1,1,2,4,1,2,2,1,1,1,1,2,1,1,1,1,2,2,2,2,2,2,2,2,2,2,1,,,,,,,,,,,,,,,,,,,,,,,,,,,,,,,,,,,,,,,,,,,,,,,,1,30,,,,,,,,,,,2,2,2,2,,2,,1,2,1,1,2
334504,1,28,3,2,2,4,1,1,1,2,,2,2,1,1,2,3,1,2,2,1,1,1,1,1,1,1,1,2,2,2,2,2,2,2,1,2,2,1,1,,,,,,,,,,,,,,,,,,,,,,,,,,,1,2,1,20,1,0,1,0,0,0,0,1,0,1,,,,,2,15,1,1,15,2,,2,2,2,1,3,3,3,1,,2,1,1,2,1,1,1,1,1,1,2
334601,1,22,6,3,2,4,1,1,2,1,1,2,2,1,1,2,3,1,2,2,1,1,1,1,1,1,1,1,2,2,2,1,2,1,2,1,2,2,1,1,1,1,2,2,60,1,2,2,1,2,2,2,1,7,2,60,1,1,1,1,2,2,2,2,1,2,1,2,1,30,1,0,1,1,1,0,1,1,0,1,,,,,2,30,1,1,60,2,,2,4,2,1,2,3,3,1,,2,1,1,2,1,1,1,1,1,1,2
334702,1,23,8,1,2,4,1,1,1,1,1,1,1,1,1,1,2,1,2,2,1,1,1,1,1,1,1,1,2,1,1,,1,,2,2,2,2,1,1,7,1,1,2,120,2,2,1,2,1,1,2,1,1,3,60,1,2,1,2,2,2,2,2,2,2,,,,,,,,,,,,,,,,,,,2,60,1,1,120,1,3,3,3,2,1,1,3,3,1,,2,2,1,2,1,1,1,1,1,1,1
334803,1,43,3,3,1,2,1,1,1,2,,2,2,1,1,2,3,1,2,2,2,1,1,1,1,1,1,1,2,2,2,1,1,,2,2,1,,1,1,2,1,1,2,120,2,2,2,1,1,2,2,1,3,2,60,1,1,2,2,1,2,2,2,1,2,,,,,,,,,,,,,,,2,20,1,2,2,60,1,1,60,1,6,2,1,2,1,2,3,3,1,,2,1,1,2,1,1,1,1,1,2,2
334904,2,43,6,3,2,4,1,2,1,2,,2,2,1,1,2,4,1,2,2,2,1,1,1,1,1,1,1,2,2,2,1,2,2,2,2,2,2,2,1,2,2,1,3,20,2,2,1,1,2,2,2,2,,,,,,,,,,,,,,,,,,,,,,,,,,,,,,,,,,,1,15,2,,2,1,1,1,2,3,3,1,,2,2,2,,2,,1,1,1,1,1
335001,2,35,6,3,1,3,1,1,2,2,,1,2,1,1,2,7,1,2,2,3,1,1,2,1,1,1,1,1,2,2,1,1,,1,,1,,2,1,1,2,1,2,60,1,2,2,2,1,2,2,2,1,2,30,1,2,2,1,2,2,2,2,2,2,2,1,1,30,2,0,0,1,0,0,0,1,0,3,3,60,2,1,,,,1,60,1,8,2,3,2,2,2,3,1,3,,2,2,2,,1,1,1,1,1,1,1
335102,2,37,3,3,2,4,1,1,1,2,,1,2,1,1,2,4,1,2,2,1,1,1,1,1,1,1,1,1,1,2,1,1,,2,2,2,2,1,1,1,2,1,1,15,1,2,1,2,2,2,2,3,3,1,30,1,2,2,1,1,2,2,1,2,2,,,,,,,,,,,,,,,,,,,1,30,1,1,15,2,,3,3,2,1,2,3,3,1,,2,2,2,,2,,1,1,1,1,1
335203,2,32,3,3,2,3,1,1,1,1,1,1,1,1,1,1,4,1,2,2,1,1,1,1,1,1,1,1,1,1,1,,1,,2,1,2,2,1,1,2,2,1,2,30,1,2,2,1,2,2,2,3,1,1,15,1,2,2,2,1,2,2,2,2,2,1,2,1,10,2,0,0,0,0,0,1,0,0,1,,,,,2,10,2,1,15,2,,2,3,1,1,1,3,1,1,,2,1,1,1,1,1,1,1,1,1,1
335304,2,20,6,3,1,3,1,1,1,1,1,1,1,1,1,2,3,1,2,2,1,1,1,1,2,1,1,1,2,2,2,1,2,2,2,2,2,2,1,1,1,2,1,2,20,1,2,2,2,1,2,2,2,,,,,,,,,,,,,,,,,,,,,,,,,,,,,,,,2,10,1,1,20,2,,2,2,2,1,2,3,3,1,,2,2,1,2,1,1,1,1,1,1,2
335801,2,67,2,3,2,2,0,1,2,2,,2,2,1,1,2,4,1,2,2,1,1,1,2,1,1,1,1,2,1,2,2,2,2,2,2,2,2,2,2,,,,,,,,,,,,,,,,,,,,,,,,,,,,,,,,,,,,,,,,,,,,,,,,,,,,,,,,,,,,9,2,2,2,,2,,1,9,1,1,1
335902,1,41,6,3,2,4,1,1,2,2,,2,2,1,1,1,4,1,2,2,1,1,1,1,2,1,1,1,2,1,1,,2,2,2,2,2,2,2,1,3,2,1,1,30,1,2,2,1,2,2,2,3,,,,,,,,,,,,,,,,,,,,,,,,,,,,,,,,,,,1,20,2,,2,2,2,1,1,3,3,1,,2,2,2,,2,,1,2,1,1,1
336104,2,12,2,6,3,3,1,1,1,2,,2,2,1,1,2,6,1,2,2,1,1,1,1,1,1,1,1,2,2,2,1,2,2,2,2,2,2,2,1,1,2,1,3,30,1,2,2,2,1,2,2,2,,,,,,,,,,,,,,,,,,,,,,,,,,,,,,,,,,,1,60,2,,3,2,2,1,3,3,1,1,,1,2,2,,1,1,1,2,1,2,1
336302,1,56,6,3,3,6,2,1,1,1,1,1,2,1,1,1,2,1,2,2,1,2,1,1,1,1,1,1,2,1,2,1,2,2,2,2,2,2,1,1,8,2,1,2,15,2,1,2,1,2,2,2,2,,,,,,,,,,,,,,,,,,,,,,,,,,,,,,,,1,60,1,1,60,1,6,3,3,2,1,2,3,3,1,,2,1,1,2,2,,1,2,1,2,2
336504,1,15,3,1,3,5,1,1,2,2,,1,2,1,1,1,4,1,2,2,1,1,1,1,1,1,1,1,2,2,2,2,2,2,2,2,2,2,2,1,,,,,,,,,,,,,,,,,,,,,,,,,,,,,,,,,,,,,,,,,,,,,,,,1,60,,,,,,,,,,,1,2,1,1,2,1,1,1,1,1,1,2
336601,2,31,8,3,2,4,1,1,2,2,,2,2,1,1,2,3,1,2,2,3,1,1,1,2,1,1,1,2,1,2,2,1,,2,1,1,,1,1,,,,,,,,,,,,,,5,2,20,2,1,2,1,2,2,2,1,1,2,2,1,2,10,2,0,1,1,0,0,0,1,0,2,2,15,2,1,2,30,2,1,120,1,6,1,3,1,1,2,3,3,3,,2,2,2,,1,1,1,1,1,1,2
336702,1,22,3,1,4,6,1,1,1,2,,2,2,1,1,2,12,1,2,2,2,1,1,1,1,1,1,1,2,2,2,1,2,2,2,2,2,1,1,1,2,2,1,3,20,2,1,2,2,2,2,2,2,,,,,,,,,,,,,,,,,,,,,,,,,,,,1,60,1,2,1,30,1,1,120,1,5,3,3,2,1,2,3,3,1,,1,1,1,2,1,1,1,1,1,1,1
336803,2,55,3,3,2,3,1,1,1,2,,1,2,1,1,2,5,1,2,2,2,1,1,1,1,1,1,1,2,1,2,2,2,2,2,2,2,2,2,1,,,,,,,,,,,,,,,,,,,,,,,,,,,,,,,,,,,,,,,,,,,,,,,,1,30,,,,,,,,,,,3,2,2,2,,1,1,1,1,1,1,2
336904,2,33,8,5,1,3,1,1,1,2,,1,2,1,1,1,3,1,2,2,1,1,1,1,1,1,1,1,2,1,1,,1,,2,2,2,2,1,1,4,1,1,2,180,1,2,1,1,2,2,2,1,5,1,60,1,2,2,2,1,2,1,1,2,2,,,,,,,,,,,,,,,,,,,1,120,1,1,40,2,,3,3,1,1,2,1,1,1,,1,1,2,,1,1,1,1,1,1,2
337001,2,45,8,4,1,4,1,1,1,1,1,1,2,1,1,2,1,1,2,2,2,1,1,1,2,1,1,1,2,2,2,2,2,2,2,2,2,2,1,1,,,,,,,,,,,,,,,,,,,,,,,,,,,,,,,,,,,,,,,,,,,,,3,30,2,1,60,2,,3,3,2,1,2,3,1,1,,2,2,2,,2,,1,2,1,2,1
337102,1,50,3,3,2,4,1,1,1,1,1,2,2,1,1,2,3,1,2,2,1,1,1,1,1,1,1,1,2,2,2,1,2,2,2,1,2,2,2,1,1,1,2,2,60,1,1,2,2,2,2,2,1,,,,,,,,,,,,,,1,2,1,15,1,0,0,0,0,1,0,1,0,1,,,,,,,,1,15,2,,2,3,1,1,3,3,3,1,,1,2,2,,1,1,1,2,1,1,1
337203,2,25,8,5,1,3,1,1,1,1,1,1,2,1,1,1,2,1,2,2,1,1,1,1,1,1,1,1,2,1,1,,1,,1,,2,2,1,1,10,1,1,1,60,1,2,1,2,1,1,2,1,3,4,30,2,2,2,1,1,2,1,2,2,2,1,2,1,20,1,1,0,0,0,0,0,0,0,1,,,,,2,30,1,1,180,1,2,2,3,2,1,3,3,3,1,,1,2,2,,1,4,1,1,1,1,1
337401,2,48,2,2,2,5,0,2,2,2,,2,2,2,,,2,1,2,2,1,1,1,1,1,1,1,1,1,,,,,,,,,,,,,,,,,,,,,,,,,,,,,,,,,,,,,,,,,,,,,,,,,,,,,,,,,,,,,,,,,,,,,,,,,,,,,,,,,,
337502,1,40,2,6,2,3,0,2,1,2,,2,2,2,,,2,1,2,2,1,1,1,1,1,1,1,1,1,2,2,2,2,2,2,2,2,2,2,2,,,,,,,,,,,,,,,,,,,,,,,,,,,,,,,,,,,,,,,,,,,,,,,,,,,,,,,,,,,,1,2,1,1,1,2,,1,1,1,1,1
337603,1,12,2,6,4,6,1,1,1,1,1,2,2,1,1,2,4,1,2,2,1,1,1,1,1,1,1,1,2,1,1,,2,2,2,2,1,,2,2,3,2,1,2,60,2,2,1,2,2,2,2,2,,,,,,,,,,,,,,,,,,,,,,,,,,,,2,60,1,2,,,,,,2,,2,2,2,1,1,3,3,1,,2,1,1,2,2,,1,2,1,2,2
337704,2,31,3,3,1,1,1,2,1,2,,2,2,1,1,2,4,1,2,2,2,1,1,1,1,1,1,1,1,2,2,2,2,2,2,2,2,2,2,2,,,,,,,,,,,,,,,,,,,,,,,,,,,,,,,,,,,,,,,,,,,,,,,,,,,,,,,,,,,,2,2,2,2,,2,,1,1,1,1,1
337801,1,64,3,3,1,4,1,1,2,2,,2,2,2,,,1,1,2,2,2,2,1,3,3,1,2,1,1,2,2,2,2,1,2,2,2,2,2,2,,,,,,,,,,,,,,3,3,10,1,2,2,1,2,2,2,2,2,2,,,,,,,,,,,,,,,,,,,,,,,,2,,1,2,2,2,3,3,1,3,,2,2,2,,2,,1,1,1,1,2
337902,2,86,2,6,2,4,1,1,1,2,,2,2,2,,,1,1,2,2,1,1,1,2,1,1,1,1,2,1,1,,2,2,2,2,2,2,1,1,2,2,1,2,120,1,2,2,1,1,2,2,3,,,,,,,,,,,,,,,,,,,,,,,,,,,,,,,,1,120,1,1,60,2,,4,3,2,2,3,3,3,1,,2,1,1,1,1,1,1,2,2,1,2
338003,2,31,8,4,3,5,1,1,1,1,1,1,2,1,1,2,5,1,2,2,1,1,1,1,1,1,1,1,2,1,1,,2,1,2,2,2,2,1,1,2,1,1,2,60,2,2,1,1,2,2,2,1,4,2,60,2,1,2,1,1,2,2,2,2,2,,,,,,,,,,,,,,,,,,,3,60,2,1,15,2,,4,4,2,1,2,3,3,1,,1,1,1,2,1,1,1,1,1,1,1
338104,2,62,2,2,2,4,1,1,2,2,,2,2,1,1,1,1,1,2,2,2,1,1,2,2,1,1,2,1,1,2,2,1,,2,2,2,1,2,2,,,,,,,,,,,,,,3,2,30,1,2,2,1,1,2,2,2,2,2,,,,,,,,,,,,,,,2,30,2,1,,,,,,2,,1,2,2,2,3,3,1,1,,2,2,2,,2,,1,2,1,1,2
338201,2,24,6,3,3,4,0,1,2,2,,2,2,1,1,2,7,1,2,2,1,1,1,1,2,1,1,1,1,2,2,2,2,2,2,2,2,2,1,1,,,,,,,,,,,,,,,,,,,,,,,,,,,,,,,,,,,,,,,,,,,,,3,10,1,1,180,1,3,4,2,2,1,2,3,3,1,,2,2,2,,1,1,1,1,1,1,2
338302,1,32,6,3,1,2,0,1,1,2,,2,2,1,1,2,5,1,2,2,2,1,1,1,3,1,1,1,2,2,2,1,2,2,2,2,2,2,1,1,1,1,2,2,10,1,1,2,2,2,2,2,1,,,,,,,,,,,,,,,,,,,,,,,,,,,,,,,,3,10,1,1,60,2,,1,3,2,2,3,3,1,1,,2,2,2,,2,,1,2,2,1,1
338403,2,55,6,3,3,6,1,1,1,1,1,2,2,2,,,4,2,2,2,2,1,1,1,1,1,1,1,2,2,2,1,2,2,2,2,2,2,1,1,3,2,1,3,15,1,1,2,1,2,1,2,3,,,,,,,,,,,,,,,,,,,,,,,,,,,,,,,,2,20,2,1,10,1,6,2,2,1,2,2,3,3,1,,2,2,2,,2,,1,2,1,1,2
338504,1,48,0,,4,6,0,1,1,1,1,2,2,2,,,7,1,2,2,2,1,1,1,2,1,2,1,1,2,2,1,2,2,2,2,2,2,2,2,1,2,1,2,30,1,2,2,1,2,2,2,2,,,,,,,,,,,,,,,,,,,,,,,,,,,,,,,,,,,,,2,,1,1,2,2,3,3,1,3,,2,2,2,,2,,2,,,,
338601,1,23,6,3,1,1,0,2,2,2,,2,2,2,,,2,1,1,1,1,1,1,1,1,1,1,1,1,1,2,1,2,2,2,2,2,2,1,2,1,2,1,3,1,1,1,1,2,2,2,2,2,,,,,,,,,,,,,,,,,,,,,,,,,,,,,,,,5,40,1,,,2,,1,4,2,2,2,3,1,3,,2,2,2,,2,,1,1,1,2,2
338702,2,52,0,,2,3,0,2,2,2,,2,2,2,,,4,1,2,1,1,1,3,3,2,1,1,2,1,,,,,,,,,,,,,,,,,,,,,,,,,,,,,,,,,,,,,,,,,,,,,,,,,,,,,,,,,,,,,,,,,,,,,,,,,,,,,,,,,,
338803,2,30,2,6,4,5,1,2,2,2,,2,2,1,1,2,7,1,2,1,1,1,1,1,1,1,1,1,1,1,2,1,2,2,2,2,2,2,2,1,3,2,1,2,20,1,1,1,2,2,2,2,2,,,,,,,,,,,,,,,,,,,,,,,,,,,,,,,,,,,2,20,2,,1,2,1,1,3,3,1,1,,2,1,2,,2,,1,2,2,1,2
338904,2,32,2,6,1,2,0,2,2,2,,2,2,2,,,7,1,2,1,1,1,1,1,1,1,1,1,1,,,,,,,,,,,,,,,,,,,,,,,,,,,,,,,,,,,,,,,,,,,,,,,,,,,,,,,,,,,,,,,,,,,,,,,,,,,,,,,,,,
339001,2,41,2,3,2,4,1,2,2,1,1,2,2,2,,,3,1,2,2,1,1,1,1,1,1,1,1,1,2,2,1,2,2,2,2,1,,2,1,3,2,1,2,20,2,2,1,2,2,2,2,2,,,,,,,,,,,,,,,,,,,,,,,,,,,,2,10,2,1,,,,1,10,2,,2,1,1,1,3,3,3,1,,1,1,1,1,1,1,1,2,1,1,1
339102,2,76,2,2,2,4,1,1,1,2,,2,2,2,,,2,1,2,2,2,1,3,3,2,2,1,1,2,,,,,,,,,,,,,,,,,,,,,,,,,,,,,,,,,,,,,,,,,,,,,,,,,,,,,,,,,,,,,,,,,,,,,,,,,,,,,,,,,,
339203,2,14,2,6,1,1,0,2,2,2,,2,2,2,,,2,1,2,2,1,1,1,1,1,1,1,1,1,2,2,2,2,2,2,2,2,1,2,1,,,,,,,,,,,,,,,,,,,,,,,,,,,,,,,,,,,,,,,,,5,30,1,2,,,,1,30,1,6,2,1,2,2,2,3,3,3,,2,2,2,,1,1,1,1,1,1,2
339304,2,13,2,6,3,3,0,1,1,1,2,2,2,2,,,4,1,2,2,1,1,1,1,2,1,1,1,1,2,2,2,2,2,2,2,2,2,2,1,,,,,,,,,,,,,,,,,,,,,,,,,,,,,,,,,,,,,,,,,,,,,,,,1,180,,,,,,,,,,,1,2,1,2,,2,,1,1,1,2,2
339502,2,42,0,,1,3,0,2,2,2,,2,2,1,2,2,9,1,2,1,1,1,1,1,1,1,1,1,1,,,,,,,,,,,,,,,,,,,,,,,,,,,,,,,,,,,,,,,,,,,,,,,,,,,,,,,,,,,,,,,,,,,,,,,,,,,,,,,,,,
339603,2,29,3,3,1,2,2,2,2,2,,2,2,2,,,5,1,2,1,1,1,1,1,1,1,1,1,1,2,2,2,2,2,2,2,2,2,2,1,,,,,,,,,,,,,,,,,,,,,,,,,,,,,,,,,,,,,,,,,,,,,,,,1,40,,,,,,,,,,,2,2,2,2,,2,,1,2,1,2,2
339704,2,49,2,3,1,2,0,2,2,2,,2,2,2,,,2,1,2,2,2,2,3,3,2,1,1,2,2,,,,,,,,,,,,,,,,,,,,,,,,,,,,,,,,,,,,,,,,,,,,,,,,,,,,,,,,,,,,,,,,,,,,,,,,,,,,,,,,,,
339801,2,32,6,3,1,4,0,1,1,2,,2,2,2,,,2,1,2,2,1,1,1,1,1,1,1,1,1,2,2,1,2,2,2,2,2,2,1,1,2,2,1,2,20,1,2,2,2,1,2,2,2,,,,,,,,,,,,,,,,,,,,,,,,,,,,,,,,2,15,1,1,20,2,,2,2,1,2,2,3,3,1,,2,2,2,,2,,1,2,1,2,2
339902,2,59,3,3,2,6,0,1,2,2,,2,2,1,1,2,4,1,2,2,2,3,1,1,2,1,1,1,1,1,2,2,2,2,2,2,2,2,2,1,,,,,,,,,,,,,,,,,,,,,,,,,,,,,,,,,,,,,,,,,,,,,,,,1,30,,,,,,,,,,,4,2,2,2,,2,,1,2,2,1,2
340003,2,30,2,6,2,3,0,1,1,1,1,2,2,2,,,4,1,2,2,1,1,1,1,1,1,1,1,1,2,2,2,2,2,2,2,2,2,2,1,,,,,,,,,,,,,,,,,,,,,,,,,,,,,,,,,,,,,,,,,,,,,,,,1,10,,,,,,,,,,,4,2,2,2,,2,,1,2,1,2,2
340104,1,43,2,6,1,1,0,1,2,2,,2,2,1,1,2,5,1,2,2,1,1,1,1,1,1,1,1,1,1,2,2,2,2,2,2,2,2,1,1,,,,,,,,,,,,,,,,,,,,,,,,,,,,,,,,,,,,,,,,,,,,,5,20,1,1,30,2,,2,2,2,2,2,3,3,1,,2,2,2,,2,,1,9,1,1,2
340201,1,41,3,3,2,3,1,1,2,2,,2,2,1,1,1,4,1,2,2,1,1,1,1,1,1,1,1,2,1,2,1,2,2,2,1,2,2,1,1,2,2,1,2,10,2,1,2,2,2,2,2,2,,,,,,,,,,,,,,1,2,6,15,1,0,0,0,0,1,0,0,0,1,,,,,1,10,1,1,30,2,,1,3,2,1,2,3,1,1,,2,2,2,,2,,1,2,1,2,2
340302,2,63,2,6,1,2,0,2,2,2,,2,2,2,,,2,1,2,2,1,1,1,1,1,1,1,1,1,,,,,,,,,,,,,,,,,,,,,,,,,,,,,,,,,,,,,,,,,,,,,,,,,,,,,,,,,,,,,,,,,,,,,,,,,,,,,,,,,,
340403,2,32,3,3,2,3,1,1,1,1,1,1,1,1,1,2,4,1,2,2,1,1,1,1,1,1,1,1,1,1,1,,2,1,2,2,2,2,1,1,3,2,1,2,60,1,2,2,1,1,2,2,2,10,1,60,2,2,2,1,1,2,1,1,1,2,,,,,,,,,,,,,,,,,,,1,90,2,1,30,1,5,3,3,1,1,2,3,3,1,,1,2,2,,1,1,1,1,1,1,1
340504,2,27,3,3,2,3,0,1,1,2,,2,2,2,,,8,1,2,2,3,1,1,1,2,1,1,1,2,2,2,2,2,2,2,2,2,2,1,1,,,,,,,,,,,,,,,,,,,,,,,,,,,,,,,,,,,,,,,,,,,,,2,15,2,1,60,2,,2,2,1,1,3,3,3,2,,2,1,2,,2,,1,1,1,1,1
340601,1,23,8,3,3,5,0,1,1,2,,1,2,1,1,2,3,1,2,2,1,1,1,1,1,1,1,1,2,1,1,,1,,2,2,2,2,1,2,4,1,1,1,20,2,2,1,2,1,2,2,1,3,2,15,2,2,1,2,1,2,1,2,2,2,,,,,,,,,,,,,,,,,,,2,25,2,,,2,,3,3,2,1,2,3,3,1,,2,1,1,2,1,1,1,1,1,1,2
340702,2,37,6,3,2,3,1,1,1,2,,1,2,1,1,2,4,1,2,2,1,1,1,1,1,1,1,1,1,1,1,,2,2,2,2,2,2,2,1,3,2,1,1,15,1,2,2,1,1,1,2,2,,,,,,,,,,,,,,,,,,,,,,,,,,,,,,,,,,,1,60,2,,2,3,2,2,1,3,3,1,,2,1,2,,2,,1,1,1,1,1
340803,2,53,5,3,3,4,1,1,1,1,1,1,2,1,1,1,3,1,2,2,2,2,2,2,2,2,1,2,2,2,2,2,2,2,2,2,2,2,1,1,,,,,,,,,,,,,,,,,,,,,,,,,,,,,,,,,,,,,,,,,,,,,5,10,2,1,10,1,8,3,3,2,2,2,3,3,3,,2,2,2,,2,,1,2,1,2,2
340904,2,28,7,2,4,7,1,1,1,1,1,1,2,1,1,2,6,1,1,2,1,1,1,1,2,1,1,1,2,1,1,,2,2,2,2,2,1,1,1,1,2,1,2,30,1,2,2,2,1,2,2,2,,,,,,,,,,,,,,,,,,,,,,,,,,,,3,10,2,1,2,30,1,1,30,2,,4,3,2,1,3,3,3,1,,2,2,2,,2,,1,1,1,1,2
341001,1,22,6,3,3,4,1,1,1,1,2,1,2,1,1,2,7,1,2,2,1,1,1,1,1,1,1,1,1,2,2,1,1,,2,1,2,2,1,1,2,2,1,3,10,2,2,2,1,2,2,2,2,1,2,5,1,2,1,2,2,2,2,2,2,2,2,1,1,10,1,0,1,0,0,0,0,0,0,2,,,,,1,15,1,1,5,2,,2,3,1,2,2,3,1,1,,2,1,1,2,1,1,1,1,1,1,1
341102,1,51,2,4,4,6,1,1,1,1,3,2,1,1,1,2,5,1,2,2,1,1,1,1,1,1,1,1,1,2,2,1,2,2,2,2,2,2,2,2,3,2,1,2,20,2,1,2,2,2,2,2,4,,,,,,,,,,,,,,,,,,,,,,,,,,,,,,,,,,,,,2,,4,1,2,2,2,3,3,3,,2,2,2,,2,,1,9,9,9,9
341203,1,53,2,3,2,3,0,2,1,2,,2,2,1,1,2,4,1,2,2,1,1,1,1,2,1,1,1,1,1,2,1,2,2,2,2,2,1,1,1,2,1,2,2,120,2,1,2,2,2,2,2,1,,,,,,,,,,,,,,,,,,,,,,,,,,,,3,60,2,1,2,60,1,1,15,2,,2,2,2,1,2,3,3,1,,2,2,2,,1,1,1,1,2,9,9
341304,1,59,2,6,3,4,1,1,1,2,,2,2,1,1,2,4,1,2,2,3,1,1,3,1,1,1,1,2,2,2,2,2,2,2,2,2,2,2,2,,,,,,,,,,,,,,,,,,,,,,,,,,,,,,,,,,,,,,,,,,,,,,,,,,,,,,,,,,,,6,2,2,2,,2,,1,2,1,1,2
341401,1,32,3,3,2,4,0,1,1,2,,2,2,2,,,5,1,2,1,1,1,1,1,2,1,1,1,2,1,1,,2,2,2,2,2,2,2,1,4,2,1,3,20,1,2,2,1,2,2,2,2,,,,,,,,,,,,,,,,,,,,,,,,,,,,,,,,,,,1,30,2,,2,1,2,1,2,3,1,3,,2,1,2,,2,,1,2,1,2,2
341502,1,27,6,3,1,4,1,2,1,2,,1,2,1,1,2,1,1,2,2,1,1,1,1,1,1,1,1,2,1,1,,2,2,2,2,2,2,1,1,4,1,1,2,30,1,2,1,1,1,2,2,1,,,,,,,,,,,,,,,,,,,,,,,,,,,,,,,,1,30,1,1,15,2,,2,2,2,1,2,3,3,1,,2,2,2,,2,,1,1,1,1,2
341603,2,59,0,,1,3,0,2,2,2,,2,2,2,,,2,1,2,1,2,1,1,2,2,1,1,1,1,,,,,,,,,,,,,,,,,,,,,,,,,,,,,,,,,,,,,,,,,,,,,,,,,,,,,,,,,,,,,,,,,,,,,,,,,,,,,,,,,,
341704,1,17,6,2,3,5,2,1,1,2,,2,2,1,1,2,5,1,2,2,1,1,1,1,1,1,1,1,1,1,1,,2,2,2,1,2,2,1,1,6,2,1,1,15,2,2,1,2,1,1,2,3,,,,,,,,,,,,,,1,2,2,10,2,0,0,0,1,0,0,1,0,1,,,,,2,25,1,1,10,1,5,2,3,2,1,1,3,3,1,,2,1,2,,1,1,1,1,1,1,1
341801,2,12,2,5,2,4,0,1,1,2,,2,2,2,,,5,1,2,2,2,1,1,1,2,1,1,1,2,1,1,,2,2,2,2,2,2,2,1,4,2,1,2,60,2,2,1,2,1,2,2,2,,,,,,,,,,,,,,,,,,,,,,,,,,,,,,,,,,,1,10,1,5,1,2,1,2,2,3,1,1,,2,2,2,,1,1,1,1,1,1,2
341902,2,90,0,,2,3,0,1,2,2,,2,2,2,,,3,1,2,1,2,2,2,3,3,3,2,1,1,,,,,,,,,,,,,,,,,,,,,,,,,,,,,,,,,,,,,,,,,,,,,,,,,,,,,,,,,,,,,,,,,,,,,,,,,,,,,,,,,,
342003,1,15,3,3,2,2,1,1,2,2,,2,2,2,,,1,1,2,2,1,1,1,1,2,1,1,1,1,1,2,2,2,2,2,2,2,2,2,1,,,,,,,,,,,,,,,,,,,,,,,,,,,,,,,,,,,,,,,,,,,,,,,,1,90,,,,,,,,,,,1,2,2,1,2,2,,1,2,1,1,2
342104,2,76,2,2,1,3,0,1,2,2,,2,2,2,,,1,1,2,1,2,1,1,1,2,1,1,1,1,2,2,1,2,2,2,2,2,2,2,2,4,2,1,3,15,2,1,2,2,2,2,2,2,,,,,,,,,,,,,,,,,,,,,,,,,,,,,,,,,,,,,2,,1,1,2,2,2,3,3,3,,2,2,2,,2,,1,2,2,2,2
342403,1,63,8,5,3,7,3,1,1,1,2,1,1,1,1,1,4,1,2,2,1,1,1,1,1,1,1,1,1,1,1,,2,2,2,2,2,2,1,1,1,1,2,3,60,1,2,2,2,1,2,2,1,,,,,,,,,,,,,,,,,,,,,,,,,,,,,,,,2,120,1,1,120,1,5,3,4,2,1,3,3,3,1,,1,1,1,2,1,1,1,1,1,1,1
342601,1,75,8,5,1,6,3,1,1,1,2,1,2,1,1,1,2,1,2,2,1,1,1,1,1,1,1,1,2,1,1,,1,,2,1,2,2,1,1,3,2,1,2,120,1,2,2,1,1,2,2,3,15,2,45,2,1,1,2,2,2,2,1,1,2,1,2,7,60,1,0,1,1,0,0,1,1,0,1,,,,,1,120,1,1,60,2,,2,4,1,1,1,3,3,1,,2,2,2,,1,1,1,1,1,1,1
342702,1,18,6,3,3,4,3,1,1,1,2,1,2,1,1,1,5,1,1,2,1,1,1,1,1,1,1,2,2,1,1,,2,2,2,2,2,2,1,1,4,2,1,3,120,1,2,2,2,2,1,2,2,,,,,,,,,,,,,,,,,,,,,,,,,,,,,,,,2,60,1,1,120,1,1,2,3,2,1,2,3,3,1,,2,1,2,,1,1,1,1,1,1,2
342904,1,59,6,3,3,5,2,1,1,1,1,1,2,1,1,1,3,1,2,2,3,2,1,1,1,1,1,1,2,1,1,,1,,1,,2,2,1,1,2,2,1,3,120,1,2,2,2,1,2,2,2,45,1,120,1,1,1,2,1,2,1,1,1,2,1,2,5,90,1,1,1,1,0,0,0,1,0,1,,,,,1,60,1,1,60,1,6,3,3,2,1,2,3,3,1,,2,2,2,,1,2,1,1,1,2,2
343001,2,40,8,5,1,5,2,1,1,1,1,1,1,1,1,1,2,1,2,2,1,1,1,1,1,1,1,1,2,1,1,,1,,2,2,1,,1,1,15,1,2,1,160,1,2,2,2,1,2,2,1,5,2,30,1,2,2,2,2,2,2,2,1,2,,,,,,,,,,,,,,,2,15,1,2,2,30,1,1,180,2,,4,3,2,1,1,3,3,1,,1,1,1,1,1,5,1,1,1,1,1
343401,2,61,2,6,2,3,1,1,2,2,,2,2,2,,,3,1,2,2,1,1,1,1,1,1,1,1,1,2,1,,2,2,2,2,2,2,2,2,1,2,1,1,10,1,2,2,1,2,2,2,3,,,,,,,,,,,,,,,,,,,,,,,,,,,,,,,,,,,,,2,,1,2,2,2,1,3,3,2,,2,2,2,,2,,1,2,2,2,2
343502,1,29,3,3,1,2,0,1,2,2,,2,2,2,,,4,1,1,2,1,1,1,1,1,1,1,1,1,2,2,2,1,,2,2,2,2,2,2,,,,,,,,,,,,,,4,1,60,1,1,2,2,2,2,2,2,2,2,,,,,,,,,,,,,,,,,,,,,,,,2,,1,2,2,2,1,3,2,2,,2,2,2,,2,,1,1,2,2,9
343603,1,38,3,3,2,4,1,1,1,2,,2,1,1,1,2,3,1,2,2,1,1,1,1,1,1,1,1,1,2,2,2,2,2,2,2,2,2,1,1,,,,,,,,,,,,,,,,,,,,,,,,,,,,,,,,,,,,,,,,,,,,,1,30,2,2,120,1,5,1,4,2,2,2,3,3,2,,2,2,2,,2,,1,1,1,1,1
343704,1,12,2,6,3,4,1,1,2,2,,2,2,1,1,2,3,1,2,2,1,1,1,1,1,1,1,1,1,2,2,2,1,,2,2,1,,1,1,,,,,,,,,,,,,,2,2,20,1,2,2,2,1,1,2,2,2,2,,,,,,,,,,,,,,,2,20,2,1,2,15,1,1,60,1,5,3,3,2,1,3,3,3,2,,2,1,1,2,1,1,1,2,2,1,1
343902,1,23,6,3,1,1,1,2,2,2,,1,2,1,1,2,1,1,2,2,2,1,1,1,1,1,1,1,2,2,2,2,2,2,2,2,2,2,1,1,,,,,,,,,,,,,,,,,,,,,,,,,,,,,,,,,,,,,,,,,,,,,2,20,1,1,240,2,,2,2,2,2,3,3,1,1,,2,2,2,,2,,1,1,1,2,2
344003,1,30,8,4,1,4,1,1,1,1,1,2,2,1,1,2,3,1,2,2,1,1,1,1,1,1,1,1,2,2,2,1,2,2,2,1,2,2,1,1,2,1,2,2,180,2,1,2,2,2,2,2,2,,,,,,,,,,,,,,1,2,1,30,1,1,0,0,0,0,0,0,0,1,,,,,2,20,1,2,25,2,,2,2,2,1,2,3,3,1,,1,2,2,,1,1,1,1,1,1,1
344104,2,15,3,2,2,4,1,1,1,1,2,1,2,1,1,2,4,1,2,2,1,1,1,1,1,1,1,1,2,2,2,1,2,1,2,2,1,,2,1,4,2,1,1,15,1,2,2,2,2,1,2,3,2,4,15,1,2,2,1,2,2,1,2,1,2,,,,,,,,,,,,,,,1,15,2,1,,,,1,60,2,,3,3,2,1,2,3,3,1,,2,1,1,3,1,1,1,1,1,1,2
344201,1,68,3,3,3,6,2,1,1,2,,1,1,1,1,1,1,1,2,2,1,1,1,1,1,1,1,1,2,2,2,2,2,2,2,2,2,2,1,1,,,,,,,,,,,,,,,,,,,,,,,,,,,,,,,,,,,,,,,,,,,,,1,180,2,1,120,2,,3,3,2,1,2,3,1,2,,2,2,2,,2,,1,1,1,1,1
344302,1,63,3,3,5,10,2,1,1,1,1,1,1,1,1,2,5,1,1,2,1,1,1,1,1,1,1,1,1,2,2,1,2,2,1,,2,2,2,2,2,2,1,3,30,1,2,1,2,2,2,2,2,,,,,,,,,,,,,,2,1,6,60,1,1,1,1,0,1,0,1,0,3,,,,,,,,,,2,,2,3,2,2,2,3,3,1,,2,1,2,,2,,1,1,1,1,1
344403,1,24,8,2,1,1,0,1,2,2,,1,2,1,1,2,2,1,2,2,1,1,1,1,1,1,1,1,2,2,2,1,2,2,1,,2,2,1,1,2,2,1,2,40,1,2,1,2,2,2,2,2,,,,,,,,,,,,,,1,2,2,15,1,1,1,0,0,0,0,0,0,1,,,,,3,15,1,1,80,2,,3,3,2,1,2,3,3,3,,2,1,2,,1,1,1,2,2,1,2
344601,1,22,3,3,2,4,1,1,1,1,1,2,2,1,1,2,6,1,2,2,1,1,1,1,1,1,1,1,2,2,2,2,2,2,2,2,2,2,2,2,,,,,,,,,,,,,,,,,,,,,,,,,,,,,,,,,,,,,,,,,,,,,,,,,,,,,,,,,,,,2,2,1,1,2,1,1,1,1,1,1,2
344702,2,13,3,1,2,3,1,1,1,2,,2,2,2,,,4,1,2,2,1,1,1,1,1,1,1,1,2,1,1,,2,2,2,2,1,,1,1,1,2,1,1,60,1,2,1,2,2,2,2,2,,,,,,,,,,,,,,,,,,,,,,,,,,,,5,10,2,1,2,5,2,1,60,2,,3,4,2,2,2,3,1,2,,2,2,2,,1,1,1,1,2,1,2
344803,1,12,3,1,2,3,1,1,1,2,,2,2,1,1,2,6,1,2,2,1,1,1,1,1,1,1,1,2,2,2,2,2,2,2,2,2,2,2,1,,,,,,,,,,,,,,,,,,,,,,,,,,,,,,,,,,,,,,,,,,,,,,,,2,120,,,,,,,,,,,2,2,1,2,,1,1,1,1,1,1,1
344904,1,18,6,3,3,5,1,1,1,1,1,1,2,1,1,2,5,1,2,2,1,2,1,1,2,1,1,1,2,1,1,,2,1,1,,2,2,1,1,4,2,1,1,120,1,2,2,2,1,2,2,3,1,2,10,1,1,2,2,2,2,2,2,2,2,1,2,4,60,1,0,1,1,0,0,0,0,0,1,,,,,2,60,1,1,30,2,,2,3,2,1,2,3,3,3,,1,1,1,2,1,1,1,1,2,1,1
345001,1,33,8,4,3,5,1,1,1,1,1,1,1,1,1,1,3,1,2,2,1,1,1,1,1,1,1,1,2,1,1,,2,2,2,1,2,2,2,1,2,2,1,2,60,1,2,2,1,2,2,2,3,,,,,,,,,,,,,,1,2,1,10,1,0,0,1,0,0,0,0,0,1,,,,,,,,1,60,2,,3,4,2,1,3,3,3,1,,2,1,2,,1,1,1,2,1,2,2
345102,1,67,8,5,2,6,2,1,1,1,2,1,2,1,1,2,2,1,2,2,3,3,2,1,2,2,1,2,1,1,1,,2,2,2,2,2,2,1,1,9,2,1,1,90,1,2,2,2,2,1,2,2,,,,,,,,,,,,,,,,,,,,,,,,,,,,,,,,1,15,1,2,15,1,5,2,3,1,1,1,3,3,1,,2,2,2,,2,,1,2,2,2,2
345203,2,60,7,3,1,4,2,1,1,1,2,1,2,1,1,2,2,1,2,2,1,1,1,1,1,1,1,1,2,1,2,2,2,2,2,2,2,2,1,1,,,,,,,,,,,,,,,,,,,,,,,,,,,,,,,,,,,,,,,,,,,,,1,45,1,1,45,2,,4,3,2,1,1,3,3,1,,2,2,2,,2,,1,1,1,1,1
345304,1,70,10,2,3,6,1,1,1,1,1,1,1,1,1,1,4,1,2,2,2,1,1,1,1,1,1,1,2,1,1,,1,,2,2,1,,1,1,4,1,1,3,60,1,2,2,2,1,1,2,1,3,4,30,1,2,1,2,2,2,2,2,2,2,,,,,,,,,,,,,,,5,30,1,2,1,30,1,1,30,1,6,4,4,2,2,2,3,3,1,,1,1,1,1,1,2,1,1,1,1,1
345401,2,20,8,1,4,5,1,1,1,1,1,1,2,1,1,2,4,1,2,2,2,2,1,1,1,1,1,1,1,1,1,,1,,2,1,2,1,1,1,13,2,1,1,180,1,2,2,1,1,2,2,3,8,2,30,1,2,2,2,2,2,2,2,1,2,2,1,2,60,1,0,0,1,1,0,0,0,0,1,3,60,1,2,1,90,2,1,120,2,,2,4,2,1,1,3,3,1,,1,1,2,,1,1,1,1,1,1,1
345502,2,50,6,3,3,3,0,2,2,2,,2,2,2,,,2,1,2,2,1,1,1,3,1,1,1,1,2,1,1,,1,,2,2,2,2,1,1,6,2,1,2,180,1,2,2,1,2,1,2,4,2,4,60,1,2,1,2,1,2,2,2,2,2,,,,,,,,,,,,,,,,,,,3,60,1,5,90,2,,4,4,1,2,2,3,3,1,,2,2,2,,2,,1,2,2,2,2
345603,1,47,6,3,3,5,0,1,1,2,,2,2,1,1,2,3,1,2,2,1,1,1,1,1,1,1,1,2,2,2,1,2,2,2,1,2,2,2,1,4,1,2,3,30,2,1,2,1,2,2,2,4,,,,,,,,,,,,,,1,2,7,30,2,0,0,0,0,0,1,0,0,2,,,,,,,,2,10,2,,3,3,1,1,2,3,3,1,,2,2,2,,1,1,1,1,1,1,1
345704,1,54,3,3,1,3,0,2,2,1,1,2,2,2,,,1,1,2,2,2,1,1,1,1,1,1,1,2,2,2,2,2,2,2,2,2,2,2,2,,,,,,,,,,,,,,,,,,,,,,,,,,,,,,,,,,,,,,,,,,,,,,,,,,,,,,,,,,,,1,2,1,2,,1,1,1,1,2,1,1
345801,2,53,8,4,3,4,2,1,1,1,2,1,1,1,1,1,4,1,2,2,2,1,1,1,2,1,1,2,2,1,1,,1,,2,1,2,2,1,1,4,1,1,1,120,2,2,1,2,1,1,2,2,1,2,30,2,2,2,1,2,2,2,2,2,2,1,2,1,30,2,1,0,0,0,0,0,0,0,1,,,,,1,30,1,1,30,2,,3,3,2,1,1,3,3,1,,1,1,1,2,1,5,1,1,1,1,1
345902,2,59,3,3,1,4,1,1,1,1,2,1,2,1,1,2,2,1,2,2,1,1,1,1,3,1,1,1,2,2,2,2,2,2,2,1,2,2,2,1,,,,,,,,,,,,,,,,,,,,,,,,,,,1,2,7,30,1,0,0,1,0,0,0,1,0,1,,,,,,,,1,90,1,6,2,3,2,1,1,3,3,1,,2,2,2,,2,,1,2,1,1,2
346003,1,20,6,2,4,6,1,1,1,1,1,1,2,1,1,1,7,1,2,2,3,1,1,1,2,1,1,2,2,1,1,,2,2,2,2,1,,1,1,5,1,1,2,60,1,2,2,1,1,2,2,1,,,,,,,,,,,,,,,,,,,,,,,,,,,,3,15,2,1,1,20,1,1,30,2,,3,3,2,1,3,3,1,1,,2,2,2,,1,1,1,1,1,1,1
346104,1,18,6,3,3,4,1,1,1,1,1,1,1,1,1,1,5,1,2,2,2,1,1,1,1,1,1,1,2,2,2,1,1,,2,2,1,,2,2,2,2,1,4,30,1,2,1,2,2,2,2,3,1,4,10,1,1,2,2,2,2,2,2,2,2,,,,,,,,,,,,,,,2,10,2,1,,,,,,1,5,2,2,2,1,3,3,1,3,,2,1,1,2,2,,1,2,1,1,1
346201,1,24,6,3,3,5,2,1,1,1,2,1,1,1,1,1,5,1,2,2,1,1,1,1,1,1,1,1,2,2,2,1,2,2,2,2,2,2,1,1,3,2,1,1,15,1,2,1,2,1,2,2,3,,,,,,,,,,,,,,,,,,,,,,,,,,,,,,,,2,20,1,1,120,2,,2,4,1,1,2,3,1,1,,2,2,2,,1,1,1,2,1,2,2
346302,1,60,6,3,2,4,1,1,1,1,1,1,2,1,1,1,3,1,2,2,3,3,2,1,2,1,1,3,1,1,1,,2,2,1,,2,1,1,1,3,1,2,2,60,1,1,2,2,1,1,2,1,,,,,,,,,,,,,,1,2,3,90,1,1,0,0,1,0,0,0,0,2,2,1,1,2,2,60,1,1,60,1,6,4,3,2,1,2,3,3,3,,2,2,2,,2,,1,2,2,2,2
346403,1,62,3,3,1,2,1,1,2,2,,2,2,2,,,1,1,2,2,1,1,1,1,1,1,1,1,1,1,2,2,2,2,1,,2,2,2,2,,,,,,,,,,,,,,,,,,,,,,,,,,,2,1,7,10,1,1,1,0,0,1,0,0,0,3,,,,,,,,,,2,,1,2,2,2,2,3,2,2,,2,2,2,,2,,1,2,2,2,2
346504,2,58,3,3,3,5,3,1,1,2,,2,2,2,,,3,1,2,2,2,1,1,1,1,1,1,1,2,2,2,2,2,2,2,2,2,2,2,1,,,,,,,,,,,,,,,,,,,,,,,,,,,,,,,,,,,,,,,,,,,,,,,,1,30,,,,,,,,,,,3,2,2,2,,2,,1,2,2,2,2
346601,1,33,3,3,1,4,1,1,1,1,1,2,2,1,1,2,2,1,2,2,1,1,1,1,1,1,1,1,2,2,2,2,2,2,2,2,2,2,2,1,,,,,,,,,,,,,,,,,,,,,,,,,,,,,,,,,,,,,,,,,,,,,,,,1,60,,,,,,,,,,,1,2,2,2,,2,,1,1,1,2,2
346702,2,47,3,3,1,3,1,1,1,2,,1,2,1,1,2,1,1,2,2,3,2,1,1,3,1,1,1,2,1,1,,2,2,2,2,2,2,2,1,1,2,1,3,20,1,2,2,1,2,2,2,2,,,,,,,,,,,,,,,,,,,,,,,,,,,,,,,,,,,1,180,2,,3,2,2,1,2,3,3,1,,2,2,2,,2,,1,2,2,2,2
346803,2,53,6,3,1,5,2,1,1,2,,2,2,1,1,2,1,1,2,2,2,1,1,1,1,1,1,1,2,1,1,,1,,1,,2,2,1,1,1,2,1,3,60,1,2,2,2,1,2,2,3,3,3,15,1,2,2,2,2,2,2,2,1,2,1,2,7,20,2,0,0,0,0,0,1,1,0,1,,,,,3,20,1,1,60,2,,4,4,1,1,3,3,3,1,,2,1,2,,1,5,1,2,1,2,2
346904,2,23,8,3,3,5,2,1,1,2,,1,2,1,1,2,4,2,2,2,1,1,1,1,1,1,1,1,2,1,1,,2,2,2,2,2,2,1,1,1,1,2,1,60,1,2,2,2,1,2,2,3,,,,,,,,,,,,,,,,,,,,,,,,,,,,,,,,2,60,1,1,120,2,,4,4,2,1,3,3,3,1,,1,1,1,2,1,1,1,1,1,1,1
347001,2,14,3,1,2,4,1,1,1,2,,1,1,1,1,1,4,1,1,2,1,1,1,1,1,1,1,1,2,2,2,1,2,2,2,2,2,2,1,1,2,2,1,3,35,1,1,2,2,1,2,2,2,,,,,,,,,,,,,,,,,,,,,,,,,,,,,,,,3,15,1,1,20,2,,4,3,2,1,2,3,3,3,,1,2,1,2,1,1,1,1,1,1,2
347102,2,17,2,6,2,3,0,1,1,2,,2,2,1,1,2,6,1,2,2,1,1,1,1,2,1,1,2,2,2,2,1,2,2,2,2,2,2,2,1,6,2,1,2,40,2,1,2,2,2,2,2,2,,,,,,,,,,,,,,,,,,,,,,,,,,,,,,,,,,,2,60,2,,2,3,2,1,1,3,1,3,,2,2,2,,1,1,1,1,1,1,2
347203,1,60,6,3,4,5,1,1,1,2,,1,1,1,1,2,5,1,2,2,1,1,1,1,1,1,1,1,2,2,1,,2,2,2,2,2,2,2,2,1,2,1,5,180,2,1,2,2,2,2,2,2,,,,,,,,,,,,,,,,,,,,,,,,,,,,,,,,,,,,,2,,2,1,2,2,3,3,3,1,,2,2,2,,1,1,1,2,1,1,1
347304,1,45,8,5,3,5,2,1,1,1,1,1,2,1,1,2,2,1,2,2,2,1,1,2,1,1,1,1,2,1,2,1,2,2,2,2,2,2,1,1,6,1,2,3,120,2,1,1,2,2,2,2,1,,,,,,,,,,,,,,,,,,,,,,,,,,,,,,,,2,30,1,1,30,2,,2,3,2,1,3,3,1,1,,1,1,1,2,1,1,1,1,1,2,2
347401,2,23,8,3,2,6,1,1,1,1,1,1,2,1,1,1,2,1,2,2,1,1,1,1,2,1,1,2,2,1,1,,2,2,2,1,2,2,1,1,3,2,1,2,180,1,2,2,2,1,2,2,3,,,,,,,,,,,,,,1,2,2,15,1,1,0,0,1,0,0,0,0,1,,,,,2,30,1,1,30,2,,2,4,2,1,1,3,3,1,,2,1,1,2,1,1,1,1,1,1,1
347502,1,35,8,4,2,4,1,1,1,1,1,1,2,1,1,2,1,1,2,2,1,1,1,1,1,1,1,1,2,2,2,1,2,2,2,2,2,2,1,1,1,1,2,5,60,2,1,2,2,2,2,2,1,,,,,,,,,,,,,,,,,,,,,,,,,,,,,,,,3,30,1,1,90,1,6,4,4,2,1,2,3,3,2,,2,2,2,,2,,1,2,1,2,2
347603,1,36,3,3,3,6,2,1,1,1,1,1,2,1,1,1,4,1,1,2,1,1,1,1,2,1,1,1,2,1,1,,2,1,1,,1,,1,1,3,1,1,1,60,2,1,1,2,2,1,2,3,2,4,15,1,2,1,2,2,2,1,2,2,2,1,2,1,10,1,0,0,1,1,1,0,0,0,1,3,30,2,1,2,20,1,1,30,1,6,2,3,1,1,3,3,3,1,,2,2,1,2,1,1,1,2,2,1,1
347704,2,22,8,2,2,5,1,1,1,1,1,1,2,1,1,2,4,1,2,2,1,3,1,1,3,1,1,2,2,1,1,,2,2,2,2,1,,1,1,5,1,1,2,180,1,2,1,2,1,1,2,3,,,,,,,,,,,,,,,,,,,,,,,,,,,,2,60,1,1,1,30,1,1,60,1,5,4,4,1,1,3,3,3,1,,1,1,1,2,1,2,1,1,2,1,2
347801,1,51,8,4,3,7,3,1,1,1,1,1,1,1,1,1,3,1,2,2,1,1,1,1,1,1,1,1,2,1,1,,1,,2,1,2,1,1,1,1,1,2,2,60,2,2,2,2,2,1,2,2,3,2,10,1,1,2,2,2,2,2,2,2,2,1,2,3,30,1,0,0,0,1,0,0,0,0,1,5,20,1,2,3,20,1,5,15,2,,2,3,2,2,2,3,3,1,,2,1,1,2,1,2,1,1,1,1,1
347902,2,56,8,4,3,5,3,1,1,1,1,1,1,1,1,1,2,1,2,2,2,1,1,1,2,1,1,1,2,1,1,,2,2,1,,2,2,1,1,2,2,1,1,20,1,2,2,2,1,2,2,4,,,,,,,,,,,,,,2,1,7,300,1,1,1,1,0,0,0,1,0,1,,,,,3,60,1,1,300,1,8,4,4,2,1,1,3,3,1,,1,1,1,2,1,2,1,1,1,1,1
348003,2,32,6,3,4,8,4,1,1,1,1,1,1,1,1,1,4,1,2,2,1,2,1,1,2,1,1,1,2,2,2,1,2,2,2,2,2,2,1,1,2,2,1,2,30,1,2,2,1,2,2,2,2,,,,,,,,,,,,,,,,,,,,,,,,,,,,,,,,2,30,1,1,180,2,,2,2,2,1,2,3,3,1,,2,2,2,,1,1,1,1,1,2,1
348104,2,27,8,5,3,8,4,1,1,1,2,1,1,1,1,1,4,1,2,2,1,1,1,1,1,1,1,1,2,2,2,1,2,2,2,2,2,2,1,1,6,2,1,2,60,1,2,2,2,1,1,2,3,,,,,,,,,,,,,,,,,,,,,,,,,,,,,,,,1,60,2,1,120,2,,2,3,2,1,3,3,3,1,,1,1,1,2,1,3,1,1,1,1,1
348201,2,44,6,3,3,4,3,1,1,2,,2,2,1,1,2,4,1,2,2,1,2,2,2,1,1,1,1,2,1,2,2,2,2,2,2,2,2,2,1,,,,,,,,,,,,,,,,,,,,,,,,,,,,,,,,,,,,,,,,,,,,,,,,1,60,,,,,,,,,,,3,2,2,2,,2,,1,1,1,2,2
348302,1,46,3,3,3,4,1,1,1,2,,2,2,1,1,2,4,1,2,2,1,1,1,1,1,1,1,1,1,2,2,2,2,2,2,2,2,2,1,1,,,,,,,,,,,,,,,,,,,,,,,,,,,,,,,,,,,,,,,,,,,,,1,120,2,1,120,2,,4,4,2,1,2,3,3,1,,2,2,2,,2,,1,1,1,1,1
348403,1,72,8,5,1,7,2,1,1,1,1,1,2,1,1,2,2,1,2,2,2,2,2,2,2,1,1,1,2,1,1,,1,,2,1,2,2,1,1,2,2,1,4,30,1,1,2,2,2,2,2,2,3,4,15,1,2,2,2,2,2,2,1,2,2,2,1,7,20,1,1,0,0,0,0,0,0,0,1,,,,,2,10,2,2,10,2,,1,3,2,1,2,3,3,1,,2,2,2,,2,,1,2,2,2,2
348601,2,73,2,6,2,3,1,1,1,1,2,2,2,2,,,3,1,2,2,2,2,2,2,2,2,1,2,2,2,2,2,2,2,2,2,2,2,2,2,,,,,,,,,,,,,,,,,,,,,,,,,,,,,,,,,,,,,,,,,,,,,,,,,,,,,,,,,,,,1,2,2,2,,2,,1,2,2,2,2
348702,1,23,6,3,3,4,1,1,1,1,1,2,2,1,1,1,4,1,2,2,2,1,1,1,1,1,1,1,2,1,1,,2,2,2,2,2,2,1,1,2,1,2,3,30,1,2,1,2,1,2,2,1,,,,,,,,,,,,,,,,,,,,,,,,,,,,,,,,2,30,1,1,60,2,,4,4,2,1,2,3,3,3,,2,2,2,,1,1,1,2,1,1,2
348803,1,44,6,3,1,3,1,1,1,2,,2,2,1,1,1,2,1,2,2,1,1,1,1,1,1,1,1,2,2,2,1,2,2,2,2,2,2,1,2,2,2,1,5,5,2,1,2,2,2,2,2,3,,,,,,,,,,,,,,,,,,,,,,,,,,,,,,,,3,5,2,,,2,,2,3,2,1,2,3,3,2,,2,2,2,,2,,1,1,1,1,1
348904,1,22,8,1,2,3,1,1,1,1,2,1,2,1,1,1,3,1,2,2,1,1,1,1,1,1,1,1,2,1,1,,1,,2,2,2,2,1,1,2,2,1,2,30,1,2,1,2,1,2,2,2,1,3,60,2,2,2,2,2,2,1,2,2,2,,,,,,,,,,,,,,,,,,,1,90,2,1,180,2,,4,3,2,1,1,3,3,1,,1,1,2,,1,1,1,1,1,2,2
349001,2,98,6,3,3,4,2,1,1,2,,1,2,1,1,2,2,1,2,2,1,1,1,1,1,1,1,1,2,1,2,2,2,2,1,,2,2,2,2,,,,,,,,,,,,,,,,,,,,,,,,,,,2,1,5,60,1,0,1,0,0,1,0,0,0,3,,,,,,,,,,2,,2,3,1,1,1,3,3,1,,1,1,1,2,1,1,1,1,1,1,1
349102,1,60,2,6,1,1,0,2,2,2,,1,2,2,,,1,1,2,2,1,1,1,1,1,1,1,1,2,1,2,2,2,2,2,2,2,2,2,1,,,,,,,,,,,,,,,,,,,,,,,,,,,,,,,,,,,,,,,,,,,,,,,,2,20,,,,,,,,,,,3,2,2,2,,2,,1,9,9,9,2
349203,2,27,8,5,3,4,2,1,1,1,1,1,2,1,1,2,5,1,2,2,2,1,1,1,1,1,1,1,2,1,1,,2,2,2,2,2,2,1,1,1,2,1,2,90,2,2,1,2,2,2,2,2,,,,,,,,,,,,,,,,,,,,,,,,,,,,,,,,3,60,1,2,60,1,6,3,2,2,1,3,3,3,1,,2,2,2,,2,,1,2,2,2,1
349304,2,59,3,3,4,5,2,1,1,1,1,1,2,1,1,1,8,2,2,2,2,2,2,2,2,2,1,2,2,2,2,2,2,2,2,2,2,2,2,2,,,,,,,,,,,,,,,,,,,,,,,,,,,,,,,,,,,,,,,,,,,,,,,,,,,,,,,,,,,,3,1,1,1,1,1,1,1,1,1,1,1
349401,1,41,2,6,3,4,1,1,2,2,,1,2,1,1,1,4,1,2,2,1,1,1,1,1,1,1,1,1,2,2,2,2,2,2,2,2,2,2,1,,,,,,,,,,,,,,,,,,,,,,,,,,,,,,,,,,,,,,,,,,,,,,,,1,10,,,,,,,,,,,1,2,2,2,,2,,1,2,1,1,2
349502,2,81,2,1,1,2,1,1,2,1,1,2,2,2,,,2,1,2,2,2,2,1,1,1,1,1,1,2,,,,,,,,,,,,,,,,,,,,,,,,,,,,,,,,,,,,,,,,,,,,,,,,,,,,,,,,,,,,,,,,,,,,,,,,,,,,,,,,,,
349603,1,42,3,3,2,4,1,2,2,2,,2,2,2,,,1,1,2,2,1,2,1,1,1,1,1,1,1,2,2,1,1,,2,1,1,,2,1,5,2,1,3,15,1,1,1,2,1,2,2,2,2,3,5,1,1,2,2,1,2,1,1,2,2,2,1,1,10,1,0,0,1,0,0,0,0,0,3,3,15,2,1,,,,1,15,2,,1,3,2,2,3,3,1,3,,2,2,2,,2,,1,2,2,2,2
349704,2,34,3,3,1,3,1,1,2,2,,2,2,1,1,2,2,1,2,2,2,1,1,1,1,1,1,1,1,2,2,1,2,2,2,2,2,1,2,1,1,2,1,1,30,1,2,2,2,1,2,2,4,,,,,,,,,,,,,,,,,,,,,,,,,,,,3,30,2,1,,,,1,60,2,,2,3,2,2,2,3,3,1,,2,2,2,,2,,1,1,1,1,2
349801,1,17,3,3,2,5,1,1,1,2,,2,2,2,,,2,1,2,2,1,1,1,1,1,1,1,1,2,2,2,2,2,2,2,1,2,2,1,1,,,,,,,,,,,,,,,,,,,,,,,,,,,1,2,2,10,1,0,1,0,0,0,0,1,0,1,,,,,5,10,1,2,10,2,,2,3,2,1,3,3,3,3,,2,2,2,,1,1,1,1,1,1,1
349902,1,32,3,3,2,3,1,1,1,2,,2,2,1,1,2,4,1,2,2,1,1,1,1,1,1,1,1,2,2,2,2,2,2,2,2,2,2,2,1,,,,,,,,,,,,,,,,,,,,,,,,,,,,,,,,,,,,,,,,,,,,,,,,1,60,,,,,,,,,,,3,1,1,1,2,1,1,1,2,1,1,1
350003,1,78,0,,1,4,1,1,1,2,,2,2,2,,,1,1,2,2,2,1,1,2,1,1,1,1,1,2,1,,2,2,2,2,2,2,2,2,1,2,1,1,30,1,2,2,1,2,2,2,2,,,,,,,,,,,,,,,,,,,,,,,,,,,,,,,,,,,,,2,,1,1,2,2,1,3,1,1,,2,2,2,,2,,2,,,,
350104,2,53,3,3,5,6,2,1,1,1,2,1,2,2,,,6,1,2,2,2,1,1,2,2,1,1,1,2,1,1,,2,2,2,2,1,,2,1,4,2,1,2,120,1,2,2,2,1,2,2,4,,,,,,,,,,,,,,,,,,,,,,,,,,,,3,60,2,1,,,,1,20,2,,1,3,2,2,3,3,3,1,,2,2,2,,1,1,1,2,2,2,2
350201,2,72,0,,1,5,2,1,2,1,1,2,2,2,,,1,1,2,2,1,1,1,1,2,1,1,1,2,2,1,,2,2,2,2,2,2,2,2,6,2,1,1,60,1,2,2,2,1,2,2,3,,,,,,,,,,,,,,,,,,,,,,,,,,,,,,,,,,,,,2,,2,3,2,2,3,3,1,1,,2,2,2,,2,,2,,,,
350302,1,29,8,4,4,8,3,1,1,1,6,1,1,1,1,1,4,1,2,2,1,1,1,1,1,1,1,1,2,1,1,,1,,1,,2,2,1,1,8,1,1,3,120,1,1,2,1,2,1,2,3,3,2,60,1,2,1,2,2,2,2,2,2,2,1,2,7,60,1,1,1,1,0,0,1,1,0,1,,,,,1,30,1,1,30,1,6,3,4,2,1,3,3,3,1,,2,1,2,,1,5,1,1,1,1,1
350403,1,48,3,3,3,5,1,1,1,2,,1,2,1,1,2,3,1,2,2,2,1,1,1,2,1,1,1,1,1,2,2,1,,1,,1,,1,1,,,,,,,,,,,,,,5,2,30,2,2,1,2,2,2,2,1,2,2,2,1,2,10,1,0,1,1,0,0,0,0,0,3,2,10,1,2,2,15,1,2,15,2,,2,2,2,1,3,3,3,1,,1,1,1,2,1,2,1,1,1,1,1
350504,1,79,8,5,2,4,1,1,1,2,,1,2,1,1,1,1,1,2,2,1,1,1,1,1,1,1,1,2,1,1,,2,1,2,1,2,2,1,2,9,2,1,1,90,1,2,2,2,1,1,2,3,2,1,10,1,1,1,2,2,2,2,2,2,2,1,2,7,60,1,1,1,0,1,0,0,1,0,1,,,,,1,30,1,,,2,,3,4,2,1,1,3,3,1,,2,2,2,,2,,1,2,2,2,2
350601,2,75,3,3,3,5,2,1,1,2,,2,2,1,1,2,6,2,2,2,2,1,1,3,1,1,1,1,2,2,1,,2,2,2,2,2,2,2,2,1,2,1,2,30,1,2,2,1,2,2,2,2,,,,,,,,,,,,,,,,,,,,,,,,,,,,,,,,,,,,,2,,2,3,2,2,2,3,3,1,,2,1,2,,1,2,1,1,2,1,2
350803,2,19,6,3,2,5,2,1,1,1,1,1,1,1,1,1,3,1,2,2,2,1,1,1,2,1,2,1,2,1,1,,1,,2,2,2,2,1,1,6,1,2,2,120,2,2,1,2,1,2,2,1,1,4,30,1,2,2,1,2,2,2,2,2,2,,,,,,,,,,,,,,,,,,,2,15,1,2,60,2,,2,3,2,1,1,3,3,1,,1,1,1,2,1,1,1,1,1,1,2
350904,2,57,3,3,3,4,2,1,1,2,,1,2,1,1,1,3,1,2,2,2,2,1,1,2,1,1,1,1,2,2,2,2,2,2,1,2,2,1,1,,,,,,,,,,,,,,,,,,,,,,,,,,,1,2,2,5,1,0,0,0,0,0,0,1,0,1,,,,,1,30,1,1,120,1,6,3,1,2,1,3,3,1,1,,1,1,2,,1,3,1,1,1,1,1
351102,2,79,0,,3,5,1,1,1,2,,2,2,1,1,2,1,1,2,2,3,1,1,2,2,1,1,1,2,,,,,,,,,,,,,,,,,,,,,,,,,,,,,,,,,,,,,,,,,,,,,,,,,,,,,,,,,,,,,,,,,,,,,,,,,,,,,,,,,,
351203,2,66,5,2,1,2,1,1,2,2,,2,2,2,,,1,1,2,2,2,1,3,3,3,3,2,2,1,2,2,2,1,,2,2,2,2,2,1,,,,,,,,,,,,,,1,4,20,2,2,2,2,1,2,2,2,2,2,,,,,,,,,,,,,,,,,,,,,,1,60,2,,1,2,2,2,2,3,3,1,,2,2,2,,2,,1,1,1,1,2
351304,2,32,3,3,3,4,1,1,1,2,,2,2,1,1,2,7,1,2,2,1,1,1,1,1,1,1,1,1,2,2,1,2,1,2,1,2,2,1,1,1,1,2,2,15,1,2,2,2,2,2,1,1,5,2,15,1,2,2,2,2,2,2,1,2,2,1,2,1,20,1,1,0,0,0,0,0,0,0,1,,,,,2,60,1,1,120,1,6,4,3,1,1,3,3,1,1,,2,2,2,,2,,1,1,1,1,1
351401,2,58,8,5,2,4,1,1,1,1,1,2,2,1,1,2,3,1,2,2,1,1,1,1,1,1,1,1,2,1,1,,2,2,2,2,2,2,2,1,3,2,1,1,45,1,2,2,1,1,2,2,2,,,,,,,,,,,,,,,,,,,,,,,,,,,,,,,,,,,1,15,1,7,2,3,2,1,1,3,3,1,,2,1,1,2,1,3,1,1,1,1,1
351603,2,39,3,3,1,1,1,2,2,2,,2,2,2,,,2,1,2,2,1,1,1,2,2,1,1,1,2,2,2,1,2,2,2,2,2,2,1,1,10,2,1,2,10,2,1,2,2,2,2,2,4,,,,,,,,,,,,,,,,,,,,,,,,,,,,,,,,2,3,1,1,8,2,,3,3,2,2,1,3,3,3,,2,2,2,,2,,1,1,1,1,2
351704,2,62,3,3,5,8,2,1,1,1,1,1,2,1,1,2,3,1,1,2,1,1,2,3,2,1,1,2,1,2,2,1,2,2,2,2,2,2,2,1,1,2,1,2,10,1,2,2,2,1,2,2,3,,,,,,,,,,,,,,,,,,,,,,,,,,,,,,,,,,,2,15,2,,2,3,2,2,3,3,3,1,,2,2,2,,2,,1,1,1,1,1
351801,2,77,2,6,4,5,2,1,1,1,2,1,2,1,1,1,4,1,2,2,1,1,1,1,1,1,1,1,2,1,1,,1,,2,2,2,2,2,1,4,2,1,1,30,1,2,2,1,2,2,2,2,2,2,20,1,2,2,1,2,2,2,1,1,2,,,,,,,,,,,,,,,,,,,,,,1,25,2,,2,3,2,2,1,3,3,1,,1,1,2,,1,1,1,1,1,1,1
352003,1,34,8,5,1,2,1,1,1,2,,1,1,1,1,1,1,1,2,2,1,1,1,1,1,1,1,1,2,2,2,1,2,1,2,2,1,,1,1,4,2,1,3,60,2,1,2,2,2,2,2,2,1,4,10,1,1,2,2,2,2,2,2,2,2,,,,,,,,,,,,,,,5,30,1,2,2,30,1,1,120,2,,3,4,2,1,2,3,3,1,,2,2,2,,1,1,1,9,9,2,2
352104,2,64,5,2,2,4,2,1,1,1,2,1,2,1,1,2,2,1,2,2,1,1,1,1,1,1,1,1,2,1,1,,1,,1,,2,1,1,1,6,2,1,2,75,2,2,2,2,1,1,2,3,4,2,20,1,1,1,2,2,2,2,2,2,2,1,2,4,10,1,1,1,1,1,1,1,1,0,1,5,10,2,1,2,20,2,1,10,2,,4,4,1,1,1,3,3,1,,2,1,1,2,1,2,1,2,2,1,2
352302,2,27,6,3,2,9,1,1,1,2,,2,2,2,,,6,1,2,2,2,1,1,1,1,1,1,1,1,2,2,2,2,2,2,2,2,2,2,1,,,,,,,,,,,,,,,,,,,,,,,,,,,,,,,,,,,,,,,,,,,,,,,,1,60,,,,,,,,,,,1,2,2,2,,2,,1,1,1,2,2
352403,2,27,3,3,2,3,1,1,2,2,,2,2,2,,,4,1,2,2,2,1,1,1,1,1,1,1,1,1,1,,2,2,2,2,2,2,1,1,1,2,1,2,30,1,2,2,1,2,2,2,3,,,,,,,,,,,,,,,,,,,,,,,,,,,,,,,,3,30,2,1,30,2,,3,2,2,1,3,3,3,1,,2,2,2,,2,,1,1,2,1,1
352504,1,33,2,6,2,4,0,1,2,2,,2,2,2,,,4,1,1,2,1,1,1,1,2,1,2,1,1,2,2,1,2,2,2,2,2,1,1,1,1,2,1,2,20,1,2,2,2,2,1,2,3,,,,,,,,,,,,,,,,,,,,,,,,,,,,5,10,2,1,2,60,1,1,30,2,,1,2,1,1,2,3,1,3,,2,2,2,,1,1,1,1,1,1,2
352601,1,25,6,3,2,3,1,1,2,2,,2,2,2,,,4,1,2,2,1,1,1,2,2,2,1,1,2,1,2,1,2,1,2,1,1,,1,1,4,2,1,3,180,2,1,2,2,1,2,2,3,2,3,30,1,2,1,2,2,2,2,2,2,2,1,2,7,60,1,1,0,0,0,0,1,1,0,1,3,180,1,1,1,180,1,1,120,2,,3,3,1,1,1,3,3,1,,1,1,1,2,1,1,1,1,1,1,1
352702,2,26,6,3,3,4,1,1,1,2,,1,2,1,1,2,4,1,2,2,1,1,1,1,2,1,2,2,2,2,2,1,1,,2,1,1,,1,1,7,1,2,3,30,2,1,2,1,2,2,2,4,2,3,30,1,2,2,1,2,2,2,2,2,2,1,2,3,30,1,0,0,1,0,0,0,0,0,1,2,60,1,2,1,30,1,1,60,2,,2,1,2,1,1,3,1,1,,2,1,2,,1,2,1,1,1,1,1
352803,2,19,6,3,2,5,1,1,1,2,,1,2,1,1,2,4,1,2,2,1,1,1,1,1,1,1,1,2,2,2,2,2,2,2,2,2,2,2,1,,,,,,,,,,,,,,,,,,,,,,,,,,,,,,,,,,,,,,,,,,,,,,,,1,60,,,,,,,,,,,2,2,2,2,,1,1,1,1,1,1,1
352904,2,50,3,3,1,3,0,1,2,2,,2,2,1,1,2,1,1,2,2,2,1,1,1,1,1,1,1,1,2,2,2,2,2,2,2,2,2,2,1,,,,,,,,,,,,,,,,,,,,,,,,,,,,,,,,,,,,,,,,,,,,,,,,1,60,,,,,,,,,,,3,2,2,2,,2,,1,2,2,2,2
353001,2,29,3,3,1,4,1,2,1,1,1,2,2,1,1,2,4,1,2,2,1,1,1,1,2,1,1,1,2,2,2,2,2,2,2,2,2,2,2,1,,,,,,,,,,,,,,,,,,,,,,,,,,,,,,,,,,,,,,,,,,,,,,,,1,120,,,,,,,,,,,4,2,2,2,,2,,1,1,1,2,2
353102,1,22,3,3,4,6,2,1,1,1,1,2,2,1,1,2,6,1,2,2,1,1,1,1,1,1,1,1,2,1,1,,2,1,2,2,2,1,1,1,1,2,1,2,60,1,2,2,1,2,2,2,3,1,4,15,1,1,2,2,2,2,2,2,2,2,,,,,,,,,,,,,,,2,10,1,2,2,30,1,2,30,1,6,3,4,2,1,1,3,3,1,,2,1,1,2,1,1,1,1,1,1,1
353203,2,39,3,3,3,5,1,1,1,1,1,2,2,1,1,2,7,1,2,2,1,1,1,1,1,1,1,1,2,2,2,1,1,,2,2,2,2,2,1,5,2,1,3,20,1,2,2,2,1,2,2,4,3,5,20,1,2,2,2,2,2,2,2,1,2,,,,,,,,,,,,,,,,,,,,,,1,60,2,,2,1,2,2,2,3,3,1,,1,2,2,,2,,1,2,1,1,1
353304,2,19,6,1,3,5,1,1,1,1,1,2,1,2,,,4,1,2,2,2,3,1,1,2,1,2,2,1,1,1,,2,2,2,2,2,2,2,1,1,2,1,3,30,1,2,2,2,1,2,2,3,,,,,,,,,,,,,,,,,,,,,,,,,,,,,,,,,,,2,60,2,,3,2,2,1,3,3,1,1,,2,2,2,,2,,1,1,2,1,1
353401,2,12,2,6,2,3,1,2,1,2,,2,2,1,1,2,3,1,2,2,1,1,1,1,1,1,1,1,2,2,2,1,2,2,2,2,1,,1,1,3,2,1,2,25,1,2,2,2,1,2,2,3,,,,,,,,,,,,,,,,,,,,,,,,,,,,2,25,2,1,3,10,2,1,180,2,,2,3,1,2,1,3,3,1,,2,2,2,,1,1,1,1,1,1,2
353502,1,61,5,2,3,4,1,1,1,1,1,2,2,2,,,4,1,1,2,2,1,1,1,1,1,1,1,2,2,2,1,1,,2,2,2,2,2,2,1,2,1,3,30,1,2,2,2,1,1,2,4,3,3,20,1,2,2,2,1,2,2,2,2,2,,,,,,,,,,,,,,,,,,,,,,,,2,,4,3,2,2,3,3,3,2,,2,2,2,,2,,1,1,1,1,1
353603,2,30,6,3,3,8,2,1,1,1,1,1,2,1,1,1,4,1,2,2,1,1,1,1,1,1,1,1,1,2,2,2,2,2,2,2,2,2,2,1,,,,,,,,,,,,,,,,,,,,,,,,,,,,,,,,,,,,,,,,,,,,,,,,1,120,,,,,,,,,,,4,2,2,2,,2,,1,2,2,1,1
353704,2,28,8,4,1,3,1,1,1,1,1,2,1,1,1,2,2,1,2,2,1,2,1,1,1,1,1,1,2,1,1,,1,,2,2,1,,1,1,1,2,1,2,60,1,2,2,2,1,2,2,2,2,4,120,1,2,2,2,1,2,2,1,2,2,,,,,,,,,,,,,,,1,60,1,2,3,60,1,1,30,1,5,3,4,2,1,2,3,3,1,,1,1,1,1,1,2,1,1,1,1,1
353801,2,30,6,3,4,5,1,1,1,1,1,1,2,1,1,2,6,1,2,2,1,1,1,1,1,1,1,1,1,1,2,2,2,2,2,2,2,2,2,1,,,,,,,,,,,,,,,,,,,,,,,,,,,,,,,,,,,,,,,,,,,,,,,,1,20,,,,,,,,,,,1,2,2,2,,2,,1,2,1,1,1
353902,1,40,6,3,2,4,1,1,1,1,1,1,2,1,1,1,3,1,2,2,1,1,1,1,1,1,2,1,2,1,1,,2,2,1,,2,2,1,1,2,2,1,2,30,1,1,2,1,2,2,2,1,,,,,,,,,,,,,,1,2,7,20,1,0,1,0,0,0,0,0,0,1,,,,,1,40,1,1,180,1,6,2,2,2,1,1,3,3,1,,2,1,2,,1,1,1,1,1,1,1
354003,2,53,0,,2,3,1,1,1,1,1,2,2,2,,,3,1,2,2,3,2,1,1,2,1,1,1,2,1,1,,2,2,2,2,2,2,2,1,1,2,1,2,45,1,2,2,1,2,2,2,2,,,,,,,,,,,,,,,,,,,,,,,,,,,,,,,,,,,1,10,2,,2,2,2,2,2,3,1,3,,2,2,2,,2,,2,,,,
354104,2,59,2,6,1,1,1,1,1,2,,2,2,2,,,1,1,2,2,2,1,2,3,1,1,1,1,2,2,2,2,2,2,2,2,2,2,2,2,,,,,,,,,,,,,,,,,,,,,,,,,,,,,,,,,,,,,,,,,,,,,,,,,,,,,,,,,,,,1,2,2,2,,2,,1,9,9,9,9
354201,2,43,2,6,3,4,1,1,2,2,,2,2,1,1,2,4,1,2,2,1,1,1,1,1,1,1,1,2,,,,,,,,,,,,,,,,,,,,,,,,,,,,,,,,,,,,,,,,,,,,,,,,,,,,,,,,,,,,,,,,,,,,,,,,,,,,,,,,,,
354302,1,46,3,3,2,3,1,1,1,2,,1,2,1,1,2,2,1,2,2,2,1,1,1,1,1,1,1,1,2,2,2,2,2,2,2,2,2,2,1,,,,,,,,,,,,,,,,,,,,,,,,,,,,,,,,,,,,,,,,,,,,,,,,1,20,,,,,,,,,,,1,2,2,2,,2,,1,2,2,2,2
354403,2,27,6,3,2,3,1,1,1,1,1,2,2,1,1,2,3,1,2,2,1,1,1,1,2,1,2,1,2,1,1,,2,1,2,2,2,2,2,1,1,1,2,3,60,1,2,2,2,1,2,2,1,3,4,60,1,2,2,1,2,2,2,2,2,2,,,,,,,,,,,,,,,,,,,,,,1,30,2,,2,2,2,1,2,3,3,3,,2,2,1,2,2,,1,1,1,1,2
354504,2,19,6,3,2,3,1,1,1,2,,2,2,1,1,2,4,1,2,2,1,1,1,1,1,1,1,1,1,2,2,1,2,2,2,2,2,2,2,1,4,1,2,2,40,2,2,1,2,2,2,2,1,,,,,,,,,,,,,,,,,,,,,,,,,,,,,,,,,,,1,240,1,5,2,2,2,1,2,3,3,1,,1,1,1,2,1,1,1,1,1,1,1
354601,2,32,2,6,1,2,0,1,2,2,,2,2,2,,,4,1,2,2,1,1,1,1,1,1,1,1,1,1,1,,2,2,2,2,2,2,1,1,7,2,1,2,90,2,2,1,2,2,2,2,2,,,,,,,,,,,,,,,,,,,,,,,,,,,,,,,,2,30,1,3,20,2,,2,1,1,1,1,3,3,3,,2,2,2,,1,1,1,2,1,2,1
354702,2,41,3,3,2,3,1,1,1,2,,2,2,1,1,2,5,1,2,2,2,1,1,1,1,1,1,1,2,2,2,1,2,2,2,2,2,2,2,1,3,2,1,2,5,2,1,2,2,2,2,2,2,,,,,,,,,,,,,,,,,,,,,,,,,,,,,,,,,,,1,15,1,3,1,2,2,1,2,3,1,1,,2,1,2,,2,,1,2,2,2,2
354803,2,50,5,2,1,2,1,1,1,2,,2,2,2,,,2,1,2,2,1,1,1,1,1,1,1,1,2,2,2,2,2,2,2,2,2,2,2,1,,,,,,,,,,,,,,,,,,,,,,,,,,,,,,,,,,,,,,,,,,,,,,,,1,30,,,,,,,,,,,3,2,2,1,2,1,1,1,1,1,1,1
354904,2,47,3,3,2,3,1,1,1,2,,1,2,2,,,6,1,2,2,3,2,3,3,1,2,1,1,1,2,2,2,2,2,2,2,2,2,2,2,,,,,,,,,,,,,,,,,,,,,,,,,,,,,,,,,,,,,,,,,,,,,,,,,,,,,,,,,,,,6,2,2,2,,2,,1,2,2,2,2
355102,2,65,2,6,2,4,2,2,1,2,,2,2,1,1,2,2,1,2,2,2,2,2,3,2,1,1,1,2,2,2,2,2,2,2,2,2,2,2,1,,,,,,,,,,,,,,,,,,,,,,,,,,,,,,,,,,,,,,,,,,,,,,,,2,30,,,,,,,,,,,1,2,1,2,,2,,1,2,2,2,2
355203,2,29,3,3,1,1,1,2,2,2,,2,2,2,,,4,1,2,2,1,1,1,1,1,1,1,1,2,2,2,1,2,2,1,,2,2,2,1,3,1,2,3,15,1,2,2,2,1,2,2,2,,,,,,,,,,,,,,2,1,1,30,1,0,0,0,0,0,0,1,0,3,,,,,,,,1,120,2,,2,3,2,1,3,3,3,1,,1,1,1,2,1,1,1,1,1,1,1
355401,2,39,3,3,1,2,1,1,1,2,,2,2,1,1,2,7,1,2,1,2,2,1,1,1,1,1,1,1,2,2,2,2,2,2,2,2,2,1,1,,,,,,,,,,,,,,,,,,,,,,,,,,,,,,,,,,,,,,,,,,,,,1,60,1,1,30,1,6,2,2,2,1,3,3,3,1,,2,1,1,1,1,2,1,2,1,1,1
355502,1,18,6,1,1,2,1,2,1,2,,2,2,1,1,2,4,1,2,2,1,1,1,1,2,2,2,3,1,2,2,2,2,2,2,2,2,2,1,1,,,,,,,,,,,,,,,,,,,,,,,,,,,,,,,,,,,,,,,,,,,,,1,5,1,1,60,1,4,1,1,2,1,1,3,1,3,,1,2,1,2,1,1,1,1,1,1,1
355603,2,15,3,1,2,3,1,2,2,2,,2,2,2,,,3,1,2,2,1,1,1,1,1,1,1,1,1,1,1,,2,2,2,2,2,2,1,1,10,2,1,2,120,1,2,1,2,1,1,2,2,,,,,,,,,,,,,,,,,,,,,,,,,,,,,,,,2,20,1,2,30,2,,2,3,1,2,1,3,3,1,,1,2,1,2,1,1,1,2,2,2,2
355801,2,61,2,6,2,5,4,1,1,2,,1,2,1,1,1,4,1,1,2,1,1,1,1,1,1,1,1,1,2,2,2,2,2,2,2,2,2,2,1,,,,,,,,,,,,,,,,,,,,,,,,,,,,,,,,,,,,,,,,,,,,,,,,1,30,,,,,,,,,,,1,2,2,2,,2,,1,2,1,2,2
355902,1,18,3,3,2,2,1,1,1,1,1,1,1,1,1,1,5,1,2,2,1,1,1,1,1,1,1,1,2,2,2,2,2,2,2,2,2,2,2,1,,,,,,,,,,,,,,,,,,,,,,,,,,,,,,,,,,,,,,,,,,,,,,,,1,160,,,,,,,,,,,1,2,2,2,,2,,1,1,1,1,1
356003,2,58,2,4,1,2,1,1,1,2,,1,2,1,1,1,5,1,1,1,2,1,1,1,1,1,1,1,1,1,1,,1,,2,1,2,2,1,1,2,2,1,3,120,1,2,2,2,1,2,2,2,3,2,30,1,2,2,2,1,2,2,1,2,2,1,2,2,30,1,0,0,1,0,1,0,1,0,1,,,,,1,60,1,5,30,2,,4,3,2,1,1,3,3,1,,2,2,2,,1,9,1,1,1,2,2
356201,2,31,8,5,1,3,1,1,1,1,1,1,2,1,1,2,2,1,2,2,1,1,1,1,1,1,1,1,2,1,1,,2,2,2,1,2,2,1,1,3,2,1,3,60,1,2,1,2,2,1,2,2,,,,,,,,,,,,,,1,2,1,15,2,0,0,0,1,1,0,0,0,1,,,,,2,20,1,1,60,2,,4,4,2,1,2,3,3,1,,1,1,1,2,1,3,1,1,1,1,1
356302,2,93,2,4,3,6,1,1,1,2,,2,2,2,,,1,1,2,1,2,1,1,2,1,1,1,1,1,2,2,2,2,2,2,2,2,2,2,2,,,,,,,,,,,,,,,,,,,,,,,,,,,,,,,,,,,,,,,,,,,,,,,,,,,,,,,,,,,,1,2,1,2,,2,,1,2,1,2,2
356403,2,68,6,1,2,5,1,1,1,1,1,1,1,1,1,1,2,1,2,2,1,1,1,2,1,1,1,1,2,1,1,,2,2,2,2,2,2,2,1,2,2,1,1,60,1,2,2,2,1,1,2,2,,,,,,,,,,,,,,,,,,,,,,,,,,,,,,,,,,,1,120,2,,3,3,2,2,3,3,3,1,,2,2,1,2,2,,1,2,2,2,2
356601,2,81,2,2,1,3,1,1,2,2,,2,2,2,,,1,1,2,2,1,2,1,1,1,1,1,1,2,2,2,2,2,2,2,2,2,2,2,2,,,,,,,,,,,,,,,,,,,,,,,,,,,,,,,,,,,,,,,,,,,,,,,,,,,,,,,,,,,,1,2,2,2,,1,9,1,9,1,1,2
356702,1,28,6,3,2,3,2,1,1,1,1,2,2,2,,,4,1,2,2,1,1,1,1,2,1,1,1,2,2,2,2,2,2,1,,2,2,2,1,,,,,,,,,,,,,,,,,,,,,,,,,,,2,1,7,10,1,0,1,0,0,1,0,1,0,3,,,,,,,,1,180,2,,2,1,2,1,2,3,3,3,,1,2,1,2,1,1,1,2,1,1,1
356803,1,91,2,3,2,3,1,1,2,2,,2,2,1,1,2,1,1,2,1,2,2,2,2,1,1,1,1,1,1,1,,2,2,2,1,2,2,2,1,1,2,1,1,20,2,2,2,1,2,2,2,2,,,,,,,,,,,,,,1,2,7,60,2,1,0,0,1,1,0,0,0,1,,,,,,,,1,60,2,,2,2,2,2,2,3,3,1,,2,2,2,,2,,1,2,2,2,2
356904,1,17,3,3,4,6,1,1,1,2,,2,2,1,1,2,7,1,2,2,1,1,1,1,1,1,1,1,1,2,2,2,2,2,2,2,2,2,2,1,,,,,,,,,,,,,,,,,,,,,,,,,,,,,,,,,,,,,,,,,,,,,,,,1,120,,,,,,,,,,,2,1,2,2,,2,,1,2,1,2,2
357001,1,62,3,3,3,4,2,1,1,1,1,1,2,1,1,2,2,1,1,1,1,2,2,2,2,1,2,2,1,1,2,2,2,2,2,1,2,1,1,1,,,,,,,,,,,,,,,,,,,,,,,,,,,1,2,7,30,2,0,0,0,0,1,0,1,0,1,1,30,1,2,1,30,1,1,30,2,,2,3,2,1,1,3,3,1,,2,2,2,,1,1,1,1,1,1,1
357102,1,21,8,2,2,2,1,1,1,1,1,1,2,1,1,2,4,1,2,2,2,1,1,1,2,2,1,1,1,2,2,1,2,2,2,2,1,,1,1,3,1,2,2,90,1,2,1,2,1,2,2,1,,,,,,,,,,,,,,,,,,,,,,,,,,,,2,60,2,1,2,60,1,1,120,1,3,2,3,2,1,1,3,3,3,,2,1,2,,1,2,1,1,1,1,1
357203,2,31,6,3,1,3,1,2,1,2,,2,2,2,,,2,1,2,2,2,1,1,1,1,1,1,1,2,2,2,2,2,2,2,2,2,2,2,1,,,,,,,,,,,,,,,,,,,,,,,,,,,,,,,,,,,,,,,,,,,,,,,,1,300,,,,,,,,,,,3,2,2,1,3,2,,1,2,1,2,1
357401,1,44,3,3,2,4,1,1,1,1,1,2,2,1,1,2,4,1,1,2,1,1,1,1,1,1,1,1,1,1,1,,2,2,1,,2,2,2,1,1,2,1,2,30,1,2,2,2,1,2,2,2,,,,,,,,,,,,,,2,1,3,40,1,1,1,1,1,1,1,1,0,3,,,,,,,,1,470,1,6,2,3,2,1,1,3,3,1,,1,1,1,1,1,1,1,2,1,1,1
357502,1,32,2,5,1,1,1,1,1,2,,2,1,1,1,2,4,1,1,2,1,1,1,1,1,1,1,1,1,2,2,1,2,2,2,2,2,2,2,1,1,2,1,4,30,2,2,2,1,2,1,2,3,,,,,,,,,,,,,,,,,,,,,,,,,,,,,,,,,,,1,180,1,6,2,2,2,1,2,3,3,1,,2,2,2,,2,,1,2,1,1,1
357801,1,26,6,3,2,5,2,1,1,1,1,1,2,1,1,2,4,1,2,2,1,1,1,1,1,1,1,1,2,2,1,,2,2,2,2,2,2,2,2,4,2,1,1,60,1,2,2,1,2,2,2,2,,,,,,,,,,,,,,,,,,,,,,,,,,,,,,,,,,,,,2,,3,3,2,1,1,3,3,1,,1,1,1,2,1,2,1,1,1,1,1
357902,2,15,3,2,1,2,1,1,1,2,,2,2,2,,,2,1,1,2,2,1,1,1,2,1,2,2,1,1,1,,2,2,2,2,1,,2,1,4,2,1,2,180,1,2,1,1,1,1,2,3,,,,,,,,,,,,,,,,,,,,,,,,,,,,2,180,2,1,,,,2,10,2,,2,3,1,1,3,3,2,3,,2,2,2,,2,,1,1,2,1,1
358003,2,59,2,6,1,2,1,1,1,1,1,2,2,1,1,2,2,1,1,1,1,1,1,1,1,1,1,1,1,2,2,2,2,2,2,2,2,2,2,1,,,,,,,,,,,,,,,,,,,,,,,,,,,,,,,,,,,,,,,,,,,,,,,,1,60,,,,,,,,,,,1,2,2,2,,2,,1,9,1,1,2
358201,2,47,2,3,2,3,1,1,1,2,,2,2,2,,,4,1,1,2,1,1,1,1,1,1,1,1,2,2,2,2,2,2,2,2,2,2,2,1,,,,,,,,,,,,,,,,,,,,,,,,,,,,,,,,,,,,,,,,,,,,,,,,1,20,,,,,,,,,,,1,2,2,2,,2,,1,2,1,1,1
358302,1,32,3,3,2,3,1,1,1,2,,2,2,1,1,1,3,1,2,2,1,2,1,1,1,1,1,1,2,2,2,2,2,2,2,2,2,2,2,1,,,,,,,,,,,,,,,,,,,,,,,,,,,,,,,,,,,,,,,,,,,,,,,,1,5,,,,,,,,,,,1,2,2,2,,2,,1,1,1,1,1
358403,1,12,2,5,2,3,1,1,1,2,,2,2,1,1,1,3,1,1,2,1,1,1,1,1,1,1,1,1,2,2,2,2,2,2,2,1,,2,2,,,,,,,,,,,,,,,,,,,,,,,,,,,,,,,,,,,,,,,,,3,30,2,1,,,,,,2,,2,2,2,1,2,3,3,1,,2,2,2,,2,,1,1,1,1,2
358504,1,27,6,3,2,3,1,1,1,2,,2,2,1,1,2,3,1,2,2,1,1,1,1,1,1,1,1,2,2,2,1,2,1,2,2,2,2,2,1,1,1,2,3,60,1,1,1,1,2,1,2,1,3,2,60,2,2,2,1,2,1,2,2,2,2,,,,,,,,,,,,,,,,,,,,,,1,120,2,,4,4,2,1,2,3,3,1,,1,1,1,2,1,1,1,1,1,1,1
358601,2,25,6,3,1,2,1,1,1,1,1,2,1,1,1,2,2,1,2,2,1,1,1,1,1,1,1,1,2,2,2,2,2,2,2,2,2,2,1,1,,,,,,,,,,,,,,,,,,,,,,,,,,,,,,,,,,,,,,,,,,,,,2,60,1,1,120,2,,3,3,2,1,2,3,3,3,,2,1,1,2,1,1,1,2,1,2,2
358702,2,73,2,6,2,3,1,1,1,1,1,2,2,2,,,2,1,2,2,2,2,1,2,1,1,1,1,1,1,2,2,2,1,2,2,2,2,2,1,,,,,,,,,,,,,,2,2,10,1,2,2,1,1,1,2,2,2,2,,,,,,,,,,,,,,,,,,,,,,2,30,2,,2,2,1,2,3,3,3,1,,1,1,1,2,1,1,1,2,1,1,1
358803,2,35,8,5,2,4,1,1,1,1,2,1,1,1,1,1,3,1,2,2,1,1,1,1,1,1,1,1,2,1,1,,2,1,2,1,2,2,1,2,6,2,1,2,30,1,2,1,1,1,2,2,3,3,3,10,1,2,1,2,1,2,1,1,1,2,1,2,1,15,2,1,1,0,0,0,0,0,0,1,,,,,2,20,1,,,2,,2,3,2,1,1,3,3,1,,1,1,1,2,1,1,1,2,1,1,1
358904,1,42,8,3,2,4,1,1,1,1,1,1,1,1,1,1,3,1,2,2,1,1,1,1,1,1,1,1,2,2,2,2,2,2,2,2,2,2,1,1,,,,,,,,,,,,,,,,,,,,,,,,,,,,,,,,,,,,,,,,,,,,,2,30,1,1,20,1,3,3,4,2,1,2,3,3,3,,1,1,2,,1,1,1,1,1,1,1
359001,2,45,3,3,1,1,1,1,1,2,,2,2,2,,,1,1,2,2,2,1,1,2,1,1,1,1,2,2,2,2,2,2,2,2,2,2,2,1,,,,,,,,,,,,,,,,,,,,,,,,,,,,,,,,,,,,,,,,,,,,,,,,1,180,,,,,,,,,,,2,2,2,2,,2,,1,2,1,2,2
359102,1,45,3,3,1,2,1,1,1,2,,2,2,1,1,2,3,1,2,1,1,1,1,1,1,1,1,1,1,2,2,1,2,2,1,,1,,1,1,2,2,1,2,30,2,1,2,1,2,2,2,2,,,,,,,,,,,,,,2,1,2,20,1,1,1,1,1,1,0,0,0,2,2,30,2,1,2,15,1,1,120,1,5,2,3,2,1,1,3,3,1,,1,2,2,,2,,1,2,2,2,2
359203,1,21,8,2,3,5,1,1,1,1,1,1,1,1,1,1,3,1,2,2,1,3,1,1,1,1,1,1,2,2,2,1,2,1,1,,1,,1,1,5,2,1,3,20,1,2,1,2,2,1,2,2,1,3,10,1,2,1,2,2,2,2,2,2,2,2,1,1,10,1,1,0,0,0,0,0,0,0,3,1,68,1,2,1,20,1,5,10,1,3,3,3,2,1,2,3,3,1,,2,2,2,,1,1,1,2,1,2,2
359401,2,55,5,3,2,4,1,1,1,1,1,1,2,1,1,1,2,1,2,1,2,1,1,1,1,1,1,1,1,1,1,,2,2,2,1,2,2,1,1,2,2,1,4,60,1,1,2,2,2,1,2,3,,,,,,,,,,,,,,1,2,3,15,1,0,0,0,0,0,0,1,0,1,,,,,2,15,1,1,60,2,,3,3,2,1,1,3,3,1,,2,2,2,,1,1,1,2,2,2,2
359502,2,41,8,4,1,2,1,1,2,2,,1,1,1,1,1,3,1,2,2,2,1,1,1,2,1,1,1,2,2,2,1,2,2,1,,2,2,1,1,1,2,1,2,30,1,2,2,1,2,2,2,3,,,,,,,,,,,,,,2,1,1,3,2,1,0,0,1,0,1,0,0,3,,,,,2,30,1,1,120,2,,2,3,1,1,3,3,1,1,,1,1,1,1,1,3,1,1,1,1,1
359603,2,16,6,1,2,3,1,1,1,2,,1,2,2,,,3,1,1,2,2,1,1,1,2,1,1,1,1,2,2,2,1,,2,2,1,,2,1,,,,,,,,,,,,,,2,4,20,1,1,2,2,2,2,2,1,2,2,,,,,,,,,,,,,,,2,20,1,2,,,,1,20,2,,3,4,2,1,2,3,3,1,,1,1,1,2,1,1,1,1,1,1,1
359704,2,53,6,3,1,2,1,1,2,2,,2,2,2,,,1,1,1,2,1,1,1,1,1,1,1,1,1,1,1,,2,2,2,2,2,2,1,1,2,2,1,1,10,1,2,2,1,2,2,2,2,,,,,,,,,,,,,,,,,,,,,,,,,,,,,,,,1,10,1,1,30,2,,4,4,2,2,1,3,3,1,,2,2,2,,2,,1,1,1,1,1
359801,1,58,10,2,1,4,1,1,1,1,1,1,2,1,1,2,1,1,2,2,1,1,1,1,1,1,1,1,2,1,1,,2,2,1,,2,2,1,1,9,2,1,1,90,1,2,1,2,1,1,2,3,,,,,,,,,,,,,,1,2,7,20,1,1,0,0,0,0,0,1,0,1,,,,,1,30,1,1,20,2,,4,3,2,1,2,3,3,1,,2,1,1,2,1,5,1,1,1,1,1
359902,2,51,6,3,2,5,1,1,1,1,2,1,1,1,1,1,3,1,1,2,2,1,1,1,1,1,1,1,1,2,2,1,1,,2,2,2,1,1,1,1,2,1,5,150,1,2,2,2,1,1,2,3,1,4,10,1,2,2,2,2,2,2,2,1,2,,,,,,,,,,,,,,,5,60,2,1,1,240,1,1,240,1,3,2,3,2,1,2,3,3,1,,2,2,2,,1,2,1,1,1,1,1
360104,1,65,8,4,3,5,2,1,1,1,2,1,1,1,1,2,3,1,2,2,2,1,1,1,1,1,1,1,2,1,1,,2,2,2,2,2,2,2,1,1,2,1,3,120,1,2,2,2,2,1,2,2,,,,,,,,,,,,,,,,,,,,,,,,,,,,,,,,,,,1,60,2,,2,3,2,1,3,3,3,1,,1,1,1,3,1,2,1,1,1,1,1
360201,1,54,8,1,2,6,2,1,1,1,1,1,2,1,1,1,2,1,2,2,2,1,1,1,1,1,1,1,2,2,2,2,2,2,2,2,2,2,2,1,,,,,,,,,,,,,,,,,,,,,,,,,,,,,,,,,,,,,,,,,,,,,,,,1,180,,,,,,,,,,,1,2,2,2,,2,,1,2,1,2,2
360403,2,55,3,3,2,5,2,1,1,2,,2,2,2,,,4,1,2,2,2,1,2,2,1,1,1,3,1,1,1,,2,2,2,1,2,2,2,1,1,2,1,3,30,1,2,1,2,2,2,2,2,,,,,,,,,,,,,,2,1,1,15,2,0,0,1,0,0,0,0,0,3,,,,,,,,1,60,2,,1,1,2,1,3,3,3,1,,1,1,1,1,1,2,1,1,1,1,1
360504,2,19,6,3,2,5,1,1,1,1,1,1,2,1,1,2,3,1,2,2,1,1,1,1,2,1,1,1,2,1,1,,2,2,1,,2,2,1,1,1,1,2,3,60,1,2,2,1,1,2,2,1,,,,,,,,,,,,,,2,1,1,30,2,1,0,0,1,0,0,0,0,2,,,,,2,60,1,1,600,1,5,2,2,2,1,1,3,3,1,,2,2,1,2,1,1,1,1,1,1,1
360601,1,32,8,4,3,4,2,1,1,1,1,1,2,1,1,2,3,1,2,2,1,1,1,1,1,1,1,1,2,2,2,2,2,2,2,2,2,2,1,1,,,,,,,,,,,,,,,,,,,,,,,,,,,,,,,,,,,,,,,,,,,,,1,30,1,1,120,2,,3,3,2,1,3,3,3,1,,2,2,2,,1,1,1,2,1,2,2
360904,2,70,3,2,2,5,2,1,1,1,1,2,2,1,1,1,2,1,2,2,2,1,1,1,2,1,1,1,1,1,1,,2,2,2,2,2,2,1,1,1,2,1,3,15,1,2,2,2,2,1,2,4,,,,,,,,,,,,,,,,,,,,,,,,,,,,,,,,1,60,1,1,120,2,,2,3,2,2,2,3,3,1,,2,2,2,,2,,1,1,1,1,2
361001,1,29,6,3,2,4,1,1,1,1,1,2,2,1,1,2,4,1,2,2,1,1,1,1,1,1,1,1,2,2,2,2,2,2,2,2,2,2,1,1,,,,,,,,,,,,,,,,,,,,,,,,,,,,,,,,,,,,,,,,,,,,,2,30,1,1,180,2,,4,3,2,1,2,3,3,3,,2,2,2,,1,1,1,1,1,1,1
361102,1,55,3,3,3,4,2,1,1,2,,2,1,1,1,2,3,1,2,2,2,1,1,1,1,1,1,1,2,1,1,,2,1,2,1,2,2,2,1,1,2,1,1,60,1,2,2,1,2,2,2,2,2,2,2,1,2,2,2,2,1,2,2,2,2,1,2,2,5,1,1,0,0,0,0,0,0,0,1,,,,,,,,1,60,1,1,3,3,2,1,2,3,3,3,,2,1,2,,2,,1,2,2,2,2
361203,1,54,3,3,1,2,1,1,1,2,,2,2,2,,,1,1,2,1,2,1,1,1,1,1,1,1,1,2,2,2,2,2,1,,2,2,2,1,,,,,,,,,,,,,,,,,,,,,,,,,,,2,1,7,50,1,0,0,0,1,0,0,0,0,3,,,,,,,,1,15,2,,3,3,1,2,2,3,3,1,,2,2,1,1,1,1,1,1,1,1,2
361304,1,33,8,3,2,4,2,1,1,1,1,1,1,1,1,1,4,1,1,2,1,1,1,1,1,1,1,1,2,1,1,,1,,2,1,1,,1,1,2,1,2,2,30,1,2,2,2,1,2,2,1,3,2,20,1,1,1,2,2,2,2,2,2,2,1,2,7,15,1,1,0,0,1,1,0,0,0,1,3,30,1,2,1,10,1,1,120,2,,3,3,2,1,2,3,3,1,,1,2,2,,1,1,1,2,1,2,2
361401,1,51,8,1,2,3,1,1,1,2,,1,2,1,1,1,3,1,2,2,2,1,1,1,1,1,1,1,2,1,1,,2,2,2,2,2,2,2,1,4,2,1,2,40,2,1,1,1,2,1,2,2,,,,,,,,,,,,,,,,,,,,,,,,,,,,,,,,,,,1,60,1,6,3,3,2,1,2,3,3,1,,1,1,2,,1,1,1,1,1,1,1
361502,1,39,6,1,2,3,1,1,1,1,1,1,2,1,1,1,3,1,2,2,1,1,1,1,2,1,1,1,2,2,2,2,2,2,2,2,2,2,2,1,,,,,,,,,,,,,,,,,,,,,,,,,,,,,,,,,,,,,,,,,,,,,,,,1,120,,,,,,,,,,,1,2,1,2,,1,2,1,2,2,1,2
361603,1,33,6,3,2,3,1,1,1,2,,2,2,1,1,1,4,1,1,2,2,1,1,1,2,1,1,1,2,2,2,1,2,1,2,2,2,2,2,1,1,1,2,5,120,1,2,2,2,1,2,2,2,1,5,30,1,2,2,2,2,2,2,2,2,1,,,,,,,,,,,,,,,,,,,,,,5,30,2,,2,3,2,1,3,3,3,1,,2,1,2,,1,1,1,2,1,1,1
361704,2,29,6,1,2,3,1,1,1,2,,2,2,1,1,1,2,1,1,2,1,1,1,1,2,1,1,1,2,2,2,1,1,,2,1,1,,2,1,2,2,1,2,30,1,2,2,2,1,2,2,2,1,5,30,1,2,2,2,2,2,1,1,1,2,1,2,1,15,2,0,1,0,0,0,0,0,0,3,4,15,1,2,,,,1,180,2,,4,3,2,1,3,3,3,1,,2,2,2,,2,,1,1,1,1,2
362003,1,46,7,3,2,4,2,1,1,1,1,1,1,1,1,1,4,1,1,2,1,1,1,1,1,1,1,1,2,2,2,1,1,,2,1,1,,1,1,1,2,1,2,60,2,2,1,2,2,1,2,2,3,4,30,2,2,2,2,2,2,2,2,1,2,1,2,7,15,1,0,0,0,0,0,0,0,1,1,5,10,2,1,2,25,1,1,180,2,,4,4,2,1,2,3,3,1,,1,1,1,1,1,4,1,1,1,1,1
362201,2,36,6,3,1,3,1,1,1,2,,2,2,1,1,2,3,1,2,2,1,1,1,1,1,1,1,1,1,1,1,,2,1,2,2,1,,1,1,1,2,1,2,15,1,2,2,1,2,2,2,2,1,5,10,1,2,2,2,1,2,2,2,2,2,,,,,,,,,,,,,,,5,15,1,1,3,15,1,1,20,2,,2,2,1,1,1,3,2,1,,2,2,2,,1,1,1,1,1,1,1
362302,2,23,3,3,2,2,1,2,2,2,,2,2,2,,,5,1,2,2,1,1,1,1,1,1,1,1,1,1,2,2,2,2,2,2,2,2,1,1,,,,,,,,,,,,,,,,,,,,,,,,,,,,,,,,,,,,,,,,,,,,,2,20,1,1,60,2,,3,2,2,1,3,3,3,3,,2,1,2,,1,1,1,2,1,1,1
362403,2,47,2,6,2,4,1,1,1,2,,2,2,2,,,4,1,1,2,1,1,1,1,1,1,1,1,2,1,1,,1,,2,1,1,,2,2,1,2,1,2,60,1,1,2,2,2,2,2,3,3,2,3,1,2,2,1,2,2,2,2,2,2,2,1,2,20,1,0,0,0,0,0,1,0,0,3,5,15,2,1,,,,,,1,3,2,3,1,2,2,3,3,1,,1,2,1,2,1,1,1,1,1,1,1
362504,1,36,6,2,1,1,1,2,1,2,,2,2,2,,,3,1,2,2,1,1,1,1,1,1,1,1,2,2,2,2,2,2,2,2,2,2,2,1,,,,,,,,,,,,,,,,,,,,,,,,,,,,,,,,,,,,,,,,,,,,,,,,1,120,,,,,,,,,,,3,2,2,2,,2,,1,2,1,2,2
362601,2,31,8,4,1,1,1,1,1,2,,2,2,1,1,1,2,1,2,2,3,1,1,1,1,1,1,1,2,1,1,,2,2,2,2,2,2,1,1,2,2,1,2,60,1,2,2,1,1,2,2,3,,,,,,,,,,,,,,,,,,,,,,,,,,,,,,,,2,180,1,1,90,2,,2,3,2,1,2,3,1,1,,1,1,1,1,1,2,1,2,1,2,1
362702,1,63,6,1,1,2,1,2,2,2,,2,2,1,1,2,1,1,2,2,2,1,2,1,2,1,1,2,1,1,1,,2,2,2,2,2,2,2,1,1,2,1,2,15,2,2,2,1,2,2,2,3,,,,,,,,,,,,,,,,,,,,,,,,,,,,,,,,,,,1,10,2,,1,3,2,2,1,3,3,1,,1,1,1,2,1,1,1,1,1,1,2
362803,2,28,8,4,1,2,1,1,2,2,,2,2,1,1,1,1,1,1,2,1,2,1,1,2,1,1,1,2,2,2,1,2,2,2,2,2,2,2,1,2,1,1,1,30,1,1,1,2,1,2,2,2,,,,,,,,,,,,,,,,,,,,,,,,,,,,,,,,,,,1,180,1,5,1,3,2,1,3,3,1,1,,2,1,2,,1,1,1,2,1,2,1
362904,2,24,8,4,2,4,1,1,1,1,1,2,1,1,1,1,4,1,2,2,1,1,1,1,1,1,1,1,2,1,2,1,2,1,1,,1,,2,1,3,2,1,2,30,2,2,2,2,1,2,2,3,2,4,2,2,2,2,2,2,2,2,2,1,2,2,1,1,20,2,0,0,0,0,0,0,1,0,3,2,20,2,1,,,,1,180,2,,2,2,2,1,2,3,3,1,,2,1,1,2,1,3,1,1,1,1,1
363001,2,51,3,3,2,3,2,1,2,2,,2,2,2,,,3,1,2,2,1,1,1,1,1,1,1,1,2,1,2,1,1,,2,2,1,,1,1,6,1,2,2,60,1,1,2,1,1,1,2,1,1,2,60,1,2,2,1,2,2,2,2,2,2,,,,,,,,,,,,,,,2,60,1,2,1,120,1,1,60,2,,4,3,2,1,1,3,3,1,,2,2,2,,1,1,1,9,1,1,1
363102,1,33,2,6,3,4,3,1,1,2,,2,2,1,1,2,12,1,2,2,1,1,1,1,1,1,1,1,2,1,1,,2,2,2,2,2,2,2,1,1,2,1,1,30,1,2,2,1,2,2,2,3,,,,,,,,,,,,,,,,,,,,,,,,,,,,,,,,,,,1,120,2,,3,3,2,2,2,3,3,1,,2,1,2,,1,1,1,2,1,2,2
363203,2,57,8,4,2,5,1,1,1,1,1,1,2,1,1,1,4,1,2,2,3,1,2,2,1,1,1,1,2,2,2,2,2,2,2,2,2,2,2,1,,,,,,,,,,,,,,,,,,,,,,,,,,,,,,,,,,,,,,,,,,,,,,,,1,120,,,,,,,,,,,2,2,2,2,,1,1,1,2,1,1,2
363304,1,14,3,2,2,3,2,1,1,2,,1,2,1,1,2,6,1,2,2,1,1,1,1,2,1,1,1,2,2,2,1,2,2,2,2,1,,2,2,10,2,1,2,30,2,2,1,2,2,2,2,2,,,,,,,,,,,,,,,,,,,,,,,,,,,,2,30,1,2,,,,,,2,,4,3,2,1,2,3,3,3,,2,1,2,,1,2,1,2,1,1,2
363502,1,36,8,4,2,2,1,1,1,1,1,1,1,1,1,2,4,1,1,2,2,1,1,1,1,1,1,1,1,1,1,,2,1,1,,2,2,1,1,7,1,1,3,30,1,1,1,1,1,1,2,2,3,4,30,1,2,2,1,2,2,1,2,2,2,2,1,1,30,1,0,1,1,0,1,0,1,0,2,,,,,2,20,1,2,30,1,2,3,4,2,1,1,3,3,1,,2,2,2,,1,1,1,1,2,2,1
363603,2,37,3,3,2,4,2,1,1,2,,2,2,1,1,2,4,1,2,2,1,2,1,1,1,1,1,1,2,1,2,2,1,,2,2,2,2,1,1,,,,,,,,,,,,,,2,2,40,1,2,2,2,2,1,2,2,2,2,,,,,,,,,,,,,,,,,,,3,60,1,1,120,2,,2,2,2,1,3,3,3,1,,1,1,1,2,1,2,1,2,1,1,1
363704,1,28,8,4,2,4,1,1,1,2,,1,2,1,1,2,5,1,2,2,1,1,1,1,1,1,1,1,2,2,2,1,2,2,2,2,2,2,1,1,2,1,2,3,60,2,1,2,2,2,1,2,1,,,,,,,,,,,,,,,,,,,,,,,,,,,,,,,,1,30,1,1,180,2,,3,3,2,1,2,3,3,3,,2,2,2,,1,1,1,2,1,2,2
363902,2,29,8,4,1,4,1,1,1,1,1,2,2,1,1,1,3,1,1,2,2,2,1,1,1,1,1,1,2,2,2,1,2,2,2,2,2,2,1,1,1,2,1,1,60,1,2,2,1,2,2,2,3,,,,,,,,,,,,,,,,,,,,,,,,,,,,,,,,2,60,1,1,120,2,,3,2,2,1,2,3,3,3,,1,1,1,2,1,1,1,1,1,1,1
364104,1,32,8,4,2,3,1,1,2,2,,2,2,2,,,4,1,1,2,1,1,1,1,1,1,1,1,1,2,2,2,2,2,2,2,2,2,2,1,,,,,,,,,,,,,,,,,,,,,,,,,,,,,,,,,,,,,,,,,,,,,,,,2,60,,,,,,,,,,,3,1,1,1,2,1,2,1,1,2,1,1
364201,2,43,8,4,2,4,2,1,2,1,2,1,2,1,1,1,4,1,1,2,2,1,1,1,2,1,1,1,1,2,2,1,2,2,2,2,2,2,2,1,2,2,1,1,60,1,1,2,1,2,1,2,2,,,,,,,,,,,,,,,,,,,,,,,,,,,,,,,,,,,2,5,2,,2,3,2,1,3,3,3,1,,2,1,2,,1,1,1,1,1,1,1
364302,2,77,6,3,3,4,2,1,1,2,,2,2,1,1,2,3,1,2,2,2,1,1,2,2,1,1,1,2,2,1,,2,2,2,2,2,2,2,2,4,2,1,2,35,1,2,2,1,1,1,2,3,,,,,,,,,,,,,,,,,,,,,,,,,,,,,,,,,,,,,2,,1,2,1,1,3,3,3,1,,2,1,2,,1,1,1,2,2,2,2
364504,2,37,8,2,1,3,1,1,1,1,1,1,2,1,1,2,3,1,2,2,1,1,1,1,1,1,1,1,2,1,1,,2,2,2,2,1,,1,1,3,2,1,2,30,1,2,2,1,2,2,2,2,,,,,,,,,,,,,,,,,,,,,,,,,,,,2,15,2,1,2,15,1,1,480,2,,4,4,2,1,1,3,3,1,,1,2,2,,1,1,1,1,1,1,1
364601,1,41,8,4,2,4,1,1,1,2,,1,1,1,1,2,5,1,2,2,1,1,1,1,1,1,1,1,2,1,2,2,1,,2,2,2,2,1,1,,,,,,,,,,,,,,3,1,30,1,2,2,2,2,2,1,2,2,2,,,,,,,,,,,,,,,,,,,1,30,1,1,120,2,,4,4,2,1,2,3,3,1,,2,2,2,,1,1,1,2,2,2,2
364702,1,27,2,6,2,3,1,1,1,2,,2,2,1,1,2,6,1,2,2,2,1,1,1,1,1,1,1,2,2,2,2,2,2,2,1,2,1,2,1,,,,,,,,,,,,,,,,,,,,,,,,,,,1,2,1,15,1,1,0,0,0,0,0,1,0,1,2,6,1,2,,,,2,6,2,,2,3,2,1,2,3,3,1,,1,1,1,2,1,1,1,1,1,1,1
364904,1,23,6,1,1,1,1,1,1,2,,2,2,2,,,3,1,2,2,1,1,1,1,1,1,1,1,2,1,1,,2,2,2,2,2,1,2,1,1,2,1,2,15,1,2,2,1,2,2,2,1,,,,,,,,,,,,,,,,,,,,,,,,,,,,2,15,1,2,,,,1,60,1,6,4,1,2,1,1,3,3,3,,1,1,1,2,1,1,1,1,1,1,1
365001,1,47,3,3,1,1,1,2,1,2,,2,2,2,,,2,1,2,2,1,1,1,1,2,1,1,1,2,1,1,,2,2,2,1,2,2,1,1,1,2,1,2,10,2,1,2,1,2,2,2,3,,,,,,,,,,,,,,2,1,2,10,2,0,0,0,0,0,1,1,0,3,,,,,1,15,2,1,60,2,,2,3,2,1,3,3,1,1,,1,1,1,2,1,1,1,2,1,1,1
365102,2,15,3,3,2,3,1,1,1,2,,2,2,1,1,2,7,1,2,2,1,1,1,2,2,1,1,1,2,1,1,,2,1,2,2,1,,1,1,4,2,1,2,180,1,1,1,1,1,1,2,3,2,2,90,2,1,1,1,1,2,1,1,2,2,,,,,,,,,,,,,,,1,180,1,2,2,60,2,1,240,1,8,4,3,2,1,1,3,3,1,,2,2,2,,2,,1,1,1,1,1
365203,2,30,6,1,1,3,1,1,1,1,1,1,2,1,1,2,4,1,1,2,1,1,1,1,1,1,1,1,1,1,1,,1,,2,1,1,,1,1,1,2,1,2,180,1,2,2,2,1,2,2,2,3,2,30,1,2,2,2,2,1,2,2,2,2,1,2,1,10,1,0,0,0,0,0,0,1,0,1,1,120,1,2,2,10,1,1,180,1,8,4,3,2,1,1,3,3,1,,2,1,1,1,1,2,1,1,1,1,1
365304,1,28,2,6,1,1,1,2,1,2,,2,2,2,,,4,1,2,2,1,1,1,1,1,1,1,1,2,2,2,1,2,2,2,2,2,2,2,1,5,2,1,2,20,2,1,2,1,2,2,2,1,,,,,,,,,,,,,,,,,,,,,,,,,,,,,,,,,,,2,10,2,,2,3,2,2,2,3,3,3,,2,1,1,2,1,1,1,1,1,1,1
365502,1,29,6,3,2,4,1,1,1,1,1,1,2,1,1,1,2,1,2,2,1,1,1,1,1,1,1,1,2,2,2,1,1,,2,2,2,2,1,1,4,1,1,2,30,2,1,2,2,2,2,2,2,5,3,40,1,1,1,2,2,2,2,2,2,2,,,,,,,,,,,,,,,,,,,1,60,2,1,120,2,,2,3,2,1,2,3,3,3,,2,1,1,2,1,1,1,1,1,2,1
365603,2,26,8,5,2,6,2,1,1,2,,1,2,1,1,1,2,1,2,2,1,2,1,1,1,1,1,1,2,1,1,,1,,2,1,2,2,1,2,1,1,2,2,20,1,2,2,1,2,2,2,3,1,2,10,1,2,2,1,2,2,2,2,2,2,1,2,3,30,1,1,0,0,0,0,1,0,0,1,,,,,2,15,1,,,2,,3,2,2,1,2,3,1,1,,2,2,2,,1,1,1,1,1,1,1
365704,2,46,8,4,3,5,2,1,1,1,1,1,1,1,1,2,3,1,2,2,3,1,1,1,1,1,1,1,2,1,1,,2,2,2,2,2,2,1,1,3,1,1,2,20,2,2,2,2,2,1,2,3,,,,,,,,,,,,,,,,,,,,,,,,,,,,,,,,2,10,1,1,60,2,,2,3,2,1,1,3,3,1,,2,2,2,,2,,1,2,9,2,2
365801,2,26,8,5,2,3,2,1,2,2,,1,2,1,1,1,2,1,2,2,1,2,1,1,1,1,1,1,2,2,2,1,2,1,2,1,2,2,2,1,1,2,1,2,20,2,2,2,1,2,2,2,3,1,5,10,1,2,2,2,2,2,2,1,2,2,1,2,1,10,1,0,0,0,0,0,0,1,0,1,,,,,,,,1,120,2,,2,3,2,1,3,3,1,1,,2,1,1,2,1,1,1,1,1,1,1
365902,2,34,8,4,1,2,1,1,1,2,,1,2,1,1,1,1,1,2,2,2,1,1,1,1,1,1,1,2,2,2,1,2,2,2,2,2,2,1,1,1,2,1,2,60,1,2,2,1,2,2,2,2,,,,,,,,,,,,,,,,,,,,,,,,,,,,,,,,5,30,2,1,120,1,6,2,2,2,1,3,3,3,1,,1,2,2,,1,1,1,1,1,1,1
366003,1,26,6,3,1,1,1,2,2,2,,1,2,2,,,2,1,1,2,1,1,1,1,1,1,1,1,1,1,2,1,2,2,2,2,2,2,2,1,3,1,1,2,60,2,1,2,2,2,2,2,2,,,,,,,,,,,,,,,,,,,,,,,,,,,,,,,,,,,1,600,2,,2,3,2,1,2,3,3,3,,2,1,1,2,1,4,1,1,1,1,1
366104,1,56,2,6,1,4,2,1,1,1,1,2,2,1,1,2,2,1,2,2,2,1,1,1,1,1,1,1,1,1,2,2,2,2,1,,2,2,2,2,,,,,,,,,,,,,,,,,,,,,,,,,,,2,1,6,60,1,0,0,0,0,1,1,1,0,3,,,,,,,,,,2,,2,2,1,1,2,3,3,1,,2,2,2,,2,,1,1,1,1,1
366201,1,22,6,3,1,1,1,1,2,2,,2,2,1,1,1,1,1,2,1,1,1,1,1,1,1,1,2,1,2,2,2,2,2,2,2,2,2,2,1,,,,,,,,,,,,,,,,,,,,,,,,,,,,,,,,,,,,,,,,,,,,,,,,1,180,,,,,,,,,,,1,2,2,2,,2,,1,2,1,2,2
366302,1,25,6,3,1,1,1,1,2,2,,2,2,1,1,2,1,1,2,2,1,1,1,1,1,1,1,1,1,2,2,1,2,2,2,2,2,1,2,1,10,2,1,1,60,2,1,2,2,2,2,2,1,,,,,,,,,,,,,,,,,,,,,,,,,,,,5,60,1,2,,,,1,240,2,,2,2,2,1,1,3,3,1,,2,2,2,,1,1,1,1,1,1,1
366403,2,36,2,6,1,1,1,1,1,2,,2,2,1,1,2,3,1,2,1,1,1,1,1,1,1,1,1,1,2,2,1,1,,2,2,1,,2,1,10,1,2,3,60,2,2,1,2,2,2,2,1,1,3,30,1,1,2,2,2,2,2,2,2,2,,,,,,,,,,,,,,,3,30,1,2,,,,1,60,1,7,4,2,2,1,3,3,3,1,,1,2,2,,1,1,1,1,1,1,1
366504,1,20,8,2,1,1,0,2,2,2,,1,1,1,1,2,3,1,1,2,2,1,1,1,2,1,1,1,1,1,1,,2,1,2,2,2,2,1,1,3,1,1,2,60,2,2,1,2,2,2,2,1,1,2,30,2,2,2,1,1,2,2,2,2,2,,,,,,,,,,,,,,,,,,,2,30,2,1,120,2,,2,2,2,1,1,3,3,1,,2,2,2,,1,1,1,1,2,1,2
366601,2,40,3,3,1,2,1,1,1,1,1,2,2,1,2,2,4,1,2,2,1,1,1,1,1,1,1,1,1,1,1,,2,2,2,2,2,2,2,1,1,2,1,2,30,1,2,1,2,2,2,2,2,,,,,,,,,,,,,,,,,,,,,,,,,,,,,,,,,,,2,30,2,,1,1,1,2,2,3,3,1,,2,1,1,1,1,1,1,2,1,1,1
366702,1,46,2,5,2,3,1,1,1,1,1,2,2,1,1,2,3,1,1,1,1,1,1,1,1,1,1,1,1,1,1,,2,2,2,2,2,2,2,1,3,2,1,2,60,1,2,1,2,1,2,2,2,,,,,,,,,,,,,,,,,,,,,,,,,,,,,,,,,,,2,30,2,,1,2,1,2,3,3,1,1,,2,2,2,,1,1,1,2,1,1,2
366803,1,65,2,2,2,3,1,2,2,2,,2,2,2,,,2,1,2,1,2,1,2,1,1,1,1,1,1,1,2,2,2,2,2,2,2,2,2,2,,,,,,,,,,,,,,,,,,,,,,,,,,,,,,,,,,,,,,,,,,,,,,,,,,,,,,,,,,,,5,2,2,2,,2,,1,2,1,1,2
366904,2,40,3,3,2,3,1,1,1,1,1,2,2,2,,,4,1,2,2,1,1,1,1,2,1,1,1,1,2,2,1,2,2,2,2,2,2,2,2,5,2,1,2,30,2,2,1,2,2,2,2,2,,,,,,,,,,,,,,,,,,,,,,,,,,,,,,,,,,,,,1,8,2,2,2,2,2,3,3,1,,2,2,2,,2,,1,9,1,2,2
367001,2,18,6,3,1,2,1,2,1,2,,2,2,1,1,2,3,1,2,1,1,1,1,1,1,1,1,1,1,1,1,,2,2,2,2,2,2,1,1,7,1,1,1,60,1,2,1,1,1,1,2,3,,,,,,,,,,,,,,,,,,,,,,,,,,,,,,,,1,400,1,1,460,2,,2,2,2,1,2,3,3,1,,2,2,2,,2,,1,1,1,1,1
367203,1,47,2,3,1,1,1,1,1,2,,2,2,2,,,2,1,2,1,2,1,1,1,1,1,1,1,1,2,2,2,2,2,2,2,2,2,2,2,,,,,,,,,,,,,,,,,,,,,,,,,,,,,,,,,,,,,,,,,,,,,,,,,,,,,,,,,,,,1,2,2,2,,2,,1,2,2,2,2
367304,2,44,2,5,1,1,1,2,2,2,,2,2,2,,,2,1,2,2,2,1,1,1,1,1,1,1,1,2,2,2,2,2,2,2,2,2,2,2,,,,,,,,,,,,,,,,,,,,,,,,,,,,,,,,,,,,,,,,,,,,,,,,,,,,,,,,,,,,1,2,2,2,,2,,1,2,2,2,2
367401,1,12,2,6,1,3,1,1,1,2,,2,2,1,1,2,4,1,2,1,1,1,1,2,1,1,1,1,1,,,,,,,,,,,,,,,,,,,,,,,,,,,,,,,,,,,,,,,,,,,,,,,,,,,,,,,,,,,,,,,,,,,,,,,,,,,,,,,,,,
367502,2,55,0,,1,2,1,1,1,2,,2,2,1,1,2,2,1,2,1,3,1,3,3,1,1,1,1,1,,,,,,,,,,,,,,,,,,,,,,,,,,,,,,,,,,,,,,,,,,,,,,,,,,,,,,,,,,,,,,,,,,,,,,,,,,,,,,,,,,
367603,1,46,2,6,2,3,1,1,1,2,,1,2,1,1,2,6,1,2,1,1,1,1,1,1,1,1,1,1,1,1,,2,2,2,2,2,2,2,1,2,2,1,2,60,1,2,2,1,2,2,2,2,,,,,,,,,,,,,,,,,,,,,,,,,,,,,,,,,,,1,120,2,,2,4,2,1,2,3,3,1,,2,2,2,,2,,1,2,1,2,2
367704,2,44,2,2,2,3,1,1,2,2,,2,2,1,1,2,6,1,2,1,1,1,2,1,1,1,1,1,1,2,2,2,2,2,2,2,2,2,2,2,,,,,,,,,,,,,,,,,,,,,,,,,,,,,,,,,,,,,,,,,,,,,,,,,,,,,,,,,,,,1,2,2,2,,2,,1,2,2,2,2
367801,2,88,0,,1,2,1,1,1,2,,2,2,2,,,1,1,2,2,3,1,2,3,2,2,2,2,1,,,,,,,,,,,,,,,,,,,,,,,,,,,,,,,,,,,,,,,,,,,,,,,,,,,,,,,,,,,,,,,,,,,,,,,,,,,,,,,,,,
368104,1,35,3,3,2,3,1,1,1,1,1,2,2,1,1,2,2,1,2,2,1,1,1,1,1,1,1,1,1,2,2,1,2,2,2,2,2,2,2,1,2,2,1,3,60,1,2,1,2,1,2,2,2,,,,,,,,,,,,,,,,,,,,,,,,,,,,,,,,,,,1,10,2,,2,4,2,2,3,3,3,1,,1,1,1,2,1,1,1,2,1,1,1
368201,1,40,6,3,2,3,1,1,1,2,,1,1,2,,,3,1,2,2,2,2,1,1,2,1,1,1,2,1,2,2,2,2,2,2,2,2,2,1,,,,,,,,,,,,,,,,,,,,,,,,,,,,,,,,,,,,,,,,,,,,,,,,2,10,,,,,,,,,,,3,2,2,2,,2,,1,2,2,2,2
368302,2,15,3,1,1,2,0,2,1,1,1,2,2,2,,,8,1,2,2,1,1,1,1,1,1,1,1,1,1,2,2,2,2,2,2,2,2,2,2,,,,,,,,,,,,,,,,,,,,,,,,,,,,,,,,,,,,,,,,,,,,,,,,,,,,,,,,,,,,4,2,2,2,,2,,1,1,2,1,1
368601,2,18,6,2,3,5,1,1,1,1,1,2,2,1,1,2,6,1,2,2,1,1,1,1,2,1,1,1,2,1,2,2,1,,2,1,2,2,2,1,,,,,,,,,,,,,,1,4,15,1,1,2,2,2,2,2,2,2,2,2,1,1,10,1,0,0,0,0,1,0,0,0,2,,,,,,,,2,15,1,7,2,2,2,1,1,3,3,1,,2,2,2,,1,2,1,1,2,1,1
368904,1,17,6,2,2,3,1,1,1,1,1,2,2,1,1,2,4,1,2,2,1,1,1,1,1,1,1,1,2,2,2,2,2,2,2,2,2,2,2,1,,,,,,,,,,,,,,,,,,,,,,,,,,,,,,,,,,,,,,,,,,,,,,,,1,240,,,,,,,,,,,1,2,1,1,1,1,1,1,1,1,1,1
369001,2,64,2,5,1,4,2,1,1,1,1,2,2,1,1,2,2,1,2,2,1,1,1,1,2,1,1,1,2,2,2,2,2,2,2,2,2,2,1,1,,,,,,,,,,,,,,,,,,,,,,,,,,,,,,,,,,,,,,,,,,,,,1,60,1,1,60,2,,3,3,2,2,2,3,1,3,,2,2,2,,2,,1,2,2,2,2
369304,1,16,3,3,2,3,1,1,1,1,1,1,2,1,1,2,3,1,2,2,2,1,1,1,2,1,2,1,2,2,2,1,2,2,2,2,2,2,1,1,4,1,1,3,15,1,1,1,1,1,2,2,3,,,,,,,,,,,,,,,,,,,,,,,,,,,,,,,,2,15,1,1,10,2,,2,4,2,1,2,3,1,1,,1,1,1,2,1,3,1,1,1,1,1
369502,1,74,2,6,1,2,0,1,2,1,1,2,2,2,,,1,1,1,2,2,2,2,3,1,2,2,2,1,2,2,1,2,2,2,2,2,2,2,2,2,2,1,3,15,1,2,2,1,2,1,2,3,,,,,,,,,,,,,,,,,,,,,,,,,,,,,,,,,,,,,2,,1,1,2,2,2,3,3,1,,2,2,1,2,2,,1,2,1,2,2
369603,1,56,8,5,1,3,1,1,1,1,3,1,2,1,1,1,1,1,2,2,2,1,1,1,1,1,1,1,2,2,2,1,1,,1,,2,1,2,1,12,2,1,3,240,2,1,1,1,2,2,2,3,10,2,60,1,1,2,2,2,2,1,2,1,2,1,2,7,60,1,0,1,0,0,0,0,1,0,1,3,30,1,2,,,,1,20,2,,4,4,2,1,2,3,3,1,,1,1,1,1,1,5,1,1,1,1,1
369704,1,23,3,3,1,2,1,1,2,2,,2,2,2,,,2,1,2,2,1,1,1,1,1,1,1,1,2,1,1,,2,2,1,,1,,2,1,5,2,1,2,90,1,1,1,1,1,1,2,1,,,,,,,,,,,,,,1,2,2,90,1,0,0,0,0,1,0,0,0,3,2,90,1,1,,,,5,5,2,,2,2,2,2,1,3,3,1,,1,1,1,1,1,1,1,1,1,1,1
369801,1,40,8,5,2,3,2,1,1,2,,2,2,1,1,1,4,1,2,2,1,2,1,1,2,1,1,1,2,1,1,,2,2,2,2,2,2,1,1,5,2,1,1,60,1,2,2,1,2,2,2,3,,,,,,,,,,,,,,,,,,,,,,,,,,,,,,,,5,10,1,5,60,2,,4,3,1,2,1,3,3,1,,2,2,2,,2,,1,2,2,2,2
369902,2,47,7,3,2,2,1,1,1,1,1,2,2,1,1,2,4,1,2,2,3,1,1,1,2,1,1,1,1,2,2,2,2,2,2,2,1,,1,1,,,,,,,,,,,,,,,,,,,,,,,,,,,,,,,,,,,,,,,,,1,15,1,2,1,20,1,1,20,2,,2,4,2,1,1,3,3,1,,1,1,1,1,1,3,1,1,1,1,1
370003,2,32,3,3,2,3,1,1,1,2,,2,2,1,1,1,3,1,2,2,1,1,1,1,1,1,1,1,2,2,2,1,1,,2,2,2,2,1,1,5,2,1,3,60,1,1,1,1,1,1,2,2,1,2,15,1,1,2,2,2,2,2,2,2,2,,,,,,,,,,,,,,,,,,,3,15,1,1,10,2,,2,3,2,2,3,3,3,3,,1,1,1,2,2,,1,1,1,1,1
370104,2,16,3,3,3,7,1,1,1,1,1,1,1,1,1,1,4,1,2,2,3,1,1,1,1,1,1,1,2,1,1,,1,,2,2,1,,2,1,5,1,1,2,30,1,2,2,1,1,1,2,1,1,3,30,1,1,2,2,2,2,2,2,2,2,,,,,,,,,,,,,,,2,30,1,2,,,,1,15,2,,2,3,1,2,1,3,1,1,,1,2,1,2,1,1,1,1,2,1,1
370201,2,28,3,3,2,5,1,1,1,1,1,2,2,1,1,1,4,1,2,2,2,1,1,1,1,1,1,1,2,2,2,2,2,2,2,2,2,1,2,1,,,,,,,,,,,,,,,,,,,,,,,,,,,,,,,,,,,,,,,,,5,10,1,2,,,,1,30,2,,2,4,2,1,2,3,3,1,,1,1,1,1,1,1,1,1,1,1,1
370302,2,17,6,2,2,3,1,1,1,2,,2,2,1,1,2,3,1,2,2,1,1,1,1,2,1,1,1,2,2,2,1,2,2,2,1,2,2,2,1,1,2,1,2,20,1,2,2,1,2,2,2,3,,,,,,,,,,,,,,1,2,1,15,1,0,0,0,0,1,0,0,0,1,,,,,,,,2,60,2,,4,3,2,1,1,3,1,1,,2,2,2,,2,,1,2,1,1,1
370403,1,29,3,3,2,5,1,1,1,2,,2,2,1,1,2,4,1,1,2,1,1,1,1,2,1,1,1,2,1,2,2,2,2,2,2,2,2,2,1,,,,,,,,,,,,,,,,,,,,,,,,,,,,,,,,,,,,,,,,,,,,,,,,1,180,,,,,,,,,,,3,2,1,2,,1,1,1,1,1,1,1
370504,1,18,7,1,2,3,1,1,1,2,,2,2,1,1,1,2,1,1,2,1,1,1,1,1,1,1,1,1,1,1,,1,,2,2,2,1,1,1,8,2,1,1,60,1,1,1,1,1,1,2,3,2,2,60,1,2,2,2,2,2,1,2,1,2,,,,,,,,,,,,,,,2,40,1,2,3,30,1,1,20,2,,2,4,2,1,2,3,3,1,,2,2,2,,1,1,1,1,1,2,2
370702,2,67,7,3,3,6,2,1,1,1,1,2,2,1,1,2,1,1,2,2,1,1,1,2,1,1,1,1,1,1,2,1,1,,1,,2,2,1,2,2,2,1,2,15,1,1,2,2,2,2,2,2,1,2,10,1,2,2,2,2,2,2,2,1,2,1,2,3,15,1,1,0,0,0,0,0,1,0,1,,,,,2,5,1,,,2,,2,4,2,2,3,3,3,1,,2,1,2,,2,,1,1,1,1,1
370803,1,40,8,5,3,6,2,1,1,1,2,1,1,1,2,1,5,1,2,2,1,1,1,1,1,1,1,1,2,1,1,,2,1,2,1,1,,1,1,7,1,1,1,120,1,1,1,2,1,1,2,3,15,2,15,1,1,1,1,2,2,1,1,1,2,1,2,2,15,1,1,1,1,0,0,0,0,0,1,2,30,1,1,2,60,1,1,30,2,,4,3,2,1,2,3,3,1,,1,1,1,2,1,5,1,2,2,2,2
370904,1,36,10,2,1,3,2,1,1,1,1,1,1,1,1,1,1,1,2,2,1,1,1,1,1,1,1,1,2,1,1,,2,1,2,2,2,2,1,1,20,2,1,1,180,1,2,1,1,1,1,2,3,3,4,120,2,2,2,2,2,2,1,2,2,2,,,,,,,,,,,,,,,,,,,1,40,1,1,120,2,,2,4,2,1,1,3,3,1,,2,1,1,1,1,5,1,1,1,1,1
371102,2,33,10,2,3,3,2,1,1,2,,1,2,1,1,1,3,1,2,2,1,1,1,1,1,1,1,1,2,2,2,2,2,2,2,2,2,2,2,2,,,,,,,,,,,,,,,,,,,,,,,,,,,,,,,,,,,,,,,,,,,,,,,,,,,,,,,,,,,,1,2,2,2,,2,,1,2,2,2,2
371304,2,15,3,2,3,5,2,1,1,1,1,1,2,1,1,2,4,1,2,2,3,1,1,1,1,1,1,1,2,2,2,1,2,2,2,1,2,2,1,1,1,1,1,2,30,1,2,2,2,1,2,2,3,,,,,,,,,,,,,,1,2,1,15,1,1,0,0,0,0,0,0,0,1,,,,,1,120,2,1,120,1,7,2,3,1,1,1,3,3,1,,2,1,1,3,1,5,1,1,1,2,2
371401,2,53,3,3,2,4,1,1,1,1,1,2,2,1,1,2,2,1,2,2,2,1,1,1,1,1,1,1,2,2,1,,2,2,2,2,2,2,2,2,2,2,1,1,30,1,2,2,1,1,2,2,3,,,,,,,,,,,,,,,,,,,,,,,,,,,,,,,,,,,,,2,,2,3,2,2,3,3,3,3,,1,1,2,,1,1,1,1,1,1,1
371603,2,67,6,3,2,3,2,1,1,1,1,2,2,1,1,2,2,1,2,2,1,1,1,1,1,1,1,1,1,2,1,,2,2,2,2,2,2,2,2,15,2,1,1,30,1,2,2,1,2,2,2,2,,,,,,,,,,,,,,,,,,,,,,,,,,,,,,,,,,,,,2,,2,3,2,1,1,3,3,1,,2,2,2,,1,4,1,2,2,2,1
371704,1,42,3,3,3,4,1,1,1,2,,2,2,1,1,1,1,1,2,2,1,1,1,1,1,1,1,1,2,1,2,2,2,2,2,2,2,1,1,1,,,,,,,,,,,,,,,,,,,,,,,,,,,,,,,,,,,,,,,,,2,15,1,2,1,18,1,1,15,2,,2,4,2,1,2,3,3,3,,2,2,2,,2,,1,2,1,2,2
371801,1,45,3,3,3,4,1,1,1,1,1,1,2,1,1,2,4,1,2,2,1,1,1,1,1,1,1,1,2,2,2,1,2,1,1,,2,2,2,2,2,1,2,3,15,2,2,1,2,2,2,2,1,2,4,15,2,2,2,2,2,2,1,2,2,2,1,2,1,15,1,1,0,0,0,0,0,0,0,1,,,,,,,,,,2,,3,3,2,1,2,3,1,1,,2,1,2,,1,1,1,2,1,2,1
371902,2,17,6,2,2,2,1,1,1,1,1,1,1,1,1,1,6,1,2,2,1,1,1,1,1,1,1,1,2,2,2,2,2,2,2,2,2,2,2,2,,,,,,,,,,,,,,,,,,,,,,,,,,,,,,,,,,,,,,,,,,,,,,,,,,,,,,,,,,,,1,2,2,2,,1,1,1,1,1,1,1
372003,1,42,2,3,2,3,1,1,1,2,,2,2,1,1,2,5,1,2,2,2,1,1,1,1,1,1,1,1,2,2,2,2,2,2,2,2,2,2,2,,,,,,,,,,,,,,,,,,,,,,,,,,,,,,,,,,,,,,,,,,,,,,,,,,,,,,,,,,,,1,2,2,2,,2,,1,2,1,1,1
372201,1,24,6,3,3,4,1,1,1,1,2,2,1,1,1,2,4,1,2,2,1,1,1,1,1,1,1,2,2,1,1,,2,2,1,,2,2,1,1,8,2,1,2,30,1,2,2,1,1,2,2,1,,,,,,,,,,,,,,1,2,2,15,1,0,0,0,0,0,1,0,0,1,,,,,2,30,1,2,15,2,,3,2,2,1,1,3,2,3,,1,1,1,2,2,,1,1,2,1,1
372302,2,55,3,3,3,4,1,2,1,2,,2,2,1,1,2,3,1,2,2,3,1,1,2,2,1,1,1,2,1,1,,1,,2,2,2,2,1,1,2,2,1,3,30,2,1,2,1,2,2,2,2,1,2,40,2,2,2,2,1,2,2,2,2,2,,,,,,,,,,,,,,,,,,,3,30,2,3,30,2,,2,3,1,1,3,3,3,1,,1,1,1,1,1,1,1,9,1,1,1
372403,2,15,3,2,2,3,1,1,2,2,,2,2,1,1,2,5,1,2,2,2,1,1,1,1,1,1,1,2,2,2,2,2,2,2,2,2,2,1,1,,,,,,,,,,,,,,,,,,,,,,,,,,,,,,,,,,,,,,,,,,,,,2,10,1,2,10,2,,2,3,2,2,1,3,3,1,,2,1,1,1,2,,1,1,1,1,1
372504,2,48,6,1,2,6,1,1,1,2,,2,2,2,,,4,1,2,1,3,1,2,1,1,1,1,1,1,1,2,2,2,1,2,1,2,2,1,1,,,,,,,,,,,,,,3,2,10,1,2,2,1,2,2,2,2,2,2,1,2,2,5,2,0,0,0,0,1,0,0,0,1,,,,,1,30,2,1,5,2,,3,3,2,1,2,3,3,1,,2,1,1,1,1,1,1,2,1,1,1
372601,2,52,3,2,4,6,2,1,1,1,2,1,1,1,1,1,7,2,2,2,2,1,1,2,2,1,1,1,2,2,2,2,2,2,2,2,2,2,2,2,,,,,,,,,,,,,,,,,,,,,,,,,,,,,,,,,,,,,,,,,,,,,,,,,,,,,,,,,,,,1,1,1,2,,2,,1,2,1,1,2
372702,1,17,6,3,2,4,1,1,1,1,1,2,2,1,1,2,4,1,2,2,1,1,1,1,1,1,1,1,2,2,2,2,2,2,2,2,2,2,2,2,,,,,,,,,,,,,,,,,,,,,,,,,,,,,,,,,,,,,,,,,,,,,,,,,,,,,,,,,,,,1,2,2,2,,2,,1,2,2,2,2
372803,2,33,7,2,2,4,1,1,1,1,1,1,2,1,1,1,3,1,2,2,1,1,1,1,2,1,1,1,2,2,2,1,1,,2,1,2,1,1,1,1,1,2,2,10,1,1,2,2,2,2,2,1,5,3,15,1,2,1,1,1,2,2,1,2,2,1,2,1,20,1,0,0,0,0,1,0,0,0,1,5,10,1,2,1,30,1,1,60,2,,2,2,2,1,3,3,1,1,,2,2,2,,1,1,1,2,2,2,2
372904,2,21,6,3,2,4,1,1,1,1,1,1,2,1,1,2,4,1,1,2,1,1,1,1,2,1,1,2,2,2,2,1,2,2,2,1,2,2,2,1,1,2,1,2,60,2,2,2,1,2,2,2,3,,,,,,,,,,,,,,1,2,1,25,1,0,1,0,0,0,0,0,0,1,,,,,,,,1,120,2,,2,4,2,1,1,3,3,3,,2,2,2,,1,1,1,2,1,2,2
373001,1,32,8,5,3,5,4,1,1,1,3,1,2,1,1,1,1,1,2,2,2,1,1,1,2,1,1,1,2,1,1,,1,,2,1,2,2,1,2,3,2,1,1,30,1,2,2,1,2,2,2,3,3,4,30,1,2,1,2,2,2,1,1,2,2,1,2,1,60,1,0,0,0,0,0,1,0,0,1,,,,,1,60,2,,,2,,1,3,1,1,2,3,3,1,,1,1,1,1,1,5,1,1,1,1,1
373203,2,34,6,3,2,5,2,1,1,1,1,1,1,1,1,1,3,1,2,2,2,3,1,1,1,1,1,1,2,1,1,,2,1,2,1,2,2,1,1,1,2,1,2,30,1,2,2,1,2,2,2,3,30,3,10,1,1,2,2,1,2,1,1,2,2,1,2,3,10,1,0,1,1,0,0,0,0,0,1,,,,,3,25,1,1,180,2,,3,4,2,1,2,3,3,1,,2,2,2,,2,,1,1,1,1,1
373304,2,32,8,4,2,3,1,1,1,1,2,1,2,1,1,1,3,1,2,2,1,1,1,1,1,1,1,1,2,1,1,,2,1,2,1,2,2,1,2,2,2,1,2,40,1,2,2,2,1,2,2,3,6,4,15,1,1,1,2,2,2,1,1,2,2,1,2,1,10,1,0,1,0,0,0,1,0,0,1,,,,,2,5,1,,,2,,4,3,2,1,3,3,3,1,,2,1,2,,1,1,1,2,1,1,2
373401,1,60,2,6,1,5,2,1,1,1,1,2,2,1,1,2,2,1,2,2,1,2,1,1,2,1,1,1,1,2,2,2,2,2,2,2,2,2,2,2,,,,,,,,,,,,,,,,,,,,,,,,,,,,,,,,,,,,,,,,,,,,,,,,,,,,,,,,,,,,1,2,2,2,,2,,1,2,2,2,2
373502,2,51,5,2,4,6,1,1,1,2,,2,2,1,1,2,8,1,2,2,1,1,1,2,2,1,1,1,1,2,2,2,2,2,2,1,2,2,2,2,,,,,,,,,,,,,,,,,,,,,,,,,,,2,1,1,2,1,0,0,0,0,0,0,0,1,3,,,,,,,,,,2,,3,2,2,2,2,3,3,3,,2,2,2,,2,,1,2,2,2,2
373603,2,40,8,5,2,3,2,1,1,1,1,1,1,1,1,1,3,1,2,2,1,1,1,1,1,1,1,1,2,1,1,,2,2,2,1,2,2,1,1,1,2,1,3,60,1,2,2,2,1,2,2,2,,,,,,,,,,,,,,1,2,1,5,1,1,0,0,0,0,0,0,0,3,,,,,2,10,1,1,30,2,,2,4,2,1,3,3,3,1,,2,2,2,,1,2,1,1,1,2,2
373704,1,38,11,4,1,5,2,1,1,1,2,1,2,1,1,2,1,1,2,2,1,1,1,1,1,1,1,1,2,1,1,,2,1,2,1,2,2,1,2,14,1,1,2,240,1,2,2,2,1,1,2,3,98,1,60,1,2,1,2,2,2,1,1,1,2,1,2,1,5,2,1,0,0,0,0,0,0,1,2,,,,,1,60,1,,,1,3,4,3,2,1,3,3,3,1,,1,1,1,1,1,5,1,1,1,1,1
373801,2,47,6,2,2,3,1,1,1,1,1,1,1,1,1,1,2,1,2,2,3,1,2,3,1,3,1,4,2,2,2,1,2,1,2,2,2,2,2,1,10,2,1,3,5,2,1,2,2,2,2,2,2,1,5,10,1,2,2,2,2,2,2,2,1,2,,,,,,,,,,,,,,,,,,,,,,1,180,2,,3,4,2,1,2,3,1,3,,2,1,2,,1,5,1,2,1,1,1
373902,2,50,3,3,2,3,1,1,1,1,2,1,2,1,1,1,2,1,2,2,1,1,1,1,1,1,1,1,2,2,2,1,2,2,2,2,2,2,2,1,1,2,1,2,60,1,2,2,2,1,2,2,3,,,,,,,,,,,,,,,,,,,,,,,,,,,,,,,,,,,1,30,1,3,4,1,2,1,3,3,1,1,,2,1,2,,2,,1,1,1,1,1
374003,2,44,2,6,3,4,1,1,1,1,1,2,2,1,1,1,7,1,2,2,3,1,1,1,1,1,1,1,2,2,2,1,2,2,1,,2,2,2,1,1,2,1,4,60,1,2,2,2,1,2,2,3,,,,,,,,,,,,,,2,1,1,3,1,0,0,0,0,1,0,0,0,2,,,,,,,,1,5,2,,2,2,2,2,1,3,3,1,,2,2,2,,2,,1,2,1,2,2
374104,2,53,3,3,3,4,1,1,1,2,,1,2,1,1,2,7,2,2,2,2,1,1,1,1,1,1,1,1,1,2,2,2,2,2,2,2,2,2,1,,,,,,,,,,,,,,,,,,,,,,,,,,,,,,,,,,,,,,,,,,,,,,,,5,10,,,,,,,,,,,3,2,1,1,1,1,1,1,2,1,2,2
374201,1,71,6,3,3,5,1,1,1,1,1,1,2,1,1,2,4,1,2,2,2,1,2,3,1,2,1,1,2,1,1,,2,1,2,2,2,2,1,2,2,2,1,2,60,1,2,2,2,2,1,2,2,6,1,90,1,2,1,2,1,2,1,1,2,2,,,,,,,,,,,,,,,,,,,4,20,1,,,1,5,2,4,1,1,1,3,3,1,,1,1,1,2,1,5,1,2,1,1,1
374302,2,24,6,3,3,5,1,1,1,2,,2,2,1,1,1,4,1,2,2,2,1,1,1,1,1,1,1,2,1,1,,2,1,1,,1,,1,1,20,1,1,1,120,1,2,2,1,1,1,2,3,2,4,15,1,2,1,2,2,2,2,2,1,2,2,1,6,30,1,1,0,1,1,1,0,0,0,3,1,30,1,2,3,5,1,1,30,2,,2,3,1,1,3,3,3,1,,1,1,2,,1,1,1,2,2,2,1
374403,2,22,6,3,3,5,1,1,1,2,,1,1,1,1,1,2,1,1,2,4,1,3,1,1,1,1,1,2,1,1,,2,1,2,2,2,2,1,1,3,2,1,2,480,1,2,2,2,1,1,2,2,1,4,30,1,2,2,2,2,2,2,1,2,2,,,,,,,,,,,,,,,,,,,1,120,1,1,120,1,5,4,4,1,1,1,3,3,1,,1,1,1,1,1,1,1,1,1,1,1
374504,1,19,6,3,3,5,1,1,1,1,1,2,2,1,1,2,6,1,2,2,1,1,1,1,1,1,1,1,2,2,2,1,2,2,2,2,2,1,1,1,3,2,1,2,200,2,2,1,2,2,1,2,2,,,,,,,,,,,,,,,,,,,,,,,,,,,,5,60,1,2,2,120,1,1,120,1,7,3,4,2,1,1,3,3,1,,2,1,1,2,1,1,1,2,1,2,2
374601,2,19,6,3,1,2,1,1,1,1,1,1,2,1,1,2,2,1,2,2,1,1,1,1,2,1,1,1,2,1,1,,2,2,2,2,1,,2,2,2,1,2,3,30,1,2,2,2,1,1,2,1,,,,,,,,,,,,,,,,,,,,,,,,,,,,2,30,1,2,,,,,,2,,2,3,2,1,2,3,3,1,,2,1,2,,1,1,1,1,1,1,1
374702,2,86,0,,3,4,1,1,1,2,,2,2,1,1,1,9,2,2,2,2,1,1,3,1,1,1,4,2,,,,,,,,,,,,,,,,,,,,,,,,,,,,,,,,,,,,,,,,,,,,,,,,,,,,,,,,,,,,,,,,,,,,,,,,,,,,,,,,,,
374803,2,25,3,3,4,4,1,1,1,1,1,2,2,1,1,2,8,1,1,2,1,1,1,1,1,1,1,1,2,1,1,,1,,1,,1,,1,2,2,1,1,2,120,1,2,1,2,2,2,2,1,1,2,60,1,1,2,2,2,2,2,2,2,2,2,1,1,30,1,0,0,0,0,0,0,1,0,3,2,30,1,2,4,30,2,,,2,,2,1,1,1,2,3,3,1,,2,1,1,2,1,1,1,1,1,1,1
374904,1,27,6,1,3,4,1,1,1,2,,2,2,2,,,4,1,2,2,2,1,1,1,2,1,1,1,1,2,2,2,2,2,1,,1,,2,2,,,,,,,,,,,,,,,,,,,,,,,,,,,1,2,1,1,1,0,0,0,0,0,0,0,1,1,2,30,1,2,,,,,,2,,3,3,2,2,2,3,3,1,,2,1,1,2,1,1,1,2,1,2,2
375001,2,36,8,5,1,5,5,1,1,1,1,1,1,1,1,1,2,1,2,2,1,1,1,1,1,1,1,1,2,1,1,,2,1,2,2,1,,1,1,3,1,2,2,60,1,2,2,2,1,2,2,3,9,2,20,1,2,2,2,2,2,2,1,2,2,,,,,,,,,,,,,,,2,20,1,2,2,15,1,1,30,2,,2,3,2,1,2,3,3,1,,2,2,2,,1,1,1,2,2,2,2
375102,1,51,8,5,3,8,2,1,1,1,2,1,2,1,1,1,4,1,2,2,2,1,1,1,1,1,1,1,1,1,1,,2,2,2,1,2,2,1,1,1,1,2,2,120,1,2,1,2,2,2,2,2,,,,,,,,,,,,,,1,2,4,60,1,0,0,0,0,0,0,1,0,1,,,,,2,40,1,1,60,2,,3,3,2,1,2,3,3,1,,1,2,2,,1,4,1,2,1,2,2
375203,2,25,8,4,3,4,1,1,1,1,2,1,2,1,1,1,4,1,1,2,3,2,1,1,1,1,1,1,2,1,1,,2,1,2,1,2,2,1,1,5,1,1,2,60,1,1,1,1,2,1,2,2,4,3,60,1,2,1,2,1,2,1,1,2,2,1,2,7,15,1,0,0,0,0,0,0,0,1,1,,,,,3,30,2,1,120,1,8,3,3,1,1,1,3,1,1,,1,1,1,1,1,1,1,1,1,1,1
375304,2,46,7,3,3,7,3,1,1,1,1,1,1,1,1,1,6,1,2,2,2,1,1,1,1,1,1,1,2,1,2,1,2,1,1,,2,2,1,1,3,1,1,4,300,1,2,1,2,2,2,2,1,5,2,300,1,2,2,2,2,2,1,1,2,2,1,2,5,60,1,1,1,0,0,0,1,0,1,1,,,,,2,120,1,1,300,2,,3,3,2,1,1,3,1,1,,1,2,1,2,1,1,1,1,1,1,1
375401,1,66,8,5,3,4,1,1,1,1,1,2,2,1,1,2,4,1,2,2,1,1,1,1,1,1,1,1,2,1,1,,2,2,2,2,2,2,1,2,2,2,1,2,30,1,2,2,2,1,2,2,3,,,,,,,,,,,,,,,,,,,,,,,,,,,,,,,,5,30,1,,,2,,2,3,2,1,3,3,3,3,,2,2,2,,2,,1,2,2,2,2
375502,1,23,6,2,2,4,0,1,1,2,,2,2,2,,,4,1,2,2,1,1,1,1,2,1,1,1,1,1,1,,2,2,1,,1,,1,1,4,2,1,1,40,1,2,2,1,2,2,2,2,,,,,,,,,,,,,,2,1,7,10,1,0,0,1,1,0,0,0,0,2,4,10,1,2,3,10,1,1,20,2,,2,3,2,1,1,3,2,1,,2,1,1,1,2,,1,1,1,1,1
375603,2,23,3,3,1,2,1,1,1,2,,2,2,2,,,3,1,1,2,1,1,1,1,1,1,1,1,2,1,2,2,2,2,2,1,2,2,1,1,,,,,,,,,,,,,,,,,,,,,,,,,,,1,2,3,20,1,0,0,0,1,0,0,0,0,1,,,,,5,20,1,1,15,2,,2,4,2,1,2,3,3,1,,2,1,1,2,2,,1,1,1,1,1
375704,1,12,2,6,2,3,1,1,2,1,1,2,2,1,1,2,3,1,2,2,1,1,1,1,2,1,1,1,2,2,2,1,2,2,2,2,2,2,1,1,2,2,1,4,15,1,2,1,2,2,2,2,2,,,,,,,,,,,,,,,,,,,,,,,,,,,,,,,,2,15,1,5,10,2,,2,2,1,1,1,3,3,1,,2,2,2,,1,1,1,1,1,1,1
375801,2,25,3,1,2,3,1,1,2,2,,2,2,2,,,4,1,2,2,3,1,1,1,1,1,1,3,2,1,1,,2,2,2,2,1,,2,2,4,2,1,1,20,1,2,2,1,1,1,2,2,,,,,,,,,,,,,,,,,,,,,,,,,,,,5,15,2,1,,,,,,2,,2,4,2,1,3,3,3,1,,2,1,2,,2,,1,1,1,1,2
375902,2,40,3,3,3,4,1,1,1,1,1,1,2,1,1,1,4,1,2,2,1,1,1,1,1,1,1,1,2,2,2,2,2,2,2,2,2,2,2,1,,,,,,,,,,,,,,,,,,,,,,,,,,,,,,,,,,,,,,,,,,,,,,,,1,10,,,,,,,,,,,4,2,2,2,,2,,1,2,2,9,2
376003,1,61,2,6,2,3,1,1,1,2,,2,2,1,1,2,1,1,2,2,1,1,1,1,1,1,1,1,2,2,2,2,2,2,2,1,2,2,2,2,,,,,,,,,,,,,,,,,,,,,,,,,,,2,1,4,60,1,0,1,0,0,1,0,0,0,3,,,,,,,,,,2,,2,2,2,2,2,3,3,1,,2,2,2,,2,,1,2,2,2,2
376104,2,43,3,3,3,6,1,1,1,1,1,1,2,1,1,1,7,1,2,2,1,1,1,1,1,1,1,1,2,2,2,2,2,2,2,2,2,2,2,1,,,,,,,,,,,,,,,,,,,,,,,,,,,,,,,,,,,,,,,,,,,,,,,,2,10,,,,,,,,,,,2,1,2,2,,2,,1,1,1,1,1
376201,1,15,3,2,1,2,0,2,2,2,,2,2,2,,,2,1,2,1,1,1,1,1,1,1,1,1,1,2,2,2,2,2,2,2,2,2,2,2,,,,,,,,,,,,,,,,,,,,,,,,,,,,,,,,,,,,,,,,,,,,,,,,,,,,,,,,,,,,1,2,2,2,,2,,1,1,1,2,2
376302,1,73,0,,1,2,0,2,2,2,,2,2,2,,,1,1,2,2,1,1,3,2,2,2,2,1,1,,,,,,,,,,,,,,,,,,,,,,,,,,,,,,,,,,,,,,,,,,,,,,,,,,,,,,,,,,,,,,,,,,,,,,,,,,,,,,,,,,
376403,1,45,0,,2,3,0,2,2,2,,2,2,1,1,2,7,1,2,1,3,1,3,2,2,2,1,1,1,2,2,2,2,2,2,2,2,2,2,2,,,,,,,,,,,,,,,,,,,,,,,,,,,,,,,,,,,,,,,,,,,,,,,,,,,,,,,,,,,,7,2,2,2,,2,,2,,,,
376504,2,51,2,6,1,2,0,1,2,2,,2,2,2,,,2,1,2,1,1,1,1,1,1,1,1,1,2,1,1,,2,2,2,2,2,2,2,1,2,2,1,3,120,1,2,1,2,2,2,2,2,,,,,,,,,,,,,,,,,,,,,,,,,,,,,,,,,,,2,5,2,,2,2,2,1,3,3,1,1,,2,2,2,,2,,1,1,1,1,1
376601,2,17,6,3,3,5,0,1,1,2,,2,2,1,1,2,3,1,2,2,2,1,1,1,1,1,1,1,1,2,2,1,2,2,2,1,1,,2,1,3,2,1,2,20,1,2,1,2,2,1,2,2,,,,,,,,,,,,,,2,1,1,50,1,0,0,0,0,0,0,0,1,2,2,30,1,2,,,,2,30,2,,2,2,2,1,1,3,3,1,,2,1,1,2,1,1,1,1,1,1,1
376803,1,15,6,1,2,5,1,1,2,2,,2,2,1,1,2,4,1,2,2,1,1,1,1,1,1,1,1,1,2,2,1,1,,2,2,2,1,1,1,1,1,2,2,60,1,2,2,1,2,2,2,2,1,2,30,1,2,2,2,1,2,2,2,2,2,,,,,,,,,,,,,,,2,60,1,2,1,30,1,1,60,2,,3,3,2,1,2,3,3,1,,2,1,1,2,1,2,1,1,1,1,1
376904,2,12,2,5,1,3,0,1,1,2,,2,2,1,1,2,4,1,2,2,2,1,2,2,2,1,2,2,1,1,1,,2,2,1,,1,,1,1,4,1,2,2,30,1,1,1,2,1,1,2,3,,,,,,,,,,,,,,2,1,1,10,1,0,0,0,0,1,0,0,0,2,5,10,1,2,5,15,1,1,30,1,7,2,3,1,1,1,3,3,3,,2,1,2,,1,2,1,1,1,1,1
377005,2,28,6,3,1,5,1,1,1,1,1,2,2,1,1,2,2,1,2,1,1,1,1,1,1,1,1,1,1,1,1,,2,2,2,1,1,,1,1,5,1,2,5,60,1,1,1,1,1,1,2,1,,,,,,,,,,,,,,1,2,1,60,1,0,0,0,0,1,0,0,0,1,4,60,1,2,5,60,1,1,120,1,8,4,4,2,1,2,3,3,1,,2,1,1,2,1,3,1,1,1,1,1
377101,2,46,6,3,2,4,0,1,1,2,,2,2,2,,,2,1,2,2,1,1,1,1,1,1,1,1,1,2,2,2,2,2,2,2,2,2,2,2,,,,,,,,,,,,,,,,,,,,,,,,,,,,,,,,,,,,,,,,,,,,,,,,,,,,,,,,,,,,2,2,1,2,,2,,1,2,2,2,2
377202,1,37,6,3,2,2,0,1,2,2,,2,2,2,,,4,1,2,1,1,1,1,1,1,1,1,1,1,1,2,1,2,2,2,1,1,,2,2,2,1,1,4,30,1,2,2,2,2,2,1,1,,,,,,,,,,,,,,1,2,1,10,1,0,0,0,0,0,0,1,0,1,4,30,1,2,,,,,,2,,2,3,2,1,2,3,3,1,,2,1,2,,1,1,1,9,1,2,2
377303,2,75,0,,1,2,0,1,2,2,,2,2,2,,,2,1,2,1,3,1,1,2,2,2,1,1,1,,,,,,,,,,,,,,,,,,,,,,,,,,,,,,,,,,,,,,,,,,,,,,,,,,,,,,,,,,,,,,,,,,,,,,,,,,,,,,,,,,
377404,1,34,2,1,2,3,0,2,1,1,1,2,2,2,,,4,1,2,1,2,1,1,1,2,2,2,1,1,,,,,,,,,,,,,,,,,,,,,,,,,,,,,,,,,,,,,,,,,,,,,,,,,,,,,,,,,,,,,,,,,,,,,,,,,,,,,,,,,,
377501,2,28,6,3,1,2,1,1,1,2,,2,2,2,,,3,1,2,2,1,1,1,1,1,1,1,1,1,1,2,2,1,,1,,2,2,1,1,,,,,,,,,,,,,,2,2,10,1,2,2,2,2,2,2,2,1,2,1,2,1,20,1,0,0,0,1,0,0,0,0,1,,,,,2,20,1,2,20,2,,4,4,2,1,1,3,3,1,,1,1,1,1,1,1,1,2,1,1,1
377602,1,74,2,6,2,2,0,1,1,2,,2,2,2,,,4,1,2,2,1,1,1,1,1,1,1,1,1,2,2,2,2,2,2,2,2,2,2,2,,,,,,,,,,,,,,,,,,,,,,,,,,,,,,,,,,,,,,,,,,,,,,,,,,,,,,,,,,,,1,2,2,2,,2,,1,9,9,9,9
377703,2,58,3,3,1,4,1,1,1,2,,2,2,2,,,2,1,2,2,1,1,1,1,1,1,1,1,2,1,2,2,2,2,2,2,2,2,2,1,,,,,,,,,,,,,,,,,,,,,,,,,,,,,,,,,,,,,,,,,,,,,,,,5,5,,,,,,,,,,,6,2,2,2,,2,,1,1,1,1,1
377804,2,23,6,3,3,4,0,1,1,2,,2,2,1,1,2,5,1,2,2,1,1,1,1,1,1,1,1,1,1,1,,2,2,2,2,1,,1,1,2,1,2,2,30,1,2,2,2,1,2,2,1,,,,,,,,,,,,,,,,,,,,,,,,,,,,2,30,1,2,2,40,1,1,60,2,,3,3,1,1,1,3,3,1,,2,1,1,2,1,1,1,1,1,1,1
378002,2,43,3,3,3,3,0,1,1,2,,2,2,2,,,2,1,2,2,2,1,2,2,2,1,1,1,1,2,2,2,2,2,2,2,2,2,2,2,,,,,,,,,,,,,,,,,,,,,,,,,,,,,,,,,,,,,,,,,,,,,,,,,,,,,,,,,,,,6,2,1,2,,2,,1,2,2,2,2
378103,2,61,0,,3,4,0,1,1,2,,2,2,2,,,1,1,2,2,1,1,1,1,1,1,1,1,2,,,,,,,,,,,,,,,,,,,,,,,,,,,,,,,,,,,,,,,,,,,,,,,,,,,,,,,,,,,,,,,,,,,,,,,,,,,,,,,,,,
378204,2,64,0,,2,3,0,1,1,2,,2,2,2,,,1,1,2,2,1,1,2,3,4,1,1,1,2,,,,,,,,,,,,,,,,,,,,,,,,,,,,,,,,,,,,,,,,,,,,,,,,,,,,,,,,,,,,,,,,,,,,,,,,,,,,,,,,,,
378402,1,72,2,6,1,5,1,1,2,2,,2,2,1,1,1,1,1,2,1,1,1,1,1,1,1,1,1,1,1,1,,1,,2,2,2,2,2,2,1,2,1,1,25,2,2,2,1,2,2,2,3,1,4,10,2,2,2,2,1,2,2,2,2,2,,,,,,,,,,,,,,,,,,,,,,,,2,,2,4,1,2,2,3,3,1,,2,1,1,1,1,1,1,2,1,1,1
378503,2,28,8,4,2,3,0,1,1,2,,2,2,2,,,5,1,2,1,1,1,1,1,1,1,1,1,1,2,2,1,2,2,2,1,1,,1,1,5,1,2,3,30,1,1,1,1,1,1,2,1,,,,,,,,,,,,,,2,1,1,8,1,0,0,0,0,1,0,0,0,3,5,10,1,2,5,30,1,1,120,2,,3,3,2,1,2,3,3,1,,2,1,1,2,1,1,1,1,1,1,1
378701,2,59,3,3,1,3,0,1,2,1,1,2,2,2,,,2,1,2,2,2,1,1,1,3,1,1,1,1,2,2,2,1,,2,2,2,2,2,2,,,,,,,,,,,,,,3,2,15,1,2,2,2,2,1,2,2,2,2,,,,,,,,,,,,,,,,,,,,,,,,2,,1,1,2,2,3,3,1,1,,2,2,2,,2,,1,2,2,1,1
378802,2,26,6,3,1,1,0,1,1,2,,2,2,1,1,2,2,1,2,2,1,1,1,1,1,1,1,1,2,1,1,,1,,2,1,1,,2,1,2,1,2,2,20,1,2,2,1,1,2,2,1,1,4,10,1,2,1,2,2,2,2,2,2,2,2,1,2,15,1,1,0,0,0,0,0,0,0,2,2,10,1,2,,,,1,15,2,,2,4,2,1,3,3,3,1,,2,2,2,,2,,1,1,1,1,1
378903,2,20,3,3,4,5,1,1,1,1,1,2,2,1,1,2,6,1,2,2,1,1,1,1,1,1,1,1,2,1,2,2,2,2,2,2,2,2,2,2,,,,,,,,,,,,,,,,,,,,,,,,,,,,,,,,,,,,,,,,,,,,,,,,,,,,,,,,,,,,1,2,2,2,,1,1,1,1,1,1,1
379004,1,27,6,3,4,7,1,1,1,1,2,1,2,1,1,1,4,1,2,2,1,1,1,1,2,1,1,1,2,1,2,2,1,,1,,2,2,1,2,,,,,,,,,,,,,,10,2,15,1,2,1,2,2,2,2,1,2,2,2,1,2,30,1,1,0,0,0,1,0,0,0,3,,,,,2,30,1,,,2,,2,2,2,1,2,3,1,1,,2,1,2,,1,1,1,1,1,1,1
379101,2,57,3,3,4,5,2,1,1,1,1,2,2,1,1,2,9,1,2,2,2,1,1,1,2,1,1,1,2,2,2,2,2,2,2,2,2,2,2,2,,,,,,,,,,,,,,,,,,,,,,,,,,,,,,,,,,,,,,,,,,,,,,,,,,,,,,,,,,,,1,2,2,2,,2,,1,2,2,2,2
379202,2,57,3,3,4,5,1,1,1,2,,1,2,2,,,4,1,2,2,3,2,3,3,2,3,2,2,2,2,1,,2,2,2,2,2,2,2,2,1,2,1,2,60,1,2,2,1,2,2,2,3,,,,,,,,,,,,,,,,,,,,,,,,,,,,,,,,,,,,,2,,1,2,1,2,3,3,3,1,,2,2,2,,2,,1,2,2,2,2
379404,2,31,6,3,2,4,0,1,1,2,,2,1,2,,,5,1,2,2,1,1,1,1,1,1,1,1,2,1,1,,2,2,2,2,2,2,2,1,6,2,1,2,30,1,2,2,2,1,2,2,2,,,,,,,,,,,,,,,,,,,,,,,,,,,,,,,,,,,1,60,2,,3,3,2,1,1,3,3,1,,2,2,2,,2,,1,9,1,2,2
379501,2,43,3,3,3,4,0,1,1,2,,2,2,2,,,3,1,2,1,1,2,2,2,2,1,1,1,1,2,2,1,2,2,2,2,2,2,2,1,3,2,1,5,10,2,2,1,2,2,2,2,2,,,,,,,,,,,,,,,,,,,,,,,,,,,,,,,,,,,1,20,2,,2,1,1,2,2,3,1,2,,2,1,2,,2,,1,2,1,1,2
379602,1,17,6,1,3,5,0,1,2,2,,2,2,2,,,5,1,2,2,1,1,1,1,1,1,1,1,1,1,2,2,2,2,2,2,1,,2,1,,,,,,,,,,,,,,,,,,,,,,,,,,,,,,,,,,,,,,,,,5,30,1,2,,,,1,60,2,,4,3,2,1,2,3,3,3,,2,1,1,1,2,,1,1,1,2,1
379703,1,17,6,2,3,5,0,1,1,2,,2,2,2,,,5,1,2,2,1,1,1,1,1,1,1,1,1,2,2,1,2,2,2,2,2,2,2,1,1,2,1,3,20,1,2,1,2,2,2,2,2,,,,,,,,,,,,,,,,,,,,,,,,,,,,,,,,,,,2,5,2,,4,3,2,1,1,3,3,3,,2,1,1,2,1,1,1,1,1,1,1
379804,1,37,10,1,4,6,3,1,1,1,2,1,2,1,1,2,3,1,2,2,1,1,1,1,1,1,1,1,1,1,2,1,1,,2,2,2,2,1,1,30,2,1,1,15,2,2,1,2,2,2,2,2,2,3,20,1,1,2,2,2,2,2,2,2,2,,,,,,,,,,,,,,,,,,,3,10,2,5,30,2,,3,3,2,1,1,3,3,1,,1,1,1,2,1,1,1,1,1,1,1
379901,1,54,2,6,3,4,0,2,2,2,,2,2,2,,,3,1,2,2,1,1,1,1,1,1,1,1,1,2,2,2,2,2,2,2,2,2,2,2,,,,,,,,,,,,,,,,,,,,,,,,,,,,,,,,,,,,,,,,,,,,,,,,,,,,,,,,,,,,1,2,2,2,,2,,1,2,2,2,2
380002,1,52,2,6,2,3,0,1,2,2,,2,2,1,1,2,3,1,2,1,1,1,1,1,1,1,1,1,1,1,1,,1,,2,2,2,2,2,1,1,2,1,3,20,1,2,2,1,2,2,2,3,25,2,15,1,2,2,2,2,1,2,2,2,2,,,,,,,,,,,,,,,,,,,,,,1,5,2,,2,2,2,1,2,3,3,1,,2,1,1,2,2,,1,2,1,1,1
380204,1,17,6,1,3,4,2,1,1,1,1,2,2,1,1,1,3,1,2,2,1,1,1,1,2,1,1,1,1,2,2,1,2,2,2,2,1,,1,1,2,2,1,4,50,1,2,1,2,2,2,2,2,,,,,,,,,,,,,,,,,,,,,,,,,,,,4,60,1,2,2,40,1,1,90,2,,4,3,2,1,3,1,3,3,,2,1,1,2,1,2,1,1,1,1,2
380301,2,19,3,3,4,5,0,2,2,2,,2,2,2,,,2,1,2,2,1,1,1,1,1,1,1,1,1,1,1,,2,2,2,2,1,,2,1,30,1,2,1,60,1,2,2,1,1,2,2,1,,,,,,,,,,,,,,,,,,,,,,,,,,,,1,60,1,2,,,,2,120,2,,4,4,2,1,1,3,3,1,,2,2,2,,2,,1,2,1,1,2
380402,1,60,0,,2,3,0,1,1,2,,2,2,2,,,3,1,2,2,2,2,2,2,2,2,2,2,1,,,,,,,,,,,,,,,,,,,,,,,,,,,,,,,,,,,,,,,,,,,,,,,,,,,,,,,,,,,,,,,,,,,,,,,,,,,,,,,,,,
380503,1,35,2,6,1,2,0,2,2,2,,2,2,2,,,3,1,2,2,1,1,1,1,1,1,1,1,1,1,1,,2,2,2,2,2,2,2,1,2,2,1,2,30,2,2,1,2,2,2,2,2,,,,,,,,,,,,,,,,,,,,,,,,,,,,,,,,,,,2,20,2,,4,4,2,2,1,1,1,3,,2,2,2,,2,,1,1,2,1,1
380604,1,35,3,2,1,4,0,1,1,1,1,2,2,1,1,2,2,1,2,2,1,1,1,1,1,1,1,1,1,2,2,1,2,2,2,2,2,2,1,1,1,2,1,4,60,2,2,2,1,2,2,2,2,,,,,,,,,,,,,,,,,,,,,,,,,,,,,,,,1,30,1,5,30,2,,3,3,1,1,3,3,3,1,,2,1,1,2,1,5,1,1,1,1,1
380701,2,32,8,5,2,3,1,1,1,1,1,2,2,1,1,2,3,1,2,2,1,1,1,1,2,1,1,1,2,2,2,2,1,,2,2,1,,2,1,,,,,,,,,,,,,,2,3,20,1,2,2,2,1,2,2,1,2,2,,,,,,,,,,,,,,,2,20,1,2,,,,1,30,2,,3,3,2,1,3,3,3,1,,1,1,1,2,1,1,1,1,1,1,1
380802,1,36,6,3,2,3,1,1,1,2,,2,2,1,1,1,4,1,2,2,2,1,1,1,2,1,1,1,2,1,2,1,1,,1,,2,2,1,1,8,1,1,2,128,1,2,1,1,1,1,2,4,15,2,60,1,1,1,2,1,2,2,2,1,2,1,2,7,25,1,0,1,1,0,1,0,0,0,1,,,,,2,20,1,1,20,1,6,2,3,2,1,1,3,3,1,,2,1,1,2,1,4,1,1,1,1,1
380903,1,40,8,2,2,3,2,1,1,1,1,2,2,1,1,2,3,1,2,2,1,1,1,1,1,1,1,1,2,2,2,2,2,2,2,2,2,2,2,1,,,,,,,,,,,,,,,,,,,,,,,,,,,,,,,,,,,,,,,,,,,,,,,,1,60,,,,,,,,,,,1,2,1,1,2,1,1,1,1,1,1,1
381004,2,69,5,3,2,3,1,1,1,1,1,1,2,1,1,2,1,1,2,2,1,1,1,1,1,1,1,1,2,1,1,,2,2,2,2,2,2,1,1,5,2,1,1,60,1,1,2,1,1,1,2,3,,,,,,,,,,,,,,,,,,,,,,,,,,,,,,,,1,30,1,1,60,1,5,3,3,2,2,2,3,3,1,,1,1,1,2,1,2,1,1,1,1,1
381101,2,64,8,5,3,5,2,1,1,1,2,1,2,1,1,1,3,1,2,2,2,1,1,1,1,1,1,1,2,1,1,,2,2,2,2,2,2,2,1,3,2,1,2,138,1,1,2,2,2,2,2,3,,,,,,,,,,,,,,,,,,,,,,,,,,,,,,,,,,,1,60,2,,2,3,2,1,3,3,3,1,,2,1,1,1,1,2,1,1,1,1,2
381202,2,31,8,5,4,6,2,1,1,1,2,1,1,1,1,1,5,1,2,2,1,1,1,1,1,1,1,1,2,2,2,2,2,2,2,2,2,2,2,1,,,,,,,,,,,,,,,,,,,,,,,,,,,,,,,,,,,,,,,,,,,,,,,,1,60,,,,,,,,,,,4,1,1,1,2,1,1,1,1,1,1,1
381303,1,42,3,3,3,5,2,1,1,1,1,2,2,1,1,2,4,1,2,2,1,1,1,1,1,1,1,1,2,1,2,2,2,2,2,2,2,2,1,1,,,,,,,,,,,,,,,,,,,,,,,,,,,,,,,,,,,,,,,,,,,,,1,60,1,1,60,1,5,2,3,2,2,2,3,3,1,,1,2,2,,2,,1,1,1,1,1
381404,1,33,8,5,2,4,2,1,1,1,1,1,2,1,1,1,3,1,1,2,1,1,1,1,2,1,1,1,2,1,1,,2,2,2,2,2,2,2,1,2,2,1,2,30,1,2,2,1,2,2,2,3,,,,,,,,,,,,,,,,,,,,,,,,,,,,,,,,,,,1,120,2,,2,3,2,2,3,3,3,1,,1,1,1,2,1,3,1,2,2,2,2
381501,2,45,8,5,1,3,1,1,2,2,,2,2,1,1,2,3,1,2,2,1,1,1,1,1,1,1,1,2,2,2,2,2,2,2,2,2,2,2,1,,,,,,,,,,,,,,,,,,,,,,,,,,,,,,,,,,,,,,,,,,,,,,,,1,300,,,,,,,,,,,1,2,1,1,2,1,1,1,1,1,1,2
381602,2,43,8,5,2,3,1,1,1,1,1,1,1,1,1,2,6,1,2,2,1,1,3,1,1,1,1,1,2,2,2,2,2,2,2,2,2,2,2,1,,,,,,,,,,,,,,,,,,,,,,,,,,,,,,,,,,,,,,,,,,,,,,,,1,30,,,,,,,,,,,2,2,2,2,,2,,1,1,1,1,1
381703,2,36,3,3,2,3,1,1,1,2,,2,2,1,1,2,2,1,2,2,1,1,1,1,1,1,1,1,2,2,2,2,2,2,2,2,2,2,2,1,,,,,,,,,,,,,,,,,,,,,,,,,,,,,,,,,,,,,,,,,,,,,,,,1,60,,,,,,,,,,,3,2,2,2,,2,,1,2,2,2,2
381804,2,54,3,3,1,2,1,1,2,1,1,2,2,1,1,2,6,1,2,2,1,1,1,1,1,1,1,1,2,2,2,1,2,2,2,2,2,2,2,1,1,2,1,2,120,1,2,2,1,2,2,2,2,,,,,,,,,,,,,,,,,,,,,,,,,,,,,,,,,,,2,35,2,,2,3,2,2,2,3,3,1,,1,1,1,2,1,2,1,1,1,1,1
381901,2,66,2,5,1,2,1,1,1,2,,2,2,2,,,2,1,2,2,1,1,1,1,1,1,1,1,2,2,2,2,2,2,2,2,2,2,2,1,,,,,,,,,,,,,,,,,,,,,,,,,,,,,,,,,,,,,,,,,,,,,,,,1,30,,,,,,,,,,,2,2,2,2,,2,,1,2,1,1,2
382002,2,21,8,2,4,5,1,1,2,1,1,2,2,1,1,2,15,1,2,2,1,1,1,1,1,1,1,1,2,1,1,,2,2,2,2,2,2,2,1,6,2,1,1,60,2,2,1,2,1,2,2,1,,,,,,,,,,,,,,,,,,,,,,,,,,,,,,,,,,,1,190,2,,3,3,2,1,2,3,3,1,,2,1,1,2,2,,1,1,1,1,1
382103,1,70,8,3,1,1,1,1,2,2,,1,2,1,1,2,1,1,2,2,1,1,1,1,1,1,1,1,2,1,1,,2,2,1,,2,2,1,1,3,2,1,2,120,1,2,2,2,2,1,2,2,,,,,,,,,,,,,,1,2,1,35,1,1,0,0,0,0,0,0,0,1,,,,,1,60,1,2,60,2,,3,3,2,2,1,3,3,1,,2,2,2,,1,3,1,1,1,1,1
382204,1,80,0,,1,1,0,2,2,2,,2,2,2,,,1,1,2,2,2,1,1,1,1,1,1,1,2,1,1,,1,,2,2,2,2,2,2,2,2,1,3,60,1,2,2,1,2,2,2,2,3,2,35,1,2,1,2,1,2,2,2,2,2,,,,,,,,,,,,,,,,,,,,,,,,2,,1,2,2,2,3,3,3,1,,2,2,2,,2,,2,,,,
382301,2,46,8,5,3,5,2,1,1,1,2,1,1,1,1,1,5,1,2,2,1,1,1,1,1,1,1,1,2,2,2,1,2,2,2,2,2,2,2,1,3,1,1,2,20,2,2,1,2,2,2,2,2,,,,,,,,,,,,,,,,,,,,,,,,,,,,,,,,,,,1,60,1,3,3,4,2,1,2,3,3,1,,2,1,1,1,1,1,1,1,1,1,1
382503,2,45,8,5,3,5,3,1,1,1,2,1,1,1,1,1,5,1,2,2,1,1,1,1,1,1,1,1,2,1,1,,2,2,1,,2,2,1,1,5,1,1,1,120,1,2,1,1,1,2,2,3,,,,,,,,,,,,,,1,2,3,35,1,0,0,1,1,1,1,0,0,1,,,,,1,60,1,1,60,1,6,4,4,1,1,1,3,3,1,,1,1,1,2,1,4,1,1,1,1,1
382701,1,73,0,,2,3,1,1,1,1,1,2,2,2,,,1,1,2,2,1,1,1,1,1,1,1,1,2,,,,,,,,,,,,,,,,,,,,,,,,,,,,,,,,,,,,,,,,,,,,,,,,,,,,,,,,,,,,,,,,,,,,,,,,,,,,,,,,,,
382802,1,23,8,5,3,4,1,1,1,1,2,1,1,1,1,1,3,1,2,2,1,1,1,1,1,1,1,1,2,2,2,1,2,2,2,2,1,,1,1,4,1,2,3,30,2,2,1,2,2,2,2,1,,,,,,,,,,,,,,,,,,,,,,,,,,,,5,30,1,2,3,60,2,1,120,2,,2,2,2,1,1,3,3,1,,2,2,2,,1,1,1,1,1,1,2
382903,1,38,3,2,2,4,1,1,1,2,,2,2,2,,,3,1,2,2,2,1,1,1,1,1,1,1,2,2,2,2,2,2,2,2,2,2,2,2,,,,,,,,,,,,,,,,,,,,,,,,,,,,,,,,,,,,,,,,,,,,,,,,,,,,,,,,,,,,3,2,2,2,,2,,1,2,2,2,2
383004,2,13,2,5,2,4,1,1,1,1,1,1,2,1,1,2,8,1,2,2,2,1,1,1,1,1,1,1,1,1,1,,2,2,1,,2,2,2,2,5,2,1,2,120,1,1,2,1,2,1,2,2,,,,,,,,,,,,,,2,1,2,60,1,1,1,0,0,0,0,0,0,3,,,,,,,,,,2,,2,3,1,2,1,3,3,1,,2,1,1,2,1,1,1,2,1,1,1
383101,2,30,7,3,2,3,1,1,1,1,1,1,1,1,1,2,3,1,2,2,1,1,1,1,1,1,1,1,2,1,2,1,2,1,2,2,2,2,2,1,1,1,2,5,15,2,1,2,1,2,2,2,2,1,5,10,1,2,2,1,2,2,2,1,2,2,,,,,,,,,,,,,,,,,,,,,,1,15,2,,2,3,2,2,2,3,3,1,,2,2,2,,2,,1,1,1,1,9
383202,2,57,3,3,2,3,2,1,1,2,,2,2,1,1,1,4,1,2,2,1,1,1,1,1,1,1,1,2,2,2,2,2,2,2,2,2,2,2,1,,,,,,,,,,,,,,,,,,,,,,,,,,,,,,,,,,,,,,,,,,,,,,,,1,30,,,,,,,,,,,1,2,2,1,1,1,3,1,1,1,1,2
383303,2,15,2,6,3,4,1,1,1,2,,2,2,1,1,2,8,1,1,2,1,1,1,1,1,1,1,1,2,2,2,1,2,2,2,2,2,2,2,1,3,1,2,2,60,1,1,1,2,2,2,2,1,,,,,,,,,,,,,,,,,,,,,,,,,,,,,,,,,,,1,30,2,,2,2,2,2,1,3,3,1,,2,1,2,,2,,1,1,1,1,1
383404,1,67,3,3,3,4,3,1,1,2,,2,2,1,1,2,2,1,2,2,1,1,1,4,1,1,1,1,1,1,1,,2,2,2,2,2,2,1,1,5,1,2,1,200,1,2,2,1,1,1,2,1,,,,,,,,,,,,,,,,,,,,,,,,,,,,,,,,1,60,1,1,60,2,,3,4,2,1,2,3,3,1,,2,1,2,,1,1,1,2,1,1,9
383501,1,24,6,1,2,3,1,1,2,1,2,2,2,1,1,1,3,1,2,2,1,1,1,1,1,1,1,1,2,1,1,,2,1,2,2,2,2,1,1,10,2,1,2,30,2,2,1,2,2,1,2,2,3,2,30,2,1,1,1,2,2,1,1,2,2,,,,,,,,,,,,,,,,,,,5,2,1,1,10,1,6,3,4,1,1,1,3,3,1,,2,1,1,2,1,1,1,1,1,1,2
383602,1,33,8,2,2,4,1,1,1,1,1,2,2,1,1,2,3,1,2,2,1,1,1,4,1,1,1,1,2,1,2,1,2,2,1,,2,2,2,2,2,2,1,5,15,2,1,2,2,2,1,2,2,,,,,,,,,,,,,,2,1,1,20,2,0,0,0,0,0,0,0,1,3,,,,,,,,,,2,,3,4,2,2,3,3,3,1,,2,1,1,3,2,,1,1,1,1,1
383703,1,38,8,3,2,4,1,1,1,1,2,1,1,1,1,1,4,1,2,2,1,1,1,1,1,1,1,1,2,2,2,1,1,,2,2,2,2,1,1,8,1,1,3,120,2,1,1,1,1,1,1,2,3,4,120,2,2,1,1,1,2,1,1,1,2,,,,,,,,,,,,,,,,,,,3,60,2,1,60,2,,2,2,2,1,1,3,3,1,,1,1,1,1,1,1,1,1,1,1,1
383804,1,37,6,3,1,2,1,1,1,2,,1,2,2,,,4,1,2,2,1,1,1,1,2,1,1,2,2,1,2,1,2,2,2,2,2,2,1,1,3,1,1,3,90,2,2,1,1,2,1,2,2,,,,,,,,,,,,,,,,,,,,,,,,,,,,,,,,1,30,1,1,30,1,6,2,3,1,1,1,3,3,3,,2,2,2,,2,,1,1,1,1,1
383901,1,34,3,3,2,3,1,1,1,1,1,1,2,1,1,2,4,1,2,2,1,1,1,1,1,1,1,1,2,2,2,2,2,2,2,2,2,2,2,1,,,,,,,,,,,,,,,,,,,,,,,,,,,,,,,,,,,,,,,,,,,,,,,,1,200,,,,,,,,,,,3,2,2,2,,2,,1,1,1,1,1
384002,1,33,6,3,2,3,1,1,1,1,1,2,2,1,1,2,3,1,2,2,1,1,1,1,1,1,1,1,2,2,2,2,2,2,2,2,2,2,2,1,,,,,,,,,,,,,,,,,,,,,,,,,,,,,,,,,,,,,,,,,,,,,,,,1,120,,,,,,,,,,,2,2,1,1,2,1,1,1,1,1,1,2
384103,2,95,0,,2,3,1,1,1,1,1,2,2,1,1,2,7,1,2,2,2,2,1,4,2,2,1,2,2,,,,,,,,,,,,,,,,,,,,,,,,,,,,,,,,,,,,,,,,,,,,,,,,,,,,,,,,,,,,,,,,,,,,,,,,,,,,,,,,,,
384204,2,51,6,3,3,4,2,1,1,1,1,1,1,1,1,1,5,1,2,2,1,1,1,1,1,1,1,1,2,1,2,2,2,2,2,2,2,2,2,1,,,,,,,,,,,,,,,,,,,,,,,,,,,,,,,,,,,,,,,,,,,,,,,,1,120,,,,,,,,,,,3,2,2,2,,2,,1,2,2,2,2
384301,2,12,2,6,3,5,1,1,1,1,1,2,2,1,1,2,6,1,2,2,1,1,1,1,1,1,1,1,2,1,1,,2,2,2,2,2,2,2,1,10,2,1,1,90,2,2,1,2,2,1,2,2,,,,,,,,,,,,,,,,,,,,,,,,,,,,,,,,,,,1,360,1,8,2,2,2,2,1,3,3,1,,2,2,2,,1,1,1,1,9,9,9
384402,1,27,6,3,2,4,2,1,1,1,4,1,1,1,1,1,3,1,2,2,1,1,1,2,1,1,1,1,2,1,1,,2,2,2,2,2,2,2,1,2,1,1,2,120,1,2,1,1,2,2,2,2,,,,,,,,,,,,,,,,,,,,,,,,,,,,,,,,,,,1,60,2,,3,3,2,2,1,3,3,1,,2,1,1,2,1,1,1,1,1,1,1
384503,2,29,8,5,1,2,1,1,1,1,1,1,1,1,1,1,3,1,2,2,1,1,1,1,1,1,1,1,2,1,1,,2,2,2,2,1,,1,1,5,1,1,1,60,1,2,1,1,2,1,2,1,,,,,,,,,,,,,,,,,,,,,,,,,,,,1,60,1,1,1,60,1,1,60,2,,3,3,1,1,1,3,3,1,,1,1,1,2,1,2,1,1,1,1,1
384604,2,20,8,3,3,5,2,1,1,1,2,1,2,1,1,1,5,1,2,2,1,1,1,1,1,1,1,1,2,2,2,1,2,1,2,2,2,2,1,1,1,1,2,3,30,2,2,1,2,2,2,2,1,1,4,30,2,2,1,2,2,2,2,2,2,2,,,,,,,,,,,,,,,,,,,3,60,1,1,360,1,8,4,4,2,1,1,3,3,1,,1,1,1,2,1,1,1,1,1,1,1
384701,1,17,6,1,2,3,2,1,1,2,,2,2,1,1,1,4,1,2,2,1,1,1,1,2,1,1,2,2,2,2,2,2,2,2,2,2,2,2,1,,,,,,,,,,,,,,,,,,,,,,,,,,,,,,,,,,,,,,,,,,,,,,,,1,300,,,,,,,,,,,4,2,1,1,2,2,,1,1,1,1,1
384802,2,34,8,5,1,2,1,1,1,1,1,2,2,1,1,2,3,1,2,2,1,1,1,1,1,1,1,1,2,1,1,,2,2,2,2,1,,1,1,3,1,1,1,60,2,1,1,2,1,1,2,1,,,,,,,,,,,,,,,,,,,,,,,,,,,,5,60,1,2,1,40,1,1,40,2,,4,3,1,1,1,3,3,3,,1,2,2,,1,1,1,1,1,1,1
384903,1,34,8,5,2,3,2,1,1,1,1,1,2,1,1,2,3,1,2,2,1,1,1,1,1,1,1,1,2,1,1,,2,2,2,2,2,2,1,1,2,1,2,1,60,1,2,2,1,1,2,2,3,,,,,,,,,,,,,,,,,,,,,,,,,,,,,,,,1,60,1,1,30,1,1,2,2,1,1,2,3,3,1,,1,1,1,1,1,2,1,1,1,1,1
385004,2,18,6,3,2,3,1,1,1,1,2,2,2,1,1,1,4,1,2,2,1,1,1,1,1,1,1,1,2,2,2,2,2,2,2,2,2,2,2,1,,,,,,,,,,,,,,,,,,,,,,,,,,,,,,,,,,,,,,,,,,,,,,,,1,120,,,,,,,,,,,2,2,2,2,,2,,1,1,1,1,2
385101,2,86,7,3,3,5,1,1,1,1,1,1,2,1,1,2,1,1,2,2,2,1,1,2,1,1,1,1,2,2,2,2,2,2,2,2,2,2,2,1,,,,,,,,,,,,,,,,,,,,,,,,,,,,,,,,,,,,,,,,,,,,,,,,1,130,,,,,,,,,,,4,2,2,2,,2,,1,1,1,2,2
385202,1,23,8,4,2,3,2,1,1,1,2,1,2,1,1,1,4,1,2,2,2,1,1,1,1,1,1,1,2,1,1,,2,2,2,2,2,2,2,1,3,1,1,1,120,2,2,1,2,2,2,2,1,,,,,,,,,,,,,,,,,,,,,,,,,,,,,,,,,,,1,300,2,,3,2,2,1,2,3,3,1,,1,1,1,2,1,2,1,1,1,1,1
385303,2,44,8,5,5,7,5,1,1,1,2,1,1,1,1,1,4,1,2,2,1,1,1,1,1,1,1,1,2,1,1,,2,2,1,,2,2,1,1,5,1,1,1,60,1,1,1,1,2,2,2,1,,,,,,,,,,,,,,1,1,2,60,1,0,0,0,1,1,1,0,0,1,,,,,1,60,1,1,60,1,3,3,3,1,1,1,3,3,1,,1,1,1,2,1,2,1,1,1,1,1
385404,2,62,8,5,5,7,4,1,1,1,1,1,1,1,1,1,1,1,2,2,1,1,1,1,1,1,1,1,2,1,1,,2,2,1,,2,2,1,1,2,1,1,1,120,1,1,1,1,2,2,2,1,,,,,,,,,,,,,,1,1,3,35,1,0,0,1,1,1,0,0,0,1,,,,,1,60,1,1,60,2,,3,3,2,2,1,3,3,1,,1,1,1,1,1,1,1,1,1,1,1
385501,1,22,6,3,3,4,1,1,2,2,,1,2,1,1,2,3,1,2,2,1,1,1,1,1,1,1,1,2,2,2,2,2,2,2,2,2,2,2,1,,,,,,,,,,,,,,,,,,,,,,,,,,,,,,,,,,,,,,,,,,,,,,,,1,120,,,,,,,,,,,1,2,2,2,,2,,1,2,2,2,2
385602,1,65,8,5,2,3,1,1,1,1,1,1,1,1,1,1,4,1,2,2,1,1,1,1,1,1,1,1,2,2,2,2,2,2,2,2,2,2,1,1,,,,,,,,,,,,,,,,,,,,,,,,,,,,,,,,,,,,,,,,,,,,,3,60,1,1,35,2,,2,2,2,2,2,3,3,3,,2,2,2,,2,,1,1,1,1,1
385703,2,49,6,3,2,4,1,1,1,1,1,1,1,1,1,1,1,1,2,2,1,1,1,1,1,1,1,1,2,2,2,2,2,2,2,2,2,2,2,1,,,,,,,,,,,,,,,,,,,,,,,,,,,,,,,,,,,,,,,,,,,,,,,,1,60,,,,,,,,,,,2,2,2,2,,2,,1,1,1,1,1
385804,1,38,8,5,2,3,1,1,1,1,1,1,1,1,1,1,4,1,2,2,1,1,1,1,1,1,1,1,2,1,1,,2,1,2,2,2,2,1,1,3,2,1,2,30,1,1,1,1,2,2,2,3,4,2,45,1,1,1,1,1,2,2,2,2,2,,,,,,,,,,,,,,,,,,,2,60,1,1,60,2,,3,3,1,1,1,3,3,1,,2,1,1,2,1,1,1,1,1,1,1
385901,2,30,8,5,3,6,2,1,1,1,2,2,1,1,1,1,3,1,2,2,1,1,1,1,1,1,1,1,2,1,1,,2,1,2,1,2,1,2,1,3,2,1,2,120,1,2,2,1,1,1,2,3,1,4,30,1,2,1,1,1,2,2,1,1,2,1,2,1,2,2,0,0,0,0,0,0,0,1,1,5,120,1,2,,,,2,40,1,3,2,3,2,2,2,3,1,1,,1,1,1,1,1,2,1,1,1,1,1
386002,2,68,3,3,1,4,1,1,2,1,1,2,2,1,1,2,4,1,2,2,3,1,1,2,2,1,1,1,2,2,2,2,2,2,2,2,2,2,2,1,,,,,,,,,,,,,,,,,,,,,,,,,,,,,,,,,,,,,,,,,,,,,,,,1,128,,,,,,,,,,,6,2,2,2,,2,,1,2,2,2,2
386204,2,80,3,3,3,5,2,1,1,2,,2,2,1,2,2,1,1,2,2,2,2,1,2,2,1,1,1,2,2,2,2,2,2,1,,2,2,2,2,,,,,,,,,,,,,,,,,,,,,,,,,,,2,1,5,60,1,1,0,0,1,0,1,0,0,3,,,,,,,,,,2,,2,2,2,2,2,3,3,1,,2,2,2,,2,,1,2,2,2,2
386301,2,63,2,6,2,4,1,1,1,1,1,2,2,1,1,2,4,1,2,2,3,2,1,3,2,1,1,1,2,2,2,1,2,2,1,,2,2,2,1,1,2,1,2,20,2,2,2,1,2,2,2,2,,,,,,,,,,,,,,2,1,1,30,1,0,0,0,0,0,1,0,0,2,,,,,,,,1,60,2,,1,2,2,1,3,3,1,1,,2,1,1,1,1,1,1,9,9,1,9
386402,1,36,3,3,2,3,1,1,1,1,2,1,1,1,1,1,5,1,2,2,1,1,1,1,1,1,1,1,2,1,2,1,1,,1,,1,,1,1,35,1,1,2,60,1,1,1,1,1,1,2,1,10,2,60,1,1,1,1,1,1,1,1,1,2,1,2,7,20,1,0,0,0,0,0,0,0,1,1,2,60,1,2,1,60,1,1,120,1,5,3,4,2,2,2,3,3,1,,1,1,1,2,1,4,1,1,1,1,1
386503,2,60,2,6,2,3,2,1,1,2,,2,2,1,1,2,2,1,2,2,2,1,3,1,2,1,1,2,2,1,2,2,1,,2,1,2,2,2,1,,,,,,,,,,,,,,2,2,20,2,2,2,1,1,1,2,1,1,2,1,2,7,10,1,0,0,0,0,1,0,0,0,1,,,,,,,,1,30,1,4,2,2,2,2,3,3,1,1,,2,2,1,1,2,,1,2,1,1,2
386604,1,37,8,5,2,4,1,1,1,1,1,1,1,1,1,1,3,1,2,2,1,1,1,1,1,1,1,1,2,1,2,2,1,,1,,2,2,1,1,,,,,,,,,,,,,,15,2,120,1,2,2,2,2,2,1,2,2,2,1,2,7,60,2,1,0,0,0,0,0,0,0,1,,,,,1,160,1,1,480,1,6,3,4,2,1,2,3,3,1,,2,1,1,1,1,2,1,1,1,1,1
386802,2,36,8,5,2,4,2,1,1,1,1,1,2,1,1,2,1,1,2,2,1,1,1,1,1,1,1,1,2,1,1,,2,2,1,,2,2,1,1,2,1,1,2,60,1,2,1,1,2,2,2,3,,,,,,,,,,,,,,2,1,3,30,1,1,0,0,1,0,0,1,0,3,,,,,3,60,1,1,60,2,,2,3,2,2,2,3,3,1,,1,1,1,2,1,2,1,1,1,1,1
386903,2,13,2,6,2,3,2,1,1,1,1,1,2,1,1,1,4,1,2,2,1,2,1,1,2,1,1,1,2,1,1,,2,2,2,2,1,,2,1,13,2,1,1,30,2,2,1,2,2,2,2,2,,,,,,,,,,,,,,,,,,,,,,,,,,,,5,25,1,2,,,,1,350,1,4,1,2,2,1,3,3,3,1,,2,1,2,,2,,1,1,1,1,2
387004,2,42,8,5,3,5,2,1,1,1,2,1,1,1,1,1,4,1,2,2,1,1,1,1,1,1,1,1,2,1,1,,1,,2,1,2,2,2,1,3,2,1,2,20,1,2,2,2,1,1,2,3,2,2,25,1,2,1,2,1,2,2,1,2,2,1,2,3,10,1,0,0,0,1,1,1,0,0,3,,,,,,,,1,10,1,3,4,2,2,1,1,3,3,1,,1,2,2,,2,,1,1,1,1,2
387202,1,59,6,3,3,4,2,1,1,1,1,2,2,2,,,3,1,2,2,1,1,1,1,1,1,1,1,2,1,2,1,1,,2,2,2,2,2,1,3,1,2,1,60,1,2,2,2,2,1,2,1,2,2,20,1,2,2,2,1,1,2,2,2,2,,,,,,,,,,,,,,,,,,,,,,1,40,2,,2,2,2,1,1,3,3,1,,2,2,2,,2,,1,1,1,1,2
387303,2,42,8,5,3,6,2,1,1,1,2,1,2,1,1,1,3,1,2,2,1,1,1,1,1,1,1,1,2,1,1,,1,,1,,2,2,1,1,6,1,1,1,60,1,2,2,1,1,1,2,3,23,3,30,1,2,1,1,1,2,2,2,2,2,2,1,3,30,1,1,1,1,1,0,0,0,0,3,,,,,1,60,1,1,60,2,,3,3,1,1,2,3,3,1,,1,1,1,2,1,4,1,1,1,1,1
387404,2,46,0,,2,4,1,1,1,2,,2,2,1,1,2,2,1,2,2,1,1,1,1,1,1,1,1,2,,,,,,,,,,,,,,,,,,,,,,,,,,,,,,,,,,,,,,,,,,,,,,,,,,,,,,,,,,,,,,,,,,,,,,,,,,,,,,,,,,
387602,1,64,2,6,1,2,1,1,2,2,,2,2,2,,,2,1,2,2,1,1,1,1,1,1,1,1,2,2,2,2,2,2,1,,2,2,2,2,,,,,,,,,,,,,,,,,,,,,,,,,,,2,1,3,60,1,0,0,0,0,0,0,0,1,2,,,,,,,,,,2,,2,1,2,2,3,3,3,1,,2,2,2,,2,,1,2,2,2,2
387703,2,33,3,3,2,3,1,1,1,1,1,2,2,2,,,4,1,2,2,1,1,1,1,1,1,1,1,2,1,2,2,1,,2,2,2,2,1,1,,,,,,,,,,,,,,5,1,60,1,2,2,1,2,1,2,2,2,2,,,,,,,,,,,,,,,,,,,1,60,1,1,60,2,,3,3,2,2,1,3,3,1,,2,2,2,,2,,1,2,2,2,2
387804,1,50,2,6,2,3,1,2,2,2,,2,2,2,,,2,1,2,2,1,1,1,1,1,1,1,1,2,2,2,2,1,,1,,2,2,2,2,,,,,,,,,,,,,,5,1,35,1,1,1,1,2,2,2,2,2,2,2,1,4,35,1,1,1,0,0,0,0,0,0,2,,,,,,,,,,2,,2,2,2,2,2,3,3,1,,2,2,2,,2,,1,1,1,1,1
387901,2,25,6,2,1,3,1,1,2,2,,2,2,1,1,2,3,1,2,2,1,1,1,1,1,1,1,1,2,1,2,2,2,2,2,2,2,2,1,1,,,,,,,,,,,,,,,,,,,,,,,,,,,,,,,,,,,,,,,,,,,,,5,35,1,1,5,2,,2,3,2,1,2,3,3,1,,2,2,2,,2,,1,1,1,1,1
388002,2,64,2,6,3,4,1,1,1,1,1,2,2,1,1,2,1,1,2,2,2,1,1,1,1,1,1,1,2,2,2,2,2,2,2,2,2,2,2,1,,,,,,,,,,,,,,,,,,,,,,,,,,,,,,,,,,,,,,,,,,,,,,,,1,60,,,,,,,,,,,2,2,2,2,,2,,1,2,2,2,2
388103,2,60,6,3,2,3,1,1,1,2,,2,2,1,1,2,3,1,2,2,2,1,1,1,1,1,1,1,1,1,2,2,1,,2,2,2,2,2,2,,,,,,,,,,,,,,5,2,30,1,2,2,2,2,2,2,2,1,2,,,,,,,,,,,,,,,,,,,,,,,,1,8,2,2,2,2,2,3,3,1,,2,1,2,,2,,1,1,1,9,9
388204,1,68,2,4,2,3,1,1,1,2,,2,2,2,,,3,1,2,2,1,1,1,1,1,1,1,2,2,2,2,1,1,,2,2,2,2,2,2,4,2,1,2,60,1,2,2,1,2,2,2,2,5,1,35,1,2,2,2,1,2,2,2,2,2,,,,,,,,,,,,,,,,,,,,,,,,2,,1,1,2,2,2,3,3,1,,2,2,2,,2,,1,9,9,9,9
388301,2,66,2,5,4,6,3,1,1,2,,2,2,1,1,2,1,1,2,2,1,1,1,1,2,1,1,1,2,2,2,2,2,2,2,2,2,2,2,1,,,,,,,,,,,,,,,,,,,,,,,,,,,,,,,,,,,,,,,,,,,,,,,,1,20,,,,,,,,,,,6,2,1,1,1,2,,1,1,1,1,2
388402,1,63,2,3,3,4,1,1,2,2,,2,2,2,,,3,1,2,2,2,1,1,1,1,1,1,1,2,2,2,2,2,2,2,2,2,2,2,2,,,,,,,,,,,,,,,,,,,,,,,,,,,,,,,,,,,,,,,,,,,,,,,,,,,,,,,,,,,,1,2,2,2,,2,,1,1,1,1,2
388503,1,27,8,5,3,8,2,1,1,1,1,1,1,1,1,1,4,1,2,2,1,1,1,1,1,1,1,1,2,1,1,,1,,2,2,1,,1,1,3,2,1,1,120,1,2,2,2,1,1,2,3,3,1,60,1,1,1,1,2,2,2,2,2,2,,,,,,,,,,,,,,,1,60,2,1,1,120,1,1,35,2,,2,3,1,2,2,3,3,1,,1,1,1,2,1,2,1,1,1,1,1
388604,1,64,8,3,2,3,1,1,1,1,1,2,1,1,1,1,3,1,2,2,2,1,1,2,2,1,1,1,2,1,1,,2,2,2,2,2,2,1,1,1,2,1,3,120,1,2,2,1,2,2,2,3,,,,,,,,,,,,,,,,,,,,,,,,,,,,,,,,1,120,1,1,60,1,5,1,3,2,2,3,3,3,1,,2,1,1,2,1,1,1,1,1,1,1
388701,2,17,6,2,2,4,1,1,1,2,,1,2,1,1,1,2,1,2,2,1,1,1,1,1,1,1,1,2,1,1,,2,2,2,2,1,,2,1,2,2,1,2,30,1,2,2,1,2,1,2,2,,,,,,,,,,,,,,,,,,,,,,,,,,,,3,60,2,1,,,,1,30,2,,2,3,2,1,3,3,3,1,,2,1,1,2,1,1,1,1,1,1,1
388802,2,49,3,3,2,4,1,1,1,2,,2,2,1,1,1,2,1,2,2,2,1,1,2,1,1,1,1,2,2,2,2,1,,2,2,2,2,2,1,,,,,,,,,,,,,,5,2,15,1,2,2,2,2,1,2,2,2,2,,,,,,,,,,,,,,,,,,,,,,1,450,2,,2,2,2,1,1,3,3,1,,1,1,1,2,1,1,1,2,1,1,1
388903,2,28,3,3,1,2,1,1,1,1,1,2,2,1,1,2,3,1,2,2,1,1,1,1,1,1,1,1,2,2,2,2,2,2,2,2,2,2,1,1,,,,,,,,,,,,,,,,,,,,,,,,,,,,,,,,,,,,,,,,,,,,,1,120,1,1,60,2,,3,3,2,2,2,3,3,1,,1,2,1,2,2,,1,1,1,1,1
389004,1,74,2,2,1,3,1,1,1,1,1,2,2,2,,,2,1,2,2,1,2,1,1,1,1,1,1,2,2,2,1,2,2,2,2,2,2,2,2,3,2,1,1,35,1,2,2,2,2,1,2,2,,,,,,,,,,,,,,,,,,,,,,,,,,,,,,,,,,,,,2,,2,2,2,2,2,3,3,1,,2,2,2,,2,,1,2,2,2,2
389101,2,41,6,3,1,3,1,1,1,1,1,1,1,1,1,1,3,1,2,2,2,1,1,1,1,1,1,1,2,2,2,2,2,2,2,2,2,2,2,1,,,,,,,,,,,,,,,,,,,,,,,,,,,,,,,,,,,,,,,,,,,,,,,,1,120,,,,,,,,,,,2,1,1,1,1,1,1,1,1,1,1,1
389202,1,43,8,5,1,2,1,1,1,2,,1,2,1,1,1,1,1,2,2,1,1,1,1,2,1,1,1,2,2,2,2,2,2,2,2,2,1,2,1,,,,,,,,,,,,,,,,,,,,,,,,,,,,,,,,,,,,,,,,,5,20,1,2,,,,1,30,1,6,2,3,2,1,3,3,1,3,,2,1,1,2,1,1,1,2,1,2,2
389303,1,31,8,1,1,2,1,1,1,2,,2,2,1,1,1,2,1,2,2,1,1,1,1,1,1,1,1,2,1,2,1,2,2,2,2,2,2,1,1,2,1,2,2,60,1,2,2,2,2,1,2,1,,,,,,,,,,,,,,,,,,,,,,,,,,,,,,,,1,60,1,1,60,2,,2,3,2,2,1,3,3,1,,2,2,2,,1,1,1,1,1,1,1
389404,2,33,3,3,1,2,1,1,1,2,,1,2,1,1,2,3,1,2,2,1,1,1,1,1,1,1,1,2,1,2,2,1,,2,2,2,2,2,1,,,,,,,,,,,,,,2,2,60,1,2,2,2,1,2,2,2,2,2,,,,,,,,,,,,,,,,,,,,,,1,60,1,2,2,2,2,2,1,3,3,1,,1,2,1,2,1,1,1,1,1,1,1
389501,2,24,3,3,1,2,1,1,2,2,,2,2,2,,,4,1,2,2,1,1,1,1,1,1,1,1,2,1,1,,2,2,2,2,2,2,2,1,3,2,1,2,60,1,2,2,2,1,2,2,2,,,,,,,,,,,,,,,,,,,,,,,,,,,,,,,,,,,1,120,2,,2,2,2,2,2,3,3,1,,1,1,2,,1,1,1,1,1,1,2
389602,1,35,3,3,2,3,1,2,2,2,,2,2,2,,,2,1,2,2,1,1,1,1,1,1,1,1,2,2,2,2,2,2,2,2,2,2,2,1,,,,,,,,,,,,,,,,,,,,,,,,,,,,,,,,,,,,,,,,,,,,,,,,1,120,,,,,,,,,,,1,2,2,2,,2,,1,2,2,2,2
389703,2,23,3,3,2,3,1,1,2,2,,2,2,2,,,4,1,2,2,1,1,1,1,1,1,1,1,2,1,1,,2,2,2,2,2,2,2,1,2,1,2,2,60,1,2,2,2,1,2,2,1,,,,,,,,,,,,,,,,,,,,,,,,,,,,,,,,,,,1,120,2,,2,3,2,1,1,3,3,1,,2,2,2,,2,,1,1,1,1,2
389804,1,43,2,6,2,3,1,1,2,2,,2,2,2,,,6,1,2,2,1,1,1,4,1,1,1,1,2,2,2,2,2,2,2,2,2,2,2,1,,,,,,,,,,,,,,,,,,,,,,,,,,,,,,,,,,,,,,,,,,,,,,,,1,30,,,,,,,,,,,1,2,2,2,,2,,1,2,1,1,2
389901,1,17,3,3,2,4,1,1,1,2,,2,2,1,1,2,4,1,2,2,1,1,1,1,2,1,1,1,2,1,1,,2,2,2,2,2,2,2,1,4,2,1,1,60,1,2,1,2,2,2,2,2,,,,,,,,,,,,,,,,,,,,,,,,,,,,,,,,,,,1,120,2,,3,4,2,1,2,3,3,1,,1,2,2,,1,1,1,1,1,1,1
390002,1,50,8,5,3,4,2,1,1,1,2,2,2,1,1,1,1,1,2,2,1,1,1,1,1,1,1,1,2,1,1,,2,1,2,2,2,2,2,1,3,2,1,2,60,2,1,1,2,2,1,2,2,1,4,30,1,1,2,2,2,2,2,2,2,2,,,,,,,,,,,,,,,,,,,,,,1,120,2,,4,3,2,1,2,3,3,1,,1,1,1,1,1,2,1,1,1,1,1
390103,1,52,6,3,1,2,1,1,1,2,,1,2,1,1,2,1,1,2,2,1,1,1,1,1,1,1,1,2,1,1,,2,2,1,,2,2,1,1,6,1,2,1,60,1,1,1,1,2,2,2,1,,,,,,,,,,,,,,1,2,4,60,1,1,1,1,0,0,0,0,0,1,,,,,1,60,1,1,120,2,,2,3,1,2,1,3,3,1,,1,1,1,1,1,2,1,1,1,1,1
390204,1,54,2,5,1,2,1,1,1,2,,2,2,2,,,2,1,2,2,1,1,1,1,1,1,1,1,2,2,2,2,2,2,2,2,2,2,2,1,,,,,,,,,,,,,,,,,,,,,,,,,,,,,,,,,,,,,,,,,,,,,,,,1,60,,,,,,,,,,,3,2,2,2,,2,,1,1,1,9,9
390301,2,42,8,2,2,4,1,1,1,2,,2,2,2,,,6,1,2,2,1,1,1,1,1,1,1,1,2,2,2,2,2,2,2,2,2,2,1,1,,,,,,,,,,,,,,,,,,,,,,,,,,,,,,,,,,,,,,,,,,,,,1,120,1,1,60,2,,2,3,1,1,1,3,3,1,,2,2,2,,2,,1,1,1,2,2
390402,2,39,8,5,3,4,2,1,1,1,1,1,1,1,1,1,1,1,2,2,1,1,1,1,1,1,1,1,2,1,1,,2,2,2,2,2,2,2,1,6,2,1,1,60,1,2,1,1,1,2,2,3,,,,,,,,,,,,,,,,,,,,,,,,,,,,,,,,,,,1,120,2,,4,3,2,2,1,3,3,1,,1,1,1,1,1,1,1,1,1,1,1
390503,2,26,7,2,1,3,1,1,2,1,1,1,2,1,1,1,1,1,2,2,3,1,1,1,1,1,1,1,2,1,1,,2,2,2,2,2,2,2,1,3,2,1,1,60,2,2,2,1,2,2,2,4,,,,,,,,,,,,,,,,,,,,,,,,,,,,,,,,,,,1,120,1,5,2,2,2,1,1,3,3,3,,2,2,2,,2,,1,2,2,2,2
390701,2,36,8,2,2,3,1,1,1,2,,2,2,2,,,9,1,1,2,1,1,1,1,1,1,1,1,2,1,2,2,2,2,2,1,2,1,2,1,,,,,,,,,,,,,,,,,,,,,,,,,,,1,2,6,120,1,1,0,0,1,1,0,0,0,1,2,60,1,2,,,,1,240,2,,3,3,2,1,2,3,3,1,,2,1,1,2,1,1,1,1,1,1,2
390802,1,14,2,6,3,4,1,1,1,2,,2,2,2,,,5,1,2,2,1,1,1,1,1,1,1,1,2,2,2,1,2,2,2,2,2,2,2,1,7,2,1,2,20,2,2,1,2,2,2,2,2,,,,,,,,,,,,,,,,,,,,,,,,,,,,,,,,,,,1,350,2,,2,2,2,1,1,3,1,1,,2,2,2,,2,,1,2,1,2,2
390903,1,58,3,3,2,3,1,1,1,2,,2,2,2,,,4,1,2,2,1,1,1,1,1,1,1,1,2,2,1,,2,2,2,2,2,2,2,2,4,2,1,2,40,1,2,2,1,2,2,2,2,,,,,,,,,,,,,,,,,,,,,,,,,,,,,,,,,,,,,2,,2,2,2,2,1,3,3,1,,2,2,2,,2,,1,1,1,9,9
391004,1,52,2,4,1,2,0,2,2,2,,2,2,2,,,1,1,2,2,1,1,1,1,1,1,1,1,2,2,1,,2,2,2,2,2,2,2,2,2,2,1,1,60,1,2,1,1,2,2,2,2,,,,,,,,,,,,,,,,,,,,,,,,,,,,,,,,,,,,,2,,1,2,2,2,2,3,3,1,,2,2,2,,2,,1,2,2,2,2
391101,2,12,2,6,1,2,0,1,2,2,,2,2,2,,,6,1,2,2,1,1,1,1,1,1,1,1,2,1,1,,2,1,2,2,2,2,2,1,2,1,1,1,120,2,2,1,2,2,2,2,4,10,1,20,2,1,2,2,1,2,2,2,2,2,,,,,,,,,,,,,,,,,,,,,,1,250,1,3,2,2,2,1,2,3,3,1,,1,1,1,2,2,,1,1,1,1,2
391202,2,14,3,1,1,2,1,1,1,2,,2,2,2,,,3,1,2,2,3,1,1,1,3,1,1,1,2,2,2,2,2,2,2,2,2,2,2,1,,,,,,,,,,,,,,,,,,,,,,,,,,,,,,,,,,,,,,,,,,,,,,,,1,60,,,,,,,,,,,2,2,2,2,,2,,1,1,1,1,2
391303,2,64,3,3,4,6,2,1,2,2,,1,2,2,,,8,1,2,2,2,1,2,2,2,1,1,1,1,2,1,,2,2,2,2,2,2,2,2,5,2,1,2,60,1,2,2,1,1,2,2,3,,,,,,,,,,,,,,,,,,,,,,,,,,,,,,,,,,,,,2,,1,2,2,2,2,3,3,1,,1,1,1,1,1,1,1,2,2,2,2
391404,2,45,3,2,2,3,1,2,2,2,,2,2,2,,,7,1,2,1,1,1,1,1,1,1,1,1,1,2,1,,2,2,2,2,2,2,2,2,3,2,1,2,60,1,2,1,2,2,2,2,2,,,,,,,,,,,,,,,,,,,,,,,,,,,,,,,,,,,,,2,,1,2,2,2,2,3,3,1,,2,2,2,,2,,1,2,2,2,2
391501,2,67,2,3,3,5,1,1,1,1,1,2,2,1,1,2,1,1,2,2,1,1,1,1,1,1,1,1,2,1,2,2,1,,2,2,2,2,2,2,,,,,,,,,,,,,,3,2,15,1,2,2,2,2,1,2,2,2,2,,,,,,,,,,,,,,,,,,,,,,,,2,,1,1,2,2,1,3,3,1,,2,2,2,,2,,1,2,1,2,2
391602,1,48,6,3,3,5,2,1,1,1,1,2,2,2,,,2,1,2,2,1,1,1,1,1,1,1,1,1,1,2,1,1,,2,1,2,2,2,1,1,2,1,2,60,1,2,2,2,2,1,2,1,2,2,60,1,1,2,1,2,2,2,2,2,2,2,1,2,60,1,0,1,0,0,1,0,0,0,3,,,,,,,,1,30,2,,2,4,2,1,1,3,3,1,,2,1,1,1,1,1,1,2,1,1,1
391703,1,25,6,3,1,3,0,2,2,1,1,2,2,2,,,1,1,2,2,1,1,1,1,1,1,1,1,2,1,2,2,2,2,2,2,2,2,2,1,,,,,,,,,,,,,,,,,,,,,,,,,,,,,,,,,,,,,,,,,,,,,,,,1,60,,,,,,,,,,,1,2,2,2,,2,,1,2,2,2,2
391804,1,74,2,5,3,4,2,1,1,1,1,2,2,1,1,2,6,1,2,2,2,1,1,1,1,1,1,1,2,1,1,,2,2,1,,2,2,2,2,2,2,1,2,60,1,2,1,2,2,2,2,2,,,,,,,,,,,,,,2,1,5,60,1,1,1,1,0,0,0,0,0,3,,,,,,,,,,2,,2,2,2,2,2,3,3,1,,2,2,2,,2,,1,2,2,2,2
391901,1,62,7,3,2,4,1,1,1,1,1,2,2,1,1,2,3,1,2,2,1,1,1,1,1,1,1,1,2,2,2,1,2,2,2,2,2,2,2,1,1,2,1,3,60,1,1,2,1,1,2,2,2,,,,,,,,,,,,,,,,,,,,,,,,,,,,,,,,,,,1,10,2,,2,2,2,1,3,3,3,1,,2,1,1,2,2,,1,1,1,1,2
392002,2,65,2,4,2,4,1,1,1,2,,2,2,1,1,2,2,1,2,2,2,1,1,1,1,1,1,1,2,2,2,2,2,2,2,2,2,2,2,1,,,,,,,,,,,,,,,,,,,,,,,,,,,,,,,,,,,,,,,,,,,,,,,,1,30,,,,,,,,,,,4,2,2,2,,2,,1,1,1,1,2
392103,1,49,2,6,1,2,1,1,2,2,,2,2,2,,,1,1,2,2,1,1,1,1,1,1,1,1,2,1,1,,1,,1,,2,2,2,2,4,2,1,1,60,1,2,2,1,1,1,2,3,7,1,35,1,1,1,2,1,1,2,2,1,2,2,1,3,35,1,1,1,0,0,0,0,0,0,2,,,,,,,,,,2,,2,3,2,2,2,3,3,1,,2,2,2,,1,2,1,1,1,1,1
392204,2,24,8,3,1,3,1,1,1,2,,1,2,1,1,2,3,1,2,2,1,1,1,1,1,1,1,1,2,1,1,,2,2,2,2,2,2,2,1,1,1,2,2,60,1,2,2,1,2,2,2,1,,,,,,,,,,,,,,,,,,,,,,,,,,,,,,,,,,,1,120,2,,2,3,2,2,1,3,3,1,,1,1,1,2,1,1,1,1,1,1,1
392301,1,79,2,3,1,4,1,1,2,2,,2,2,2,,,1,1,2,2,1,1,1,2,1,1,1,1,2,2,2,2,2,2,2,2,2,2,2,2,,,,,,,,,,,,,,,,,,,,,,,,,,,,,,,,,,,,,,,,,,,,,,,,,,,,,,,,,,,,4,2,2,2,,2,,1,2,2,2,2
392402,1,55,6,3,2,5,1,1,1,1,3,1,2,1,1,2,5,1,2,2,1,1,1,1,1,1,1,1,2,2,2,2,2,2,2,2,2,2,2,1,,,,,,,,,,,,,,,,,,,,,,,,,,,,,,,,,,,,,,,,,,,,,,,,1,60,,,,,,,,,,,1,2,2,2,,2,,1,2,2,2,2
392503,2,76,2,3,2,3,1,1,2,2,,2,2,2,,,5,1,2,2,1,1,1,1,1,1,1,1,1,2,1,,2,2,2,2,2,2,2,2,3,2,1,3,35,1,2,2,1,2,2,2,1,,,,,,,,,,,,,,,,,,,,,,,,,,,,,,,,,,,,,1,3,1,1,2,2,2,3,3,1,,2,2,2,,2,,1,2,2,2,2
392604,1,85,2,5,2,3,1,1,1,1,1,2,2,2,,,2,1,2,2,2,2,2,2,2,1,1,1,2,1,1,,2,2,1,,2,2,2,2,4,2,1,1,120,1,2,2,1,2,1,2,2,,,,,,,,,,,,,,2,1,7,60,1,1,0,0,0,0,0,0,0,3,,,,,,,,,,2,,1,2,2,2,2,3,3,1,,2,1,1,2,1,1,1,1,1,9,9
392701,2,69,2,6,3,4,2,1,1,1,2,1,1,1,1,1,2,1,2,2,1,1,1,1,1,1,1,1,2,2,2,2,2,2,2,1,2,2,2,1,,,,,,,,,,,,,,,,,,,,,,,,,,,2,1,7,15,1,0,0,0,0,0,0,0,1,1,,,,,,,,1,120,2,,2,2,2,1,3,3,1,1,,2,1,1,2,2,,1,2,2,2,2
392802,1,58,2,2,1,3,1,1,2,2,,2,2,2,,,1,1,2,2,1,1,3,1,1,1,1,1,2,2,2,2,2,2,2,2,2,2,2,1,,,,,,,,,,,,,,,,,,,,,,,,,,,,,,,,,,,,,,,,,,,,,,,,1,5,,,,,,,,,,,3,2,2,2,,2,,1,2,2,2,2
392903,2,56,6,3,2,3,1,1,1,1,1,2,2,1,1,1,3,1,2,2,1,1,1,1,1,1,1,1,2,1,1,,1,,1,,2,2,2,2,5,2,1,1,40,1,2,2,1,2,2,2,2,3,1,40,1,2,2,2,2,1,2,1,2,2,2,1,4,60,1,0,0,0,1,0,0,0,0,2,,,,,,,,,,2,,2,2,2,2,2,3,3,1,,2,2,2,,2,,1,2,1,2,2
393004,1,42,2,2,2,4,1,1,1,1,1,2,2,1,1,2,4,1,2,2,1,1,1,1,1,1,1,1,2,2,2,2,2,2,2,2,2,2,2,1,,,,,,,,,,,,,,,,,,,,,,,,,,,,,,,,,,,,,,,,,,,,,,,,1,120,,,,,,,,,,,3,1,1,2,,2,,1,1,1,1,9
393101,2,54,2,6,2,4,1,1,1,2,,2,2,2,,,2,1,2,2,1,1,1,1,1,1,1,1,2,2,2,2,2,2,2,2,2,2,2,1,,,,,,,,,,,,,,,,,,,,,,,,,,,,,,,,,,,,,,,,,,,,,,,,1,120,,,,,,,,,,,1,2,2,2,,2,,1,2,1,1,2
393202,2,21,8,4,2,3,1,1,2,1,1,1,2,1,1,2,5,1,2,2,2,1,1,1,1,1,1,1,2,2,2,2,2,2,2,2,2,2,2,1,,,,,,,,,,,,,,,,,,,,,,,,,,,,,,,,,,,,,,,,,,,,,,,,1,60,,,,,,,,,,,3,2,2,2,,2,,1,1,1,1,1
393303,2,48,3,3,2,3,1,1,1,1,1,1,2,1,1,2,3,1,2,2,1,1,1,1,1,1,1,1,2,2,2,2,2,2,2,2,2,2,1,1,,,,,,,,,,,,,,,,,,,,,,,,,,,,,,,,,,,,,,,,,,,,,1,60,1,1,120,2,,2,3,2,2,2,3,3,1,,2,2,2,,2,,1,2,2,2,2
393404,2,15,3,2,2,3,1,1,2,2,,2,2,2,,,4,1,2,2,1,1,1,1,1,1,1,1,2,2,2,2,2,2,2,2,2,2,2,1,,,,,,,,,,,,,,,,,,,,,,,,,,,,,,,,,,,,,,,,,,,,,,,,1,120,,,,,,,,,,,1,2,2,2,,2,,1,1,1,1,1
393501,2,77,2,4,2,4,1,1,2,1,1,2,2,2,,,2,1,2,2,1,4,1,2,2,1,1,1,2,2,2,2,2,2,2,2,2,2,2,2,,,,,,,,,,,,,,,,,,,,,,,,,,,,,,,,,,,,,,,,,,,,,,,,,,,,,,,,,,,,6,2,2,2,,2,,1,1,1,1,1
393602,1,53,2,6,1,2,1,1,1,2,,2,2,2,,,3,1,2,2,3,1,1,1,1,1,1,1,2,2,2,2,2,2,2,2,2,2,2,1,,,,,,,,,,,,,,,,,,,,,,,,,,,,,,,,,,,,,,,,,,,,,,,,1,30,,,,,,,,,,,2,2,2,2,,2,,1,1,1,1,2
393703,1,58,2,5,1,1,0,1,1,2,,2,2,2,,,3,1,2,2,1,1,1,1,1,1,1,1,2,2,2,2,2,2,2,2,2,2,2,2,,,,,,,,,,,,,,,,,,,,,,,,,,,,,,,,,,,,,,,,,,,,,,,,,,,,,,,,,,,,2,2,2,2,,2,,1,2,2,2,2
393804,2,58,2,3,1,1,0,1,1,2,,2,2,2,,,3,1,2,2,1,1,1,1,1,1,1,1,2,2,2,2,2,2,2,2,2,2,2,2,,,,,,,,,,,,,,,,,,,,,,,,,,,,,,,,,,,,,,,,,,,,,,,,,,,,,,,,,,,,3,2,2,2,,2,,1,2,2,2,2
393901,1,21,3,3,2,7,2,1,1,1,2,2,2,1,1,2,2,1,2,2,1,1,1,1,2,1,1,1,2,1,2,1,1,,2,2,2,1,1,1,15,2,1,2,20,2,1,2,2,2,2,2,2,5,2,20,2,2,2,1,2,2,2,2,2,2,,,,,,,,,,,,,,,2,15,1,2,2,10,1,1,20,1,3,2,2,2,1,1,3,3,1,,2,2,2,,1,1,1,2,1,1,1
394002,1,75,2,3,1,2,1,1,1,1,1,2,2,2,,,1,1,2,2,2,2,1,1,3,2,1,1,1,2,2,2,2,2,2,2,2,2,2,2,,,,,,,,,,,,,,,,,,,,,,,,,,,,,,,,,,,,,,,,,,,,,,,,,,,,,,,,,,,,6,2,2,2,,2,,1,9,9,2,2
394103,2,13,3,2,2,4,1,1,2,2,,2,2,2,,,3,1,1,2,1,1,1,1,1,1,1,1,2,2,2,1,2,2,2,2,2,2,2,2,1,2,1,3,30,1,2,2,2,1,2,2,3,,,,,,,,,,,,,,,,,,,,,,,,,,,,,,,,,,,,,2,,2,4,1,1,1,3,3,3,,2,2,2,,2,,1,1,1,1,2
394204,2,60,0,,2,3,1,2,2,1,1,2,2,2,,,2,1,2,2,1,1,1,1,1,1,1,1,2,,,,,,,,,,,,,,,,,,,,,,,,,,,,,,,,,,,,,,,,,,,,,,,,,,,,,,,,,,,,,,,,,,,,,,,,,,,,,,,,,,
394301,1,28,6,3,2,4,1,1,1,1,2,1,2,1,1,2,4,1,2,2,1,1,1,1,2,1,1,2,2,1,1,,2,2,2,2,1,,1,1,9,1,1,3,120,1,2,2,2,1,2,2,3,,,,,,,,,,,,,,,,,,,,,,,,,,,,2,60,1,2,1,180,2,1,120,1,6,4,3,2,1,1,3,3,1,,1,1,2,,1,1,1,1,1,1,2
394402,2,73,2,6,3,5,1,1,1,1,1,2,2,1,1,2,2,1,2,2,1,1,3,2,2,2,1,2,2,2,2,2,2,2,2,2,2,2,2,1,,,,,,,,,,,,,,,,,,,,,,,,,,,,,,,,,,,,,,,,,,,,,,,,1,10,,,,,,,,,,,1,2,2,2,,1,1,1,2,2,2,2
394503,1,23,2,6,3,8,2,1,1,1,2,2,2,2,,,4,1,2,2,1,1,1,1,1,1,1,1,1,2,2,2,2,2,2,2,2,2,2,1,,,,,,,,,,,,,,,,,,,,,,,,,,,,,,,,,,,,,,,,,,,,,,,,1,120,,,,,,,,,,,1,2,2,2,,2,,1,2,2,2,2
394604,1,21,6,3,2,5,1,1,1,1,1,1,2,1,1,1,3,1,2,2,2,1,1,1,1,1,1,1,2,2,2,2,2,2,2,2,1,,1,1,,,,,,,,,,,,,,,,,,,,,,,,,,,,,,,,,,,,,,,,,2,120,1,1,2,30,1,1,60,1,8,2,3,2,1,3,3,3,1,,2,1,2,,1,1,1,1,1,2,2
394701,1,29,8,4,1,2,1,1,2,2,,2,2,1,1,2,1,1,2,2,2,1,1,1,1,1,1,1,2,1,1,,2,2,2,2,2,2,1,2,1,2,1,3,40,1,2,2,2,2,1,2,2,,,,,,,,,,,,,,,,,,,,,,,,,,,,,,,,1,120,1,,,2,,2,4,2,1,1,3,3,1,,1,1,1,2,1,1,1,1,1,1,2
394802,2,42,8,4,1,3,1,1,1,2,,2,2,2,,,1,1,2,2,1,1,1,1,1,1,1,1,2,1,1,,2,2,2,2,2,2,1,1,3,1,2,1,60,1,2,2,1,2,2,2,1,,,,,,,,,,,,,,,,,,,,,,,,,,,,,,,,1,60,1,1,180,1,6,4,3,1,1,1,3,3,1,,2,1,1,2,1,1,1,1,1,1,1
394903,1,67,3,3,2,5,1,1,1,2,,1,2,1,1,2,3,1,2,2,3,1,2,2,1,1,1,2,1,1,2,2,2,2,2,2,2,2,2,1,,,,,,,,,,,,,,,,,,,,,,,,,,,,,,,,,,,,,,,,,,,,,,,,1,10,,,,,,,,,,,6,2,2,2,,2,,1,2,1,1,2
395004,2,47,3,3,2,4,1,1,1,1,1,2,2,1,1,2,2,1,2,2,1,1,1,1,1,1,1,1,2,1,1,,2,2,2,2,2,2,1,2,1,2,1,3,15,1,2,2,1,2,2,2,2,,,,,,,,,,,,,,,,,,,,,,,,,,,,,,,,2,10,1,,,2,,2,4,2,1,3,3,3,2,,2,1,1,2,1,1,1,1,1,1,2
395202,2,38,3,3,2,3,1,1,1,1,1,1,1,1,1,2,4,1,2,2,1,1,1,1,1,1,1,1,1,2,2,1,2,2,2,1,2,2,2,2,3,2,1,3,6,1,2,1,2,2,2,2,1,,,,,,,,,,,,,,1,2,1,5,1,0,0,0,0,1,0,0,0,1,,,,,,,,,,2,,2,3,2,1,1,3,2,1,,1,1,1,2,1,1,1,1,1,1,1
395303,2,49,3,3,2,4,1,1,2,2,,1,2,1,1,2,2,1,2,2,2,1,1,1,1,1,1,1,2,1,2,2,2,2,2,2,1,,2,1,,,,,,,,,,,,,,,,,,,,,,,,,,,,,,,,,,,,,,,,,2,60,2,1,,,,1,180,1,6,2,3,2,1,1,3,3,1,,2,2,2,,2,,1,1,1,1,1
395404,2,49,3,3,2,4,1,1,1,1,1,1,1,1,1,2,3,1,2,2,3,1,3,2,1,3,1,1,2,2,2,2,2,2,2,2,2,2,2,2,,,,,,,,,,,,,,,,,,,,,,,,,,,,,,,,,,,,,,,,,,,,,,,,,,,,,,,,,,,,1,2,2,2,,2,,1,2,2,2,2
395501,1,29,6,2,2,3,1,1,1,1,1,1,2,1,1,2,4,1,2,2,1,1,1,1,1,1,1,1,1,2,2,1,2,2,2,2,2,2,2,2,2,2,1,5,5,2,1,2,2,2,2,2,1,,,,,,,,,,,,,,,,,,,,,,,,,,,,,,,,,,,,,2,,2,3,2,1,2,3,3,3,,2,2,1,2,2,,1,2,1,2,2
395602,1,33,3,3,2,3,1,1,2,1,1,2,2,2,,,8,1,2,2,1,1,1,1,1,1,1,1,2,2,2,2,2,2,2,2,2,2,2,2,,,,,,,,,,,,,,,,,,,,,,,,,,,,,,,,,,,,,,,,,,,,,,,,,,,,,,,,,,,,3,2,2,2,,2,,1,2,2,2,2
395703,2,65,0,,2,5,1,1,1,1,1,2,2,1,2,2,2,1,2,2,2,1,3,3,1,1,1,2,2,2,2,1,2,2,2,2,2,2,2,2,3,2,1,1,30,2,2,1,2,2,2,2,2,,,,,,,,,,,,,,,,,,,,,,,,,,,,,,,,,,,,,1,6,2,2,2,2,3,3,3,1,,2,2,2,,2,,2,,,,
395804,2,23,3,3,1,3,1,1,2,2,,1,2,1,1,2,2,1,1,2,1,1,1,1,2,1,1,1,2,1,2,2,2,2,2,1,2,2,1,1,,,,,,,,,,,,,,,,,,,,,,,,,,,2,1,1,3,1,1,0,0,0,0,0,0,0,2,,,,,2,10,1,1,180,1,8,2,2,2,1,2,3,1,1,,2,2,2,,2,,1,1,2,2,2
395901,1,77,8,4,2,4,1,1,1,1,1,1,1,1,1,1,2,1,2,2,1,1,1,2,1,1,1,1,2,2,2,2,2,2,2,2,2,2,2,1,,,,,,,,,,,,,,,,,,,,,,,,,,,,,,,,,,,,,,,,,,,,,,,,1,10,,,,,,,,,,,1,2,2,2,,2,,1,2,2,2,2
396002,2,58,8,3,2,3,1,1,1,1,2,2,2,1,1,2,2,1,2,2,1,1,1,1,1,1,1,1,2,2,2,2,2,2,2,2,2,2,1,1,,,,,,,,,,,,,,,,,,,,,,,,,,,,,,,,,,,,,,,,,,,,,1,10,1,1,15,2,,4,4,2,1,2,3,3,1,,2,1,2,,2,,1,2,1,1,2
396204,2,23,8,4,2,4,1,2,1,2,,1,2,1,1,1,3,1,2,2,1,1,1,1,2,1,1,2,2,1,1,,1,,2,2,2,2,1,1,2,1,2,2,30,1,2,2,1,2,2,2,1,3,2,30,1,2,2,1,2,1,2,2,2,2,,,,,,,,,,,,,,,,,,,2,30,1,1,30,1,8,2,3,2,1,1,3,1,1,,2,1,1,1,1,1,1,1,1,1,1
396301,1,21,6,3,3,6,2,1,1,2,,2,2,1,1,1,4,1,2,2,1,1,1,1,2,1,1,1,2,2,2,1,2,2,2,2,2,2,1,1,2,2,1,3,30,1,2,2,2,1,2,2,2,,,,,,,,,,,,,,,,,,,,,,,,,,,,,,,,4,30,1,1,240,2,,2,3,2,1,3,3,3,3,,2,2,1,2,1,1,1,1,1,1,1
396402,1,25,6,3,2,3,1,1,2,2,,2,2,2,,,5,1,2,2,1,1,1,1,1,1,1,1,2,1,2,2,2,2,1,,2,2,1,1,,,,,,,,,,,,,,,,,,,,,,,,,,,1,2,1,15,1,0,1,0,0,0,0,0,0,1,,,,,1,18,1,1,30,2,,2,4,2,1,1,3,3,1,,1,1,1,2,2,,1,1,1,1,1
396503,1,69,2,4,1,2,0,1,2,1,1,2,2,1,2,2,1,1,2,2,2,1,1,1,2,1,1,1,1,1,2,2,2,2,2,2,2,2,2,2,,,,,,,,,,,,,,,,,,,,,,,,,,,,,,,,,,,,,,,,,,,,,,,,,,,,,,,,,,,,5,2,1,2,,2,,1,2,1,1,2
396701,1,88,2,6,2,6,1,1,1,1,1,1,1,1,1,2,2,1,2,2,2,2,2,4,4,4,1,1,2,2,2,2,2,2,2,2,2,2,2,2,,,,,,,,,,,,,,,,,,,,,,,,,,,,,,,,,,,,,,,,,,,,,,,,,,,,,,,,,,,,6,2,2,2,,2,,1,9,9,9,9
396802,2,12,2,5,3,8,1,1,1,1,1,1,2,1,1,2,4,1,1,2,1,2,1,1,2,1,1,1,2,1,2,2,1,,1,,1,,2,1,,,,,,,,,,,,,,1,3,10,1,2,2,2,2,2,2,2,1,2,2,1,1,10,1,0,0,0,0,0,0,1,0,2,1,60,1,1,,,,1,120,1,7,2,3,1,1,3,3,1,1,,2,2,2,,2,,1,1,2,2,2
396903,2,53,8,4,1,4,2,1,1,1,2,2,2,1,1,1,2,1,2,2,1,1,1,1,1,1,1,1,2,1,2,2,2,1,1,,2,2,1,1,,,,,,,,,,,,,,10,1,10,1,2,2,2,2,2,2,2,1,2,1,2,7,15,1,1,0,1,0,0,0,1,0,3,,,,,2,30,1,1,10,1,3,4,4,2,1,2,3,3,1,,1,1,1,2,1,2,1,1,1,1,1
397004,2,48,6,3,2,5,1,1,1,2,,2,2,1,1,2,4,1,2,2,3,1,1,1,1,1,1,1,2,1,1,,2,1,1,,2,2,1,2,2,2,1,2,60,1,2,2,2,1,1,2,2,1,5,4,2,2,2,2,1,2,2,2,2,2,1,2,7,10,1,0,0,0,0,1,0,0,0,1,,,,,3,30,1,,,1,7,3,4,2,1,3,3,3,1,,1,1,2,,1,3,1,1,2,1,1
397202,1,39,3,3,1,2,1,1,2,2,,2,2,1,1,1,3,1,2,2,2,1,1,1,2,1,2,1,1,2,2,1,2,2,2,2,2,2,1,1,1,2,1,2,5,1,2,2,1,2,2,2,2,,,,,,,,,,,,,,,,,,,,,,,,,,,,,,,,1,6,1,1,20,2,,2,2,2,1,1,3,3,1,,2,1,2,,2,,1,2,1,1,1
397303,2,22,3,3,2,2,1,1,2,1,1,2,2,1,2,2,6,1,2,2,1,1,1,1,1,1,1,1,2,1,2,2,1,,2,2,2,2,2,1,,,,,,,,,,,,,,1,5,5,1,2,2,2,2,2,2,1,2,2,,,,,,,,,,,,,,,,,,,,,,1,240,2,,4,4,2,1,2,3,3,1,,1,1,1,2,2,,1,1,1,1,1
397404,2,50,3,2,1,2,1,1,1,1,1,2,2,1,1,2,1,1,2,2,2,1,1,1,2,1,1,1,1,2,2,2,2,2,2,2,2,2,2,1,,,,,,,,,,,,,,,,,,,,,,,,,,,,,,,,,,,,,,,,,,,,,,,,1,240,,,,,,,,,,,1,2,2,2,,2,,1,1,1,2,2
397501,1,15,3,3,2,4,1,1,1,2,,1,1,1,1,2,3,1,2,2,1,1,1,1,2,1,1,2,2,2,2,1,1,,2,2,1,,2,1,1,2,1,4,30,2,2,2,2,1,1,2,2,1,2,30,2,2,2,2,2,2,2,2,1,2,,,,,,,,,,,,,,,4,20,2,1,,,,5,60,2,,2,1,2,1,1,3,3,1,,1,1,1,1,1,1,1,1,1,1,1
397602,1,13,3,2,3,5,1,1,1,1,2,1,2,1,1,2,7,1,2,2,1,1,1,1,2,1,1,1,2,2,2,2,2,2,2,2,1,,2,1,,,,,,,,,,,,,,,,,,,,,,,,,,,,,,,,,,,,,,,,,3,10,1,2,,,,1,300,2,,2,1,2,1,3,3,3,3,,2,2,2,,2,,1,9,1,1,9
397703,2,65,99,9,2,2,1,1,2,1,1,2,2,1,1,2,7,1,1,1,4,1,1,1,2,1,1,1,1,2,2,2,2,2,2,2,2,2,2,2,,,,,,,,,,,,,,,,,,,,,,,,,,,,,,,,,,,,,,,,,,,,,,,,,,,,,,,,,,,,6,2,2,2,,1,2,1,9,9,9,9
397804,2,64,2,6,1,3,1,1,2,2,,2,2,1,1,2,4,1,2,2,1,1,1,1,1,1,1,1,2,2,2,2,2,2,2,2,2,2,2,2,,,,,,,,,,,,,,,,,,,,,,,,,,,,,,,,,,,,,,,,,,,,,,,,,,,,,,,,,,,,6,2,1,2,,2,,1,1,1,1,1
397901,2,74,3,2,3,6,2,1,1,1,3,1,1,1,1,1,3,1,2,2,1,1,1,1,1,1,1,1,2,1,2,2,2,2,2,2,2,2,2,1,,,,,,,,,,,,,,,,,,,,,,,,,,,,,,,,,,,,,,,,,,,,,,,,1,20,,,,,,,,,,,1,2,2,2,,2,,1,9,9,9,9
398103,2,60,3,3,3,6,2,1,1,2,,1,1,1,1,2,1,1,2,2,2,2,2,1,1,1,1,2,2,2,2,2,2,2,2,2,2,2,1,1,,,,,,,,,,,,,,,,,,,,,,,,,,,,,,,,,,,,,,,,,,,,,2,120,1,1,120,2,,3,3,2,1,2,3,3,1,,2,2,2,,2,,1,9,9,9,9
398204,2,62,2,3,3,7,2,1,1,1,2,1,2,1,1,2,3,1,2,2,1,1,1,1,1,1,1,1,2,,,,,,,,,,,,,,,,,,,,,,,,,,,,,,,,,,,,,,,,,,,,,,,,,,,,,,,,,,,,,,,,,,,,,,,,,,,,,,,,,,
398301,1,17,6,2,2,4,2,1,1,1,2,1,1,1,1,1,3,1,2,2,1,1,1,1,2,1,1,1,2,2,2,2,2,2,2,2,2,2,2,1,,,,,,,,,,,,,,,,,,,,,,,,,,,,,,,,,,,,,,,,,,,,,,,,1,240,,,,,,,,,,,1,1,2,2,,1,1,1,1,1,1,1
398402,1,37,8,5,1,5,1,1,1,1,2,1,2,1,1,1,3,1,2,2,2,2,1,1,1,1,1,3,2,1,1,,1,,2,1,1,,1,1,20,1,1,1,120,1,2,1,2,1,1,2,3,5,3,30,2,2,2,2,1,2,2,1,2,2,1,2,1,30,2,1,0,0,0,0,1,1,0,1,2,60,2,1,1,60,1,1,120,1,6,2,4,2,1,1,3,3,1,,2,1,1,2,1,2,1,1,1,1,1
398503,2,23,8,4,3,6,1,1,1,1,2,1,1,1,1,1,3,1,2,2,2,1,1,1,2,1,1,1,2,1,1,,2,2,2,2,2,2,1,1,10,1,1,1,60,1,2,2,2,1,1,2,1,,,,,,,,,,,,,,,,,,,,,,,,,,,,,,,,2,60,1,1,240,1,5,4,4,2,1,1,3,3,1,,1,2,2,,1,2,1,2,1,2,2
398604,2,22,8,3,3,3,2,1,1,1,2,1,2,1,1,1,4,1,2,2,1,1,1,1,1,1,1,1,2,2,1,,2,2,2,2,2,2,2,2,25,1,2,1,120,1,2,2,2,1,2,2,3,,,,,,,,,,,,,,,,,,,,,,,,,,,,,,,,,,,,,1,5,3,3,2,1,2,3,3,1,,1,2,2,,1,2,1,1,1,1,2
398701,1,55,2,4,4,4,2,2,2,2,,2,2,1,1,2,6,1,2,2,1,1,1,4,1,1,1,1,1,2,2,1,2,2,2,2,2,2,2,1,1,2,1,2,30,1,2,2,1,2,2,2,2,,,,,,,,,,,,,,,,,,,,,,,,,,,,,,,,,,,1,120,1,6,2,2,2,2,3,3,3,1,,2,2,2,,2,,1,9,9,9,9
398802,2,36,3,3,1,3,1,1,1,1,1,2,1,2,,,5,1,2,2,1,1,1,2,2,1,1,1,2,2,2,2,2,2,1,,2,2,2,1,,,,,,,,,,,,,,,,,,,,,,,,,,,2,1,4,25,1,0,0,0,0,0,0,1,0,3,,,,,,,,1,60,1,8,1,1,2,1,1,3,1,1,,2,1,1,2,1,1,1,1,1,9,9
398903,2,37,8,4,2,5,1,1,1,1,2,1,1,1,1,1,4,1,2,2,1,1,1,1,1,1,1,1,2,2,2,2,2,2,2,2,2,2,2,2,,,,,,,,,,,,,,,,,,,,,,,,,,,,,,,,,,,,,,,,,,,,,,,,,,,,,,,,,,,,1,1,1,2,,2,,1,2,2,2,2
399004,2,66,3,3,2,4,1,1,1,2,,2,2,1,1,2,2,1,2,2,2,2,2,2,2,2,1,3,1,1,1,,1,,2,2,2,2,1,1,3,2,1,3,30,1,2,2,1,2,2,2,3,1,5,30,1,2,2,2,2,2,1,2,2,2,,,,,,,,,,,,,,,,,,,2,60,1,1,10,2,,2,3,2,1,1,3,3,1,,2,2,2,,2,,1,9,1,9,9
399202,1,44,10,2,3,6,1,1,1,1,1,1,2,1,1,1,1,1,2,2,2,1,1,1,2,1,1,1,2,1,1,,2,1,2,2,2,2,1,1,6,1,1,2,30,2,2,2,1,2,1,2,4,1,5,15,1,2,2,2,1,2,2,2,2,2,,,,,,,,,,,,,,,,,,,2,30,1,1,180,2,,2,2,2,1,1,3,3,1,,2,2,2,,2,,1,9,9,9,9
399303,2,15,3,3,3,5,1,1,1,1,2,1,1,1,1,1,5,1,2,2,1,1,1,1,2,1,1,2,2,2,2,1,1,,2,1,1,,1,1,2,2,1,2,30,2,2,1,2,1,1,2,3,2,4,15,1,1,2,2,2,2,2,2,1,2,1,2,1,10,1,0,0,0,0,0,0,1,0,1,4,30,2,1,4,15,1,1,300,1,2,1,3,2,1,2,3,1,1,,2,1,1,1,1,2,1,9,1,1,1
399404,1,59,11,2,4,5,4,1,1,1,2,1,2,1,1,1,3,1,2,2,1,1,1,1,1,1,1,1,2,1,1,,1,,1,,2,1,1,1,6,1,2,3,30,1,1,1,1,2,1,2,1,5,2,60,1,1,1,1,1,2,2,1,1,2,1,2,2,60,1,0,1,0,0,0,0,1,0,1,2,30,1,2,1,60,1,1,60,1,6,3,3,2,1,1,3,3,1,,2,2,2,,1,3,1,1,1,1,1
399501,2,70,6,3,1,3,1,1,1,2,,2,2,1,1,2,1,1,2,2,1,2,2,1,1,1,1,2,1,1,1,,1,,2,2,2,2,1,2,12,2,1,1,30,1,2,2,1,2,2,2,3,3,2,20,1,2,2,2,2,2,2,1,2,2,,,,,,,,,,,,,,,,,,,2,60,1,,,2,,2,3,2,2,1,3,3,1,,1,1,1,2,1,1,1,1,1,1,1
399602,1,14,3,1,2,4,1,1,1,2,,1,2,1,1,1,5,1,1,2,1,1,1,1,2,1,2,1,1,2,2,2,2,2,2,2,2,2,1,1,,,,,,,,,,,,,,,,,,,,,,,,,,,,,,,,,,,,,,,,,,,,,1,480,1,1,60,2,,3,3,2,1,3,3,1,3,,2,1,1,2,1,1,1,1,1,2,2
399703,2,23,8,4,3,7,2,1,1,1,2,1,1,1,1,1,2,1,2,2,1,1,1,1,1,1,1,1,2,1,2,2,2,2,2,2,2,2,1,1,,,,,,,,,,,,,,,,,,,,,,,,,,,,,,,,,,,,,,,,,,,,,2,30,2,1,480,2,,3,4,2,1,1,3,3,1,,2,2,2,,2,,1,1,9,9,9
399804,2,45,8,4,3,6,2,1,1,1,2,1,1,1,1,1,6,1,2,2,2,1,1,1,1,1,1,1,2,1,1,,2,1,2,1,2,1,1,1,2,1,1,2,20,1,2,2,1,2,2,2,3,1,4,15,1,2,2,2,1,1,2,1,2,2,1,2,7,30,1,0,0,1,0,0,0,0,0,2,5,5,1,2,1,120,1,1,120,1,6,3,3,1,1,1,3,3,1,,1,1,1,2,1,3,1,9,2,2,1
399901,2,32,6,3,3,4,1,1,1,2,,2,2,1,1,2,3,1,2,2,2,1,1,1,2,1,1,1,1,2,2,1,1,,2,1,2,2,2,2,1,1,1,2,30,1,2,2,1,2,2,2,2,2,2,30,1,2,2,2,2,1,2,2,2,2,1,2,1,2,1,0,0,0,0,0,0,1,0,1,,,,,,,,,,1,6,1,2,1,2,1,3,3,1,,2,1,2,,1,2,1,2,1,2,2
400002,1,78,6,3,2,3,2,1,2,2,,2,2,1,2,2,4,1,2,2,2,2,1,1,1,1,1,1,2,2,2,2,2,2,2,2,2,2,2,2,,,,,,,,,,,,,,,,,,,,,,,,,,,,,,,,,,,,,,,,,,,,,,,,,,,,,,,,,,,,1,2,2,2,,2,,1,2,2,2,2
400204,2,46,3,3,1,2,1,1,1,2,,2,2,1,1,1,2,1,2,2,2,1,1,1,1,1,1,1,1,2,2,2,2,2,2,2,2,2,2,2,,,,,,,,,,,,,,,,,,,,,,,,,,,,,,,,,,,,,,,,,,,,,,,,,,,,,,,,,,,,3,2,2,2,,1,2,1,1,1,2,2
400301,2,52,3,3,2,4,1,1,1,1,1,2,2,1,1,2,3,1,2,1,2,1,1,2,1,1,1,1,1,1,2,1,2,2,1,,2,2,1,1,1,2,1,2,30,1,1,2,2,2,2,2,1,,,,,,,,,,,,,,2,1,1,1,1,0,0,0,0,0,0,0,1,2,,,,,1,60,1,1,30,1,8,2,4,2,1,2,3,3,1,,2,1,1,1,1,1,1,2,1,9,2
400402,2,51,3,3,2,4,1,1,1,1,1,1,2,1,1,1,3,1,2,2,1,1,1,1,1,1,1,1,2,1,2,1,2,2,2,2,2,2,2,1,10,2,1,1,5,2,1,2,2,2,2,2,2,,,,,,,,,,,,,,,,,,,,,,,,,,,,,,,,,,,1,5,1,6,3,4,2,1,2,3,3,1,,2,1,2,,1,1,1,1,1,2,2
400503,1,12,2,5,1,3,1,1,1,1,1,2,2,1,1,2,5,1,2,2,1,1,1,1,1,1,1,1,2,2,1,,2,2,2,2,2,1,2,2,4,2,1,2,20,1,2,1,2,1,1,2,2,,,,,,,,,,,,,,,,,,,,,,,,,,,,2,20,1,1,,,,,,2,,2,3,2,1,1,3,3,1,,2,1,1,1,1,1,1,1,1,2,2
400604,1,66,3,3,3,4,2,1,1,1,2,1,2,1,1,1,5,1,2,2,1,2,1,1,2,1,2,2,2,1,2,1,1,,1,,2,2,1,2,4,2,1,3,40,1,1,1,2,1,1,2,2,1,5,10,1,2,1,2,2,2,2,2,2,2,2,1,3,30,1,0,1,0,0,1,0,0,0,3,,,,,5,5,1,,,1,4,2,2,2,1,3,3,3,1,,2,1,1,1,1,1,1,1,1,1,1
400701,1,34,6,3,3,6,2,1,1,1,1,1,2,1,1,1,6,1,2,2,1,1,1,1,1,1,1,1,2,1,1,,2,1,1,,2,2,1,1,2,2,1,1,30,1,2,2,1,2,2,2,3,2,2,10,1,1,2,2,2,2,2,2,2,2,1,2,1,10,1,0,0,0,0,1,0,0,0,1,,,,,2,15,1,1,120,2,,2,3,2,1,1,3,3,1,,1,1,2,,1,2,1,1,1,1,1
400802,2,45,8,4,2,5,1,1,2,1,1,1,2,1,1,1,3,1,2,2,1,1,2,1,1,1,1,1,2,1,1,,1,,2,1,1,,1,1,3,2,1,3,45,1,1,2,1,1,2,2,2,15,2,30,1,2,2,2,1,2,2,2,2,1,1,2,2,10,1,0,0,0,0,1,0,1,0,1,3,60,1,1,3,60,1,1,120,2,,2,4,1,1,2,3,3,1,,1,1,1,2,1,1,1,1,1,1,1
400903,1,36,8,1,2,5,1,1,1,1,1,1,2,1,1,1,3,1,2,2,1,1,1,1,1,1,1,1,1,1,2,2,2,2,1,,2,2,1,1,,,,,,,,,,,,,,,,,,,,,,,,,,,2,1,7,5,1,1,1,0,0,0,0,0,0,2,,,,,2,5,1,1,120,1,3,3,2,2,1,1,3,3,1,,2,1,2,,1,4,1,1,1,1,1
401004,2,62,2,6,2,4,1,1,1,2,,1,1,1,1,1,3,1,2,2,3,2,2,2,2,1,1,1,2,2,2,2,2,2,2,2,2,2,2,1,,,,,,,,,,,,,,,,,,,,,,,,,,,,,,,,,,,,,,,,,,,,,,,,2,5,,,,,,,,,,,4,2,1,1,1,1,1,1,1,2,2,2
401101,1,32,6,3,1,5,1,1,1,1,1,1,2,1,1,1,2,1,2,2,1,1,1,1,1,1,1,1,2,1,1,,1,,1,,2,2,1,1,3,1,1,2,120,1,2,2,1,1,1,2,3,1,4,20,1,2,2,2,2,2,2,1,2,2,1,2,1,20,1,1,1,0,0,0,0,1,0,1,,,,,2,30,1,1,30,1,3,2,3,2,1,2,3,3,1,,2,1,1,1,1,2,1,2,1,2,1
401202,1,35,8,4,2,4,1,1,1,1,1,1,2,1,1,1,2,1,2,1,2,1,1,1,1,1,1,2,1,1,1,,2,1,2,2,2,2,1,1,2,2,1,1,20,1,2,2,1,2,2,2,3,5,2,5,1,2,2,2,2,2,2,2,1,2,,,,,,,,,,,,,,,,,,,2,20,1,1,120,1,3,3,3,2,1,3,3,3,1,,1,2,1,2,1,5,1,2,1,1,2
401303,1,68,2,6,2,4,1,1,1,2,,2,2,1,1,2,2,1,2,2,1,1,1,3,1,1,3,1,1,1,2,2,2,2,2,2,2,2,2,2,,,,,,,,,,,,,,,,,,,,,,,,,,,,,,,,,,,,,,,,,,,,,,,,,,,,,,,,,,,,2,1,1,1,1,2,,1,2,1,1,2
401404,2,34,8,4,3,4,1,1,1,1,2,1,1,1,1,1,3,1,2,2,2,1,1,1,1,1,1,1,2,1,1,,2,1,2,2,2,1,1,1,6,1,1,1,60,2,2,1,1,1,2,2,3,4,3,60,2,2,2,1,2,2,2,2,2,2,,,,,,,,,,,,,,,3,30,1,2,1,60,1,1,120,2,,2,3,2,1,2,3,3,1,,1,2,1,2,1,2,1,1,1,1,1
401501,2,74,8,4,1,3,1,1,1,2,,2,2,1,1,2,1,1,2,1,2,1,1,2,1,1,1,1,2,2,1,,2,2,2,2,2,2,2,2,1,2,1,2,15,1,2,2,1,2,2,2,3,,,,,,,,,,,,,,,,,,,,,,,,,,,,,,,,,,,,,2,,2,3,2,2,2,3,3,1,,1,1,1,1,1,1,1,2,1,1,1
401602,1,34,8,4,1,3,1,1,1,1,1,1,2,1,2,2,1,1,2,2,1,1,1,1,1,1,1,1,1,1,2,1,1,,2,2,2,2,1,1,20,1,2,3,60,2,2,1,2,2,2,2,1,6,4,60,2,2,2,2,2,2,1,2,2,2,,,,,,,,,,,,,,,,,,,2,60,1,1,60,2,,2,4,2,1,2,3,3,1,,2,1,1,1,1,4,1,2,1,2,2
401703,1,67,8,4,1,4,2,1,1,1,2,1,2,1,1,2,2,1,2,2,2,2,1,1,1,1,1,1,1,2,2,1,1,,2,2,2,2,1,1,8,1,1,3,60,2,1,1,1,2,1,2,1,4,4,60,1,2,1,2,1,1,2,2,2,2,,,,,,,,,,,,,,,,,,,1,30,1,2,30,2,,2,3,2,1,3,3,3,1,,2,1,2,,1,1,1,1,1,1,1
401804,1,47,3,3,3,5,2,1,1,1,2,1,2,1,1,2,6,1,2,2,2,1,1,2,2,2,1,2,1,2,2,1,2,2,2,2,2,2,1,1,4,1,1,4,15,2,2,2,2,2,2,1,1,,,,,,,,,,,,,,,,,,,,,,,,,,,,,,,,3,5,1,2,2,2,,1,1,1,1,3,3,3,1,,2,2,2,,2,,1,9,1,2,2
401901,1,48,6,3,3,5,1,1,1,1,1,2,2,1,1,2,3,1,2,2,2,1,1,2,2,2,1,1,2,1,1,,1,,1,,2,2,2,1,5,1,1,1,200,2,1,2,2,2,2,2,1,4,2,30,1,2,2,2,2,2,2,2,2,1,2,1,2,30,1,0,1,0,0,1,0,1,0,2,,,,,,,,1,60,1,4,2,3,2,1,1,3,3,1,,1,1,1,2,1,1,1,1,1,1,1
402002,2,60,2,6,2,4,2,1,1,2,,2,2,1,1,2,4,1,2,2,1,1,2,2,1,1,1,1,2,2,2,2,2,2,2,2,2,2,1,2,,,,,,,,,,,,,,,,,,,,,,,,,,,,,,,,,,,,,,,,,,,,,2,30,1,,,1,4,2,1,2,1,3,3,3,1,,2,1,1,1,1,1,1,1,1,1,2
402103,1,24,6,3,2,3,1,1,1,2,,2,1,1,1,1,4,1,2,2,1,1,1,1,1,1,1,1,2,2,2,2,2,2,2,2,2,2,1,1,,,,,,,,,,,,,,,,,,,,,,,,,,,,,,,,,,,,,,,,,,,,,3,10,1,1,60,2,,2,4,2,1,2,3,3,1,,1,1,1,2,1,1,1,1,1,1,1
402204,2,55,3,3,3,5,2,1,1,1,1,1,2,1,1,1,4,1,2,2,2,1,1,1,2,1,1,1,2,2,2,1,2,2,2,2,2,2,2,1,1,2,1,5,30,2,1,2,2,2,2,2,2,,,,,,,,,,,,,,,,,,,,,,,,,,,,,,,,,,,1,120,1,8,2,2,2,1,2,3,3,1,,2,1,2,,2,,1,2,2,2,2
402402,1,31,8,4,2,3,2,1,1,1,2,2,2,1,1,1,3,1,2,2,1,1,1,1,1,1,1,1,2,2,2,1,2,2,2,2,2,2,2,1,1,2,1,5,60,2,1,2,2,2,2,2,3,,,,,,,,,,,,,,,,,,,,,,,,,,,,,,,,,,,1,30,2,,2,4,2,1,2,3,3,3,,2,2,2,,2,,1,1,1,1,1
402604,2,65,2,6,2,4,1,1,1,2,,2,2,2,,,2,1,2,2,3,2,2,3,2,2,1,1,2,2,2,2,2,2,2,2,2,2,2,2,,,,,,,,,,,,,,,,,,,,,,,,,,,,,,,,,,,,,,,,,,,,,,,,,,,,,,,,,,,,6,2,2,2,,2,,1,2,2,2,2
402701,1,59,6,3,2,3,2,1,1,1,1,2,2,1,1,2,5,1,2,2,3,2,2,2,3,1,2,1,2,1,1,,1,,2,2,2,2,1,2,1,2,1,2,20,1,2,1,2,2,2,2,2,6,2,30,1,2,2,2,1,2,2,2,1,2,,,,,,,,,,,,,,,,,,,1,10,1,,,1,8,3,3,2,1,3,3,3,1,,1,1,2,,1,1,1,1,1,1,1
402802,2,60,8,4,2,4,1,1,1,1,1,1,1,1,1,1,2,1,2,2,1,1,1,1,1,1,1,1,2,2,2,1,2,2,2,2,2,2,1,1,1,2,1,2,20,1,2,2,1,2,2,2,2,,,,,,,,,,,,,,,,,,,,,,,,,,,,,,,,1,60,1,1,240,1,8,3,4,1,2,3,3,3,1,,2,2,2,,2,,1,2,1,2,2
402903,1,63,8,5,1,4,1,1,1,1,1,2,2,1,1,1,2,1,2,2,2,2,1,1,2,1,1,1,2,2,2,2,2,2,2,2,2,2,1,1,,,,,,,,,,,,,,,,,,,,,,,,,,,,,,,,,,,,,,,,,,,,,1,60,2,1,120,1,3,4,4,2,1,1,3,3,1,,2,2,2,,2,,1,9,9,9,9
403004,1,41,8,4,1,2,1,1,1,1,1,1,2,1,1,1,3,1,2,2,1,1,1,2,1,1,1,1,2,1,1,,1,,2,2,1,,1,1,3,2,1,2,30,2,2,2,1,1,1,2,2,1,2,15,1,2,2,2,2,2,1,2,2,2,,,,,,,,,,,,,,,2,20,2,1,2,30,1,1,180,1,2,2,2,2,1,3,3,3,1,,2,2,2,,2,,1,1,2,1,1
403101,1,73,3,2,2,4,1,1,1,1,1,2,2,1,1,2,5,1,2,2,1,1,1,1,1,1,1,1,2,1,2,1,2,2,2,2,2,2,1,1,7,2,1,2,15,2,2,2,2,2,2,1,2,,,,,,,,,,,,,,,,,,,,,,,,,,,,,,,,1,60,1,1,60,2,,2,2,2,1,3,3,3,1,,2,2,2,,2,,1,2,1,2,2
403202,1,33,6,3,1,3,1,1,1,2,,1,2,1,1,2,1,1,2,2,1,1,1,1,2,1,1,2,2,1,2,1,2,2,2,1,2,2,1,1,5,2,1,4,10,2,2,1,2,2,2,2,3,,,,,,,,,,,,,,2,1,1,10,2,0,0,0,0,0,0,1,0,3,,,,,1,180,2,1,180,1,3,3,3,2,1,1,3,3,1,,1,1,1,1,1,1,1,1,1,1,1
403303,2,65,2,3,2,3,1,1,2,2,,2,2,2,,,4,1,2,2,1,1,1,1,2,1,1,1,2,,,,,,,,,,,,,,,,,,,,,,,,,,,,,,,,,,,,,,,,,,,,,,,,,,,,,,,,,,,,,,,,,,,,,,,,,,,,,,,,,,
403404,2,63,3,3,3,4,1,1,1,1,1,1,1,1,1,2,3,1,2,2,2,2,3,3,2,1,1,1,2,2,2,2,1,,2,2,2,2,1,1,,,,,,,,,,,,,,3,2,10,1,2,2,2,1,2,2,2,1,2,,,,,,,,,,,,,,,,,,,1,120,1,1,180,1,3,3,3,2,1,1,3,3,1,,2,1,1,2,1,1,1,9,1,2,2
403501,2,27,6,3,2,4,1,1,2,1,1,1,2,1,1,1,5,1,2,2,2,1,1,1,1,1,1,1,2,1,1,,2,1,1,,2,2,1,1,5,1,1,2,15,2,1,2,2,2,2,2,2,3,2,10,1,1,1,2,2,2,2,2,1,2,2,1,1,10,1,1,0,1,1,0,0,1,0,2,,,,,2,5,1,1,60,2,,2,4,2,1,3,3,3,1,,1,2,2,,1,1,1,1,1,1,1
403602,2,39,6,3,1,3,1,1,1,1,2,1,2,1,1,1,4,1,2,1,1,1,1,1,2,1,1,1,1,2,2,2,2,2,2,2,2,2,1,1,,,,,,,,,,,,,,,,,,,,,,,,,,,,,,,,,,,,,,,,,,,,,2,5,1,1,5,2,,2,2,2,1,2,3,3,1,,2,2,2,,1,1,1,1,1,1,1
403703,2,18,6,3,1,2,1,1,1,2,,2,2,1,1,2,4,1,2,2,1,1,1,1,1,1,1,1,2,2,2,2,2,2,2,2,2,2,2,1,,,,,,,,,,,,,,,,,,,,,,,,,,,,,,,,,,,,,,,,,,,,,,,,1,120,,,,,,,,,,,1,2,1,1,2,1,1,1,1,1,1,2
403804,1,35,3,3,1,2,1,1,2,1,1,2,2,1,1,1,1,1,2,2,1,1,1,1,1,1,1,1,2,2,2,2,2,2,2,2,2,2,2,1,,,,,,,,,,,,,,,,,,,,,,,,,,,,,,,,,,,,,,,,,,,,,,,,1,300,,,,,,,,,,,1,2,2,2,,2,,1,2,2,2,2
403901,1,12,2,6,2,3,1,1,1,2,,2,2,1,2,2,4,1,2,2,2,1,1,1,2,1,3,2,2,1,1,,2,2,2,2,2,2,2,1,4,2,1,2,60,2,2,1,2,2,2,2,2,,,,,,,,,,,,,,,,,,,,,,,,,,,,,,,,,,,2,10,1,4,2,3,2,1,1,3,3,1,,2,2,1,2,1,1,1,1,1,1,2
404002,2,23,6,1,1,3,1,1,2,2,,2,2,1,1,2,2,1,2,2,1,1,1,1,2,1,1,1,2,2,2,2,2,2,2,2,2,2,2,1,,,,,,,,,,,,,,,,,,,,,,,,,,,,,,,,,,,,,,,,,,,,,,,,1,10,,,,,,,,,,,1,2,2,2,,2,,1,9,1,1,1
404204,2,42,3,3,1,3,1,1,2,2,,2,2,1,1,2,1,1,2,2,1,1,1,1,1,1,1,1,1,2,2,2,2,2,2,2,2,2,2,2,,,,,,,,,,,,,,,,,,,,,,,,,,,,,,,,,,,,,,,,,,,,,,,,,,,,,,,,,,,,1,2,2,2,,1,1,1,1,1,1,1
404301,2,31,6,3,2,2,1,1,1,1,1,2,2,2,,,6,1,2,2,1,1,1,2,1,1,1,1,2,2,2,2,2,2,2,2,2,2,2,1,,,,,,,,,,,,,,,,,,,,,,,,,,,,,,,,,,,,,,,,,,,,,,,,1,5,,,,,,,,,,,1,2,2,2,,2,,1,2,1,2,2
404402,2,14,2,6,3,4,1,1,2,1,2,2,2,1,1,2,3,1,2,2,1,1,1,1,1,1,1,1,2,,,,,,,,,,,,,,,,,,,,,,,,,,,,,,,,,,,,,,,,,,,,,,,,,,,,,,,,,,,,,,,,,,,,,,,,,,,,,,,,,,
404503,1,19,3,2,1,1,1,1,2,1,1,2,2,1,1,2,4,1,2,2,1,1,1,1,1,1,1,1,2,2,2,1,2,2,2,1,2,2,1,2,3,2,1,4,15,2,2,2,2,2,2,1,2,,,,,,,,,,,,,,1,2,1,2,1,0,0,0,0,1,0,0,0,1,,,,,2,60,1,,,2,,2,2,2,1,1,3,3,1,,2,1,1,2,2,,1,2,1,2,2
404604,2,40,6,3,3,5,2,1,1,1,3,1,1,1,1,1,4,1,2,2,1,1,1,1,1,1,1,1,2,1,2,2,2,2,2,2,2,2,1,1,,,,,,,,,,,,,,,,,,,,,,,,,,,,,,,,,,,,,,,,,,,,,2,30,1,2,20,2,,2,4,2,1,1,3,3,3,,2,1,1,2,1,1,1,2,1,1,1
404701,2,24,8,5,2,4,1,1,1,1,3,2,2,1,1,2,4,1,2,2,3,1,1,1,2,1,1,1,2,1,2,2,2,2,2,2,2,2,1,1,,,,,,,,,,,,,,,,,,,,,,,,,,,,,,,,,,,,,,,,,,,,,1,30,1,1,240,2,,4,4,2,1,3,3,3,1,,2,2,2,,2,,1,2,1,2,2
404802,2,24,6,3,1,3,1,1,1,1,1,1,1,1,1,1,3,1,2,2,3,1,1,1,3,1,1,1,1,1,1,,2,2,2,2,2,2,1,1,1,2,1,2,90,1,2,2,1,2,2,2,2,,,,,,,,,,,,,,,,,,,,,,,,,,,,,,,,2,40,1,2,10,1,7,3,3,2,1,1,3,3,3,,2,2,2,,2,,1,1,1,1,1
404903,1,36,3,3,1,2,1,1,1,1,1,2,2,1,1,1,2,1,2,2,1,1,1,4,1,1,1,1,2,2,2,2,2,2,2,2,2,2,2,1,,,,,,,,,,,,,,,,,,,,,,,,,,,,,,,,,,,,,,,,,,,,,,,,1,120,,,,,,,,,,,1,2,2,2,,2,,1,2,2,2,2
405004,2,12,2,5,1,2,1,1,1,1,2,2,2,1,1,2,3,1,2,2,1,1,1,1,1,1,1,1,2,1,2,2,1,,2,2,2,2,2,1,,,,,,,,,,,,,,2,5,10,1,1,2,2,2,2,2,2,2,2,,,,,,,,,,,,,,,,,,,,,,1,15,1,3,2,4,2,1,2,3,3,1,,2,2,2,,2,,1,1,1,1,2
405101,2,31,8,4,2,4,1,1,1,1,1,1,2,1,1,1,2,1,2,2,1,1,1,1,1,1,1,1,2,2,2,2,2,2,2,2,2,2,2,1,,,,,,,,,,,,,,,,,,,,,,,,,,,,,,,,,,,,,,,,,,,,,,,,1,180,,,,,,,,,,,1,2,2,2,,2,,1,2,2,2,2
405202,2,54,3,3,2,3,1,1,1,1,1,1,2,1,1,2,6,1,2,2,1,1,1,2,1,1,1,2,2,2,2,1,2,2,2,2,2,2,2,2,1,2,1,1,5,1,2,2,1,2,2,2,3,,,,,,,,,,,,,,,,,,,,,,,,,,,,,,,,,,,,,2,,2,2,2,2,2,3,3,1,,1,1,2,,2,,1,1,1,2,2
405303,1,38,6,1,1,2,1,1,2,1,1,1,1,1,1,1,3,1,2,2,1,1,1,1,2,1,1,2,2,2,2,1,2,2,2,2,2,2,1,1,1,1,2,2,15,1,2,2,1,2,2,2,1,,,,,,,,,,,,,,,,,,,,,,,,,,,,,,,,1,120,1,1,240,1,4,3,2,2,1,2,3,3,1,,1,1,2,,1,1,1,2,1,1,9
405404,2,64,3,3,2,4,1,1,1,2,,2,2,2,,,2,1,2,2,1,1,1,3,1,1,1,2,2,2,1,,2,2,2,2,2,2,2,2,2,2,1,1,20,1,2,2,1,1,2,2,2,,,,,,,,,,,,,,,,,,,,,,,,,,,,,,,,,,,,,2,,3,3,1,2,2,3,2,1,,2,2,2,,2,,1,2,2,2,2
405501,2,66,3,3,4,7,1,1,1,2,,2,2,1,1,1,6,1,2,2,1,1,1,1,1,1,1,1,1,1,1,,2,2,2,2,2,2,1,1,1,1,1,1,60,1,2,2,1,2,2,2,1,,,,,,,,,,,,,,,,,,,,,,,,,,,,,,,,2,120,1,1,120,2,,2,3,2,1,2,3,3,1,,1,1,1,1,1,1,1,1,1,1,1
405602,1,79,2,6,4,6,1,1,1,1,2,2,2,1,1,2,1,1,2,2,2,2,2,2,3,1,1,1,1,2,1,,2,2,2,2,2,2,2,2,3,2,1,2,45,1,2,2,1,2,2,2,2,,,,,,,,,,,,,,,,,,,,,,,,,,,,,,,,,,,,,2,,2,2,1,2,2,3,3,1,,2,1,2,,2,,1,2,1,2,2
405703,2,71,2,2,2,4,1,1,1,2,,2,2,2,,,2,1,2,2,1,2,1,1,1,1,1,1,2,,,,,,,,,,,,,,,,,,,,,,,,,,,,,,,,,,,,,,,,,,,,,,,,,,,,,,,,,,,,,,,,,,,,,,,,,,,,,,,,,,
405804,1,16,6,1,2,3,1,1,1,2,,2,2,1,1,2,8,1,2,2,1,1,1,1,2,1,1,1,2,2,2,2,1,,2,2,2,2,2,1,,,,,,,,,,,,,,1,5,1,1,1,2,2,2,2,2,2,2,2,,,,,,,,,,,,,,,,,,,,,,1,180,2,,2,3,2,1,1,3,3,1,,2,2,2,,2,,1,2,1,1,2
405901,1,78,2,6,2,4,1,1,1,2,,2,2,2,,,4,1,2,2,1,1,1,1,1,1,1,1,1,2,2,2,2,2,2,2,2,2,2,2,,,,,,,,,,,,,,,,,,,,,,,,,,,,,,,,,,,,,,,,,,,,,,,,,,,,,,,,,,,,6,2,2,2,,2,,1,2,2,2,2
406002,1,48,3,3,2,4,1,1,1,1,1,2,2,1,1,2,3,1,2,2,2,1,1,1,1,1,1,1,1,1,1,,2,2,2,2,2,2,2,1,1,2,1,4,20,2,1,2,1,2,2,2,2,,,,,,,,,,,,,,,,,,,,,,,,,,,,,,,,,,,1,120,2,,2,2,2,1,3,3,2,1,,2,1,2,,1,1,1,2,9,1,1
406103,1,67,8,1,1,4,2,1,1,1,1,1,2,1,1,1,2,1,2,2,2,1,1,1,1,2,1,1,2,2,2,2,2,2,2,2,2,2,2,1,,,,,,,,,,,,,,,,,,,,,,,,,,,,,,,,,,,,,,,,,,,,,,,,1,10,,,,,,,,,,,6,2,2,2,,2,,1,1,1,1,2
406204,2,42,6,3,3,4,1,1,1,1,1,2,2,1,1,2,4,1,2,2,1,2,1,1,1,1,1,1,1,1,2,2,1,,2,1,2,2,1,1,,,,,,,,,,,,,,1,3,2,1,2,2,2,2,2,2,1,2,2,1,2,1,5,1,0,0,0,0,0,0,1,1,1,,,,,1,10,1,1,15,2,,2,3,2,1,1,3,3,1,,2,2,2,,2,,1,1,1,1,1
406301,1,48,3,3,1,1,0,1,2,1,1,1,1,1,1,2,5,1,2,2,1,1,1,2,1,1,1,1,1,1,1,,1,,2,2,2,2,2,2,1,2,1,3,20,1,2,2,1,2,2,2,2,4,2,10,1,2,2,2,2,1,2,2,2,2,,,,,,,,,,,,,,,,,,,,,,,,1,6,3,4,2,2,2,3,3,1,,2,2,2,,2,,1,2,2,2,2
406402,2,75,2,4,1,2,0,1,2,2,,2,2,1,2,2,2,1,2,1,3,2,2,3,2,2,2,1,1,2,1,,2,2,2,2,2,2,2,2,1,2,1,3,60,1,2,1,2,2,2,2,2,,,,,,,,,,,,,,,,,,,,,,,,,,,,,,,,,,,,,1,8,1,2,2,2,2,3,3,1,,2,2,2,,2,,1,1,1,1,2
406503,2,41,3,3,1,2,0,1,2,2,,2,2,2,,,3,1,1,1,1,1,2,1,2,1,1,1,1,2,1,,2,2,2,2,2,2,2,2,2,2,1,2,40,1,2,2,1,1,2,2,2,,,,,,,,,,,,,,,,,,,,,,,,,,,,,,,,,,,,,2,,4,2,1,2,1,3,3,1,,2,1,2,,2,,1,1,1,1,2
406604,1,22,3,3,2,4,0,1,2,1,1,2,2,2,,,8,1,1,2,1,1,1,2,1,1,1,1,1,2,2,1,1,,2,2,2,2,2,2,2,2,1,2,30,1,2,2,2,1,2,2,2,2,4,30,1,1,2,2,2,2,2,2,2,2,,,,,,,,,,,,,,,,,,,,,,,,2,,2,2,1,2,2,3,3,3,,2,2,2,,2,,1,2,1,1,2
406701,2,59,3,3,1,3,1,1,1,2,,2,2,1,1,2,1,1,2,2,3,1,1,1,1,1,1,1,2,1,1,,2,2,2,2,2,2,2,1,1,2,1,1,15,1,2,2,1,2,2,2,3,,,,,,,,,,,,,,,,,,,,,,,,,,,,,,,,,,,1,30,2,,2,2,2,2,2,3,3,1,,2,1,1,1,1,2,1,1,1,1,1
406802,2,51,3,3,2,4,1,1,1,1,1,1,2,2,,,2,1,2,2,1,1,1,1,1,1,1,2,1,2,2,2,2,2,2,2,2,2,2,1,,,,,,,,,,,,,,,,,,,,,,,,,,,,,,,,,,,,,,,,,,,,,,,,1,90,,,,,,,,,,,1,1,1,1,1,1,1,1,2,1,2,1
406903,2,52,8,4,1,2,1,1,2,2,,2,2,1,1,2,2,1,2,2,3,1,1,1,1,1,1,1,1,1,1,,2,1,2,2,1,,1,1,3,2,1,2,30,2,1,1,1,1,1,2,4,1,2,20,2,2,2,2,2,2,1,1,2,2,,,,,,,,,,,,,,,4,15,1,2,1,30,2,1,30,1,8,2,4,1,1,2,3,3,1,,1,1,1,1,1,5,1,1,1,1,1
407004,1,40,6,3,1,3,1,1,2,2,,2,2,1,1,1,1,1,2,2,1,1,1,1,1,1,1,1,2,2,2,1,2,2,2,1,2,2,2,1,15,1,2,2,30,2,1,1,2,2,2,2,1,,,,,,,,,,,,,,1,2,1,30,2,0,0,0,0,0,0,0,1,1,,,,,,,,1,60,2,,1,3,2,1,2,1,1,1,,1,1,1,2,1,2,1,2,1,1,1
407101,1,12,2,6,1,3,1,1,1,2,,1,2,1,1,2,6,1,2,2,1,1,1,1,2,1,1,1,2,2,2,2,2,2,2,2,2,2,1,1,,,,,,,,,,,,,,,,,,,,,,,,,,,,,,,,,,,,,,,,,,,,,2,30,1,1,60,2,,3,3,1,2,1,3,3,3,,2,2,1,2,1,1,1,1,2,1,2
407202,2,69,5,3,2,4,0,1,1,2,,2,2,2,,,2,1,2,2,4,3,1,2,2,1,4,4,1,2,2,1,2,2,2,2,2,2,2,2,1,2,1,2,10,2,1,2,1,2,2,2,3,,,,,,,,,,,,,,,,,,,,,,,,,,,,,,,,,,,,,2,,3,1,2,2,2,3,1,3,,2,1,1,2,2,,1,2,1,2,2
407303,1,18,6,2,2,4,1,1,1,2,,1,2,1,1,1,3,1,1,2,2,1,1,1,1,1,1,1,1,1,1,,2,2,2,2,1,,1,1,3,1,2,4,120,1,2,1,2,1,2,2,1,,,,,,,,,,,,,,,,,,,,,,,,,,,,3,120,1,2,1,240,1,1,240,2,,4,3,2,1,2,3,1,1,,2,1,2,,1,2,1,1,1,1,1
407404,2,61,8,4,3,5,2,1,1,1,1,1,2,1,1,2,2,1,2,2,2,1,2,3,2,2,2,1,1,2,2,2,2,2,2,2,2,2,1,1,,,,,,,,,,,,,,,,,,,,,,,,,,,,,,,,,,,,,,,,,,,,,1,120,2,1,30,2,,1,2,2,1,1,3,1,1,,2,2,2,,2,,1,1,1,2,2
407501,1,62,8,5,2,7,3,1,1,1,2,1,1,1,1,2,3,1,2,2,2,1,1,1,1,1,1,1,2,1,1,,1,,2,1,2,2,1,2,2,1,2,2,15,1,2,1,1,2,2,2,1,2,2,15,1,2,1,2,2,2,1,2,2,2,1,2,2,15,1,0,1,0,0,0,0,0,0,1,,,,,2,10,1,,,2,,2,3,2,2,2,3,3,1,,2,1,1,1,1,1,1,9,1,1,2
407602,2,41,3,3,2,4,2,1,1,1,2,1,2,1,1,2,2,1,2,2,2,1,1,1,2,1,1,1,1,2,2,2,2,2,2,2,2,2,1,1,,,,,,,,,,,,,,,,,,,,,,,,,,,,,,,,,,,,,,,,,,,,,4,2,2,1,15,2,,4,1,2,2,3,3,3,3,,2,2,2,,2,,1,2,1,2,1
407703,1,16,6,1,3,5,1,1,1,2,,1,2,1,1,2,5,1,2,2,1,1,1,1,1,1,1,1,2,2,2,1,2,2,2,2,1,,1,1,1,1,2,3,15,2,1,2,2,2,2,2,1,,,,,,,,,,,,,,,,,,,,,,,,,,,,4,15,1,2,1,120,2,1,360,2,,3,4,2,1,1,3,1,1,,2,1,1,2,1,1,1,1,1,1,1
407804,2,35,8,5,2,5,2,1,1,1,1,1,2,1,1,1,3,1,2,2,2,1,1,1,1,1,1,1,2,2,2,1,2,2,2,2,2,2,1,1,1,1,2,4,60,1,2,2,1,2,2,2,1,,,,,,,,,,,,,,,,,,,,,,,,,,,,,,,,3,30,1,1,180,2,,3,3,2,1,2,3,3,1,,2,1,1,1,1,5,1,2,2,2,2
408002,1,48,8,4,3,4,1,1,1,2,,1,2,1,1,1,5,1,2,2,1,1,1,1,1,1,1,1,1,1,2,1,1,,2,2,2,2,1,1,10,1,2,1,60,2,1,2,2,2,1,2,1,10,2,60,1,2,2,2,2,2,1,2,2,2,,,,,,,,,,,,,,,,,,,1,60,1,1,5,1,5,4,3,2,1,2,3,1,1,,1,1,1,1,1,2,1,1,1,1,1
408103,1,22,8,3,2,6,1,1,1,1,1,1,1,1,1,1,2,1,2,2,2,3,1,1,2,1,1,1,2,2,2,1,2,2,2,2,1,,2,1,3,1,2,2,120,2,1,1,2,2,2,2,1,,,,,,,,,,,,,,,,,,,,,,,,,,,,1,90,1,2,,,,2,10,2,,3,3,2,1,2,3,1,1,,2,2,2,,2,,1,1,1,1,2
408204,1,45,10,2,1,4,2,1,1,1,1,1,2,1,1,1,1,1,2,2,1,2,1,1,2,1,1,1,2,1,2,1,2,2,2,2,2,2,1,1,7,1,2,3,120,2,1,1,2,2,2,1,1,,,,,,,,,,,,,,,,,,,,,,,,,,,,,,,,3,15,1,1,120,1,5,2,3,2,1,2,3,3,3,,1,1,1,1,1,4,1,1,1,1,1
408301,2,50,3,1,1,1,1,1,1,2,,2,2,2,,,2,1,2,2,3,1,2,2,2,1,1,1,2,1,1,,1,,2,2,1,,2,1,3,2,1,3,60,1,2,2,1,1,2,2,2,1,4,30,1,2,2,1,1,1,2,2,1,2,,,,,,,,,,,,,,,3,30,1,2,,,,1,15,1,6,4,4,2,1,2,3,1,1,,2,2,2,,1,1,1,2,1,1,1
408402,1,55,8,2,1,1,1,1,2,2,,2,2,1,1,2,1,1,2,2,2,1,1,1,1,1,1,1,2,2,1,,2,2,2,2,2,2,2,2,3,1,1,1,30,1,2,2,1,2,1,2,3,,,,,,,,,,,,,,,,,,,,,,,,,,,,,,,,,,,,,2,,2,4,1,2,1,3,3,2,,2,1,2,,1,1,1,2,2,2,2
408503,1,31,6,3,1,2,2,1,1,1,1,1,2,1,1,1,4,1,2,2,1,1,1,1,1,1,1,1,2,1,1,,1,,2,2,2,2,2,1,1,2,1,2,30,1,2,2,2,2,1,2,2,1,4,20,1,1,2,2,2,2,2,2,2,2,,,,,,,,,,,,,,,,,,,,,,1,5,1,6,2,4,2,1,1,3,3,1,,1,1,1,2,1,1,1,1,1,1,1
408604,1,53,8,5,2,2,1,1,1,2,,1,2,1,1,1,1,1,2,2,1,1,1,1,1,1,1,1,1,1,1,,1,,2,2,2,2,1,1,1,1,2,5,180,1,1,2,2,2,2,2,1,2,2,30,1,2,1,2,2,2,1,2,2,2,,,,,,,,,,,,,,,,,,,3,15,1,1,10,1,6,2,3,2,1,1,3,3,1,,2,1,1,2,1,3,1,2,2,2,2
408701,2,81,2,6,1,4,2,1,1,1,1,2,2,1,1,2,2,1,2,2,2,1,2,3,1,1,1,1,1,2,2,2,2,2,2,2,2,2,2,2,,,,,,,,,,,,,,,,,,,,,,,,,,,,,,,,,,,,,,,,,,,,,,,,,,,,,,,,,,,,6,2,1,2,,2,,1,2,2,1,2
408802,2,31,8,4,3,6,1,1,1,2,,2,2,1,1,1,6,1,2,2,1,1,2,1,1,1,1,2,2,2,2,2,1,,2,2,2,2,1,1,,,,,,,,,,,,,,1,2,20,1,2,2,2,2,2,2,1,2,2,,,,,,,,,,,,,,,,,,,1,60,1,1,480,2,,2,4,2,1,3,3,1,1,,1,1,2,,1,1,1,2,1,1,1
408903,2,78,2,6,3,4,1,1,1,1,1,1,2,1,1,2,2,1,2,2,2,1,1,2,2,1,2,1,2,1,1,,2,2,1,,2,2,2,2,1,2,1,2,60,1,2,2,1,2,2,2,3,,,,,,,,,,,,,,2,1,2,30,1,1,1,0,0,0,0,1,0,3,,,,,,,,,,2,,3,3,2,2,3,3,3,1,,2,2,2,,2,,1,2,1,1,2
409004,1,87,8,4,2,6,2,1,1,1,1,2,2,1,1,1,3,1,2,2,1,1,1,3,2,1,1,1,2,1,1,,2,2,1,,2,2,1,1,2,2,1,4,60,1,2,2,1,1,2,2,3,,,,,,,,,,,,,,2,1,1,20,1,1,0,0,0,0,0,0,0,2,,,,,1,120,1,1,20,2,,2,3,1,2,3,3,3,2,,2,1,1,1,1,1,1,2,2,2,2
409101,1,73,2,4,2,2,1,1,1,2,,2,2,2,,,1,1,2,2,3,2,1,2,2,1,1,1,1,1,1,,2,2,2,2,2,2,2,1,1,2,1,2,60,1,2,2,1,2,2,2,2,,,,,,,,,,,,,,,,,,,,,,,,,,,,,,,,,,,1,10,1,5,2,3,1,2,3,3,1,1,,2,2,2,,2,,1,2,1,1,1
409202,1,62,2,4,1,1,1,2,2,2,,2,2,2,,,1,1,2,2,2,1,1,1,1,1,1,1,1,2,1,,2,2,2,2,2,2,2,2,1,2,1,2,60,1,2,2,1,2,2,2,3,,,,,,,,,,,,,,,,,,,,,,,,,,,,,,,,,,,,,2,,1,3,1,2,2,3,3,1,,2,1,1,1,1,1,1,2,1,1,2
409303,1,32,8,4,3,3,2,1,1,2,,1,2,1,1,2,3,1,2,2,2,1,1,1,1,1,1,1,2,1,2,1,2,2,1,,2,2,1,1,4,1,2,3,60,2,2,1,1,2,2,2,1,,,,,,,,,,,,,,1,2,7,20,1,1,0,0,1,0,0,0,0,1,,,,,1,40,1,1,40,1,3,3,2,2,1,3,3,3,1,,2,2,2,,1,2,1,2,1,2,2
409404,1,78,3,3,2,3,1,1,2,2,,2,2,2,,,2,1,2,2,1,1,1,2,2,1,1,1,2,1,2,2,1,,1,,2,2,2,2,,,,,,,,,,,,,,4,1,60,1,2,2,2,2,2,1,1,2,2,2,1,3,90,2,1,0,0,0,0,0,1,0,3,,,,,,,,,,2,,2,4,2,2,2,3,3,2,,2,1,2,,1,4,1,2,2,2,1
409501,1,72,3,3,3,4,3,1,1,1,1,1,1,1,1,2,5,1,2,2,1,1,1,4,1,1,1,1,1,2,2,2,2,2,2,2,2,2,2,2,,,,,,,,,,,,,,,,,,,,,,,,,,,,,,,,,,,,,,,,,,,,,,,,,,,,,,,,,,,,7,2,2,2,,2,,1,1,1,1,1
409602,2,54,2,6,2,3,0,1,1,2,,2,2,2,,,2,1,2,2,2,1,1,1,1,1,1,1,2,1,1,,2,2,2,2,2,2,1,1,1,1,2,2,30,2,2,2,2,1,2,2,3,,,,,,,,,,,,,,,,,,,,,,,,,,,,,,,,2,30,1,1,25,2,,1,2,1,1,3,3,1,1,,2,2,2,,2,,1,2,1,2,2
409703,2,27,6,3,2,4,3,1,1,1,2,1,1,1,1,1,4,1,2,2,2,1,1,2,1,1,1,3,2,1,1,,1,,1,,1,,2,1,1,2,1,1,240,1,2,2,1,2,2,2,2,1,4,20,1,2,2,2,2,1,2,1,1,2,2,1,2,15,1,1,0,0,0,0,0,0,0,3,2,180,1,2,,,,1,180,2,,4,3,2,1,3,3,3,3,,2,1,1,2,1,2,1,2,1,1,2
409804,2,27,3,3,3,4,0,1,1,2,,2,2,1,1,1,5,1,2,2,1,1,1,1,1,1,1,1,2,1,1,,2,2,2,2,1,,2,1,1,1,2,2,60,2,2,2,1,2,2,2,1,,,,,,,,,,,,,,,,,,,,,,,,,,,,3,60,1,2,,,,1,120,1,5,4,4,2,2,3,3,3,1,,2,1,2,,2,,1,1,1,1,1
409901,1,15,3,3,2,4,1,1,1,1,1,2,2,1,1,2,5,1,2,2,1,1,1,1,1,1,1,1,2,1,1,,1,,2,2,1,,1,1,3,1,2,2,60,1,2,1,2,1,1,2,1,1,2,30,1,2,2,2,2,2,2,2,1,2,,,,,,,,,,,,,,,3,30,1,2,3,20,1,2,20,2,,4,4,1,1,1,3,3,1,,1,1,1,2,1,1,1,1,1,1,1
410002,2,25,6,3,1,1,1,1,1,2,,2,2,1,1,2,3,1,2,2,1,1,1,1,1,1,1,1,1,2,2,1,1,,2,2,2,2,1,1,4,2,1,2,90,1,2,2,1,1,2,2,2,4,2,90,1,2,2,2,1,1,2,2,1,2,,,,,,,,,,,,,,,,,,,3,60,1,1,30,2,,2,3,2,1,3,3,3,1,,1,1,1,3,1,1,1,1,1,1,1
410103,1,64,3,3,2,2,1,1,1,2,,2,2,1,1,1,4,1,2,2,3,1,1,2,1,1,1,1,2,2,2,2,2,2,2,2,2,2,2,2,,,,,,,,,,,,,,,,,,,,,,,,,,,,,,,,,,,,,,,,,,,,,,,,,,,,,,,,,,,,6,2,2,2,,1,1,1,2,1,2,1
410204,1,40,3,3,2,2,1,1,1,2,,2,2,1,1,2,2,1,2,2,1,1,1,1,1,1,1,1,2,2,2,2,2,2,2,2,2,2,1,1,,,,,,,,,,,,,,,,,,,,,,,,,,,,,,,,,,,,,,,,,,,,,1,180,1,1,480,2,,2,4,2,2,2,1,3,1,,2,2,2,,2,,1,1,1,1,2
410301,2,24,8,5,1,2,1,1,1,2,,1,2,1,1,1,3,1,2,2,1,1,1,1,1,1,1,1,2,1,2,1,2,2,2,2,1,,1,1,3,1,2,3,30,1,2,2,1,1,2,2,1,,,,,,,,,,,,,,,,,,,,,,,,,,,,2,60,1,2,4,20,1,1,15,2,,2,3,2,1,2,3,3,3,,1,1,2,,1,2,1,1,1,1,1
410402,1,41,8,5,2,5,1,1,1,2,,2,1,1,1,2,3,1,2,2,1,1,1,1,1,1,1,1,2,1,2,2,2,2,1,,2,2,2,1,,,,,,,,,,,,,,,,,,,,,,,,,,,1,2,7,120,1,1,1,1,1,1,1,1,0,1,,,,,,,,1,180,2,,3,3,2,1,1,3,3,1,,2,2,2,,1,2,1,2,2,2,2
410503,1,31,8,1,1,2,1,1,2,2,,2,2,1,1,1,1,1,1,2,2,1,1,1,1,1,1,1,2,1,1,,2,2,1,,2,2,2,1,1,2,1,2,40,1,2,2,1,1,2,2,2,,,,,,,,,,,,,,2,1,1,15,1,0,1,0,0,0,0,0,0,2,,,,,,,,1,60,2,,2,1,2,1,2,3,3,1,,1,1,1,1,1,1,1,2,1,1,1
410604,1,19,6,3,1,1,1,1,1,2,,1,2,1,1,2,4,1,2,2,1,1,1,1,2,1,1,1,2,2,2,1,2,1,2,1,2,2,1,1,2,1,2,2,30,1,2,2,1,1,2,2,3,5,2,40,2,2,1,2,2,2,1,2,2,2,1,2,2,20,2,1,0,0,0,0,0,0,1,1,,,,,1,25,1,1,60,1,5,4,4,2,1,2,3,3,1,,2,2,2,,1,2,1,1,1,1,1
410701,2,50,6,3,2,4,1,1,1,2,,2,2,1,1,2,3,1,2,2,4,1,1,2,1,1,1,1,2,2,2,2,2,2,2,2,2,2,2,2,,,,,,,,,,,,,,,,,,,,,,,,,,,,,,,,,,,,,,,,,,,,,,,,,,,,,,,,,,,,6,2,1,1,1,1,1,1,2,2,1,2
410802,2,12,2,6,1,4,2,1,1,2,,2,2,2,,,3,1,2,2,2,1,1,1,1,1,1,1,2,2,2,2,2,2,2,2,2,2,2,1,,,,,,,,,,,,,,,,,,,,,,,,,,,,,,,,,,,,,,,,,,,,,,,,2,10,,,,,,,,,,,9,2,1,2,,1,1,1,1,1,1,1
410903,1,25,8,4,1,1,1,1,1,2,,2,2,2,,,2,1,2,2,1,1,1,1,2,1,1,1,1,1,1,,2,2,2,2,2,2,2,1,1,1,2,2,20,1,2,2,2,1,2,2,1,,,,,,,,,,,,,,,,,,,,,,,,,,,,,,,,,,,1,15,2,,3,2,2,1,2,3,3,1,,2,1,1,2,1,1,1,1,1,1,1
411004,2,20,8,1,2,3,1,1,1,2,,2,2,2,,,5,1,2,2,1,1,1,1,1,1,1,1,1,1,1,,2,2,2,2,1,,2,1,3,1,1,1,60,2,1,1,1,2,2,2,3,,,,,,,,,,,,,,,,,,,,,,,,,,,,2,20,2,1,,,,5,3,2,,2,4,2,1,1,3,3,1,,2,1,2,,1,1,1,1,1,1,9
411101,1,12,2,5,1,4,2,1,1,2,,2,2,1,1,1,2,1,2,2,1,1,1,1,2,1,1,1,2,1,1,,2,2,1,,2,2,1,1,2,1,2,2,60,1,2,1,2,2,2,2,3,,,,,,,,,,,,,,2,1,1,20,1,0,1,0,0,0,0,0,0,2,,,,,2,15,1,1,15,2,,1,1,1,2,1,3,1,1,,2,1,2,,1,1,1,1,1,1,1
411202,1,42,2,6,1,3,0,2,2,2,,2,2,2,,,2,1,2,2,1,1,1,1,1,1,1,1,1,1,1,,2,2,2,2,1,,2,1,1,2,1,2,60,2,2,2,1,2,2,2,2,,,,,,,,,,,,,,,,,,,,,,,,,,,,3,30,2,1,,,,2,30,1,6,1,2,2,2,3,3,1,3,,2,2,2,,2,,1,1,1,1,1
411303,2,49,2,3,1,1,0,2,2,2,,2,2,2,,,1,1,2,2,1,1,1,1,1,1,1,1,2,,,,,,,,,,,,,,,,,,,,,,,,,,,,,,,,,,,,,,,,,,,,,,,,,,,,,,,,,,,,,,,,,,,,,,,,,,,,,,,,,,
411404,1,27,3,3,1,1,0,1,1,2,,2,2,2,,,2,1,2,2,1,1,1,2,2,1,1,1,1,1,1,,2,2,1,,1,,1,1,1,2,1,2,60,1,1,1,1,1,1,2,2,,,,,,,,,,,,,,2,1,1,120,2,1,0,1,0,0,0,0,0,3,5,20,1,2,1,40,1,1,20,2,,2,4,2,2,1,3,3,1,,1,1,1,2,1,1,1,1,1,1,1
411501,1,13,3,1,2,2,1,2,1,2,,1,2,1,1,2,3,1,2,2,1,1,1,1,2,1,1,1,1,2,2,1,2,2,2,2,2,2,1,1,6,2,1,1,25,2,2,1,2,1,1,2,2,,,,,,,,,,,,,,,,,,,,,,,,,,,,,,,,1,30,1,1,15,2,,1,3,1,2,1,3,3,1,,2,2,1,2,1,1,1,1,1,1,1
411602,1,20,6,3,1,1,0,1,1,1,1,2,2,1,1,2,3,1,2,2,1,1,1,1,1,1,1,1,1,1,2,1,2,2,1,,2,2,1,1,10,1,1,2,90,2,1,2,2,2,2,2,2,,,,,,,,,,,,,,2,1,2,30,1,0,0,0,1,0,0,1,0,2,,,,,1,30,1,1,60,2,,4,3,2,1,2,3,3,1,,2,2,2,,2,,1,1,1,1,1
411703,1,29,3,3,3,4,1,1,1,1,1,2,2,1,1,2,5,1,2,2,1,1,1,4,1,3,1,1,1,1,1,,2,1,2,2,2,2,1,1,1,2,1,2,45,1,2,2,1,2,2,2,3,1,4,30,1,1,2,2,2,2,2,2,2,2,,,,,,,,,,,,,,,,,,,1,15,1,1,4,2,,1,3,2,1,2,3,3,1,,2,2,2,,1,1,1,2,1,1,1
411804,1,25,6,3,1,1,0,2,1,2,,2,2,2,,,2,1,2,2,1,1,2,1,2,1,1,1,2,1,2,1,2,2,2,1,2,1,1,1,2,1,2,2,20,2,2,1,2,1,1,2,1,,,,,,,,,,,,,,1,2,1,20,1,0,0,0,0,0,0,1,0,2,3,10,1,2,5,30,1,1,15,2,,2,3,2,1,1,3,1,1,,2,2,2,,2,,1,1,1,1,1
411901,2,48,2,6,3,5,0,1,1,2,,2,2,1,1,2,2,1,2,2,2,1,1,1,1,1,1,1,2,1,1,,2,2,2,2,2,1,2,1,2,2,1,2,30,1,2,2,1,2,2,2,2,,,,,,,,,,,,,,,,,,,,,,,,,,,,4,30,2,1,,,,1,20,2,,2,2,2,2,3,3,1,1,,2,2,2,,2,,1,1,1,1,2
412002,1,42,3,2,1,1,0,2,1,2,,2,2,1,1,2,2,1,2,2,1,1,1,1,1,1,1,1,2,1,1,,1,,1,,2,2,2,2,1,2,1,3,30,1,1,1,2,2,2,2,3,15,1,15,2,1,2,1,1,2,2,2,2,2,1,2,3,18,2,0,0,1,0,0,0,0,0,3,,,,,,,,,,2,,1,2,2,1,2,3,3,3,,1,1,1,2,2,,1,2,2,2,2
412103,2,18,3,3,3,5,0,1,1,1,1,2,2,1,1,2,7,1,2,2,1,1,1,1,1,1,2,2,2,1,2,1,2,1,2,2,2,2,1,1,1,1,2,2,20,1,1,1,2,1,2,2,1,1,2,15,1,2,2,1,2,1,2,2,2,2,,,,,,,,,,,,,,,,,,,2,60,2,1,180,1,7,2,2,2,1,1,3,1,3,,2,2,2,,2,,1,1,1,2,2
412204,1,57,3,3,3,5,2,1,1,2,,1,2,1,1,2,4,1,1,2,2,1,1,2,1,1,1,1,2,1,2,1,1,,2,2,2,1,2,1,3,2,1,2,30,1,1,2,1,2,2,2,3,3,2,60,2,2,2,2,2,2,1,2,2,2,,,,,,,,,,,,,,,4,20,2,1,,,,1,30,2,,2,3,1,1,3,3,1,1,,2,2,2,,1,3,1,1,1,1,1
412301,1,23,2,6,2,3,1,1,1,2,,2,2,2,,,3,1,2,2,1,1,1,1,1,1,1,1,2,,,,,,,,,,,,,,,,,,,,,,,,,,,,,,,,,,,,,,,,,,,,,,,,,,,,,,,,,,,,,,,,,,,,,,,,,,,,,,,,,,
412402,2,46,2,6,2,3,1,1,2,2,,2,2,2,,,2,1,2,2,3,1,2,3,2,1,1,1,1,2,2,2,2,2,2,2,2,2,2,2,,,,,,,,,,,,,,,,,,,,,,,,,,,,,,,,,,,,,,,,,,,,,,,,,,,,,,,,,,,,6,2,2,2,,2,,1,2,1,2,2
412503,2,50,3,3,3,5,2,1,1,2,,1,2,1,1,2,8,1,2,2,2,1,1,1,2,1,1,1,1,2,2,1,2,2,2,2,2,2,1,2,1,2,1,3,30,1,2,2,1,2,2,2,2,,,,,,,,,,,,,,,,,,,,,,,,,,,,,,,,2,10,2,,,2,,3,3,2,1,2,3,3,1,,2,1,1,2,2,,1,2,1,2,2
412604,1,59,2,3,2,3,1,1,1,2,,2,2,2,,,2,1,2,2,2,1,1,3,2,1,1,1,1,2,2,2,2,2,2,2,2,2,2,2,,,,,,,,,,,,,,,,,,,,,,,,,,,,,,,,,,,,,,,,,,,,,,,,,,,,,,,,,,,,1,2,2,2,,2,,1,2,2,2,2
412701,1,57,10,2,1,4,1,1,2,1,2,1,2,1,1,2,1,1,2,2,2,1,1,1,2,1,1,1,2,1,1,,2,2,2,2,2,1,1,1,1,2,1,2,90,2,1,1,1,2,2,2,3,,,,,,,,,,,,,,,,,,,,,,,,,,,,4,30,2,1,1,120,2,1,120,2,,2,2,1,1,2,3,3,1,,2,2,2,,1,1,1,1,1,1,1
412802,2,59,3,3,1,4,1,1,1,2,,2,2,2,,,1,1,2,2,3,1,1,2,1,1,1,1,1,1,1,,1,,2,2,2,2,1,1,2,2,1,3,120,1,2,2,1,2,2,2,3,1,2,30,1,2,2,2,2,1,1,2,2,2,,,,,,,,,,,,,,,,,,,2,15,1,1,15,2,,2,3,2,2,1,3,3,1,,2,1,1,1,2,,1,1,1,1,1
412903,1,72,5,3,2,4,2,1,1,1,1,2,2,1,1,2,3,1,2,2,1,1,1,1,1,1,1,1,2,1,2,1,2,2,2,2,2,2,1,1,2,2,1,2,60,1,2,2,2,1,2,2,2,,,,,,,,,,,,,,,,,,,,,,,,,,,,,,,,1,60,1,1,60,2,,2,3,2,1,2,3,3,1,,2,2,2,,2,,1,2,1,1,2
413004,1,42,8,5,3,5,3,1,1,1,2,1,1,1,1,2,4,1,2,2,1,1,1,1,1,1,1,1,1,1,1,,1,,2,2,2,2,1,1,1,1,2,5,60,2,2,1,2,2,2,2,2,1,1,30,2,2,1,2,2,2,2,2,2,2,,,,,,,,,,,,,,,,,,,1,300,1,1,240,2,,2,4,2,1,3,3,3,1,,1,1,1,2,1,2,1,2,2,1,1
413101,2,43,2,6,2,2,1,1,1,2,,2,2,2,,,5,1,2,2,1,1,1,1,1,1,1,1,2,2,2,2,2,2,2,2,2,2,2,1,,,,,,,,,,,,,,,,,,,,,,,,,,,,,,,,,,,,,,,,,,,,,,,,1,2,,,,,,,,,,,1,1,1,1,2,2,,1,2,1,9,1
413202,1,88,2,6,2,4,0,1,2,2,,2,2,2,,,1,1,2,2,3,2,3,4,1,2,1,1,2,1,2,1,2,2,2,2,2,2,2,2,1,2,1,2,30,1,2,2,1,2,2,2,2,,,,,,,,,,,,,,,,,,,,,,,,,,,,,,,,,,,,,2,,1,3,2,2,3,1,1,1,,2,1,1,1,1,1,1,2,1,2,2
413303,2,64,3,3,3,5,1,1,1,2,,2,2,2,,,2,1,2,2,3,1,2,2,2,1,1,1,2,1,1,,2,2,2,2,2,2,2,1,1,2,1,1,60,2,2,2,1,2,2,2,3,,,,,,,,,,,,,,,,,,,,,,,,,,,,,,,,,,,1,10,2,,1,4,2,2,2,3,1,1,,2,1,1,1,2,,1,2,1,1,2
413404,1,51,3,3,2,4,0,1,1,2,,2,2,1,1,2,2,1,2,2,2,1,1,1,1,1,1,1,2,1,1,,2,1,2,2,2,2,1,1,10,2,1,2,60,1,1,1,1,2,2,2,3,3,2,15,1,2,1,1,1,1,1,1,1,2,,,,,,,,,,,,,,,,,,,1,30,1,1,60,1,3,4,4,1,1,1,3,3,1,,2,1,1,2,1,2,1,2,1,1,1
413501,2,15,3,3,2,4,1,1,1,2,,1,2,1,1,2,3,1,2,2,1,1,1,1,1,1,1,1,2,2,2,1,1,,2,2,1,,1,1,2,2,1,1,60,1,1,2,2,1,2,2,2,1,2,60,2,2,2,2,1,2,2,2,2,2,,,,,,,,,,,,,,,2,60,1,1,3,15,1,1,15,1,5,2,3,2,1,2,3,3,1,,2,2,1,1,2,,1,2,2,2,2
413602,1,14,3,2,3,4,1,1,1,2,,2,2,1,1,2,6,1,2,2,1,1,1,1,2,1,1,1,2,2,2,1,2,2,2,2,1,,1,1,2,2,1,2,90,1,1,2,2,1,2,2,4,,,,,,,,,,,,,,,,,,,,,,,,,,,,5,60,2,1,2,60,2,2,25,1,4,2,3,2,1,3,3,1,1,,2,2,2,,2,,1,1,1,1,1
413703,2,30,2,6,2,3,2,1,1,1,1,2,2,1,1,1,4,1,2,2,1,1,1,1,1,1,1,1,2,,,,,,,,,,,,,,,,,,,,,,,,,,,,,,,,,,,,,,,,,,,,,,,,,,,,,,,,,,,,,,,,,,,,,,,,,,,,,,,,,,
413804,2,49,3,3,3,6,2,1,1,1,1,1,2,1,1,2,6,1,2,2,2,1,1,1,1,1,1,1,2,2,2,2,2,2,2,2,2,2,2,1,,,,,,,,,,,,,,,,,,,,,,,,,,,,,,,,,,,,,,,,,,,,,,,,1,30,,,,,,,,,,,4,2,2,2,,2,,1,2,1,1,1
413901,2,22,8,3,1,2,1,1,1,2,,1,2,1,1,1,2,1,2,2,1,1,1,1,1,1,1,1,2,1,1,,2,1,1,,2,2,2,1,2,1,2,3,30,2,1,1,2,2,2,2,1,2,1,15,1,2,2,1,2,2,2,2,2,2,2,1,1,5,1,1,0,0,0,0,0,0,0,2,,,,,,,,1,15,2,,2,3,2,1,2,3,3,1,,1,1,1,1,1,2,1,1,1,1,1
414002,2,44,8,4,2,6,6,1,1,1,2,2,2,1,1,1,3,1,2,2,1,1,1,1,1,1,1,1,2,1,1,,2,2,2,1,2,2,1,1,2,2,1,1,15,1,2,2,1,2,2,2,2,,,,,,,,,,,,,,1,2,6,10,1,1,0,0,0,0,0,0,0,1,,,,,1,10,1,1,10,2,,4,4,2,1,2,3,3,1,,2,2,2,,2,,1,9,1,1,1
414103,2,47,7,3,2,2,1,1,1,2,,1,2,1,1,2,4,1,2,2,3,1,1,1,1,1,1,1,2,1,2,2,1,,2,2,2,2,2,1,,,,,,,,,,,,,,4,2,60,1,2,2,2,2,1,2,2,1,2,,,,,,,,,,,,,,,,,,,,,,1,15,2,,2,3,1,2,2,3,3,1,,1,1,1,1,1,2,1,2,1,1,1
414204,1,17,6,1,2,3,1,1,1,1,1,1,1,1,1,1,4,1,2,2,1,1,1,1,2,1,1,1,2,1,1,,2,2,2,2,2,2,2,1,5,2,1,2,75,1,2,1,1,1,2,2,2,,,,,,,,,,,,,,,,,,,,,,,,,,,,,,,,,,,1,60,2,,4,4,1,1,2,3,3,2,,1,1,1,1,1,5,1,1,1,1,1
414301,1,65,3,1,3,5,1,1,1,2,,2,2,2,,,4,1,2,2,4,1,1,1,2,1,1,1,2,2,1,,2,2,2,2,2,2,2,2,1,2,1,1,50,1,2,2,1,2,2,2,3,,,,,,,,,,,,,,,,,,,,,,,,,,,,,,,,,,,,,2,,1,4,2,2,2,3,1,1,,2,1,1,1,2,,1,2,1,1,1
414402,2,61,8,4,2,5,1,1,1,2,,2,2,1,1,2,2,1,2,2,2,1,1,1,1,1,1,1,2,1,2,1,1,,2,2,2,2,2,1,1,2,1,2,30,1,1,2,2,2,2,2,3,1,2,30,1,2,2,2,1,1,2,2,2,2,,,,,,,,,,,,,,,,,,,,,,2,30,2,,1,1,1,2,1,3,3,3,,2,2,2,,2,,1,2,1,1,2
414604,1,36,8,4,1,6,2,1,1,1,1,1,2,1,1,1,3,1,2,2,1,1,1,1,1,1,1,1,2,2,1,,2,2,2,2,2,2,2,2,5,2,1,1,60,1,2,2,1,1,1,2,4,,,,,,,,,,,,,,,,,,,,,,,,,,,,,,,,,,,,,2,,3,3,1,1,2,3,3,1,,1,1,1,1,1,5,1,1,1,1,1
414802,2,12,2,5,2,3,0,1,1,2,,2,2,1,1,2,4,1,2,2,1,1,1,1,1,1,1,1,1,1,1,,2,1,1,,2,1,1,1,3,2,1,2,30,2,2,1,2,1,2,2,2,3,4,15,2,2,2,2,2,2,2,1,2,2,1,2,4,15,2,0,1,0,0,0,0,0,0,1,3,30,1,2,2,30,2,2,20,2,,2,2,1,1,3,3,1,1,,2,1,1,2,2,,1,2,1,1,2
414903,2,17,3,3,2,3,1,1,1,2,,2,2,1,1,2,6,1,2,2,1,1,1,1,1,1,1,1,1,1,2,1,2,2,2,2,1,,1,1,5,1,1,2,120,2,1,1,2,2,1,2,3,,,,,,,,,,,,,,,,,,,,,,,,,,,,3,30,1,2,4,30,2,1,15,2,,3,2,1,1,2,3,1,1,,2,1,1,2,2,,1,1,1,1,1
415004,1,18,3,3,3,4,0,1,1,2,,2,2,2,,,5,1,2,2,1,1,1,1,2,1,2,2,2,2,2,2,2,2,2,2,2,2,2,2,,,,,,,,,,,,,,,,,,,,,,,,,,,,,,,,,,,,,,,,,,,,,,,,,,,,,,,,,,,,7,2,2,2,,2,,1,2,2,2,2
415101,2,25,8,5,2,3,1,1,1,2,,1,2,1,1,2,4,1,2,2,1,1,1,1,1,1,1,1,2,1,1,,1,,2,2,2,2,1,1,3,1,2,2,40,2,2,1,1,2,2,2,1,1,3,15,1,2,2,1,2,2,2,2,2,2,,,,,,,,,,,,,,,,,,,1,20,2,1,15,1,3,2,4,2,1,3,3,1,1,,1,2,1,1,1,1,1,1,1,1,2
415202,2,47,3,3,2,3,1,1,1,2,,2,2,1,1,2,4,1,2,2,2,1,2,2,2,1,2,1,2,2,2,2,2,2,2,2,2,2,2,2,,,,,,,,,,,,,,,,,,,,,,,,,,,,,,,,,,,,,,,,,,,,,,,,,,,,,,,,,,,,1,2,2,1,1,1,1,1,9,1,1,1
415404,1,51,6,3,2,3,2,1,1,1,1,2,2,1,1,2,3,1,1,2,2,1,1,1,1,1,1,1,1,1,1,,2,2,2,2,2,2,1,1,3,2,1,3,60,1,2,2,2,1,2,2,3,,,,,,,,,,,,,,,,,,,,,,,,,,,,,,,,2,15,1,1,30,2,,2,2,2,1,3,3,3,3,,2,2,2,,1,1,1,2,1,1,1
415501,1,46,2,6,1,3,0,1,1,2,,2,2,1,1,2,5,1,2,2,1,1,1,1,1,1,1,1,2,2,2,2,2,2,2,2,2,2,2,1,,,,,,,,,,,,,,,,,,,,,,,,,,,,,,,,,,,,,,,,,,,,,,,,1,20,,,,,,,,,,,3,2,1,1,2,1,1,1,2,1,1,2
415703,1,17,3,3,3,5,0,1,1,2,,2,2,2,,,5,1,2,2,1,1,1,1,1,1,1,1,2,2,2,2,2,2,2,2,2,1,2,1,,,,,,,,,,,,,,,,,,,,,,,,,,,,,,,,,,,,,,,,,3,30,1,2,,,,1,15,1,2,2,2,2,1,3,3,1,3,,2,1,1,2,1,1,1,2,1,1,1
415804,1,12,2,6,1,2,1,1,1,2,,1,2,2,,,4,1,2,2,1,1,1,1,1,1,1,1,2,1,1,,1,,2,2,1,,2,1,5,1,2,2,30,1,1,2,2,2,1,2,2,2,2,10,1,2,2,1,1,2,1,2,2,2,,,,,,,,,,,,,,,2,15,2,1,,,,1,60,2,,2,3,1,1,2,3,3,1,,2,1,1,2,1,1,1,1,1,1,1
415901,2,70,2,3,2,4,0,1,1,2,,2,2,1,1,2,7,1,2,2,3,1,2,2,2,1,1,1,2,2,2,2,2,2,2,2,2,2,2,2,,,,,,,,,,,,,,,,,,,,,,,,,,,,,,,,,,,,,,,,,,,,,,,,,,,,,,,,,,,,6,2,1,1,2,1,1,1,1,1,1,2
416002,1,39,3,3,2,4,1,1,1,2,,2,2,1,1,2,7,1,2,2,1,1,1,1,1,1,1,1,2,1,2,2,1,,1,,2,1,2,1,,,,,,,,,,,,,,4,4,30,1,2,2,2,1,1,1,2,2,2,2,1,1,15,1,0,0,0,0,0,0,0,1,3,3,15,1,2,,,,1,30,2,,4,3,2,2,3,3,3,1,,1,2,2,,2,,1,2,1,1,1
416103,2,21,3,3,2,4,0,1,1,2,,2,2,1,1,2,5,1,1,2,1,1,1,2,2,1,1,1,1,1,1,,1,,2,1,2,2,1,1,5,2,1,1,180,1,2,2,1,1,1,2,3,2,1,60,1,2,2,1,1,1,2,1,1,2,2,1,2,30,1,0,0,1,0,0,0,0,0,2,,,,,2,15,1,1,60,2,,2,3,2,1,3,3,3,1,,2,1,1,2,1,1,1,1,1,1,2
416301,1,61,3,3,2,3,1,1,1,1,1,2,2,1,1,1,3,1,2,2,2,1,1,1,1,1,1,1,2,1,1,,2,2,2,2,2,2,2,1,1,2,1,2,90,1,2,2,1,2,2,2,3,,,,,,,,,,,,,,,,,,,,,,,,,,,,,,,,,,,1,30,2,,2,4,2,1,2,3,3,1,,2,1,1,2,1,1,1,2,1,1,2
416402,1,22,6,2,1,1,1,1,1,2,,2,2,2,,,3,1,2,2,1,1,1,1,1,1,1,1,2,1,1,,2,2,2,2,2,2,1,1,1,2,1,3,120,1,2,2,2,1,2,2,3,,,,,,,,,,,,,,,,,,,,,,,,,,,,,,,,1,300,1,1,30,1,5,4,3,2,1,1,3,3,3,,1,1,1,2,1,1,1,1,1,1,1
416503,1,17,6,2,3,5,1,1,1,1,1,1,2,1,1,1,4,1,2,2,1,1,1,1,1,1,1,1,2,2,2,1,2,2,2,2,1,,1,1,1,1,2,2,120,1,1,2,2,1,1,2,3,,,,,,,,,,,,,,,,,,,,,,,,,,,,2,30,1,2,3,180,1,1,300,1,3,3,3,2,2,1,3,3,3,,2,2,1,2,2,,1,1,1,1,1
416604,2,30,3,3,2,2,1,1,1,1,1,2,2,2,,,4,1,2,2,1,1,1,1,2,1,1,1,2,2,2,2,2,2,2,2,2,2,2,1,,,,,,,,,,,,,,,,,,,,,,,,,,,,,,,,,,,,,,,,,,,,,,,,1,15,,,,,,,,,,,1,2,2,2,,2,,1,1,1,1,1
416701,2,33,8,5,2,4,1,1,1,2,,1,2,1,1,2,2,1,2,2,1,1,1,1,1,1,1,1,1,1,1,,2,2,2,1,2,2,1,1,2,2,1,2,30,1,1,1,2,2,1,2,2,,,,,,,,,,,,,,1,2,1,10,1,1,0,0,0,0,0,0,0,1,,,,,1,20,1,1,60,2,,2,4,2,1,3,3,3,1,,2,2,2,,2,,1,9,1,1,1
416802,2,17,6,1,1,3,1,1,1,2,,1,2,1,1,1,4,1,2,2,2,1,1,2,2,1,1,2,2,1,1,,2,1,2,2,2,2,1,1,4,1,2,2,120,1,2,2,2,1,2,2,1,1,4,60,1,1,2,2,2,2,2,2,1,2,,,,,,,,,,,,,,,,,,,3,60,1,1,60,2,,3,3,2,1,3,3,3,1,,2,1,1,2,1,1,1,1,1,1,1
416903,2,49,3,3,2,4,1,2,1,1,1,2,2,1,1,2,5,1,1,2,1,1,1,1,1,1,1,1,2,2,2,1,1,,2,2,2,2,2,1,1,2,1,2,20,1,2,1,2,1,2,2,2,4,2,15,1,2,2,1,2,2,2,2,2,2,,,,,,,,,,,,,,,,,,,,,,1,20,1,8,1,1,2,1,2,3,3,1,,1,1,1,2,2,,1,1,1,1,1
417004,2,14,3,1,3,6,1,1,1,1,1,1,2,1,1,2,4,1,2,2,1,1,1,1,1,1,1,1,2,1,2,1,2,2,2,1,1,,2,1,1,2,1,1,20,1,2,2,2,1,2,2,2,,,,,,,,,,,,,,2,1,1,10,1,0,1,0,0,0,0,0,0,2,2,30,1,2,,,,1,60,1,8,4,3,1,2,1,3,3,1,,2,1,1,2,1,4,1,1,1,1,2
417101,1,62,3,3,3,4,1,1,1,2,,2,2,1,1,1,7,1,2,2,2,2,1,1,1,1,1,1,2,1,1,,2,2,2,2,2,2,2,1,2,2,1,3,60,1,2,2,1,2,2,2,2,,,,,,,,,,,,,,,,,,,,,,,,,,,,,,,,,,,1,20,2,,1,3,2,2,2,3,3,1,,2,1,2,,2,,1,2,1,1,2
417202,1,18,2,3,1,2,1,1,2,2,,2,2,2,,,2,1,2,2,1,1,1,1,2,1,1,1,2,2,2,2,2,2,2,2,2,2,2,1,,,,,,,,,,,,,,,,,,,,,,,,,,,,,,,,,,,,,,,,,,,,,,,,1,15,,,,,,,,,,,3,1,1,1,2,1,1,1,1,1,1,1
417303,1,58,2,6,2,5,1,1,1,2,,2,2,2,,,3,1,2,2,1,1,1,1,1,1,1,1,2,1,1,,2,2,2,2,2,2,2,1,1,2,1,1,30,1,2,2,1,2,2,2,2,,,,,,,,,,,,,,,,,,,,,,,,,,,,,,,,,,,2,10,2,,3,4,1,2,2,3,3,1,,2,2,2,,2,,1,2,1,1,2
417404,1,47,0,,1,1,0,2,2,2,,2,2,2,,,2,1,2,2,2,1,1,1,1,1,1,1,1,,,,,,,,,,,,,,,,,,,,,,,,,,,,,,,,,,,,,,,,,,,,,,,,,,,,,,,,,,,,,,,,,,,,,,,,,,,,,,,,,,
417501,1,15,3,3,3,5,1,1,1,1,1,1,2,1,1,2,4,1,2,2,2,1,1,1,1,1,1,3,2,1,1,,1,,1,,1,,1,1,7,2,1,1,120,1,2,2,2,1,1,2,3,5,2,40,1,1,1,2,2,2,2,1,1,2,2,1,1,15,1,0,1,1,0,0,1,0,0,2,1,120,1,1,1,40,1,1,60,1,7,4,4,1,1,1,3,3,1,,1,2,2,,1,1,1,1,1,2,2
417602,1,54,8,5,3,5,1,1,1,1,1,1,2,1,1,2,4,1,2,2,1,1,1,1,1,1,1,1,1,1,1,,2,1,2,2,2,2,1,2,1,1,2,2,30,1,1,2,2,2,2,2,2,1,2,20,2,2,2,2,2,2,1,2,2,2,,,,,,,,,,,,,,,,,,,3,20,1,,,2,,2,3,2,1,2,3,3,1,,2,2,1,2,1,2,1,1,1,1,1
417703,2,40,6,3,3,5,2,1,1,2,,1,2,2,,,4,1,2,2,1,1,1,1,2,1,1,1,1,1,1,,2,2,1,,1,,1,1,1,2,1,2,30,1,2,2,1,2,2,2,3,,,,,,,,,,,,,,2,1,1,15,1,0,0,0,1,0,0,0,0,2,4,60,2,1,2,10,1,2,10,2,,4,4,1,1,2,3,3,1,,2,2,2,,2,,1,1,1,1,1
417804,1,33,8,5,1,3,1,1,1,1,1,2,2,1,1,2,3,1,1,2,1,1,1,1,1,1,1,1,2,1,2,1,2,2,2,2,2,2,2,1,1,2,1,2,60,1,1,1,2,2,2,2,4,,,,,,,,,,,,,,,,,,,,,,,,,,,,,,,,,,,2,15,1,3,4,3,2,1,3,3,3,3,,1,2,1,2,2,,1,1,1,1,1
417901,1,46,3,3,2,4,0,1,2,2,,2,2,2,,,3,1,2,2,1,1,1,1,1,1,1,1,2,1,1,,2,2,1,,2,2,1,1,2,2,1,3,20,1,1,1,1,1,1,2,2,,,,,,,,,,,,,,2,1,1,5,2,1,0,0,0,0,0,0,0,3,,,,,2,15,1,1,25,1,8,2,3,2,1,1,3,3,1,,1,1,1,1,1,1,1,1,1,1,1
418002,1,13,2,6,3,5,1,1,1,2,,1,2,1,1,2,3,1,2,2,1,1,1,1,2,1,1,1,2,1,1,,2,2,2,2,2,2,2,1,7,2,1,4,60,1,2,2,1,2,1,2,2,,,,,,,,,,,,,,,,,,,,,,,,,,,,,,,,,,,1,420,2,,3,3,2,1,1,3,3,1,,2,1,1,3,1,1,1,1,1,1,1
418103,2,23,8,4,2,3,1,1,1,1,1,1,2,1,1,2,3,1,2,2,2,1,1,1,2,1,1,2,2,1,1,,2,2,2,2,1,,1,1,6,1,2,2,180,1,1,1,2,1,2,2,2,,,,,,,,,,,,,,,,,,,,,,,,,,,,2,180,1,2,2,60,2,1,180,1,7,4,4,2,1,2,3,3,1,,2,2,2,,1,1,1,2,1,2,2
418204,1,19,6,3,2,3,0,1,1,2,,2,2,1,1,2,8,1,2,2,1,1,1,1,1,1,1,1,2,1,2,1,2,1,2,2,1,,2,1,2,1,1,2,20,1,2,2,2,1,2,2,1,1,2,15,1,1,1,2,2,2,2,2,1,2,,,,,,,,,,,,,,,1,180,1,2,,,,1,60,2,,4,3,2,1,1,3,3,3,,2,2,2,,2,,1,1,2,2,1
418301,2,48,2,6,1,3,1,1,1,2,,2,2,2,,,2,1,2,2,1,1,1,2,2,1,3,1,1,2,2,2,2,2,2,2,2,2,2,2,,,,,,,,,,,,,,,,,,,,,,,,,,,,,,,,,,,,,,,,,,,,,,,,,,,,,,,,,,,,3,2,2,2,,1,1,1,1,1,1,1
418402,2,58,6,2,2,4,2,1,1,1,1,1,2,1,1,2,3,1,2,2,1,1,1,2,1,1,1,1,1,1,1,,1,,2,2,2,2,2,1,1,1,1,1,20,1,2,2,1,2,2,2,3,1,4,30,1,2,2,2,1,1,2,2,2,2,,,,,,,,,,,,,,,,,,,,,,2,30,2,,3,4,2,2,1,3,3,1,,1,1,1,2,1,1,1,1,1,1,1
418503,2,35,3,3,2,4,1,1,1,2,,2,2,1,1,2,1,1,2,2,2,1,1,1,1,1,1,1,2,1,1,,2,1,2,2,2,1,1,2,3,2,1,2,30,2,2,2,1,2,2,2,2,1,2,5,1,2,2,2,2,2,1,2,2,2,,,,,,,,,,,,,,,4,5,1,2,3,15,1,,,2,,3,3,2,1,2,3,3,1,,2,1,1,1,1,2,1,2,1,2,1
418604,2,27,6,3,1,3,1,1,1,2,,2,2,2,,,3,1,2,2,1,1,1,1,2,1,1,1,2,2,2,2,2,2,2,2,2,2,1,1,,,,,,,,,,,,,,,,,,,,,,,,,,,,,,,,,,,,,,,,,,,,,2,60,1,1,60,2,,4,3,2,1,2,3,3,1,,1,1,1,2,1,1,1,1,1,1,1
418701,1,73,3,3,1,2,1,1,2,2,,2,2,2,,,2,1,1,2,2,2,1,2,2,1,1,1,1,1,1,,2,2,1,,2,2,2,1,1,2,1,2,40,1,2,2,1,2,2,2,3,,,,,,,,,,,,,,2,1,3,30,1,0,0,0,0,0,0,1,0,3,,,,,,,,1,20,2,,1,3,2,1,2,3,3,1,,2,1,1,1,1,1,1,2,1,1,2
418802,2,65,2,6,1,2,1,1,1,2,,2,2,2,,,1,1,2,2,2,1,3,3,2,2,1,1,1,2,1,,2,2,2,2,2,2,2,2,1,2,1,2,60,1,2,2,1,2,2,2,3,,,,,,,,,,,,,,,,,,,,,,,,,,,,,,,,,,,,,2,,2,2,2,1,2,3,1,1,,2,2,2,,2,,1,2,1,1,2
418903,2,80,2,2,2,4,1,1,1,2,,2,2,2,,,2,1,2,2,3,1,3,3,3,3,1,1,2,2,2,2,2,2,2,2,2,2,2,2,,,,,,,,,,,,,,,,,,,,,,,,,,,,,,,,,,,,,,,,,,,,,,,,,,,,,,,,,,,,6,2,2,1,1,1,1,1,1,1,2,2
419004,2,54,3,3,2,3,1,1,1,2,,2,2,2,,,3,1,2,2,2,1,1,1,1,1,1,1,1,2,2,2,2,2,2,2,2,2,2,1,,,,,,,,,,,,,,,,,,,,,,,,,,,,,,,,,,,,,,,,,,,,,,,,2,3,,,,,,,,,,,4,2,2,2,,1,1,1,1,1,1,2
419101,2,29,7,1,2,3,1,1,1,2,,2,2,1,1,2,5,1,2,2,1,1,1,1,1,1,1,1,2,2,2,1,1,,2,2,2,2,2,1,1,2,1,2,60,2,2,1,2,2,2,2,2,1,4,30,1,2,2,2,2,2,2,2,1,2,,,,,,,,,,,,,,,,,,,,,,1,180,2,,4,3,2,2,2,3,3,1,,2,1,1,3,2,,1,1,1,1,1
419202,2,36,10,2,2,2,1,1,1,1,1,2,2,1,1,2,3,1,2,2,1,1,1,1,1,1,1,1,2,1,1,,2,2,2,2,2,2,2,1,1,2,1,2,30,1,2,2,1,2,2,2,3,,,,,,,,,,,,,,,,,,,,,,,,,,,,,,,,,,,1,60,2,,2,4,2,2,3,3,3,1,,2,2,2,,1,1,1,9,1,2,1
419303,1,55,6,3,2,3,1,1,1,2,,2,2,1,1,2,1,1,1,2,3,1,1,1,1,1,1,1,1,1,1,,2,2,2,2,1,,2,1,2,1,2,2,30,1,2,2,2,2,1,2,4,,,,,,,,,,,,,,,,,,,,,,,,,,,,2,15,1,2,,,,2,5,1,6,2,4,2,1,3,3,3,1,,1,1,1,2,1,1,1,1,1,1,1
419404,2,38,8,5,2,3,1,1,1,1,1,1,1,1,1,2,5,1,2,2,2,1,1,1,1,1,1,1,2,2,2,1,2,1,2,1,2,2,1,1,1,1,2,5,10,1,1,2,1,1,1,2,1,2,5,10,1,2,2,1,2,2,2,2,2,2,1,2,1,10,1,0,0,0,0,0,0,1,0,1,,,,,2,10,1,1,5,2,,3,3,2,1,2,3,3,1,,2,2,2,,1,1,1,1,1,1,1
419501,2,24,8,5,3,4,2,1,1,2,,1,2,1,1,1,4,1,2,2,1,1,1,1,1,1,1,1,2,1,1,,2,2,2,2,2,2,1,1,2,2,1,2,30,2,1,1,2,2,2,2,2,,,,,,,,,,,,,,,,,,,,,,,,,,,,,,,,5,20,1,1,60,2,,2,3,2,1,1,3,3,1,,2,1,1,1,1,2,1,2,1,1,1
419602,1,30,6,3,1,2,1,1,1,1,1,2,2,2,,,3,1,2,2,1,1,1,2,2,1,1,1,2,2,2,1,2,1,2,2,1,,2,1,2,1,2,3,30,2,1,1,1,2,2,2,1,1,4,15,1,2,2,1,2,2,2,2,2,2,,,,,,,,,,,,,,,2,30,1,2,,,,1,180,1,3,2,2,1,1,1,3,3,3,,2,2,2,,2,,1,2,1,2,2
419703,1,12,2,4,1,2,1,1,1,2,,1,2,1,1,1,5,1,2,2,1,1,1,1,2,1,2,1,2,2,2,1,2,2,2,2,2,2,2,2,10,2,1,2,90,1,2,1,2,2,2,2,3,,,,,,,,,,,,,,,,,,,,,,,,,,,,,,,,,,,,,2,,2,3,2,2,3,3,3,3,,2,2,2,,2,,1,1,2,1,2
419901,2,30,3,3,2,3,1,1,1,1,1,2,2,1,1,2,3,1,2,2,1,1,1,1,2,1,1,1,2,1,2,2,2,2,2,2,2,2,1,1,,,,,,,,,,,,,,,,,,,,,,,,,,,,,,,,,,,,,,,,,,,,,1,120,1,1,300,2,,2,2,1,1,2,3,3,3,,1,1,1,3,1,1,1,1,1,1,2
420002,2,53,2,2,2,3,1,1,2,2,,2,2,2,,,2,1,2,2,3,1,2,3,1,1,1,2,1,2,2,1,2,2,2,2,2,2,1,1,1,2,1,2,30,2,2,2,1,2,2,2,2,,,,,,,,,,,,,,,,,,,,,,,,,,,,,,,,2,20,2,1,60,2,,1,1,2,1,1,3,1,1,,2,2,2,,2,,1,2,1,1,2
420301,2,58,6,3,2,3,1,1,2,2,,2,2,2,,,2,1,2,2,1,1,3,1,1,1,1,1,2,1,1,,2,2,2,2,2,2,2,1,1,2,1,1,60,1,2,2,1,2,2,2,2,,,,,,,,,,,,,,,,,,,,,,,,,,,,,,,,,,,1,5,2,,2,2,2,2,2,3,3,1,,2,2,2,,2,,1,2,2,1,1
420402,2,67,2,3,2,3,1,1,1,2,,2,2,1,1,2,2,1,2,2,2,1,1,2,2,1,1,1,2,1,2,2,2,2,2,2,2,2,2,2,,,,,,,,,,,,,,,,,,,,,,,,,,,,,,,,,,,,,,,,,,,,,,,,,,,,,,,,,,,,2,2,1,2,,2,,1,2,2,2,2
420503,1,45,6,3,1,3,1,1,1,1,2,1,2,1,1,2,1,1,1,2,2,1,1,1,1,1,1,1,2,1,1,,2,2,2,1,2,2,1,1,1,1,2,2,120,2,1,2,2,2,2,2,3,,,,,,,,,,,,,,1,2,5,30,1,0,0,0,0,0,1,0,0,1,,,,,1,5,1,1,10,2,,2,4,2,2,2,3,3,1,,2,2,2,,1,1,1,1,1,1,1
420604,2,22,6,3,2,3,1,1,1,2,,2,2,1,1,1,2,1,2,2,2,1,1,1,1,1,1,1,2,1,2,2,2,2,2,2,2,2,1,1,,,,,,,,,,,,,,,,,,,,,,,,,,,,,,,,,,,,,,,,,,,,,1,120,1,1,120,1,1,2,3,2,1,2,3,3,1,,1,2,1,2,1,1,1,1,1,1,1
420701,2,17,6,3,3,3,1,1,1,1,2,1,2,1,1,1,4,1,2,2,1,1,1,1,2,1,1,1,2,1,2,2,1,,2,2,1,,1,1,,,,,,,,,,,,,,3,2,60,2,2,2,2,1,2,1,1,2,2,,,,,,,,,,,,,,,5,120,1,2,5,60,1,1,240,2,,2,3,2,1,3,3,3,1,,2,1,1,2,1,1,1,1,1,1,2
420802,2,65,7,2,2,5,1,1,1,2,,2,2,1,1,2,1,1,2,2,2,1,1,3,1,1,1,1,2,1,2,2,1,,2,2,2,2,2,1,,,,,,,,,,,,,,1,2,30,1,2,2,2,2,2,2,2,1,2,,,,,,,,,,,,,,,,,,,,,,1,30,2,,1,3,2,2,3,3,1,1,,2,1,1,2,2,,1,1,1,1,1
421004,1,33,3,3,2,4,1,1,1,1,1,1,2,1,1,1,3,1,2,2,1,1,1,1,1,1,1,1,2,2,2,2,2,2,2,2,2,2,2,2,,,,,,,,,,,,,,,,,,,,,,,,,,,,,,,,,,,,,,,,,,,,,,,,,,,,,,,,,,,,3,2,2,1,2,1,1,1,1,1,9,1
421101,1,76,8,5,2,4,1,1,1,1,1,2,2,1,1,2,1,1,2,2,1,1,1,1,1,2,1,1,2,1,1,,1,,1,,2,2,2,2,4,2,1,2,40,1,2,2,2,2,1,2,3,10,1,120,1,2,2,2,2,2,2,1,2,2,2,1,6,120,1,1,0,0,0,0,0,0,0,3,,,,,,,,,,1,3,2,4,1,2,3,3,3,1,,2,2,2,,1,1,1,2,1,1,2
421202,1,63,6,3,2,4,1,1,1,1,1,2,2,1,1,2,3,1,2,2,1,1,1,1,1,1,1,1,2,1,2,2,1,,2,2,2,2,1,1,,,,,,,,,,,,,,15,2,60,1,2,2,2,1,2,2,2,2,2,,,,,,,,,,,,,,,,,,,1,15,1,1,5,2,,4,4,2,1,2,3,3,1,,2,1,1,2,1,1,1,1,1,1,1
421303,2,54,6,3,1,3,1,1,1,2,,1,2,1,1,2,1,1,2,2,1,1,1,1,1,1,1,1,2,1,1,,2,2,2,2,1,,1,1,3,2,1,1,60,1,2,2,1,2,2,2,2,,,,,,,,,,,,,,,,,,,,,,,,,,,,3,30,1,2,1,30,1,1,240,2,,2,3,2,2,1,3,3,1,,1,1,2,,1,2,1,2,1,1,1
421404,2,51,8,5,3,6,2,1,1,1,1,1,2,1,1,1,3,1,2,2,1,1,1,1,1,1,1,1,2,2,2,1,2,2,2,2,2,2,1,1,2,2,1,2,30,1,2,1,2,2,2,2,3,,,,,,,,,,,,,,,,,,,,,,,,,,,,,,,,1,15,1,1,60,2,,3,4,2,1,2,3,3,1,,2,1,1,1,1,5,1,2,1,1,1
421501,1,24,8,4,3,4,1,1,1,2,,2,2,1,1,2,6,1,2,2,1,1,1,1,1,1,1,1,2,1,2,1,2,2,2,2,1,,1,1,1,1,2,5,300,1,1,2,1,1,1,2,2,,,,,,,,,,,,,,,,,,,,,,,,,,,,2,240,1,2,2,30,1,1,180,1,6,2,2,2,1,3,3,3,1,,2,1,1,3,1,1,1,1,1,1,2
421602,1,25,6,3,3,5,3,1,1,1,2,2,2,1,1,1,6,1,2,2,1,1,1,1,1,1,1,1,2,2,2,1,2,2,2,2,1,,1,1,1,2,1,2,90,1,2,2,1,2,2,2,2,,,,,,,,,,,,,,,,,,,,,,,,,,,,4,30,2,1,2,30,1,1,15,2,,2,3,2,2,1,3,3,1,,2,1,1,3,1,1,1,1,1,1,1
421703,1,58,3,3,2,4,1,1,1,2,,2,2,2,,,2,1,2,2,2,1,1,1,2,1,1,1,2,2,2,2,2,2,2,2,2,2,2,1,,,,,,,,,,,,,,,,,,,,,,,,,,,,,,,,,,,,,,,,,,,,,,,,1,20,,,,,,,,,,,4,2,1,2,,2,,1,2,2,2,1
422002,1,25,8,5,1,2,1,1,1,2,,1,1,1,1,1,3,1,2,2,1,1,1,1,1,1,1,1,1,2,2,2,2,2,2,2,1,,1,1,,,,,,,,,,,,,,,,,,,,,,,,,,,,,,,,,,,,,,,,,5,60,1,2,1,60,1,1,40,1,3,4,4,2,1,1,3,3,3,,1,1,1,2,1,5,1,1,1,1,1
422103,1,83,3,2,3,5,1,1,1,2,,2,2,1,1,2,3,1,2,2,2,2,1,1,1,1,1,1,1,1,1,,2,2,2,2,2,2,2,1,5,2,1,1,120,2,2,1,1,2,1,2,3,,,,,,,,,,,,,,,,,,,,,,,,,,,,,,,,,,,1,60,2,,2,3,2,2,2,3,1,1,,2,2,2,,2,,1,2,1,1,1
422204,2,23,8,5,2,4,1,1,1,2,,1,2,1,1,2,4,1,2,2,1,1,1,1,1,1,1,1,2,2,2,1,1,,1,,2,2,1,1,3,1,2,2,30,1,1,1,1,2,1,2,2,3,2,15,1,2,1,1,1,2,2,2,2,2,1,2,2,20,1,1,0,0,0,0,0,0,0,1,,,,,1,40,1,1,180,2,,4,3,2,1,2,3,1,1,,1,1,1,2,1,1,1,2,1,1,1
422301,1,47,10,2,2,3,1,1,1,1,2,1,1,1,1,2,4,1,2,2,2,2,1,1,2,1,1,1,2,1,1,,2,1,1,,2,2,1,1,6,1,1,2,180,2,1,1,1,2,1,2,1,10,2,180,1,2,1,1,2,2,1,1,2,2,2,1,1,20,1,0,1,0,0,0,0,0,0,3,,,,,1,60,2,1,120,1,6,3,3,2,1,2,3,3,1,,1,1,1,2,1,1,1,1,1,1,1
422402,1,45,3,3,2,3,0,1,1,2,,2,2,2,,,4,1,2,2,1,1,1,2,1,1,1,1,2,1,1,,2,2,2,2,2,2,2,1,1,1,2,2,60,1,2,2,1,2,2,2,1,,,,,,,,,,,,,,,,,,,,,,,,,,,,,,,,,,,2,30,2,,2,3,2,2,2,3,3,3,,2,2,2,,2,,1,2,1,2,2
422503,2,12,3,1,4,6,1,1,1,1,1,1,2,1,1,2,6,1,2,2,1,1,1,1,1,1,1,1,2,1,1,,2,2,2,2,1,,1,1,3,2,1,2,60,1,2,2,2,2,1,2,3,,,,,,,,,,,,,,,,,,,,,,,,,,,,3,30,2,1,1,180,1,1,180,2,,3,2,2,1,1,3,3,1,,2,2,1,2,2,,1,1,1,1,1
422604,2,62,6,3,3,4,2,1,1,1,2,2,2,1,1,1,2,1,2,2,2,1,1,1,1,1,1,1,2,2,2,1,2,2,2,2,2,2,1,1,6,2,1,2,30,2,2,1,2,2,2,2,2,,,,,,,,,,,,,,,,,,,,,,,,,,,,,,,,1,180,1,1,180,2,,2,3,2,1,3,3,3,1,,2,2,2,,2,,1,1,1,1,2
422701,1,35,0,,3,4,1,1,1,1,2,2,2,1,1,2,5,1,2,2,1,1,1,1,1,1,1,1,1,,,,,,,,,,,,,,,,,,,,,,,,,,,,,,,,,,,,,,,,,,,,,,,,,,,,,,,,,,,,,,,,,,,,,,,,,,,,,,,,,,
422802,1,61,2,2,1,2,1,1,1,2,,2,2,2,,,7,1,2,2,1,1,1,1,1,1,1,1,2,1,2,2,2,2,2,2,2,2,2,2,,,,,,,,,,,,,,,,,,,,,,,,,,,,,,,,,,,,,,,,,,,,,,,,,,,,,,,,,,,,3,1,1,1,2,2,,1,2,2,1,1
422903,2,49,6,3,1,3,1,1,1,1,1,2,2,1,1,2,2,1,2,2,1,1,1,1,2,1,1,1,2,1,1,,2,2,2,2,1,,1,1,1,2,1,1,30,1,2,2,1,2,2,2,3,,,,,,,,,,,,,,,,,,,,,,,,,,,,5,15,1,2,2,15,1,1,10,2,,3,3,2,1,1,3,3,1,,2,1,2,,2,,1,2,2,2,2
423004,1,13,2,6,2,3,1,1,1,1,1,2,2,2,,,3,1,2,2,1,1,1,1,1,1,1,1,2,1,1,,1,,2,2,1,,1,1,25,2,1,1,20,1,1,2,2,1,1,2,2,10,2,15,1,1,2,2,2,2,2,2,2,2,,,,,,,,,,,,,,,1,20,2,1,2,15,1,2,5,1,7,2,2,1,1,2,3,3,1,,1,1,2,,1,1,1,1,1,1,1
423101,2,25,8,4,2,5,1,1,1,2,,2,2,1,1,2,2,1,2,2,1,2,1,1,1,1,1,1,2,1,1,,2,1,1,,2,2,1,1,4,2,1,1,60,1,2,1,1,1,2,2,2,4,1,60,2,2,2,2,1,2,1,2,2,2,1,2,1,10,1,0,0,0,0,1,0,0,0,3,,,,,1,5,1,1,240,1,3,4,4,1,1,1,3,3,1,,2,2,2,,1,1,1,1,1,2,1
423202,2,63,1,3,2,5,3,1,2,2,,2,2,1,1,2,2,1,2,2,2,1,1,2,1,1,1,1,2,,,,,,,,,,,,,,,,,,,,,,,,,,,,,,,,,,,,,,,,,,,,,,,,,,,,,,,,,,,,,,,,,,,,,,,,,,,,,,,,,,
423303,1,56,2,6,2,4,2,1,1,1,3,1,2,1,1,1,5,1,2,2,1,1,1,1,1,1,1,1,2,2,2,2,2,2,2,2,2,2,1,1,,,,,,,,,,,,,,,,,,,,,,,,,,,,,,,,,,,,,,,,,,,,,3,30,2,1,60,2,,2,2,2,1,3,3,2,1,,2,1,1,2,2,,1,2,1,1,2
423501,1,32,2,6,1,2,1,1,2,2,,2,2,2,,,1,1,2,2,1,1,1,1,1,1,1,1,2,2,2,2,2,2,2,2,2,2,2,2,,,,,,,,,,,,,,,,,,,,,,,,,,,,,,,,,,,,,,,,,,,,,,,,,,,,,,,,,,,,3,2,2,1,1,2,,1,1,1,1,1
423602,2,63,3,2,1,3,1,1,1,2,,2,2,2,,,1,1,2,2,1,1,2,2,1,1,1,1,1,1,1,,2,2,2,2,2,2,2,1,10,2,1,1,60,1,2,2,1,2,1,2,2,,,,,,,,,,,,,,,,,,,,,,,,,,,,,,,,,,,2,30,2,,1,3,1,2,3,3,3,1,,2,2,2,,2,,1,1,1,1,1
423703,1,63,8,4,3,4,2,1,1,1,2,1,1,1,1,1,3,1,2,2,1,1,1,1,1,1,1,1,2,1,2,1,1,,2,2,2,2,2,1,2,1,1,2,60,2,1,2,2,2,2,2,1,1,2,60,1,2,2,2,2,2,1,2,2,2,,,,,,,,,,,,,,,,,,,,,,1,60,2,,2,3,2,1,2,3,3,1,,2,1,1,2,1,2,1,1,1,1,1
423901,2,32,6,3,3,4,1,1,1,2,,2,2,1,1,2,4,1,2,2,1,1,1,1,2,1,1,1,1,1,1,,1,,2,2,1,,1,1,2,1,2,2,120,1,2,2,2,1,2,2,1,2,2,30,1,2,2,2,2,2,2,2,1,2,,,,,,,,,,,,,,,1,60,1,2,2,30,1,1,120,2,,2,3,2,1,3,3,3,3,,2,1,1,2,1,2,1,2,1,1,1
424002,1,62,2,6,1,3,1,2,2,2,,2,2,2,,,2,1,2,2,2,2,2,3,1,1,1,1,1,1,2,2,2,2,2,2,2,2,2,2,,,,,,,,,,,,,,,,,,,,,,,,,,,,,,,,,,,,,,,,,,,,,,,,,,,,,,,,,,,,9,1,1,1,1,1,1,1,1,1,1,1
424103,1,12,2,6,2,4,1,1,1,1,1,2,1,1,1,1,5,1,2,2,1,3,1,1,2,1,1,3,1,2,2,1,2,2,2,2,2,2,1,1,8,1,2,2,30,1,2,2,2,2,1,2,1,,,,,,,,,,,,,,,,,,,,,,,,,,,,,,,,1,120,1,1,120,2,,2,3,2,1,2,3,3,3,,2,1,2,,1,1,1,2,1,1,1
424204,2,51,3,3,2,4,2,1,1,1,2,2,2,1,1,2,6,1,2,2,3,1,1,1,1,1,1,1,1,2,2,1,2,2,2,2,2,2,2,1,2,2,1,2,60,1,2,2,1,2,2,2,3,,,,,,,,,,,,,,,,,,,,,,,,,,,,,,,,,,,2,60,2,,1,2,2,1,3,3,1,1,,1,2,2,,1,1,1,1,1,1,1
424402,1,25,6,3,1,2,1,1,1,1,2,1,1,1,1,1,4,1,2,2,2,1,1,2,1,1,1,1,2,2,2,1,2,2,2,2,2,1,2,1,1,2,1,3,15,2,1,2,2,2,2,2,2,,,,,,,,,,,,,,,,,,,,,,,,,,,,3,15,1,2,,,,1,120,2,,2,2,1,1,1,3,3,1,,2,2,2,,2,,1,1,1,1,1
424503,1,53,2,6,3,5,1,1,1,1,1,2,1,1,1,1,6,1,2,2,2,1,1,1,1,1,1,1,2,2,2,2,2,2,1,,2,2,2,1,,,,,,,,,,,,,,,,,,,,,,,,,,,2,1,1,60,1,1,1,0,0,0,0,0,0,2,,,,,,,,1,60,2,,2,3,2,2,2,3,3,1,,2,2,2,,2,,1,2,1,1,2
424701,2,62,2,2,2,3,1,1,1,2,,2,2,2,,,2,1,2,2,3,2,2,3,1,2,1,1,2,,,,,,,,,,,,,,,,,,,,,,,,,,,,,,,,,,,,,,,,,,,,,,,,,,,,,,,,,,,,,,,,,,,,,,,,,,,,,,,,,,
424802,1,43,2,5,2,3,1,1,2,2,,2,2,2,,,3,1,2,2,1,1,1,1,1,1,1,1,2,2,2,2,2,2,2,2,2,2,2,1,,,,,,,,,,,,,,,,,,,,,,,,,,,,,,,,,,,,,,,,,,,,,,,,1,20,,,,,,,,,,,1,2,1,2,,2,,1,2,1,2,2
424903,2,60,3,3,2,2,1,1,1,2,,2,2,1,1,2,2,1,2,2,1,1,2,2,2,1,1,1,2,2,2,2,2,2,2,2,2,2,2,1,,,,,,,,,,,,,,,,,,,,,,,,,,,,,,,,,,,,,,,,,,,,,,,,1,30,,,,,,,,,,,2,2,1,2,,2,,1,2,1,2,2
425004,2,64,5,3,2,4,1,1,2,1,1,2,2,1,1,1,3,1,2,2,1,1,1,1,1,1,1,1,2,2,1,,2,2,2,2,2,2,2,2,2,2,1,1,60,2,2,2,1,2,2,2,2,,,,,,,,,,,,,,,,,,,,,,,,,,,,,,,,,,,,,2,,1,4,2,2,2,3,3,1,,2,2,2,,2,,1,2,2,2,2
425101,1,70,2,6,2,4,2,1,1,1,1,2,2,1,1,2,1,1,2,2,3,3,1,1,1,1,1,1,2,2,2,2,2,2,2,2,2,2,2,1,,,,,,,,,,,,,,,,,,,,,,,,,,,,,,,,,,,,,,,,,,,,,,,,1,60,,,,,,,,,,,6,2,2,1,1,1,1,1,2,1,2,2
425202,2,45,6,2,2,5,1,1,1,1,2,2,2,1,1,2,3,1,2,2,2,1,1,1,2,1,1,1,1,1,2,2,2,2,2,2,2,2,2,1,,,,,,,,,,,,,,,,,,,,,,,,,,,,,,,,,,,,,,,,,,,,,,,,1,120,,,,,,,,,,,2,2,1,2,,1,1,1,2,1,1,1
425404,2,76,0,,2,4,1,1,1,2,,2,2,1,1,2,1,1,2,2,1,1,1,2,2,1,1,1,2,,,,,,,,,,,,,,,,,,,,,,,,,,,,,,,,,,,,,,,,,,,,,,,,,,,,,,,,,,,,,,,,,,,,,,,,,,,,,,,,,,
425501,2,69,2,6,2,3,1,1,2,2,,2,2,2,,,1,1,2,2,1,1,1,1,1,1,1,1,2,2,1,,2,2,2,2,2,2,2,2,5,2,1,2,10,1,2,1,2,2,2,2,4,,,,,,,,,,,,,,,,,,,,,,,,,,,,,,,,,,,,,2,,4,4,1,2,3,3,3,1,,1,1,1,2,2,,1,1,1,1,1
425703,2,57,2,1,1,2,2,1,1,1,1,2,2,2,,,2,1,2,2,1,1,1,2,1,1,1,1,1,,,,,,,,,,,,,,,,,,,,,,,,,,,,,,,,,,,,,,,,,,,,,,,,,,,,,,,,,,,,,,,,,,,,,,,,,,,,,,,,,,
425804,1,82,3,3,1,2,1,2,2,2,,2,2,2,,,1,1,2,2,1,1,1,1,1,1,1,1,2,1,1,,2,2,1,,2,2,2,2,5,1,2,2,180,1,2,1,2,1,1,2,3,,,,,,,,,,,,,,2,1,1,20,1,0,1,0,0,0,0,0,0,3,,,,,,,,,,2,,2,4,1,2,2,3,3,1,,1,1,1,2,2,,1,2,1,2,2
426002,1,44,8,4,3,4,2,1,1,1,1,1,2,1,1,2,3,1,2,2,1,1,1,1,1,1,1,1,2,2,2,1,2,2,2,2,2,2,1,1,3,1,1,3,40,1,2,1,1,2,2,2,3,,,,,,,,,,,,,,,,,,,,,,,,,,,,,,,,2,60,1,1,300,2,,2,2,2,1,1,3,1,1,,2,2,2,,2,,1,2,2,2,2
426103,2,86,2,3,1,1,1,2,2,2,,2,2,2,,,1,1,2,2,3,1,3,3,2,2,1,3,2,1,2,2,1,,2,2,2,2,2,2,,,,,,,,,,,,,,3,1,60,2,2,2,2,2,1,2,2,2,2,,,,,,,,,,,,,,,,,,,,,,,,2,,2,3,2,2,3,3,1,1,,2,2,2,,2,,1,2,2,2,2
426204,1,14,3,2,2,4,1,1,1,2,,2,2,1,1,2,4,1,2,2,4,1,1,1,2,1,1,1,2,1,2,2,2,2,2,2,1,,2,1,,,,,,,,,,,,,,,,,,,,,,,,,,,,,,,,,,,,,,,,,3,60,1,2,,,,1,10,2,,3,2,2,1,2,3,1,3,,2,2,1,3,1,1,1,2,1,2,2
426301,1,34,8,4,2,3,1,1,1,1,1,2,2,1,1,1,5,1,2,2,1,1,1,1,1,1,1,1,2,1,1,,2,1,2,1,2,2,2,1,3,2,1,2,60,1,2,2,1,1,2,2,3,10,3,10,1,1,2,2,1,2,2,2,2,2,1,2,1,10,1,0,0,1,0,0,0,0,0,1,,,,,,,,1,60,2,,4,4,2,2,3,3,3,3,,1,1,1,1,1,2,1,1,1,1,1
426402,2,29,6,2,2,4,2,1,1,2,,1,2,1,1,1,3,1,2,2,2,1,1,1,1,1,1,1,2,2,2,1,2,2,2,2,2,2,2,1,3,2,1,5,30,1,1,2,2,2,2,2,2,,,,,,,,,,,,,,,,,,,,,,,,,,,,,,,,,,,1,180,1,5,1,1,2,1,2,3,2,1,,2,2,2,,1,1,1,1,1,1,2
426503,2,29,8,4,3,5,1,1,1,1,2,1,1,1,1,1,3,1,2,2,1,1,1,1,1,1,1,1,2,2,2,1,2,2,1,,2,2,2,1,1,2,1,2,40,1,2,2,1,2,2,2,3,,,,,,,,,,,,,,1,2,1,15,1,0,0,0,0,0,0,1,0,1,,,,,,,,1,120,2,,4,3,2,1,1,3,3,1,,2,2,1,1,2,,1,1,1,1,1
426604,2,22,3,3,1,3,1,1,1,1,1,2,2,1,2,2,3,1,2,2,1,1,1,1,1,1,1,1,2,1,1,,2,2,2,2,2,2,2,1,2,2,1,2,60,1,2,2,2,1,2,2,3,,,,,,,,,,,,,,,,,,,,,,,,,,,,,,,,,,,1,20,2,,2,2,2,2,2,3,3,3,,2,1,1,2,1,1,1,1,1,1,2
426701,1,14,3,1,2,3,1,1,1,1,2,2,2,1,1,1,3,1,2,2,1,1,1,1,2,1,1,1,2,2,2,2,2,2,2,2,2,2,2,1,,,,,,,,,,,,,,,,,,,,,,,,,,,,,,,,,,,,,,,,,,,,,,,,1,300,,,,,,,,,,,2,2,2,2,,1,1,1,2,1,1,1
426802,1,24,8,2,1,3,1,1,1,1,1,2,1,1,1,1,1,1,2,2,1,1,1,1,1,1,1,1,2,1,1,,1,,2,1,1,,1,1,3,1,1,2,30,1,2,1,1,2,1,2,1,1,3,15,1,1,2,2,1,2,2,1,1,2,1,2,1,5,1,0,1,0,0,0,0,0,0,3,3,10,1,1,3,5,1,1,60,1,5,3,3,2,1,1,3,3,3,,1,1,1,2,1,3,1,1,1,1,1
426903,2,43,3,3,2,3,1,1,2,1,1,2,2,2,,,4,1,1,2,1,1,1,1,2,1,1,1,1,1,2,2,2,2,2,2,2,2,2,1,,,,,,,,,,,,,,,,,,,,,,,,,,,,,,,,,,,,,,,,,,,,,,,,1,10,,,,,,,,,,,3,1,1,1,2,2,,1,1,1,1,1
427004,2,60,2,6,2,3,1,1,1,1,1,2,2,1,1,2,4,1,2,2,1,1,1,1,1,1,1,1,2,1,1,,2,2,2,2,2,2,2,1,2,2,1,5,25,1,2,2,1,1,2,2,2,,,,,,,,,,,,,,,,,,,,,,,,,,,,,,,,,,,1,10,2,,2,2,2,2,2,3,3,3,,2,2,2,,2,,1,2,1,2,2
427101,1,49,3,1,3,6,1,1,1,1,2,1,2,1,1,2,6,2,2,2,2,1,1,1,1,1,2,1,2,2,2,1,2,2,2,1,2,2,1,1,1,1,2,3,120,2,1,1,2,2,2,2,1,,,,,,,,,,,,,,1,2,1,120,2,0,0,0,0,0,0,0,1,1,,,,,2,120,2,1,30,1,6,4,3,2,1,3,3,1,1,,2,1,1,2,1,1,1,1,1,2,1
427202,2,68,3,3,3,4,1,1,1,2,,2,2,2,,,2,1,2,2,3,3,2,2,2,1,1,1,2,1,1,,2,2,2,2,2,2,2,1,6,1,1,1,20,2,1,2,1,2,1,2,3,,,,,,,,,,,,,,,,,,,,,,,,,,,,,,,,,,,1,60,2,,3,4,2,1,1,3,3,1,,2,2,2,,2,,1,2,1,2,2
427303,1,28,2,6,1,2,1,1,2,1,1,2,2,1,1,1,1,1,2,2,1,1,1,1,1,1,1,1,2,2,2,2,2,2,2,2,2,2,2,1,,,,,,,,,,,,,,,,,,,,,,,,,,,,,,,,,,,,,,,,,,,,,,,,1,120,,,,,,,,,,,3,1,2,1,2,2,,1,9,1,1,1
427404,1,44,2,6,2,3,1,1,1,1,1,1,1,1,1,2,3,1,2,1,2,1,1,1,1,1,1,1,2,2,2,1,2,2,2,2,2,2,2,1,1,2,1,2,15,1,2,2,1,2,2,2,3,,,,,,,,,,,,,,,,,,,,,,,,,,,,,,,,,,,2,15,2,,2,3,2,1,2,3,3,1,,2,2,2,,2,,1,1,1,1,1
427501,1,53,3,2,2,3,1,1,1,1,2,1,2,1,1,2,5,1,2,2,3,1,2,2,1,1,1,1,2,1,2,1,2,2,1,,2,2,1,1,1,1,2,1,30,1,1,2,1,2,1,2,1,,,,,,,,,,,,,,1,2,1,30,1,0,1,0,0,1,0,1,0,3,,,,,2,30,1,1,30,1,3,3,4,2,1,1,3,1,1,,2,2,2,,1,1,1,1,1,1,2
427602,2,40,8,4,3,4,1,1,1,1,2,1,2,1,1,1,4,1,2,2,2,1,1,1,2,1,1,1,1,2,2,1,2,2,2,2,2,2,2,1,1,2,1,2,300,1,2,2,2,1,2,2,2,,,,,,,,,,,,,,,,,,,,,,,,,,,,,,,,,,,1,420,2,,3,3,2,1,3,3,3,1,,1,1,1,1,1,5,1,1,1,1,1
427804,2,52,7,3,2,3,1,1,1,1,1,2,2,1,1,2,2,1,2,2,2,1,2,2,2,2,1,3,2,2,2,2,2,2,2,2,2,2,1,1,,,,,,,,,,,,,,,,,,,,,,,,,,,,,,,,,,,,,,,,,,,,,2,30,2,2,30,2,,4,4,2,1,3,3,1,3,,1,1,1,1,2,,1,1,1,1,1
427901,1,28,6,1,2,3,1,1,1,1,3,1,2,1,1,1,4,1,2,2,2,1,1,1,2,1,1,1,2,1,1,,2,2,2,2,2,2,2,1,2,2,1,5,30,2,1,2,2,1,2,2,3,,,,,,,,,,,,,,,,,,,,,,,,,,,,,,,,,,,1,120,1,4,2,2,2,1,2,3,1,1,,1,2,2,,1,1,1,2,1,2,2
428002,2,34,3,2,2,3,2,1,1,1,1,1,2,1,1,2,5,1,2,2,1,1,1,1,1,1,1,1,2,2,2,2,2,2,2,2,2,1,2,1,,,,,,,,,,,,,,,,,,,,,,,,,,,,,,,,,,,,,,,,,2,30,1,2,,,,1,180,2,,3,3,2,1,2,3,3,1,,2,1,2,,2,,1,1,1,1,1
428103,2,56,3,3,2,3,1,1,1,1,1,1,2,1,1,1,2,1,2,2,2,1,1,1,2,1,1,1,2,1,1,,2,2,2,2,2,2,2,1,1,2,1,2,5,1,2,2,1,2,2,2,2,,,,,,,,,,,,,,,,,,,,,,,,,,,,,,,,,,,2,5,2,,2,1,2,1,2,3,3,1,,1,1,1,1,1,1,1,2,1,1,1
428204,1,18,2,6,1,1,0,2,2,2,,2,2,1,1,2,2,1,2,2,1,1,1,2,3,1,1,1,1,2,2,1,2,2,2,2,2,2,2,1,1,1,2,3,60,1,2,2,2,1,2,2,2,,,,,,,,,,,,,,,,,,,,,,,,,,,,,,,,,,,1,120,2,,1,3,2,1,1,3,1,1,,1,1,2,,1,2,1,1,1,1,1
428301,1,26,8,5,1,3,1,1,1,1,2,1,2,1,1,1,2,1,2,2,1,1,1,1,1,1,1,1,2,1,1,,1,,2,2,2,2,2,1,1,1,2,1,10,1,2,2,1,2,2,2,1,3,4,10,1,2,2,2,2,2,1,2,2,2,,,,,,,,,,,,,,,,,,,,,,1,180,2,,2,3,2,1,1,3,3,1,,2,1,2,,1,2,1,1,1,1,9
428402,2,19,3,2,1,2,1,1,1,2,,2,2,1,1,2,3,1,2,2,2,1,1,1,1,1,1,1,1,1,2,2,2,2,2,2,2,2,2,1,,,,,,,,,,,,,,,,,,,,,,,,,,,,,,,,,,,,,,,,,,,,,,,,1,180,,,,,,,,,,,4,2,1,2,,2,,1,1,1,1,1
428503,2,28,6,2,1,1,1,1,1,2,,2,2,2,,,4,1,2,2,2,3,4,3,1,1,1,1,2,2,2,1,2,1,2,1,2,2,1,1,1,2,1,2,30,1,2,2,1,1,2,2,3,1,2,30,1,2,2,2,1,2,2,2,2,2,1,2,1,30,1,0,0,0,1,0,0,0,0,1,,,,,5,30,1,1,120,1,5,2,4,1,1,3,3,3,1,,2,1,1,2,1,1,1,1,1,1,1
428604,2,53,7,3,2,4,1,1,1,1,2,2,2,1,1,1,4,1,2,2,1,1,1,1,1,1,1,1,2,2,2,2,2,2,2,2,2,2,2,1,,,,,,,,,,,,,,,,,,,,,,,,,,,,,,,,,,,,,,,,,,,,,,,,1,60,,,,,,,,,,,1,2,2,2,,2,,1,9,1,2,2
428701,1,20,6,2,3,5,1,1,1,2,,1,1,1,1,1,4,1,2,2,1,2,2,1,2,1,3,1,2,1,2,2,2,2,2,2,1,,1,1,,,,,,,,,,,,,,,,,,,,,,,,,,,,,,,,,,,,,,,,,3,120,1,2,2,60,1,1,10,2,,1,3,1,1,3,3,3,3,,2,2,2,,1,1,1,1,1,1,9
428802,2,49,3,3,2,3,1,1,1,2,,2,2,2,,,3,1,2,2,2,1,1,2,1,1,1,1,1,1,2,2,1,,2,2,2,2,2,1,,,,,,,,,,,,,,1,5,10,1,2,2,2,2,2,2,2,1,2,,,,,,,,,,,,,,,,,,,,,,1,180,1,6,2,4,1,2,1,3,3,1,,2,1,1,1,1,5,1,2,1,1,2
428903,1,20,8,1,2,5,2,1,1,2,,1,1,1,1,2,3,1,2,2,3,1,1,1,1,1,1,1,2,1,1,,1,,2,2,2,2,1,1,40,1,1,1,240,2,2,1,2,2,2,2,1,6,1,30,1,2,2,2,2,2,1,2,2,2,,,,,,,,,,,,,,,,,,,1,120,1,1,180,1,3,4,3,2,2,2,3,3,1,,2,1,2,,1,1,1,1,1,1,1
429004,2,41,3,3,2,3,1,1,1,2,,2,2,1,1,2,6,1,2,2,3,1,1,1,1,1,1,1,2,2,2,2,2,2,2,2,2,2,2,1,,,,,,,,,,,,,,,,,,,,,,,,,,,,,,,,,,,,,,,,,,,,,,,,1,120,,,,,,,,,,,4,2,1,1,1,1,1,1,1,1,1,1
429101,2,18,6,3,2,4,1,1,2,1,1,2,2,1,1,2,2,1,2,2,3,1,1,1,2,1,1,2,1,2,2,1,2,2,2,2,1,,1,1,1,1,2,5,30,1,2,1,1,2,2,2,3,,,,,,,,,,,,,,,,,,,,,,,,,,,,3,120,1,2,5,30,1,1,120,2,,2,4,2,2,3,3,1,1,,1,2,2,,1,1,1,1,1,1,1
429202,1,24,8,5,3,6,2,1,1,1,1,1,2,1,1,1,3,1,2,2,1,1,1,1,2,2,2,2,2,2,2,2,2,2,2,2,2,2,1,1,,,,,,,,,,,,,,,,,,,,,,,,,,,,,,,,,,,,,,,,,,,,,2,10,1,1,180,1,5,3,3,2,1,3,3,2,2,,2,2,2,,1,1,1,1,1,1,1
429303,2,57,2,6,1,2,1,1,1,2,,2,2,1,1,2,2,1,2,2,1,1,1,3,1,1,1,1,1,2,2,2,2,2,2,2,2,2,2,1,,,,,,,,,,,,,,,,,,,,,,,,,,,,,,,,,,,,,,,,,,,,,,,,1,60,,,,,,,,,,,3,2,2,2,,2,,1,2,1,1,2
429602,1,39,6,3,2,4,2,1,1,1,2,1,1,1,1,1,4,1,2,2,1,1,1,1,1,1,1,1,2,1,1,,2,2,2,2,2,2,1,1,3,1,1,2,20,1,2,2,1,1,2,2,1,,,,,,,,,,,,,,,,,,,,,,,,,,,,,,,,2,60,1,1,180,1,2,3,3,2,1,3,3,1,1,,2,2,2,,1,2,1,2,1,1,2
429703,1,57,6,3,2,3,1,1,1,2,,2,2,1,1,2,1,1,2,2,2,1,1,2,2,1,2,1,2,1,2,2,2,2,2,2,1,,1,1,,,,,,,,,,,,,,,,,,,,,,,,,,,,,,,,,,,,,,,,,3,30,1,1,2,120,1,1,18,1,3,2,3,2,1,1,3,3,2,,2,2,2,,2,,1,1,1,1,1
429804,2,42,6,3,1,2,1,1,1,1,1,1,2,1,1,1,1,1,2,2,1,1,1,1,1,1,1,1,2,2,2,2,2,2,2,2,2,2,2,1,,,,,,,,,,,,,,,,,,,,,,,,,,,,,,,,,,,,,,,,,,,,,,,,1,180,,,,,,,,,,,1,2,1,2,,1,2,1,2,2,2,2
430002,1,77,3,3,2,5,1,1,1,2,,2,2,2,,,2,1,2,2,1,1,2,1,1,1,1,2,2,1,2,2,2,2,1,,2,2,2,2,,,,,,,,,,,,,,,,,,,,,,,,,,,2,1,7,60,1,1,0,0,0,0,0,1,0,3,,,,,,,,,,2,,1,3,1,2,3,3,3,1,,1,1,1,1,1,1,1,1,1,1,1
430103,2,33,8,4,2,4,1,1,1,1,1,1,1,1,1,1,3,1,2,2,1,1,1,1,1,1,1,1,2,1,1,,1,,2,2,1,,1,1,2,1,2,3,30,1,2,2,2,1,2,2,1,1,2,20,1,2,2,2,2,2,2,2,1,2,,,,,,,,,,,,,,,2,30,1,1,2,30,1,1,60,2,,4,4,2,1,2,3,3,1,,2,2,2,,1,1,1,1,1,1,1
430204,1,84,3,3,2,6,2,1,1,1,1,1,2,1,1,2,2,1,2,2,1,1,1,3,1,1,1,1,2,2,2,2,2,2,2,2,2,2,2,2,,,,,,,,,,,,,,,,,,,,,,,,,,,,,,,,,,,,,,,,,,,,,,,,,,,,,,,,,,,,1,2,2,2,,2,,1,2,1,1,2
430301,2,65,0,,2,3,1,1,1,2,,2,2,1,1,2,5,1,2,2,2,2,2,2,2,1,1,2,2,,,,,,,,,,,,,,,,,,,,,,,,,,,,,,,,,,,,,,,,,,,,,,,,,,,,,,,,,,,,,,,,,,,,,,,,,,,,,,,,,,
430402,2,93,0,,2,4,2,1,2,1,1,2,2,1,1,2,3,1,2,2,3,1,3,3,1,3,1,1,2,,,,,,,,,,,,,,,,,,,,,,,,,,,,,,,,,,,,,,,,,,,,,,,,,,,,,,,,,,,,,,,,,,,,,,,,,,,,,,,,,,
430503,1,40,8,3,1,4,1,1,2,2,,2,2,2,,,1,1,2,2,1,1,1,1,2,1,1,1,2,2,2,2,2,2,2,2,2,2,2,2,,,,,,,,,,,,,,,,,,,,,,,,,,,,,,,,,,,,,,,,,,,,,,,,,,,,,,,,,,,,1,2,1,2,,2,,1,2,1,2,2
430604,1,15,6,1,3,4,1,1,1,1,2,1,1,1,1,1,4,1,2,2,1,2,1,1,1,1,1,1,2,1,1,,1,,2,1,1,,1,1,2,2,1,2,15,1,2,1,2,1,2,2,2,4,2,20,1,2,2,2,2,2,2,1,2,2,1,2,2,10,1,0,0,0,0,0,0,1,0,1,2,10,2,1,1,20,1,1,30,2,,2,2,2,1,2,3,3,1,,2,1,1,2,1,1,1,1,1,1,2
430701,1,52,3,1,3,4,1,1,1,2,,2,2,1,1,2,6,2,2,2,2,1,1,1,1,1,1,1,2,1,2,2,2,2,2,2,2,2,2,1,,,,,,,,,,,,,,,,,,,,,,,,,,,,,,,,,,,,,,,,,,,,,,,,1,180,,,,,,,,,,,3,2,1,1,1,1,1,1,2,1,1,1
430802,2,42,8,4,3,5,2,1,1,1,2,1,2,1,1,2,4,1,2,2,1,1,1,1,1,1,1,1,2,1,1,,2,2,1,,2,1,1,1,2,1,2,2,20,1,2,2,1,2,2,2,1,,,,,,,,,,,,,,1,2,1,20,1,0,0,0,1,0,0,0,0,1,2,20,1,2,3,20,1,1,120,2,,4,4,2,1,2,3,3,1,,1,1,1,1,1,2,1,1,1,1,1
430903,2,50,8,5,4,7,2,1,1,1,5,1,1,1,1,1,4,1,2,2,1,1,1,1,1,1,1,1,2,1,1,,2,1,1,,2,2,1,1,3,2,1,1,20,2,2,1,1,1,2,2,3,2,4,20,2,2,2,1,2,2,2,1,2,2,2,1,1,10,1,1,0,0,0,0,0,0,0,3,,,,,2,15,1,1,120,1,3,4,4,2,1,1,3,3,1,,1,1,1,2,1,2,1,1,1,1,1
431004,1,65,2,6,1,2,1,1,1,1,1,2,2,2,,,1,1,2,2,2,1,1,1,1,1,1,1,2,2,2,2,2,2,1,,2,2,2,2,,,,,,,,,,,,,,,,,,,,,,,,,,,2,1,1,10,1,1,1,0,0,1,0,0,0,2,,,,,,,,,,2,,2,4,2,2,3,3,3,1,,2,2,2,,2,,1,2,1,2,2
431101,1,45,2,2,2,3,0,1,1,2,,2,2,2,,,7,1,2,2,1,1,1,1,1,1,1,1,2,2,2,2,2,2,2,2,2,2,2,2,,,,,,,,,,,,,,,,,,,,,,,,,,,,,,,,,,,,,,,,,,,,,,,,,,,,,,,,,,,,1,2,2,2,,2,,1,2,2,2,2
431202,2,75,2,6,1,2,1,1,1,1,2,2,2,2,,,2,1,2,2,3,1,1,2,1,1,1,1,1,2,2,2,2,2,2,2,2,2,2,2,,,,,,,,,,,,,,,,,,,,,,,,,,,,,,,,,,,,,,,,,,,,,,,,,,,,,,,,,,,,6,2,1,1,2,2,,1,2,1,1,2
431303,1,40,3,3,2,3,0,1,1,1,1,2,2,1,1,2,4,1,2,2,1,1,1,1,1,1,1,1,2,2,2,2,2,2,2,2,2,2,2,1,,,,,,,,,,,,,,,,,,,,,,,,,,,,,,,,,,,,,,,,,,,,,,,,1,60,,,,,,,,,,,3,2,1,2,,1,1,1,1,1,1,1
431404,1,55,3,3,1,1,0,1,1,1,1,2,2,2,,,1,1,2,2,2,1,1,1,1,1,1,1,2,2,2,2,2,2,2,2,2,2,2,2,,,,,,,,,,,,,,,,,,,,,,,,,,,,,,,,,,,,,,,,,,,,,,,,,,,,,,,,,,,,3,2,2,2,,2,,1,1,1,1,2
431501,2,25,2,6,1,4,1,1,1,2,,2,2,1,1,2,3,1,2,2,1,1,1,1,1,1,1,1,2,2,2,2,2,2,2,2,2,2,2,1,,,,,,,,,,,,,,,,,,,,,,,,,,,,,,,,,,,,,,,,,,,,,,,,1,60,,,,,,,,,,,1,2,2,2,,2,,1,2,1,2,2
431602,1,14,2,6,2,3,1,1,1,1,1,2,2,2,,,6,1,2,2,1,1,1,1,1,1,1,1,2,2,2,2,2,2,2,2,2,2,1,1,,,,,,,,,,,,,,,,,,,,,,,,,,,,,,,,,,,,,,,,,,,,,2,120,1,2,120,2,,2,3,2,2,3,3,3,1,,1,1,1,2,1,1,1,1,1,1,1
431703,2,36,6,3,1,2,0,1,1,1,1,2,2,1,1,2,4,1,2,2,1,1,1,1,1,1,1,1,2,1,2,2,2,2,2,2,2,2,1,1,,,,,,,,,,,,,,,,,,,,,,,,,,,,,,,,,,,,,,,,,,,,,1,180,1,1,120,2,,2,3,1,1,1,3,3,1,,2,2,2,,2,,1,2,2,2,2
431804,2,12,2,6,2,3,0,2,1,2,,2,2,2,,,4,1,2,2,1,1,1,3,2,3,1,1,2,1,1,,2,2,2,2,2,2,1,1,2,2,1,2,60,1,2,1,2,2,2,2,2,,,,,,,,,,,,,,,,,,,,,,,,,,,,,,,,5,30,1,1,120,2,,2,4,2,1,1,3,3,1,,2,1,2,,2,,1,2,1,1,2
431901,2,41,8,5,3,5,3,1,1,1,1,2,2,1,1,2,5,1,2,2,1,1,1,1,1,1,1,1,2,1,1,,2,2,2,2,2,2,1,1,3,2,1,2,60,1,2,2,2,1,2,2,3,,,,,,,,,,,,,,,,,,,,,,,,,,,,,,,,5,10,2,5,30,2,,2,4,2,1,2,3,3,1,,1,1,1,2,1,1,1,1,1,1,1
432002,2,70,0,,1,1,1,1,2,2,,2,2,2,,,1,1,2,2,3,1,2,3,3,2,1,1,2,2,2,2,2,2,2,2,2,2,2,2,,,,,,,,,,,,,,,,,,,,,,,,,,,,,,,,,,,,,,,,,,,,,,,,,,,,,,,,,,,,4,2,2,2,,2,,2,,,,
432103,2,31,2,6,1,2,1,2,2,2,,2,2,2,,,5,1,2,2,1,1,1,1,1,1,1,1,1,1,2,2,1,,1,,2,2,1,1,,,,,,,,,,,,,,2,2,10,1,1,1,1,1,1,2,1,2,2,2,1,1,10,1,0,0,1,0,0,0,0,0,1,,,,,2,15,1,1,20,1,5,1,2,2,1,3,3,1,1,,1,1,1,2,1,1,1,1,1,1,1
432204,2,41,8,5,3,7,2,1,1,1,2,1,1,1,1,1,3,1,2,2,1,1,1,1,1,1,1,1,2,2,2,1,1,,2,2,2,2,1,1,3,1,1,2,20,2,2,1,2,2,1,1,1,2,2,20,2,2,1,2,1,2,2,1,2,2,,,,,,,,,,,,,,,,,,,2,30,1,1,60,1,6,2,3,2,1,3,3,3,1,,2,2,2,,1,1,1,2,9,2,2
432301,2,64,2,6,2,3,1,1,2,2,,2,2,2,,,4,1,1,2,1,1,1,1,2,1,1,1,2,2,2,1,1,,1,,2,2,2,2,3,2,1,3,30,1,1,2,1,2,2,2,2,1,4,45,1,2,2,2,2,2,2,2,1,2,2,1,1,10,1,0,0,1,0,0,0,0,0,2,,,,,,,,,,2,,1,1,2,2,3,3,3,3,,2,1,2,,2,,1,2,1,2,2
432402,1,17,3,3,1,1,1,1,2,2,,2,2,2,,,4,1,2,2,1,1,1,1,2,1,1,1,1,2,2,1,2,2,2,2,1,,2,1,3,1,2,4,5,1,1,2,2,2,2,2,1,,,,,,,,,,,,,,,,,,,,,,,,,,,,4,30,1,1,,,,1,30,2,,2,1,2,1,3,3,1,1,,1,2,1,2,1,1,1,1,1,1,1
432604,1,56,8,5,3,8,1,1,1,1,1,2,2,1,1,1,4,1,2,2,1,1,1,1,1,1,1,1,2,1,1,,1,,1,,1,,1,1,1,2,1,2,20,1,1,1,2,1,1,2,2,1,2,10,2,2,1,2,2,2,1,1,1,2,1,2,7,10,2,1,1,1,0,1,1,1,0,1,5,15,1,2,1,20,2,1,30,2,,3,4,1,1,2,3,3,1,,1,1,1,2,1,2,1,2,1,1,1
432701,2,44,3,3,3,5,2,1,1,1,1,1,2,1,1,2,5,1,2,2,1,1,1,1,1,1,1,1,1,2,2,2,2,2,2,2,2,2,1,1,,,,,,,,,,,,,,,,,,,,,,,,,,,,,,,,,,,,,,,,,,,,,5,15,2,5,10,2,,2,4,2,1,2,3,3,1,,1,1,2,,2,,1,1,1,1,1
432802,2,31,6,3,5,7,2,1,1,1,2,1,1,1,1,1,6,1,2,2,2,1,1,1,3,1,1,1,2,2,2,2,2,1,2,1,2,2,1,1,,,,,,,,,,,,,,6,3,15,1,2,1,1,2,2,2,1,1,2,1,2,2,15,1,1,0,0,0,1,0,1,0,1,,,,,1,30,1,1,40,1,4,1,4,2,1,2,3,1,1,,2,1,1,1,1,3,1,1,1,1,1
432903,1,72,8,5,3,5,1,1,1,1,1,1,2,1,1,2,1,1,2,2,2,2,1,2,1,1,1,1,2,1,2,1,2,2,2,2,2,2,2,2,5,2,1,3,60,2,2,1,2,2,1,2,4,,,,,,,,,,,,,,,,,,,,,,,,,,,,,,,,,,,,,1,7,3,3,1,2,2,3,3,1,,2,2,1,3,1,2,1,1,1,1,2
433004,2,61,7,3,3,5,1,1,1,1,1,1,2,1,1,1,3,1,2,2,1,1,1,1,2,1,2,1,2,1,1,,2,2,2,2,2,2,1,2,2,1,2,4,180,1,2,2,2,1,2,2,1,,,,,,,,,,,,,,,,,,,,,,,,,,,,,,,,5,15,1,,,2,,3,2,2,2,3,3,3,1,,2,2,2,,1,2,1,1,1,1,1
433101,2,17,6,1,3,5,1,1,1,1,2,1,2,1,1,2,4,1,2,2,1,1,1,1,3,1,1,1,2,1,1,,2,2,2,2,2,2,1,1,2,2,1,3,60,1,2,2,1,1,1,2,3,,,,,,,,,,,,,,,,,,,,,,,,,,,,,,,,5,30,2,1,30,2,,4,3,1,1,3,3,3,1,,2,1,1,2,2,,1,1,9,1,2
433202,2,21,8,3,3,4,2,1,1,1,1,1,2,1,1,2,5,1,2,2,1,1,1,1,1,1,1,1,2,1,1,,2,1,2,2,1,,1,1,6,1,1,2,120,1,2,1,2,1,1,2,3,1,2,30,1,2,2,2,2,2,1,2,2,2,,,,,,,,,,,,,,,1,20,1,2,2,60,1,1,180,2,,4,4,1,1,3,3,3,1,,2,2,1,1,1,1,1,1,1,1,1
433404,2,88,2,3,1,2,1,1,1,2,,2,2,2,,,1,1,2,2,3,1,1,2,2,1,1,1,1,2,2,2,1,,2,2,2,2,2,2,,,,,,,,,,,,,,1,3,30,2,2,2,2,2,1,2,2,2,2,,,,,,,,,,,,,,,,,,,,,,,,2,,1,2,2,2,3,1,1,3,,2,2,2,,2,,1,1,1,1,1
433501,2,49,3,3,1,1,1,1,1,2,,2,2,1,1,2,2,1,1,2,2,1,1,2,1,1,1,1,2,2,2,1,2,2,2,2,2,2,2,1,1,2,1,5,15,2,2,2,2,2,2,1,4,,,,,,,,,,,,,,,,,,,,,,,,,,,,,,,,,,,5,60,2,,2,2,2,1,3,3,3,1,,2,2,2,,2,,1,1,1,1,1
433602,2,27,6,3,1,2,1,1,2,2,,2,2,1,1,2,2,1,2,2,1,1,1,1,1,1,1,1,1,2,2,1,2,2,2,2,2,2,2,1,2,2,1,5,20,1,1,2,2,2,2,2,2,,,,,,,,,,,,,,,,,,,,,,,,,,,,,,,,,,,1,180,2,,2,3,2,2,2,3,3,2,,2,2,2,,2,,1,2,1,1,1
433703,1,54,7,4,3,6,1,1,1,2,,2,2,1,1,2,4,1,2,2,1,1,1,1,1,1,1,1,2,2,2,1,2,2,2,2,2,2,1,1,2,2,1,5,20,1,1,1,2,1,1,2,4,,,,,,,,,,,,,,,,,,,,,,,,,,,,,,,,5,20,1,5,20,2,,2,4,2,2,2,3,3,1,,2,1,1,2,1,1,1,1,1,1,1
433804,1,48,3,3,2,4,0,1,2,2,,2,2,1,1,2,3,1,2,2,1,1,1,1,1,1,1,1,2,1,1,,2,2,2,2,2,2,2,1,1,2,1,1,60,1,2,2,1,2,2,2,2,,,,,,,,,,,,,,,,,,,,,,,,,,,,,,,,,,,1,60,1,6,1,3,2,2,1,3,3,3,,2,2,2,,2,,1,2,2,2,2
434002,2,32,6,1,1,1,0,2,2,2,,2,2,1,1,2,4,1,2,2,1,1,1,1,1,1,1,1,1,2,2,2,2,2,2,2,2,2,2,1,,,,,,,,,,,,,,,,,,,,,,,,,,,,,,,,,,,,,,,,,,,,,,,,1,60,,,,,,,,,,,5,1,1,1,1,1,1,1,1,1,1,1
434103,2,47,2,6,1,3,1,1,1,2,,2,2,1,1,1,5,1,2,2,3,2,1,3,3,2,2,2,2,1,2,2,1,,2,1,1,,1,1,,,,,,,,,,,,,,1,4,15,2,2,2,1,1,2,2,1,2,2,2,1,1,15,2,1,0,1,0,1,0,1,0,2,5,15,2,1,5,15,2,1,20,1,6,1,2,1,1,3,3,3,1,,2,2,2,,2,,1,2,1,1,1
434204,1,48,8,3,3,7,1,1,2,1,1,1,2,2,,,1,1,2,2,2,1,1,2,1,1,1,1,2,1,1,,1,,2,1,2,1,2,1,1,2,1,2,60,1,1,1,1,2,1,2,2,7,2,60,1,1,1,2,1,2,1,1,2,2,1,1,1,30,1,1,1,1,0,0,1,1,0,2,5,30,1,2,,,,1,60,2,,2,4,1,1,1,3,3,1,,1,2,2,,2,,1,1,1,1,1
434301,2,17,6,2,4,7,1,1,1,1,1,2,2,2,,,4,1,2,2,1,1,1,1,1,1,1,1,2,1,1,,2,2,2,2,2,2,1,1,2,2,1,2,15,1,1,1,2,1,1,2,4,,,,,,,,,,,,,,,,,,,,,,,,,,,,,,,,2,15,1,1,15,2,,2,2,1,1,1,3,3,1,,1,1,1,2,1,1,1,1,1,1,1
434402,2,18,6,3,3,4,0,1,2,2,,2,2,2,,,5,1,2,2,1,1,1,1,1,1,1,1,2,1,1,,2,2,2,2,2,2,1,1,2,2,1,2,180,1,2,2,2,1,1,2,3,,,,,,,,,,,,,,,,,,,,,,,,,,,,,,,,1,240,1,1,120,2,,2,1,2,2,2,3,3,3,,2,1,2,,1,1,1,1,1,1,1
434503,2,57,3,3,3,5,1,1,2,2,,2,2,1,1,2,3,1,2,2,1,1,1,1,1,1,1,1,2,1,1,,1,,2,2,2,2,2,2,1,2,1,2,30,1,2,1,2,2,2,2,3,1,2,10,1,1,2,2,2,2,2,1,2,2,,,,,,,,,,,,,,,,,,,,,,,,2,,2,4,2,2,2,3,3,3,,1,1,2,,2,,1,2,1,2,2
434604,1,12,2,6,3,5,1,1,2,2,,2,2,1,1,2,4,1,1,2,1,1,1,1,1,1,1,1,2,1,1,,1,,1,,2,2,2,2,2,2,1,3,60,1,1,1,1,1,1,2,2,1,4,10,1,1,2,2,2,2,2,2,2,2,2,1,1,20,1,0,1,0,0,0,0,0,0,2,,,,,,,,,,2,,3,1,1,2,1,3,1,1,,2,1,1,2,1,1,1,1,1,1,1
434701,1,33,8,3,4,6,2,1,1,2,,1,2,1,1,1,4,1,2,2,2,1,1,1,1,1,1,1,2,1,1,,1,,2,1,1,,1,1,3,1,2,2,180,1,2,1,1,2,1,2,1,1,2,60,1,2,2,1,1,2,1,1,2,2,1,2,1,2,1,1,1,0,0,0,0,1,0,1,5,30,1,2,1,60,1,2,20,1,5,2,3,1,1,3,3,3,1,,2,2,2,,2,,1,1,1,1,1
434903,2,52,3,3,2,3,1,1,1,2,,2,2,2,,,4,1,2,2,1,1,1,1,1,1,1,1,1,1,1,,2,2,2,2,1,,2,1,4,2,1,3,60,2,2,1,2,2,2,2,2,,,,,,,,,,,,,,,,,,,,,,,,,,,,5,90,2,1,,,,1,120,1,3,1,1,1,2,3,3,1,1,,2,2,2,,2,,1,2,1,1,1
435004,1,38,3,3,1,6,2,2,2,2,,2,2,1,1,2,1,1,2,2,1,1,1,1,1,1,1,1,2,1,1,,2,1,2,1,2,2,1,1,1,2,1,3,120,1,1,2,1,2,2,2,3,5,4,30,1,1,2,2,1,2,2,2,1,2,1,2,1,60,1,1,1,0,0,1,1,1,1,1,,,,,5,30,1,1,240,1,5,3,4,2,2,2,3,3,3,,1,2,1,2,1,1,1,2,1,1,1
435101,2,66,2,6,2,3,1,2,2,2,,2,2,1,1,1,4,2,2,2,1,1,1,1,1,1,1,1,2,2,1,,2,2,2,2,2,2,2,2,3,2,1,2,60,2,2,2,1,1,2,2,2,,,,,,,,,,,,,,,,,,,,,,,,,,,,,,,,,,,,,2,,2,1,2,2,3,3,3,1,,2,2,2,,2,,1,2,1,2,2
435202,2,48,3,3,4,5,1,1,1,1,1,1,2,1,1,2,4,1,2,2,3,1,1,1,2,1,1,1,2,2,2,2,1,,2,2,2,2,1,1,,,,,,,,,,,,,,2,3,60,1,2,2,1,2,2,2,2,2,2,,,,,,,,,,,,,,,,,,,1,60,1,1,120,1,6,1,1,2,1,2,3,3,1,,2,2,2,,2,,1,1,1,1,1
435404,2,50,3,3,4,6,1,1,1,1,1,1,2,1,1,2,4,1,2,2,1,2,1,1,2,1,1,1,2,1,1,,1,,1,,2,2,1,1,2,1,1,4,180,1,1,2,1,2,1,2,2,7,2,180,1,2,1,1,1,2,1,1,1,2,2,1,1,30,1,1,0,1,1,1,0,1,0,2,,,,,1,120,1,1,60,2,,3,3,2,1,1,3,3,1,,1,2,2,,1,1,1,1,1,1,1
435602,2,28,3,2,4,6,2,1,1,2,,1,2,1,1,2,8,1,1,2,1,1,1,1,1,1,1,1,2,2,2,2,2,2,2,1,2,1,2,1,,,,,,,,,,,,,,,,,,,,,,,,,,,1,2,7,10,2,0,0,0,0,0,1,0,0,2,5,10,1,2,,,,5,15,1,6,2,2,2,1,3,3,3,1,,1,1,1,2,1,1,1,1,1,1,1
435703,2,13,2,6,3,5,1,2,2,2,,2,2,2,,,11,1,1,2,1,1,1,1,1,1,1,1,1,2,2,1,2,2,2,1,2,2,2,1,13,2,1,2,30,2,2,1,2,2,2,2,2,,,,,,,,,,,,,,2,1,1,10,2,0,1,0,0,0,0,0,0,3,,,,,,,,1,180,2,,1,2,1,2,1,3,3,1,,1,1,1,2,1,1,1,1,1,1,1
435804,2,73,2,6,2,6,1,1,1,1,1,1,2,1,1,2,3,1,2,2,1,1,2,1,2,1,1,1,2,2,2,2,2,2,2,2,1,,2,2,,,,,,,,,,,,,,,,,,,,,,,,,,,,,,,,,,,,,,,,,3,20,2,1,,,,,,1,4,1,1,2,2,2,3,1,1,,2,2,2,,2,,1,1,2,1,2
435901,1,48,3,1,3,5,1,1,1,1,1,2,2,1,1,2,7,2,2,2,1,1,1,1,1,1,1,1,1,1,1,,2,2,2,2,2,2,2,1,1,2,1,3,90,1,2,2,1,2,2,2,3,,,,,,,,,,,,,,,,,,,,,,,,,,,,,,,,,,,1,5,2,,3,2,1,1,3,3,3,1,,1,2,2,,2,,1,2,1,1,1
436002,1,60,8,5,3,4,3,1,1,1,2,1,2,1,1,1,1,1,2,2,1,1,1,1,1,1,1,1,2,1,1,,1,,1,,2,2,1,1,3,2,1,4,60,1,2,2,1,2,2,2,3,3,4,30,1,2,1,2,1,2,1,1,2,2,2,1,7,15,1,0,0,0,0,0,1,1,0,1,,,,,5,15,1,1,60,1,6,4,3,1,1,1,3,3,1,,1,1,2,,1,2,1,1,1,1,1
436103,1,18,6,2,4,8,2,1,1,1,2,1,2,1,1,1,4,1,2,2,1,1,1,1,1,1,1,1,2,2,2,1,1,,2,1,2,2,1,1,15,1,2,2,40,1,1,1,2,2,1,2,1,5,3,15,1,2,1,2,1,2,1,2,2,2,1,2,1,10,1,1,1,0,0,0,1,1,0,1,,,,,2,60,1,1,60,1,3,3,3,2,1,1,3,3,2,,2,1,1,1,1,5,1,1,1,1,2
436204,1,27,6,3,2,3,1,1,1,2,,2,2,1,1,2,3,1,1,2,1,1,1,1,1,1,1,1,2,1,1,,2,2,1,,2,2,1,1,2,2,1,2,30,1,2,2,1,2,1,2,4,,,,,,,,,,,,,,2,1,1,15,1,1,0,0,0,0,0,0,0,2,,,,,1,15,1,1,15,2,,2,2,2,2,1,3,1,1,,2,2,2,,2,,1,1,1,1,1
436301,1,43,8,4,2,5,1,1,1,1,1,1,2,1,1,2,5,1,2,2,1,1,1,1,1,1,1,1,2,1,1,,2,1,2,1,2,2,2,1,3,2,1,3,20,1,2,1,1,1,2,2,3,2,4,15,2,2,2,2,2,2,1,2,2,2,1,2,4,5,1,1,1,1,1,1,1,1,0,1,,,,,,,,1,120,2,,2,3,2,1,2,3,3,1,,1,1,2,,2,,1,2,1,2,1
436402,2,49,3,3,4,5,1,1,2,2,,1,2,1,1,2,3,1,2,2,2,1,2,3,2,2,1,2,1,2,2,2,2,1,2,1,2,2,2,1,,,,,,,,,,,,,,2,4,10,1,2,2,2,2,2,2,1,1,2,2,1,1,10,1,1,0,1,0,0,0,1,0,2,,,,,,,,1,120,2,,1,2,2,2,3,3,1,3,,1,1,2,,2,,1,2,1,2,2
436503,2,67,2,2,1,3,2,1,1,2,,2,2,2,,,2,1,2,2,1,1,1,2,1,1,1,1,2,2,2,2,2,2,2,2,2,2,2,2,,,,,,,,,,,,,,,,,,,,,,,,,,,,,,,,,,,,,,,,,,,,,,,,,,,,,,,,,,,,1,2,2,2,,2,,1,1,1,1,2
436604,2,29,3,3,2,3,0,1,1,1,1,2,2,2,,,5,1,2,2,1,1,1,1,1,1,1,1,1,2,2,2,2,2,2,2,2,2,2,1,,,,,,,,,,,,,,,,,,,,,,,,,,,,,,,,,,,,,,,,,,,,,,,,1,30,,,,,,,,,,,3,2,2,2,,2,,1,2,1,1,1
436701,2,13,2,6,4,6,2,1,1,1,1,2,2,1,1,2,7,1,2,2,2,1,1,1,2,1,1,1,2,1,1,,2,2,2,2,2,1,1,1,1,2,1,2,30,1,2,2,2,1,2,2,3,,,,,,,,,,,,,,,,,,,,,,,,,,,,5,15,1,2,2,15,1,1,30,2,,2,3,1,2,2,3,1,1,,2,1,1,2,1,1,1,2,1,2,1
436802,2,59,8,4,3,5,2,1,1,1,1,2,2,1,1,2,1,1,2,2,1,1,1,1,2,1,1,1,2,2,2,1,2,2,2,2,2,2,2,1,1,2,1,2,20,2,1,1,1,2,1,2,3,,,,,,,,,,,,,,,,,,,,,,,,,,,,,,,,,,,1,60,2,,3,4,1,1,3,3,3,1,,2,2,2,,2,,1,2,2,2,2
436903,2,34,3,3,1,3,1,1,1,2,,2,2,2,,,3,1,1,2,2,1,2,3,3,1,1,2,1,2,2,2,1,,2,2,2,2,1,1,,,,,,,,,,,,,,4,5,20,1,1,1,1,2,2,2,2,2,2,,,,,,,,,,,,,,,,,,,4,10,1,5,20,2,,1,2,2,1,2,3,1,1,,1,1,1,2,1,1,1,2,1,1,1
437004,1,16,3,3,2,4,0,1,1,2,,2,2,1,1,2,4,1,1,2,2,1,1,1,3,1,2,2,1,1,1,,2,2,2,2,1,,1,1,2,2,1,2,120,2,1,1,2,1,1,2,4,,,,,,,,,,,,,,,,,,,,,,,,,,,,2,30,1,2,1,120,1,1,60,2,,2,1,1,1,1,3,1,1,,1,1,1,2,1,2,1,1,1,1,1
437101,2,51,3,3,2,3,1,1,1,2,,2,2,1,1,2,4,1,2,2,2,1,1,1,1,1,1,1,1,2,1,,2,2,2,2,2,2,2,2,1,2,1,2,20,1,2,2,2,1,2,2,2,,,,,,,,,,,,,,,,,,,,,,,,,,,,,,,,,,,,,2,,3,3,1,2,3,3,3,1,,1,2,2,,2,,1,2,1,1,1
437202,1,32,3,3,2,3,1,1,1,1,1,2,2,1,1,2,7,1,2,2,1,1,1,1,1,1,1,1,1,1,1,,1,,1,,2,2,1,1,2,2,1,3,60,1,1,1,2,1,2,2,3,1,5,30,1,1,2,2,2,2,2,2,2,2,2,1,1,20,2,1,0,0,0,0,0,0,0,2,,,,,2,60,1,1,120,2,,2,2,2,1,2,3,3,1,,1,2,1,2,1,1,1,2,1,1,1
437303,2,56,3,3,2,4,1,1,1,2,,2,2,1,1,2,3,1,2,2,1,1,1,2,1,1,1,1,2,2,2,2,2,2,2,2,2,2,2,2,,,,,,,,,,,,,,,,,,,,,,,,,,,,,,,,,,,,,,,,,,,,,,,,,,,,,,,,,,,,1,2,2,2,,2,,1,1,1,1,2
437404,2,13,3,1,1,2,0,1,2,2,,2,2,1,1,2,6,1,2,2,2,1,1,2,1,1,1,1,2,2,2,2,2,2,2,2,2,2,2,2,,,,,,,,,,,,,,,,,,,,,,,,,,,,,,,,,,,,,,,,,,,,,,,,,,,,,,,,,,,,3,1,2,2,,1,1,1,1,2,1,1
437501,2,20,8,2,3,6,1,1,1,1,1,1,2,1,1,1,4,1,2,2,1,1,1,1,1,1,1,1,2,1,1,,2,2,2,2,2,2,1,1,10,1,1,2,20,2,2,1,2,1,1,2,1,,,,,,,,,,,,,,,,,,,,,,,,,,,,,,,,2,20,2,1,20,2,,2,1,2,1,1,3,3,1,,1,2,1,2,2,,1,1,2,1,1
437602,1,68,2,6,3,4,1,1,2,1,1,2,2,1,1,2,6,1,2,2,1,1,1,1,1,1,1,1,1,2,2,1,2,2,2,2,2,2,2,2,1,2,1,3,30,1,2,2,1,2,2,2,2,,,,,,,,,,,,,,,,,,,,,,,,,,,,,,,,,,,,,2,,1,1,2,2,2,3,1,1,,2,2,2,,2,,1,2,1,2,2
437703,1,14,3,2,1,2,1,1,2,1,1,1,2,1,1,1,2,1,1,2,2,1,1,1,2,1,2,1,1,1,1,,2,1,2,2,2,1,1,1,4,2,1,4,60,1,2,2,2,1,1,2,3,1,5,45,1,2,2,2,2,1,2,1,1,2,,,,,,,,,,,,,,,5,30,1,2,5,60,1,1,60,2,,2,3,2,2,1,3,3,3,,1,1,1,2,1,1,1,1,1,1,1
437804,1,66,2,6,4,5,1,2,2,1,1,2,2,1,1,2,5,1,2,2,2,1,1,3,3,2,2,1,1,1,1,,1,,2,2,2,2,1,1,2,1,1,4,30,2,1,2,1,1,1,2,3,3,2,20,2,1,1,1,1,1,1,1,1,2,,,,,,,,,,,,,,,,,,,2,10,2,1,10,2,,2,3,1,1,3,3,3,1,,1,2,2,,1,1,1,1,1,1,1
437901,2,52,2,6,2,4,1,1,1,1,1,2,2,1,1,2,3,1,2,2,1,1,1,1,1,1,1,1,2,2,2,1,1,,1,,1,,2,1,8,2,1,2,20,2,1,1,2,1,1,2,3,6,2,30,2,2,2,1,2,1,2,2,2,2,2,1,1,30,2,0,0,1,0,0,1,0,0,3,1,40,2,1,,,,2,15,2,,4,4,1,2,3,3,3,1,,1,1,2,,1,1,1,1,1,1,1
438002,2,34,3,2,2,3,1,2,2,2,,2,2,2,,,4,1,2,2,1,1,1,1,2,1,1,1,2,1,1,,2,2,2,2,1,,2,2,1,2,1,2,10,2,2,2,2,2,1,2,2,,,,,,,,,,,,,,,,,,,,,,,,,,,,5,10,2,1,,,,,,2,,2,1,1,2,1,3,3,1,,2,2,2,,2,,1,2,2,2,2
438103,2,51,6,3,2,4,1,1,2,1,1,2,2,1,1,2,4,1,2,2,1,1,1,1,1,1,1,1,2,1,1,,2,2,2,2,2,2,2,1,1,2,1,3,30,1,1,2,1,2,2,2,2,,,,,,,,,,,,,,,,,,,,,,,,,,,,,,,,,,,5,10,2,,2,2,1,2,2,3,3,1,,1,1,1,2,1,1,1,1,1,1,1
438204,1,50,3,3,3,4,1,1,2,2,,2,2,1,1,2,5,1,2,2,1,1,1,1,1,1,1,1,2,2,2,2,2,2,2,2,2,2,2,1,,,,,,,,,,,,,,,,,,,,,,,,,,,,,,,,,,,,,,,,,,,,,,,,2,10,,,,,,,,,,,3,2,1,1,1,1,1,1,2,2,2,2
438301,1,33,8,5,2,6,1,1,1,1,1,1,1,1,1,1,3,1,2,2,1,1,1,1,1,1,1,1,2,1,1,,2,2,2,2,1,,1,1,2,2,1,2,40,1,2,1,2,1,1,2,3,,,,,,,,,,,,,,,,,,,,,,,,,,,,3,30,1,2,1,60,2,1,30,2,,3,3,2,1,1,3,3,3,,2,1,1,2,1,2,1,1,2,1,1
438402,2,47,3,3,2,4,1,1,1,2,,2,2,2,,,1,1,2,2,3,1,1,1,1,1,1,1,1,2,2,2,2,2,2,2,2,2,2,1,,,,,,,,,,,,,,,,,,,,,,,,,,,,,,,,,,,,,,,,,,,,,,,,1,30,,,,,,,,,,,6,1,2,2,,2,,1,1,1,1,1
438503,2,72,8,5,3,5,2,1,1,1,1,1,2,1,1,2,3,1,2,2,1,1,1,2,2,2,2,1,2,2,1,,2,2,2,2,2,2,2,2,1,2,1,2,60,1,2,2,2,1,1,2,3,,,,,,,,,,,,,,,,,,,,,,,,,,,,,,,,,,,,,2,,2,4,2,2,2,3,3,1,,1,1,1,1,1,1,1,1,1,1,1
438604,2,36,8,2,2,4,1,1,1,1,1,2,2,1,1,1,3,1,2,2,1,1,1,1,1,1,1,1,2,2,2,1,2,2,2,2,2,2,1,1,1,1,2,3,60,1,2,2,2,1,2,2,1,,,,,,,,,,,,,,,,,,,,,,,,,,,,,,,,2,5,1,1,30,2,,2,4,2,1,3,3,3,1,,2,2,2,,2,,1,2,2,2,2
438701,1,37,6,2,3,4,1,1,1,2,,2,2,1,1,2,5,1,2,2,1,1,1,1,1,1,1,1,2,1,2,2,2,2,2,2,1,,1,1,,,,,,,,,,,,,,,,,,,,,,,,,,,,,,,,,,,,,,,,,1,15,1,2,5,15,1,1,60,2,,1,4,2,2,2,3,3,1,,2,2,2,,1,1,1,1,1,2,2
438802,1,47,2,6,3,4,1,1,1,1,1,2,2,2,,,5,1,2,2,1,1,1,1,1,1,1,1,1,2,2,2,2,2,2,2,1,,2,1,,,,,,,,,,,,,,,,,,,,,,,,,,,,,,,,,,,,,,,,,1,120,1,2,,,,1,120,2,,2,4,2,2,1,3,1,1,,2,1,1,2,2,,1,2,1,2,2
438903,1,68,2,2,3,6,1,1,2,1,1,2,2,2,,,3,1,2,2,3,2,4,4,2,2,3,2,2,2,2,2,2,2,2,2,2,2,2,2,,,,,,,,,,,,,,,,,,,,,,,,,,,,,,,,,,,,,,,,,,,,,,,,,,,,,,,,,,,,6,2,2,2,,2,,1,1,1,1,2
439004,1,76,0,,1,5,1,1,1,2,,2,2,2,,,2,1,2,2,1,2,3,3,3,1,1,1,2,,,,,,,,,,,,,,,,,,,,,,,,,,,,,,,,,,,,,,,,,,,,,,,,,,,,,,,,,,,,,,,,,,,,,,,,,,,,,,,,,,
439101,1,56,3,3,2,4,1,1,2,1,1,2,2,1,1,2,5,1,2,2,1,1,3,3,2,2,1,1,2,2,1,,2,2,2,2,2,2,2,2,1,2,1,4,20,2,2,1,1,2,2,2,2,,,,,,,,,,,,,,,,,,,,,,,,,,,,,,,,,,,,,2,,1,2,2,2,3,3,1,1,,2,1,1,2,1,1,1,2,1,1,1
439202,2,44,8,3,2,4,1,1,2,2,,2,2,1,1,2,3,1,2,2,1,1,3,3,2,2,1,2,2,1,2,1,2,1,1,,2,1,1,1,1,1,2,2,60,1,1,1,1,2,1,2,4,2,2,30,2,2,1,2,1,1,2,1,2,2,1,2,1,60,1,1,0,1,1,0,1,0,0,2,2,60,1,2,2,60,1,1,60,2,,2,3,1,1,2,3,3,1,,2,2,1,2,1,1,1,1,1,1,1
439303,1,55,8,2,2,5,1,1,1,1,2,1,1,1,1,2,1,1,2,2,1,1,1,1,1,1,1,1,2,1,1,,1,,1,,2,2,1,1,1,2,1,3,120,1,2,2,2,1,2,2,3,6,2,30,1,1,2,1,2,2,2,1,2,2,2,1,1,30,1,1,1,0,0,0,0,0,0,3,,,,,1,30,1,1,30,2,,2,3,2,1,3,3,3,1,,1,1,1,1,1,2,1,2,1,1,1
439404,1,17,3,3,3,4,0,1,1,2,,2,2,2,,,6,1,1,2,1,1,1,1,1,1,1,1,1,1,1,,2,1,1,,1,,1,1,8,2,1,3,60,1,2,2,1,2,2,2,3,6,2,15,1,1,2,2,2,2,2,2,2,2,2,1,3,15,1,1,0,0,1,0,0,0,0,1,5,20,1,2,3,20,1,1,25,1,5,2,2,1,1,3,3,3,1,,2,1,2,,1,1,1,1,1,1,1
439501,2,54,2,6,1,3,0,1,2,2,,2,2,2,,,2,1,2,2,2,1,1,1,1,1,1,1,1,2,2,2,1,,2,2,2,2,2,2,,,,,,,,,,,,,,6,3,10,1,2,2,2,2,2,2,2,2,1,,,,,,,,,,,,,,,,,,,,,,,,2,,1,1,2,2,2,3,3,1,,2,2,2,,2,,1,2,1,2,2
439602,2,30,7,3,1,1,0,2,2,2,,2,2,1,1,2,5,1,2,2,2,1,1,1,1,1,1,1,2,1,1,,1,,2,1,2,1,1,1,5,1,1,2,90,1,1,1,1,1,1,2,1,2,2,20,1,2,2,1,1,1,1,1,1,2,1,2,7,30,1,0,0,1,1,1,1,1,0,1,3,15,1,2,2,30,1,1,20,1,5,3,4,1,1,2,3,3,1,,1,1,1,2,1,1,1,1,1,1,1
439703,1,29,8,5,3,5,1,1,1,1,2,1,2,1,1,2,4,1,2,2,1,1,1,1,1,1,1,1,2,1,1,,2,1,2,2,2,2,1,1,5,1,1,2,30,2,2,1,2,2,2,2,1,10,2,30,2,2,2,2,2,2,1,2,2,2,,,,,,,,,,,,,,,,,,,3,15,2,5,15,2,,3,2,2,1,1,3,3,1,,2,1,1,1,1,1,1,1,2,1,2
439804,2,13,2,6,3,5,3,1,1,1,1,2,2,1,1,2,4,1,2,2,2,1,1,1,2,1,2,2,2,1,1,,1,,1,,2,2,1,1,3,2,1,2,30,1,2,2,1,1,1,2,2,2,3,20,1,2,1,1,1,1,1,1,2,2,2,1,2,15,1,1,0,1,1,0,1,1,0,3,,,,,1,40,2,1,120,1,5,3,3,1,1,1,3,3,1,,1,1,1,2,1,3,1,1,1,1,1
439901,2,89,2,3,1,3,1,1,1,2,,2,2,2,,,1,1,2,2,3,1,2,3,3,2,1,1,2,2,2,2,2,2,2,2,2,2,2,2,,,,,,,,,,,,,,,,,,,,,,,,,,,,,,,,,,,,,,,,,,,,,,,,,,,,,,,,,,,,1,2,2,2,,2,,1,2,2,2,2
440002,1,25,8,4,2,5,1,1,2,2,,1,2,1,1,2,2,1,2,2,1,1,1,1,1,1,1,2,2,2,2,2,2,2,2,2,2,2,2,1,,,,,,,,,,,,,,,,,,,,,,,,,,,,,,,,,,,,,,,,,,,,,,,,1,30,,,,,,,,,,,1,2,1,1,2,1,1,1,1,1,1,1
440103,2,27,8,1,1,4,2,1,1,2,,2,2,1,1,2,2,1,2,2,1,1,1,1,1,1,1,1,2,1,1,,2,2,2,2,2,2,1,1,1,2,1,2,30,1,2,2,1,2,2,2,3,,,,,,,,,,,,,,,,,,,,,,,,,,,,,,,,2,10,1,1,30,2,,2,4,1,2,2,3,3,1,,1,1,1,3,1,2,1,1,1,1,1
440204,2,34,8,4,2,4,1,1,1,2,,2,2,2,,,3,2,2,2,1,1,1,1,1,1,1,1,2,1,1,,2,2,2,1,1,,1,1,2,2,1,1,20,2,2,2,1,1,1,2,3,,,,,,,,,,,,,,1,2,7,20,1,0,0,1,0,0,1,0,0,1,3,10,1,2,2,30,1,1,60,2,,1,2,1,1,2,3,3,1,,1,1,1,2,1,2,1,1,1,1,1
440301,2,55,3,3,1,2,1,1,1,1,1,2,2,1,1,2,2,1,1,2,1,1,1,1,1,1,1,1,2,2,2,2,2,2,2,2,2,2,2,1,,,,,,,,,,,,,,,,,,,,,,,,,,,,,,,,,,,,,,,,,,,,,,,,1,60,,,,,,,,,,,2,2,2,2,,2,,1,1,1,2,2
440402,1,70,8,4,3,5,1,1,1,1,1,2,2,1,1,2,2,1,2,2,1,2,1,2,2,1,1,1,1,2,2,2,2,2,2,2,2,2,2,1,,,,,,,,,,,,,,,,,,,,,,,,,,,,,,,,,,,,,,,,,,,,,,,,1,30,,,,,,,,,,,1,2,2,2,,2,,1,2,1,1,2
440503,2,58,8,3,2,3,1,1,1,1,2,2,2,1,1,2,3,1,2,2,1,1,1,1,1,1,1,1,2,1,2,2,2,2,2,2,2,2,2,2,,,,,,,,,,,,,,,,,,,,,,,,,,,,,,,,,,,,,,,,,,,,,,,,,,,,,,,,,,,,4,1,1,1,2,2,,1,2,1,1,1
440604,2,19,8,2,3,4,1,2,1,1,1,1,2,1,1,2,5,1,1,2,1,1,1,1,1,1,1,1,2,1,1,,1,,1,,1,,1,1,9,1,1,3,60,2,2,1,1,1,1,2,1,1,5,10,2,2,1,1,2,2,1,1,2,2,1,2,1,10,1,1,0,0,0,0,0,0,0,1,5,10,1,2,3,10,2,2,60,2,,2,4,2,1,1,3,3,1,,2,1,1,1,1,2,1,1,1,2,2
440701,2,30,6,1,1,2,0,2,2,2,,2,2,2,,,2,1,2,2,1,1,1,3,2,2,1,2,2,2,2,1,2,2,2,2,2,2,2,1,1,2,1,2,30,2,1,2,1,2,2,2,2,,,,,,,,,,,,,,,,,,,,,,,,,,,,,,,,,,,1,120,2,,1,1,2,1,3,3,1,1,,2,1,2,,1,1,1,1,1,1,1
440802,2,54,3,3,2,4,1,1,1,1,1,2,2,2,,,2,1,2,2,3,2,3,2,3,1,2,1,2,2,2,2,2,2,2,2,2,1,2,1,,,,,,,,,,,,,,,,,,,,,,,,,,,,,,,,,,,,,,,,,2,60,1,2,,,,2,60,2,,1,1,2,1,3,3,1,1,,2,1,2,,2,,1,2,1,1,2
440903,2,21,8,1,2,3,1,1,1,2,,1,2,1,1,2,4,1,2,2,1,1,1,1,1,1,1,1,2,1,1,,2,2,2,2,2,2,1,1,6,2,1,2,180,1,2,2,1,2,2,2,3,,,,,,,,,,,,,,,,,,,,,,,,,,,,,,,,3,20,1,1,60,2,,4,3,2,2,1,3,3,1,,2,2,2,,1,3,1,1,2,1,2
441202,1,50,3,3,2,3,1,1,2,1,1,2,2,1,2,2,8,1,2,2,1,1,1,1,1,1,1,1,2,2,2,2,1,,2,1,2,2,1,2,,,,,,,,,,,,,,2,2,60,1,1,1,2,1,2,1,1,1,2,2,1,1,40,1,1,1,1,1,1,1,1,0,2,,,,,3,40,1,,,2,,1,2,1,1,2,3,1,1,,1,1,1,1,1,1,1,2,1,1,1
441303,2,23,3,3,3,4,1,1,1,2,,2,2,1,1,2,5,1,2,2,2,1,1,1,2,1,1,1,2,1,1,,1,,2,2,2,2,1,1,3,1,1,2,30,1,1,1,1,1,2,2,3,2,4,10,1,1,2,1,2,2,2,2,1,2,,,,,,,,,,,,,,,,,,,1,15,1,1,60,2,,4,4,2,2,1,3,3,1,,1,1,1,2,2,,1,1,1,1,1
441404,2,49,3,3,1,2,1,2,2,1,1,2,2,2,,,4,1,2,2,1,1,1,1,1,1,1,1,2,1,1,,2,2,2,2,2,2,2,1,2,2,1,4,30,1,1,2,2,1,1,2,2,,,,,,,,,,,,,,,,,,,,,,,,,,,,,,,,,,,2,30,2,,2,3,1,2,2,3,3,1,,2,1,1,2,2,,1,2,1,2,2
441501,2,69,2,6,1,1,0,1,2,2,,2,2,2,,,1,1,2,2,4,1,1,2,3,2,1,2,2,2,2,2,2,2,2,2,2,2,2,2,,,,,,,,,,,,,,,,,,,,,,,,,,,,,,,,,,,,,,,,,,,,,,,,,,,,,,,,,,,,6,2,2,2,,2,,1,2,1,1,2
441602,2,76,0,,2,4,1,1,2,2,,2,2,2,,,2,1,2,2,1,1,1,3,1,1,1,1,1,,,,,,,,,,,,,,,,,,,,,,,,,,,,,,,,,,,,,,,,,,,,,,,,,,,,,,,,,,,,,,,,,,,,,,,,,,,,,,,,,,
441703,1,26,8,4,3,5,1,1,1,2,,2,2,1,1,2,4,1,2,2,1,1,1,1,1,1,1,1,2,1,2,1,2,1,2,2,2,2,1,1,1,1,2,2,15,1,2,2,2,2,1,2,1,4,2,10,1,2,1,2,2,2,2,1,2,2,,,,,,,,,,,,,,,,,,,5,60,1,1,120,2,,2,3,1,1,3,3,3,1,,2,1,1,2,2,,1,1,1,1,1
441804,1,32,3,3,2,3,1,2,1,2,,2,2,1,1,2,5,1,2,2,1,1,1,1,1,1,1,1,1,1,2,2,1,,2,2,2,2,2,1,,,,,,,,,,,,,,1,4,20,1,1,2,2,1,2,2,2,1,2,,,,,,,,,,,,,,,,,,,,,,5,20,2,,2,1,2,2,2,3,3,3,,1,1,1,2,1,1,1,2,1,1,1
441901,2,53,3,3,2,4,1,1,1,2,,2,2,2,,,2,1,2,2,1,1,1,1,2,1,1,1,2,1,1,,1,,2,2,2,2,2,2,3,2,1,4,60,1,1,1,1,1,1,2,2,4,4,20,1,1,1,1,1,2,1,1,1,2,,,,,,,,,,,,,,,,,,,,,,,,2,,1,4,1,2,2,3,3,1,,1,1,1,1,1,1,1,1,1,1,1
442002,2,76,2,3,4,4,2,1,2,2,,2,2,2,,,2,1,2,2,1,1,1,1,1,1,1,1,2,2,2,2,2,2,2,2,2,2,2,2,,,,,,,,,,,,,,,,,,,,,,,,,,,,,,,,,,,,,,,,,,,,,,,,,,,,,,,,,,,,4,2,2,2,,2,,1,1,2,1,2
442103,2,37,2,6,1,1,1,1,1,1,1,2,2,1,1,2,5,1,2,2,1,1,1,2,2,1,1,1,2,1,1,,2,2,2,2,2,2,1,1,5,2,1,2,15,1,2,1,2,2,1,2,4,,,,,,,,,,,,,,,,,,,,,,,,,,,,,,,,5,15,1,1,30,2,,3,4,1,2,1,3,3,1,,2,2,1,1,1,1,1,1,1,1,1
442204,2,48,3,3,3,5,1,1,1,1,2,2,2,1,1,2,4,1,2,2,1,1,1,1,1,1,1,1,2,1,2,1,2,2,2,2,2,1,2,1,1,2,1,5,30,1,1,1,1,2,2,2,2,,,,,,,,,,,,,,,,,,,,,,,,,,,,5,30,1,2,,,,1,30,1,7,2,3,1,1,2,3,3,1,,1,1,1,1,1,1,1,2,1,1,1
442402,2,85,0,,1,5,1,1,2,2,,2,2,2,,,1,1,2,2,1,1,2,2,1,1,1,1,2,,,,,,,,,,,,,,,,,,,,,,,,,,,,,,,,,,,,,,,,,,,,,,,,,,,,,,,,,,,,,,,,,,,,,,,,,,,,,,,,,,
442503,1,52,6,3,3,5,1,1,1,1,1,1,1,1,1,2,3,1,2,2,1,1,1,1,1,1,1,1,2,2,2,2,2,2,2,2,2,2,2,2,,,,,,,,,,,,,,,,,,,,,,,,,,,,,,,,,,,,,,,,,,,,,,,,,,,,,,,,,,,,1,2,2,1,1,1,4,1,1,1,1,1
442604,2,17,6,2,3,4,0,1,2,2,,2,2,1,1,2,4,1,2,2,1,1,1,1,1,1,1,1,2,1,1,,2,2,2,1,2,2,2,1,2,1,1,2,60,1,2,1,1,1,1,2,4,,,,,,,,,,,,,,1,2,1,5,1,1,0,1,0,1,0,1,0,1,,,,,,,,1,30,2,,2,3,1,1,1,3,3,1,,2,1,1,2,1,1,1,1,1,1,1
442701,2,70,2,1,2,3,1,1,1,2,,2,2,2,,,1,1,2,2,1,1,1,1,1,1,1,1,2,1,1,,1,,2,2,1,,2,2,2,2,1,2,60,1,1,1,1,2,2,2,2,1,4,60,1,2,1,2,1,1,2,2,1,2,,,,,,,,,,,,,,,5,60,2,1,,,,,,2,,2,2,2,2,3,3,3,1,,2,2,2,,2,,1,2,2,1,2
442802,2,34,6,3,1,2,1,1,2,2,,2,2,1,1,2,4,1,2,2,1,1,1,1,1,1,1,1,2,2,2,2,1,,2,1,2,2,1,1,,,,,,,,,,,,,,1,5,20,2,2,2,1,2,2,1,2,1,2,1,2,1,5,1,0,0,1,0,0,0,0,0,1,,,,,5,30,2,1,20,2,,3,4,1,2,2,3,1,1,,1,1,1,1,1,1,1,1,1,1,1
442903,1,72,3,3,2,4,1,1,2,1,1,2,2,1,1,2,2,1,2,2,2,2,1,1,2,1,1,1,2,1,1,,1,,1,,1,,1,1,3,2,1,3,30,1,1,2,1,1,2,2,3,1,5,30,1,1,1,2,1,2,2,1,1,2,2,1,1,30,2,1,1,1,1,1,1,1,0,3,5,30,2,1,2,30,1,1,60,2,,3,3,1,2,3,3,3,1,,2,2,2,,2,,1,2,2,2,2
443004,2,54,3,3,2,4,1,1,1,2,,2,2,2,,,1,1,2,2,1,1,1,1,1,1,1,1,2,1,1,,2,2,2,1,2,2,1,1,1,2,1,1,20,1,2,2,1,2,2,2,3,,,,,,,,,,,,,,2,1,1,10,1,0,0,0,1,1,0,0,0,2,,,,,5,10,1,1,5,2,,4,1,1,2,3,3,1,2,,2,1,1,3,1,1,1,2,1,1,2
443101,1,30,3,3,2,4,2,1,1,2,,1,2,1,1,1,5,1,2,2,1,2,1,1,1,1,1,1,2,2,2,2,2,2,2,2,2,1,2,1,,,,,,,,,,,,,,,,,,,,,,,,,,,,,,,,,,,,,,,,,5,60,1,2,,,,5,120,2,,2,2,2,1,2,3,3,1,,2,2,2,,2,,1,1,1,1,1
443202,1,20,6,3,1,1,1,1,1,2,,2,2,2,,,3,1,2,2,1,1,1,1,2,1,1,1,2,1,1,,2,2,2,2,2,2,1,2,7,1,2,2,120,1,2,2,2,2,1,2,3,,,,,,,,,,,,,,,,,,,,,,,,,,,,,,,,2,60,1,,,2,,4,3,2,1,3,3,3,1,,2,2,2,,2,,1,1,1,2,2
443303,2,59,0,,1,1,1,2,2,2,,2,2,1,1,2,3,1,1,1,1,1,3,4,1,2,2,4,2,,,,,,,,,,,,,,,,,,,,,,,,,,,,,,,,,,,,,,,,,,,,,,,,,,,,,,,,,,,,,,,,,,,,,,,,,,,,,,,,,,
443404,2,54,0,,1,1,0,1,1,2,,2,2,1,1,2,3,1,1,2,1,2,2,1,3,3,1,3,2,,,,,,,,,,,,,,,,,,,,,,,,,,,,,,,,,,,,,,,,,,,,,,,,,,,,,,,,,,,,,,,,,,,,,,,,,,,,,,,,,,
443501,1,49,2,3,3,5,1,1,1,1,1,1,2,1,1,2,4,1,2,2,2,1,1,1,2,1,1,1,1,2,2,2,2,2,2,2,2,2,2,2,,,,,,,,,,,,,,,,,,,,,,,,,,,,,,,,,,,,,,,,,,,,,,,,,,,,,,,,,,,,1,1,1,2,,1,1,1,1,1,1,1
443602,1,20,7,3,3,5,2,1,1,1,1,2,1,1,1,1,4,1,2,2,1,1,1,1,1,1,1,1,2,2,2,2,2,2,2,2,2,2,2,2,,,,,,,,,,,,,,,,,,,,,,,,,,,,,,,,,,,,,,,,,,,,,,,,,,,,,,,,,,,,3,2,2,2,,2,,1,1,1,1,1
443703,1,56,3,3,3,5,2,1,1,1,2,2,2,1,1,2,2,1,2,2,2,2,1,1,2,1,1,1,2,1,2,1,2,2,2,2,2,2,1,1,1,2,1,3,20,1,1,2,2,2,2,2,3,,,,,,,,,,,,,,,,,,,,,,,,,,,,,,,,1,30,1,1,60,1,5,1,2,2,1,3,3,1,1,,2,2,2,,1,1,1,1,1,1,1
443804,2,54,3,3,2,3,0,1,1,2,,2,2,2,,,2,1,2,2,2,1,1,1,1,1,1,1,1,1,1,,1,,2,1,2,2,1,1,2,2,1,3,210,1,1,2,1,2,2,2,3,1,5,5,1,2,2,2,2,2,2,2,2,1,1,2,3,5,2,0,0,0,0,0,0,0,1,1,,,,,1,5,2,1,5,2,,1,3,2,1,2,3,3,1,,2,1,2,,1,1,1,1,1,1,1
443901,1,15,2,6,2,3,1,2,2,2,,2,2,1,1,2,4,1,2,2,1,1,1,1,1,1,1,1,1,2,2,1,1,,2,2,2,2,1,1,1,2,1,2,20,1,2,1,2,2,2,2,4,1,4,20,1,1,2,2,2,2,2,2,2,2,,,,,,,,,,,,,,,,,,,5,30,1,1,60,1,7,1,2,2,1,3,3,1,3,,2,1,1,2,2,,1,1,1,1,1
444002,1,55,2,6,2,5,2,1,1,2,,2,2,1,1,2,4,1,1,2,1,1,1,1,1,1,1,1,1,2,1,,2,2,2,2,2,2,2,2,2,2,1,2,30,1,2,2,1,2,2,2,2,,,,,,,,,,,,,,,,,,,,,,,,,,,,,,,,,,,,,1,5,2,3,2,1,3,3,3,1,,2,2,2,,2,,1,1,1,1,1
444103,2,14,3,2,3,5,1,1,1,1,1,2,2,1,1,2,9,1,1,2,1,1,1,1,2,1,1,1,1,2,2,1,2,2,2,2,2,2,2,1,1,2,1,2,60,2,2,2,2,1,2,2,3,,,,,,,,,,,,,,,,,,,,,,,,,,,,,,,,,,,1,120,1,4,2,1,2,1,2,3,3,1,,2,2,2,,2,,1,1,1,1,1
444204,2,72,2,2,1,2,1,1,2,2,,2,2,2,,,1,1,2,2,1,2,1,1,1,1,1,1,1,1,2,2,2,2,1,,2,2,2,2,,,,,,,,,,,,,,,,,,,,,,,,,,,2,1,2,30,1,0,0,0,0,0,0,0,1,3,,,,,,,,,,2,,1,2,1,2,3,3,1,1,,2,2,2,,2,,1,2,2,1,2
444301,1,65,8,5,1,3,3,1,1,1,1,2,2,1,1,2,2,1,2,2,1,1,1,1,1,1,1,1,2,1,1,,1,,1,,2,2,1,1,3,1,1,1,3,2,2,1,2,1,1,2,3,3,4,30,2,2,1,2,2,2,1,1,2,2,1,2,7,30,1,1,1,1,1,1,1,1,0,1,,,,,1,60,1,1,60,2,,3,4,2,1,3,3,3,1,,2,2,2,,2,,1,1,1,1,1
444701,2,63,8,4,1,2,1,1,1,2,,2,2,1,1,1,2,1,1,2,1,1,1,1,1,1,1,1,1,1,1,,1,,2,1,1,,1,1,2,2,1,1,20,1,1,2,1,1,1,2,3,1,3,20,1,2,2,2,2,2,2,2,1,2,2,1,1,15,1,0,1,0,0,0,0,0,0,3,5,60,1,2,2,120,2,1,180,2,,4,4,2,1,1,3,3,1,,2,1,1,1,1,1,1,1,1,1,1
444802,1,52,8,4,1,2,1,1,2,1,1,2,2,1,1,1,1,1,2,2,1,1,1,1,1,1,1,1,2,2,2,1,2,1,1,,2,2,1,2,2,1,2,2,60,1,2,1,2,1,2,2,1,4,4,60,1,2,2,2,2,2,1,2,2,2,1,2,2,15,2,0,0,0,0,1,0,0,0,1,,,,,2,10,2,,,2,,4,4,2,1,2,3,3,1,,2,1,2,,1,2,1,2,1,2,2
444903,1,22,6,3,1,2,1,1,2,2,,2,2,2,,,3,1,2,2,1,1,3,3,3,1,1,1,1,1,2,2,2,2,2,2,1,,1,1,,,,,,,,,,,,,,,,,,,,,,,,,,,,,,,,,,,,,,,,,2,30,1,2,2,30,1,1,15,2,,2,4,2,1,2,3,3,1,,1,1,1,2,1,1,1,2,1,1,1
445004,2,86,2,6,3,5,3,1,1,1,1,2,2,1,1,2,2,1,2,2,1,1,1,2,1,1,1,1,2,,,,,,,,,,,,,,,,,,,,,,,,,,,,,,,,,,,,,,,,,,,,,,,,,,,,,,,,,,,,,,,,,,,,,,,,,,,,,,,,,,
445101,1,53,3,3,2,3,1,1,1,1,1,1,2,1,1,2,3,1,1,2,1,1,1,1,1,1,1,1,1,1,1,,2,2,2,2,2,2,1,2,40,1,2,1,60,2,2,1,1,2,2,2,1,,,,,,,,,,,,,,,,,,,,,,,,,,,,,,,,1,31,1,,,1,5,3,4,2,1,1,3,3,1,,2,2,2,,1,9,1,9,9,9,9
445202,2,62,2,3,3,5,1,1,1,1,1,1,2,1,1,2,4,1,1,2,1,1,1,1,1,1,1,1,1,1,2,2,1,,2,2,1,,1,1,,,,,,,,,,,,,,20,2,120,2,1,2,2,2,2,2,2,2,2,,,,,,,,,,,,,,,2,120,1,2,1,60,1,2,30,1,5,4,4,2,1,1,3,3,1,,1,1,1,2,1,1,1,1,1,1,1
445303,2,69,2,1,3,5,1,1,1,2,,2,2,1,1,1,5,1,1,2,2,2,3,3,3,2,2,1,1,1,1,,1,,2,2,2,2,1,1,5,2,1,2,60,1,2,2,1,2,2,2,2,4,2,60,1,2,2,2,2,1,2,2,2,2,,,,,,,,,,,,,,,,,,,1,15,1,5,10,2,,2,3,1,2,3,3,3,1,,2,2,2,,2,,1,2,1,2,2
445404,2,56,6,3,3,5,2,1,1,1,1,1,1,1,1,1,4,1,1,2,2,1,1,1,2,1,1,1,1,1,1,,1,,1,,2,2,1,1,3,2,1,2,60,1,2,2,1,2,2,2,3,6,3,30,1,2,2,2,2,1,2,2,2,2,2,1,3,60,1,1,0,0,0,0,0,0,1,2,,,,,1,30,1,2,60,2,,2,3,2,1,1,3,3,1,,2,1,1,2,1,1,1,1,1,1,1
445501,1,45,6,3,2,3,0,1,1,2,,2,2,1,1,1,5,1,2,2,1,1,1,1,1,1,1,1,1,1,1,,1,,2,1,2,1,1,1,3,2,1,2,60,1,2,2,1,1,2,2,2,4,2,15,1,2,2,1,1,1,2,2,2,2,1,2,2,20,1,1,0,0,0,1,0,0,0,1,2,40,2,1,1,30,1,1,30,1,6,2,2,2,1,2,3,3,1,,2,2,2,,1,1,1,1,1,1,1
445602,1,28,8,4,2,4,1,1,1,1,1,2,2,1,1,1,3,1,2,2,1,1,1,1,1,1,1,1,2,1,2,1,2,1,2,1,2,2,1,1,7,1,1,2,300,2,1,1,2,2,1,2,1,5,2,100,2,2,2,2,2,2,1,1,2,2,1,2,2,30,1,0,0,0,0,0,0,1,0,1,,,,,2,300,1,1,60,2,,3,4,2,1,1,3,3,1,,1,1,1,2,1,3,1,1,1,2,1
445703,1,73,3,3,1,2,1,1,1,2,,2,2,1,1,2,2,1,2,2,2,2,2,1,1,1,1,1,2,1,1,,2,2,2,2,2,2,2,1,1,2,1,2,60,2,2,2,1,2,2,2,2,,,,,,,,,,,,,,,,,,,,,,,,,,,,,,,,,,,2,10,2,,1,1,2,1,2,3,1,1,,2,2,2,,2,,1,2,1,1,2
445804,1,56,3,3,3,5,1,1,1,2,,1,2,1,1,2,4,1,1,2,1,1,1,1,1,1,1,1,1,1,1,,2,2,1,,2,2,2,2,1,2,1,3,180,1,2,1,2,2,2,2,3,,,,,,,,,,,,,,2,1,2,60,1,1,1,0,0,0,0,0,0,2,,,,,,,,,,2,,4,3,2,1,2,3,1,1,,2,1,1,1,1,1,1,2,1,1,2
446002,1,62,7,3,3,6,1,1,1,1,1,1,2,1,1,1,5,1,2,2,1,1,1,1,1,1,1,1,1,2,2,2,2,2,2,2,2,2,2,2,,,,,,,,,,,,,,,,,,,,,,,,,,,,,,,,,,,,,,,,,,,,,,,,,,,,,,,,,,,,1,2,1,1,3,1,2,1,2,1,1,1
446103,1,34,3,3,2,3,0,1,1,1,1,2,2,1,1,2,6,1,1,2,1,1,1,1,1,1,1,1,1,1,2,1,2,2,2,2,2,2,2,1,4,2,1,4,30,2,1,2,2,2,2,2,2,,,,,,,,,,,,,,,,,,,,,,,,,,,,,,,,,,,1,30,2,,3,3,2,1,1,3,3,1,,2,2,2,,1,1,1,1,1,1,1
446204,2,13,2,6,3,5,1,1,1,2,,1,2,1,1,2,5,1,2,2,1,1,1,1,2,1,1,1,2,1,1,,2,2,2,2,2,2,2,1,1,1,2,5,60,1,2,2,2,1,2,2,1,,,,,,,,,,,,,,,,,,,,,,,,,,,,,,,,,,,1,60,1,7,2,2,2,1,3,3,1,1,,2,2,1,2,1,1,1,1,1,2,2
446301,2,60,10,2,3,7,1,1,1,2,,1,2,1,1,1,1,1,2,2,1,1,1,1,1,1,1,1,2,1,1,,1,,2,1,2,2,1,1,6,2,1,1,60,1,2,1,2,1,1,2,3,2,4,30,1,2,2,2,1,2,1,1,2,2,1,2,7,45,1,1,1,1,1,0,1,0,0,1,,,,,3,20,1,1,30,2,,3,4,1,1,2,3,3,1,,2,1,1,2,1,5,1,1,1,1,1
446402,1,30,8,4,2,5,1,1,1,2,,1,2,1,1,1,2,1,2,2,2,1,1,1,2,1,1,1,2,1,1,,2,2,2,2,2,1,1,1,3,2,1,2,20,1,1,1,2,2,1,2,1,,,,,,,,,,,,,,,,,,,,,,,,,,,,4,10,1,2,2,30,1,1,240,2,,2,3,2,1,3,3,3,1,,2,2,1,2,1,1,1,2,2,2,2
446503,2,72,2,6,2,3,2,1,1,2,,2,2,1,1,2,2,1,2,2,1,1,1,1,1,1,1,1,2,2,2,2,2,2,2,2,2,2,2,2,,,,,,,,,,,,,,,,,,,,,,,,,,,,,,,,,,,,,,,,,,,,,,,,,,,,,,,,,,,,6,2,2,2,,2,,1,2,2,2,2
446604,2,82,2,6,3,4,2,1,1,2,,2,2,2,,,2,1,2,2,1,2,1,1,2,1,1,1,2,2,2,2,2,2,2,2,2,2,2,2,,,,,,,,,,,,,,,,,,,,,,,,,,,,,,,,,,,,,,,,,,,,,,,,,,,,,,,,,,,,5,2,2,2,,2,,1,2,2,2,2
446701,1,67,6,3,3,5,1,1,1,1,1,2,2,1,1,1,2,1,2,2,1,1,1,2,2,1,1,1,2,2,2,1,2,2,2,2,2,2,2,2,1,2,1,1,30,1,2,2,1,2,2,2,2,,,,,,,,,,,,,,,,,,,,,,,,,,,,,,,,,,,,,2,,2,2,2,2,1,3,3,1,,1,2,1,1,1,1,1,1,1,1,1
446903,2,35,10,1,1,3,1,1,1,2,,1,2,2,,,2,1,1,1,2,1,1,1,2,1,1,3,1,1,1,,2,2,2,2,2,2,2,1,4,2,1,2,20,1,1,2,1,2,2,2,4,,,,,,,,,,,,,,,,,,,,,,,,,,,,,,,,,,,1,20,2,,4,3,2,1,3,3,3,1,,2,2,2,,2,,1,1,1,1,2
447303,1,65,8,5,3,6,1,1,1,1,1,1,2,1,1,1,2,1,2,2,1,1,1,1,2,1,1,1,1,1,1,,2,1,2,1,2,2,2,1,3,1,2,1,30,1,2,2,1,2,1,2,1,7,1,15,1,2,1,2,1,2,1,2,2,2,1,2,7,10,1,1,0,0,0,0,0,0,0,1,,,,,,,,1,10,2,,2,2,2,1,3,3,3,1,,2,2,2,,1,5,1,2,1,1,1
447404,2,51,3,3,2,4,2,1,1,2,,2,2,1,1,2,3,1,1,2,2,1,1,3,1,1,1,1,2,1,1,,1,,2,2,1,,1,1,10,2,1,1,60,1,2,2,1,1,1,2,3,5,2,30,1,2,2,1,2,2,2,2,1,2,,,,,,,,,,,,,,,1,60,2,1,2,20,1,1,30,1,8,3,3,2,1,3,3,3,1,,2,1,1,2,1,1,1,1,1,1,1
447501,2,71,6,3,1,2,1,2,1,2,,1,1,1,1,2,1,1,2,2,1,1,1,2,1,1,1,1,2,1,1,,1,,2,2,2,2,1,1,1,1,1,1,120,1,2,2,1,2,2,2,2,3,1,60,1,2,2,2,2,1,2,2,2,2,,,,,,,,,,,,,,,,,,,5,30,1,1,120,2,,3,3,2,1,3,3,3,1,,2,2,2,,2,,1,2,2,2,2
447602,1,36,6,3,2,3,1,1,1,1,2,2,2,1,1,2,5,1,2,2,1,1,1,1,1,1,1,1,1,1,2,2,2,2,2,2,2,2,1,1,,,,,,,,,,,,,,,,,,,,,,,,,,,,,,,,,,,,,,,,,,,,,2,40,2,1,180,2,,3,3,2,1,2,3,3,1,,2,1,2,,1,1,1,1,1,1,1
447703,1,28,3,3,2,5,1,1,1,1,1,2,2,1,1,1,5,1,2,2,1,1,1,1,1,1,1,1,2,2,2,1,2,2,2,2,2,2,1,1,1,1,2,1,20,1,2,2,1,2,2,2,1,,,,,,,,,,,,,,,,,,,,,,,,,,,,,,,,5,10,1,1,30,1,6,2,4,2,2,1,3,3,1,,2,1,1,2,1,1,1,1,1,1,1
447804,2,18,3,3,1,3,1,1,1,2,,2,2,2,,,3,1,2,2,1,1,1,1,1,1,1,1,2,1,2,2,2,1,2,2,1,,1,1,,,,,,,,,,,,,,2,2,60,1,2,2,2,2,2,2,2,1,2,,,,,,,,,,,,,,,5,40,1,2,5,20,1,1,120,2,,2,3,1,1,2,3,3,1,,2,2,2,,2,,1,2,9,1,1
447901,2,56,2,6,2,3,0,1,2,2,,2,2,2,,,4,1,1,2,3,2,2,2,3,2,2,2,1,2,1,,2,2,2,2,2,2,2,2,1,2,1,3,10,1,2,2,1,2,2,2,2,,,,,,,,,,,,,,,,,,,,,,,,,,,,,,,,,,,,,2,,2,1,2,2,3,3,1,1,,2,2,2,,2,,1,2,1,1,2
448002,2,60,2,6,1,3,2,1,1,1,2,2,2,1,1,2,2,1,1,2,3,1,1,2,2,1,1,1,1,2,2,2,2,2,2,2,2,2,2,1,,,,,,,,,,,,,,,,,,,,,,,,,,,,,,,,,,,,,,,,,,,,,,,,5,60,,,,,,,,,,,1,2,2,2,,2,,1,2,2,2,2
448103,1,45,8,5,2,4,2,1,2,2,,1,2,1,1,2,4,1,2,2,1,1,1,1,1,1,1,1,1,1,2,2,2,2,2,2,2,2,1,2,,,,,,,,,,,,,,,,,,,,,,,,,,,,,,,,,,,,,,,,,,,,,1,60,1,,,1,7,4,4,2,2,2,3,3,3,,2,2,2,,1,1,1,2,1,2,2
448204,2,47,2,5,1,2,1,1,2,2,,2,2,2,,,2,1,2,2,2,1,1,1,1,1,1,1,1,2,2,2,2,2,2,2,2,2,1,1,,,,,,,,,,,,,,,,,,,,,,,,,,,,,,,,,,,,,,,,,,,,,3,20,1,2,10,2,,2,1,2,1,1,3,1,3,,2,2,2,,2,,1,2,1,1,2
448402,1,34,8,5,2,4,2,1,1,1,1,2,2,2,,,3,1,2,2,1,1,1,1,1,1,1,1,2,1,2,1,2,1,2,1,2,2,1,1,2,1,2,2,60,2,1,1,2,2,1,2,1,3,2,60,2,2,2,2,1,2,1,1,2,2,1,2,3,60,1,0,0,0,0,1,0,0,0,1,,,,,1,60,1,1,60,2,,4,4,2,1,3,3,3,1,,2,1,2,,1,1,1,1,1,1,2
448802,2,25,8,1,1,1,0,1,1,2,,2,1,1,1,2,3,1,2,2,3,1,1,1,2,1,1,1,2,1,2,1,2,2,2,2,2,2,2,1,4,2,1,3,5,2,2,2,2,2,2,1,2,,,,,,,,,,,,,,,,,,,,,,,,,,,,,,,,,,,1,120,1,8,2,3,2,1,1,3,3,1,,2,2,1,1,2,,1,1,1,1,1
448903,1,22,8,5,3,5,1,1,1,1,1,2,2,1,1,2,5,1,2,2,1,1,1,1,1,1,1,1,2,2,2,1,1,,1,,2,2,1,1,10,1,2,4,20,2,1,2,2,2,2,2,2,5,2,20,1,2,1,2,2,2,2,2,2,2,1,2,2,15,1,1,1,0,0,0,0,0,0,1,,,,,2,15,1,1,30,2,,3,3,1,2,1,3,1,1,,2,1,1,2,1,2,1,1,1,1,1
449004,2,50,3,3,2,3,1,1,1,1,1,2,2,1,1,2,5,1,2,2,2,2,2,1,1,1,1,1,2,1,2,2,2,2,2,2,2,2,1,1,,,,,,,,,,,,,,,,,,,,,,,,,,,,,,,,,,,,,,,,,,,,,1,30,1,1,30,1,6,4,4,2,2,2,3,3,1,,1,2,2,,1,1,1,2,1,1,1
449101,1,75,8,5,2,3,2,1,1,1,1,1,2,1,1,2,2,1,2,2,1,1,1,1,1,1,1,1,2,1,1,,2,1,2,1,2,2,1,2,4,1,1,3,360,1,2,2,2,1,1,2,3,5,2,30,1,1,1,1,1,1,1,1,1,2,1,2,7,20,1,0,1,1,0,0,0,0,0,1,,,,,2,60,1,,,1,3,4,3,2,1,2,3,3,1,,2,1,1,2,1,1,1,1,1,1,1
449202,2,54,8,4,2,3,2,1,1,1,1,1,2,1,1,1,3,1,1,2,1,1,1,1,1,1,1,1,2,1,1,,2,2,2,2,2,2,1,1,2,1,2,4,20,1,2,2,2,1,2,2,1,,,,,,,,,,,,,,,,,,,,,,,,,,,,,,,,5,15,1,5,15,2,,1,2,2,1,2,3,3,1,,1,1,1,2,1,9,1,1,1,1,1
449303,2,50,6,3,3,4,2,1,1,1,1,1,1,1,1,2,4,1,2,2,2,2,1,2,1,1,1,1,2,1,2,2,1,,1,,1,,1,1,,,,,,,,,,,,,,3,3,120,1,2,2,2,2,2,2,1,2,2,1,2,7,30,1,1,1,1,1,1,1,1,0,2,5,30,1,2,1,90,1,1,60,2,,2,3,1,1,1,3,3,2,,2,2,2,,2,,1,2,2,2,2
449404,2,37,6,3,3,5,2,1,1,1,2,1,1,1,1,1,4,1,1,2,2,1,1,1,1,1,1,1,2,1,1,,2,2,2,2,2,2,2,1,3,1,2,2,60,1,2,2,1,2,2,2,1,,,,,,,,,,,,,,,,,,,,,,,,,,,,,,,,,,,1,60,1,2,2,3,2,1,1,3,3,1,,1,1,1,1,1,2,1,1,1,1,1
449501,1,17,6,2,3,5,2,1,1,1,1,1,1,1,1,2,4,1,2,2,1,1,1,1,1,1,1,1,2,2,2,1,2,2,2,2,1,,2,2,1,2,1,3,40,2,2,1,2,2,2,2,3,,,,,,,,,,,,,,,,,,,,,,,,,,,,4,60,2,1,,,,,,2,,3,3,2,1,2,3,3,3,,2,2,2,,1,2,1,2,1,2,2
449602,1,42,6,3,1,4,1,1,1,2,,2,1,2,,,1,1,1,2,1,1,1,1,1,1,1,1,2,1,2,2,2,2,2,2,2,2,2,1,,,,,,,,,,,,,,,,,,,,,,,,,,,,,,,,,,,,,,,,,,,,,,,,1,30,,,,,,,,,,,1,2,1,1,1,2,,1,1,1,1,1
449703,1,63,8,2,3,5,1,1,1,1,1,1,2,1,1,1,4,1,2,2,1,1,1,1,1,1,1,1,2,1,2,1,2,1,1,,2,2,2,1,5,2,1,4,10,2,1,2,2,1,1,2,2,5,5,10,2,2,1,2,2,2,2,2,2,2,1,2,1,10,1,0,0,0,0,0,1,0,0,1,,,,,,,,1,120,2,,4,4,2,1,2,3,3,1,,2,1,1,1,1,1,1,2,1,2,2
449901,2,85,2,3,1,1,1,1,1,2,,2,2,2,,,2,1,2,2,1,1,2,2,2,1,1,1,2,1,2,2,2,2,2,2,2,2,2,2,,,,,,,,,,,,,,,,,,,,,,,,,,,,,,,,,,,,,,,,,,,,,,,,,,,,,,,,,,,,9,2,2,2,,2,,1,2,2,1,2
450002,1,41,2,6,1,2,1,1,2,2,,2,2,1,1,1,2,1,2,2,1,1,1,1,1,1,1,1,2,1,2,2,2,1,1,,2,2,2,1,,,,,,,,,,,,,,3,2,60,1,1,2,2,2,2,2,2,2,2,1,2,7,60,1,0,1,0,0,0,0,0,0,1,,,,,,,,1,120,1,5,2,2,2,1,3,3,3,1,,2,1,1,2,2,,1,1,1,1,2
450103,1,58,8,4,3,4,1,1,1,1,2,1,2,1,1,1,2,1,1,2,1,1,1,1,1,1,1,1,2,1,1,,2,2,2,2,2,2,1,1,2,2,1,2,20,1,1,2,1,1,1,2,3,,,,,,,,,,,,,,,,,,,,,,,,,,,,,,,,1,15,1,2,60,1,5,2,3,2,1,3,3,3,1,,2,2,2,,2,,1,2,1,2,2
450204,2,70,2,6,2,3,2,1,1,1,1,2,2,1,1,1,3,1,2,2,1,1,1,2,2,1,1,2,2,1,2,2,2,2,2,1,2,1,1,1,,,,,,,,,,,,,,,,,,,,,,,,,,,1,2,7,60,1,1,0,0,0,1,0,0,0,1,1,60,1,2,1,120,1,1,90,2,,2,2,2,1,1,3,1,1,,2,2,2,,2,,1,1,1,1,1
450301,2,14,3,2,2,2,3,1,1,1,1,2,2,2,,,3,1,2,2,1,1,1,1,2,1,1,1,2,1,1,,2,2,2,2,2,2,2,1,1,1,2,4,50,1,1,1,2,2,2,2,1,,,,,,,,,,,,,,,,,,,,,,,,,,,,,,,,,,,1,30,2,,2,1,1,1,3,2,3,2,,2,2,1,2,2,,1,2,1,2,2
450402,1,76,0,,2,3,1,2,2,2,,2,2,1,1,2,11,2,2,2,3,3,2,3,3,2,1,1,1,,,,,,,,,,,,,,,,,,,,,,,,,,,,,,,,,,,,,,,,,,,,,,,,,,,,,,,,,,,,,,,,,,,,,,,,,,,,,,,,,,
450503,2,13,2,6,3,5,1,1,1,2,,2,2,1,2,2,3,1,1,2,1,1,1,1,1,1,1,1,1,2,2,1,2,1,2,1,2,2,2,1,3,2,1,4,30,1,1,2,2,2,2,2,2,1,5,5,1,2,2,2,2,2,2,2,1,2,2,1,1,5,1,0,1,0,0,0,0,0,0,2,,,,,,,,3,15,1,7,3,3,2,1,1,3,3,1,,2,1,1,2,2,,1,1,1,1,2
450604,1,78,0,,2,2,0,1,2,2,,2,2,2,,,1,1,1,2,2,1,1,1,2,1,1,1,1,,,,,,,,,,,,,,,,,,,,,,,,,,,,,,,,,,,,,,,,,,,,,,,,,,,,,,,,,,,,,,,,,,,,,,,,,,,,,,,,,,
450701,2,58,2,6,1,2,1,2,2,2,,2,2,2,,,2,1,1,2,4,1,1,1,4,1,1,1,1,1,2,2,2,2,1,,2,2,2,2,,,,,,,,,,,,,,,,,,,,,,,,,,,2,1,4,10,1,1,0,1,0,0,0,0,0,2,,,,,,,,,,1,6,4,4,2,2,3,3,1,1,,2,2,2,,2,,1,2,2,2,2
450802,1,80,2,6,1,2,1,1,1,2,,2,2,2,,,1,1,1,2,2,1,3,2,3,1,3,2,1,2,2,2,2,2,2,2,2,2,2,2,,,,,,,,,,,,,,,,,,,,,,,,,,,,,,,,,,,,,,,,,,,,,,,,,,,,,,,,,,,,6,2,2,2,,2,,1,2,2,2,2
450903,2,31,0,,1,1,1,2,2,2,,2,2,2,,,4,1,1,2,1,1,1,1,1,1,1,1,2,1,1,,2,2,1,,1,,1,1,1,2,1,5,20,1,1,2,2,2,2,2,3,,,,,,,,,,,,,,2,1,1,20,2,0,0,1,1,0,0,0,0,3,3,10,2,1,3,60,1,3,60,1,5,2,3,1,1,1,3,3,1,,2,2,2,,1,1,2,,,,
451101,1,34,8,5,2,2,1,1,1,1,1,2,2,1,1,2,2,1,2,2,1,1,1,1,2,1,1,1,1,1,1,,2,2,2,2,2,2,2,1,1,2,1,3,30,1,2,2,2,1,2,2,2,,,,,,,,,,,,,,,,,,,,,,,,,,,,,,,,,,,1,60,2,,4,3,2,1,3,3,3,1,,2,2,2,,2,,1,2,2,2,2
451303,1,20,8,2,2,5,2,1,1,1,1,1,2,1,1,1,3,1,2,2,1,1,1,1,1,1,1,1,2,1,1,,1,,2,2,1,,1,1,5,2,1,3,60,1,2,2,2,2,1,2,3,2,5,28,1,2,2,2,2,2,2,1,2,2,,,,,,,,,,,,,,,2,60,1,2,1,60,1,1,60,1,7,1,3,2,1,1,3,1,1,,2,1,1,2,1,9,1,9,9,1,9
451501,1,51,2,6,3,5,1,1,1,2,,2,2,2,,,5,1,2,2,1,1,1,1,1,1,1,1,2,2,1,,2,2,2,2,2,2,2,2,6,2,1,1,30,1,2,2,1,2,2,2,3,,,,,,,,,,,,,,,,,,,,,,,,,,,,,,,,,,,,,2,,2,3,1,2,3,3,3,1,,1,1,1,1,1,5,1,1,1,1,1
451602,2,69,8,5,2,2,1,1,1,2,,1,2,1,1,2,2,1,2,2,1,1,1,1,1,1,1,1,2,1,1,,1,,1,,1,,1,1,4,2,1,2,120,1,2,1,2,1,2,2,3,2,2,120,1,2,1,2,2,2,2,1,2,2,2,1,1,30,1,0,0,0,1,0,0,0,0,2,2,30,2,1,1,30,1,1,30,1,7,2,3,1,2,2,3,3,1,,1,1,1,2,1,4,1,1,1,1,1
451703,1,37,8,3,1,1,2,1,2,1,1,1,2,1,1,1,1,1,1,2,3,1,1,1,2,1,1,1,2,1,1,,2,1,2,1,2,2,1,1,8,1,2,1,20,1,2,2,1,2,1,2,1,1,5,10,1,2,2,2,2,2,2,1,2,2,1,2,1,10,1,0,0,0,1,0,0,0,0,1,,,,,1,30,1,1,120,2,,1,2,2,1,1,3,1,1,,2,2,2,,1,1,1,1,1,1,1
451804,2,78,5,3,1,1,1,1,1,2,,2,2,2,,,1,1,2,2,2,2,2,2,2,2,2,1,2,2,2,2,2,2,2,2,2,2,2,2,,,,,,,,,,,,,,,,,,,,,,,,,,,,,,,,,,,,,,,,,,,,,,,,,,,,,,,,,,,,6,2,2,2,,2,,1,9,9,9,9
451901,2,66,3,3,1,2,1,1,1,2,,2,2,2,,,1,1,1,2,2,1,1,1,1,1,1,1,2,1,1,,2,2,2,2,2,2,2,1,2,2,1,1,60,1,2,2,1,2,2,2,3,,,,,,,,,,,,,,,,,,,,,,,,,,,,,,,,,,,1,50,2,,4,1,2,1,2,3,3,1,,2,2,2,,2,,1,2,2,1,1
452002,1,52,3,3,2,3,1,1,2,2,,1,2,1,1,2,5,1,1,2,1,1,1,1,2,1,1,1,1,1,1,,2,1,1,,2,2,1,1,1,1,2,3,10,1,2,2,1,2,2,2,1,7,1,20,2,2,2,2,2,2,1,2,2,2,1,2,7,3,1,1,0,0,0,1,1,0,0,1,,,,,2,20,2,1,30,2,,1,1,2,1,2,3,1,1,,2,2,1,2,1,1,1,2,2,2,2
452103,2,39,3,3,1,5,1,1,1,2,,1,2,1,1,2,4,1,2,2,1,1,1,1,1,1,1,1,1,1,1,,2,2,2,2,2,2,1,1,2,2,1,2,60,2,2,1,2,2,2,2,2,,,,,,,,,,,,,,,,,,,,,,,,,,,,,,,,2,20,1,1,20,2,,2,3,2,1,1,3,3,1,,2,1,1,1,2,,1,1,1,1,2
452204,2,71,2,6,2,3,1,1,1,2,,1,2,1,1,2,4,1,1,2,1,1,3,3,1,1,1,1,2,1,1,,2,2,2,2,2,2,2,1,1,2,1,1,60,1,2,2,1,2,2,2,3,,,,,,,,,,,,,,,,,,,,,,,,,,,,,,,,,,,1,30,2,,2,2,2,2,1,3,3,1,,2,2,2,,2,,1,2,2,2,2
452301,2,21,8,2,3,7,3,1,1,1,2,1,1,1,1,1,4,1,2,2,1,1,1,1,2,1,1,1,2,1,1,,2,2,2,1,1,,1,1,4,2,1,2,60,1,1,1,1,1,2,2,3,,,,,,,,,,,,,,1,2,1,30,1,0,0,1,0,0,0,0,0,1,5,60,1,2,1,60,1,1,90,1,5,2,3,2,1,2,3,3,1,,1,1,1,1,1,1,1,1,1,1,1
452402,1,32,8,5,3,7,2,1,2,2,,2,2,2,,,3,1,1,2,2,1,1,1,1,1,1,1,2,1,2,1,1,,2,1,2,2,1,1,3,2,1,1,240,2,1,1,1,2,1,2,2,1,4,10,1,1,2,2,2,2,2,2,2,2,1,2,2,20,1,0,1,0,0,0,0,0,0,1,,,,,2,20,1,1,30,2,,3,4,2,1,3,3,3,1,,2,1,2,,1,2,1,1,1,1,2
452503,2,74,2,3,1,3,1,1,1,2,,2,2,2,,,2,1,2,2,1,1,1,2,1,1,1,1,2,1,1,,2,2,2,2,2,2,2,1,2,2,1,2,30,1,2,2,1,1,1,2,3,,,,,,,,,,,,,,,,,,,,,,,,,,,,,,,,,,,1,60,2,,4,3,2,2,3,3,3,1,,2,2,2,,1,1,1,1,1,9,2
452604,1,22,8,3,2,5,2,1,1,1,2,1,2,1,1,1,4,1,2,2,1,1,1,1,1,1,1,1,2,2,2,2,2,2,2,1,2,2,2,1,,,,,,,,,,,,,,,,,,,,,,,,,,,1,2,1,20,1,0,0,0,0,0,0,1,0,1,,,,,,,,1,60,1,5,2,3,2,2,1,3,3,1,,1,1,1,2,1,2,1,1,1,2,2
452701,2,23,6,3,3,5,1,1,1,1,1,2,2,1,1,2,4,1,1,2,1,1,1,1,2,1,1,2,1,1,2,2,2,2,2,2,1,,1,2,,,,,,,,,,,,,,,,,,,,,,,,,,,,,,,,,,,,,,,,,5,30,1,2,5,30,1,,,1,5,3,4,2,1,2,3,3,1,,1,1,1,2,1,2,1,1,1,1,1
452802,1,27,6,3,3,5,2,1,1,1,1,1,1,1,1,1,4,1,1,2,2,1,1,1,2,1,2,1,2,1,1,,1,,2,1,1,,1,1,3,1,1,2,120,1,2,2,2,1,1,2,4,2,4,10,1,1,2,2,2,2,2,1,1,2,1,2,1,10,1,0,0,0,0,0,0,1,0,1,2,120,2,1,2,30,1,1,120,1,5,4,4,2,1,2,3,3,3,,2,2,2,,1,1,1,1,2,1,2
453101,2,58,8,3,1,4,1,1,1,1,1,1,2,1,1,1,2,1,2,2,1,1,1,3,1,2,1,1,2,1,1,,2,2,2,2,2,2,2,1,3,2,1,2,30,2,2,2,1,1,2,2,3,,,,,,,,,,,,,,,,,,,,,,,,,,,,,,,,,,,1,60,2,,2,3,2,1,3,3,3,3,,2,2,2,,2,,1,1,1,1,2
453202,1,22,8,3,1,1,1,1,1,2,,1,2,1,1,2,1,1,1,2,1,1,1,1,1,1,1,1,2,1,1,,2,1,2,2,2,2,1,1,5,1,1,1,240,2,1,1,2,2,2,2,1,1,2,30,1,1,2,2,2,2,2,2,2,2,,,,,,,,,,,,,,,,,,,1,30,2,1,120,1,5,4,4,2,1,1,3,3,1,,1,1,1,2,1,2,1,1,1,2,2
453303,1,38,8,4,3,5,1,1,1,2,,2,2,1,1,1,3,1,2,2,1,1,1,1,1,1,1,1,2,2,2,1,1,,2,1,1,,1,1,10,1,2,1,30,2,1,1,2,2,2,2,1,2,4,15,1,2,2,1,2,2,1,2,2,2,1,2,2,30,1,0,1,0,1,0,0,0,0,1,5,60,1,2,1,120,2,1,400,1,5,2,4,2,1,3,3,1,1,,2,1,1,1,1,1,1,2,1,1,2
453404,1,75,8,5,1,4,1,1,1,2,,1,2,1,1,1,1,1,2,2,1,1,1,1,1,1,1,1,2,1,1,,2,1,1,,2,2,2,1,50,2,1,1,120,1,2,2,2,1,1,2,3,12,4,30,1,2,2,2,2,2,2,1,2,2,1,2,7,60,1,1,1,1,1,1,1,1,0,1,,,,,,,,1,60,2,,2,4,1,2,2,3,3,1,,1,1,1,2,1,5,1,1,1,1,1
453501,1,67,2,2,2,4,1,1,1,2,,2,2,2,,,1,1,2,2,1,1,1,1,1,1,1,1,1,1,2,2,1,,2,2,1,,2,2,,,,,,,,,,,,,,2,3,120,2,2,2,2,2,2,2,2,1,2,,,,,,,,,,,,,,,2,60,2,1,,,,,,2,,1,1,2,2,2,3,3,1,,2,1,2,,1,1,1,2,1,1,2
453602,1,41,3,3,1,3,1,1,2,2,,2,2,2,,,1,1,1,2,2,1,1,1,1,1,1,1,1,1,2,2,2,2,2,2,2,2,2,1,,,,,,,,,,,,,,,,,,,,,,,,,,,,,,,,,,,,,,,,,,,,,,,,1,120,,,,,,,,,,,3,2,2,2,,2,,1,1,1,1,1
453703,1,31,8,4,1,1,1,1,1,1,1,1,1,1,1,2,1,1,1,2,1,1,1,1,1,1,1,1,2,2,2,2,2,2,2,2,2,2,1,1,,,,,,,,,,,,,,,,,,,,,,,,,,,,,,,,,,,,,,,,,,,,,5,60,1,1,360,2,,4,4,2,1,3,3,3,3,,1,1,1,2,1,2,1,9,1,2,2
453804,1,13,3,1,2,4,1,1,1,1,1,1,1,1,1,1,4,1,1,2,2,1,1,1,1,1,1,1,2,1,1,,1,,1,,2,2,1,2,1,1,2,5,20,1,2,1,2,2,2,2,3,1,5,20,1,2,2,2,2,2,1,2,2,2,1,2,4,20,1,0,0,1,0,0,0,0,0,1,,,,,5,20,1,,,1,5,1,3,2,1,1,1,3,1,,1,1,1,2,1,1,1,1,1,1,1
453901,2,62,2,6,2,3,1,1,1,2,,1,1,1,1,2,6,1,1,2,1,1,1,2,1,1,1,1,1,1,1,,2,2,2,1,2,2,2,1,1,2,1,2,30,1,2,2,1,2,2,2,2,,,,,,,,,,,,,,1,2,1,5,1,1,0,0,0,0,0,0,0,1,,,,,,,,1,10,1,5,2,2,2,1,2,3,3,1,,2,2,2,,2,,1,2,1,1,2
454002,2,37,8,5,2,3,1,1,1,1,1,2,1,1,1,2,5,1,2,2,1,1,1,1,2,1,1,1,2,2,2,1,2,2,2,2,2,2,2,1,2,2,1,5,10,2,1,2,2,2,2,2,3,,,,,,,,,,,,,,,,,,,,,,,,,,,,,,,,,,,1,60,1,3,2,3,2,1,3,3,3,1,,1,2,1,2,1,2,1,1,1,1,2
454103,2,83,2,2,2,3,1,1,1,2,,2,2,1,1,1,4,1,2,2,3,1,2,3,3,3,1,3,2,2,2,2,2,2,2,2,2,2,2,2,,,,,,,,,,,,,,,,,,,,,,,,,,,,,,,,,,,,,,,,,,,,,,,,,,,,,,,,,,,,6,2,2,2,,1,1,1,2,1,1,2
454204,1,20,6,3,2,3,1,1,1,2,,2,2,1,1,2,4,1,1,2,1,1,1,2,2,1,1,1,1,2,2,1,2,2,2,2,1,,1,1,1,2,1,5,180,2,1,2,2,2,2,2,2,,,,,,,,,,,,,,,,,,,,,,,,,,,,3,60,1,2,3,60,1,1,240,1,5,1,2,2,1,1,3,3,1,,2,2,2,,2,,1,1,1,1,2
454503,2,15,3,2,2,3,1,2,2,2,,2,2,2,,,5,1,1,2,1,1,1,1,1,1,1,1,1,1,1,,2,2,2,2,2,1,2,1,3,2,1,1,60,1,2,2,2,1,2,2,2,,,,,,,,,,,,,,,,,,,,,,,,,,,,2,120,2,1,,,,2,30,1,5,2,2,1,2,2,3,1,3,,2,2,2,,1,1,1,1,1,1,1
454701,2,31,6,3,2,3,0,2,2,2,,2,2,2,,,3,1,1,2,1,1,1,1,1,1,1,1,1,1,2,1,2,2,2,1,2,2,2,1,10,1,2,3,180,2,1,2,2,2,2,2,1,,,,,,,,,,,,,,1,2,2,30,1,0,1,0,0,0,0,0,0,1,,,,,,,,1,120,1,8,3,3,1,1,3,3,3,1,,2,2,2,,2,,1,1,1,2,2
454802,2,40,6,3,1,3,0,1,1,2,,2,2,1,1,2,1,1,2,2,2,2,1,1,1,1,1,3,1,1,1,,2,2,1,,2,2,1,1,1,2,1,2,40,2,2,2,1,2,2,2,3,,,,,,,,,,,,,,2,1,1,15,1,0,0,0,0,0,0,1,0,3,,,,,2,30,2,2,40,2,,2,3,1,1,2,3,3,1,,2,1,1,2,1,1,1,1,1,1,1
454903,2,59,5,3,2,3,2,1,1,2,,2,2,1,1,2,1,1,1,2,2,1,1,1,1,1,1,1,1,2,2,1,1,,1,,2,2,2,1,2,2,1,1,30,1,1,2,1,1,2,2,2,4,2,30,2,2,2,1,1,2,1,2,2,2,2,1,3,20,1,1,0,0,0,0,0,0,0,2,,,,,,,,2,20,1,5,4,4,2,1,3,3,3,1,,2,2,2,,1,1,1,2,1,1,1
455004,1,17,6,1,3,4,0,1,2,2,,2,2,2,,,6,1,1,2,1,2,1,1,3,1,2,1,1,2,2,1,2,2,2,2,2,1,1,1,4,2,1,2,60,1,2,2,1,2,2,2,1,,,,,,,,,,,,,,,,,,,,,,,,,,,,5,60,1,2,3,60,1,5,60,2,,1,1,2,1,2,3,1,3,,2,1,2,,1,1,1,2,1,1,2
455101,1,53,2,6,3,5,2,1,1,1,1,2,2,1,1,2,2,1,1,2,2,1,1,1,2,1,1,1,1,2,2,1,2,2,2,2,2,2,2,2,1,2,1,5,60,2,1,2,2,2,2,2,3,,,,,,,,,,,,,,,,,,,,,,,,,,,,,,,,,,,,,2,,1,1,2,2,2,3,3,1,,2,1,1,1,2,,1,2,1,1,2
455303,2,55,0,,2,3,0,1,1,2,,2,2,2,,,2,1,1,2,1,1,1,1,1,1,1,1,1,,,,,,,,,,,,,,,,,,,,,,,,,,,,,,,,,,,,,,,,,,,,,,,,,,,,,,,,,,,,,,,,,,,,,,,,,,,,,,,,,,
455404,2,62,2,2,3,4,1,1,1,2,,2,2,2,,,1,1,2,2,2,1,3,3,1,2,1,3,1,,,,,,,,,,,,,,,,,,,,,,,,,,,,,,,,,,,,,,,,,,,,,,,,,,,,,,,,,,,,,,,,,,,,,,,,,,,,,,,,,,
455501,1,13,2,6,1,4,0,2,1,2,,1,2,1,1,2,2,1,1,2,1,2,1,1,1,1,1,1,1,2,2,1,1,,1,,1,,1,1,2,1,2,2,120,1,1,2,2,1,1,2,2,2,2,120,1,1,2,2,2,2,2,1,2,2,1,2,1,60,1,0,0,0,0,0,0,1,0,1,1,180,2,1,1,120,1,1,30,1,7,3,3,2,1,1,3,3,1,,1,1,1,3,1,3,1,1,1,1,1
455602,1,42,6,3,1,1,0,2,2,2,,2,2,1,1,2,1,1,1,1,1,1,1,2,1,1,1,1,1,1,1,,2,1,2,1,1,,1,1,1,2,1,2,60,1,2,2,1,2,2,2,2,2,2,60,1,2,2,2,1,1,2,1,2,2,1,2,6,30,2,0,0,0,0,0,0,1,0,1,2,30,1,2,2,30,1,1,60,2,,2,3,2,1,2,3,3,1,,2,2,2,,2,,1,1,1,1,1
455703,2,16,3,3,2,5,0,1,2,2,,1,2,2,,,4,1,1,2,2,1,1,1,2,1,1,2,1,1,1,,1,,2,2,2,1,1,1,2,1,2,1,30,1,2,2,2,1,2,2,1,2,2,60,1,2,2,2,2,2,2,2,1,2,,,,,,,,,,,,,,,2,30,2,1,2,20,1,1,30,2,,3,2,2,1,1,3,1,1,,2,1,1,2,1,1,1,1,1,1,1
455804,2,45,2,5,3,5,0,1,2,2,,2,2,2,,,4,1,2,1,2,1,3,3,2,1,1,1,1,2,2,1,2,2,2,2,2,2,2,2,5,2,1,2,5,2,2,1,2,2,2,2,2,,,,,,,,,,,,,,,,,,,,,,,,,,,,,,,,,,,,,2,,1,1,2,2,1,3,3,1,,2,2,2,,1,1,1,9,1,1,9
455901,1,30,6,3,3,5,0,1,1,1,1,2,2,2,,,3,1,1,2,1,1,1,1,2,1,1,1,1,1,2,1,2,1,1,,1,,1,1,1,1,2,3,30,1,1,2,2,2,2,2,1,3,2,10,1,1,1,2,2,2,2,2,2,2,1,2,1,10,2,0,1,0,0,0,0,1,0,1,2,30,1,2,2,30,1,1,120,1,6,2,2,2,1,2,3,3,1,,2,1,1,2,1,1,1,1,1,1,1
456002,1,12,2,6,1,3,2,1,1,1,1,2,2,2,,,4,1,1,2,1,2,1,1,2,1,1,2,2,1,1,,2,2,2,2,1,,1,1,1,2,1,2,30,2,2,1,2,2,2,2,2,,,,,,,,,,,,,,,,,,,,,,,,,,,,2,15,1,2,2,10,1,1,30,2,,4,3,1,1,1,3,3,1,,1,1,1,2,1,1,1,1,1,1,2
456103,1,53,2,6,2,3,0,1,1,1,1,2,2,1,1,2,2,1,2,2,1,1,1,2,1,1,1,1,2,1,1,,2,2,2,2,2,2,2,1,1,2,1,2,120,1,1,2,2,2,2,2,4,,,,,,,,,,,,,,,,,,,,,,,,,,,,,,,,,,,1,30,2,,1,4,2,1,1,3,3,1,,2,2,2,,2,,1,1,1,1,1
456204,1,15,3,3,2,3,0,1,1,2,,2,2,2,,,6,1,2,2,1,1,1,1,1,1,1,1,1,2,2,1,2,2,2,2,2,2,2,1,10,2,1,2,20,1,2,1,2,1,2,2,2,,,,,,,,,,,,,,,,,,,,,,,,,,,,,,,,,,,2,20,1,7,3,3,2,1,2,3,3,3,,2,1,1,2,1,1,1,1,1,1,2
456301,1,40,2,6,3,4,1,1,1,1,2,1,2,1,1,2,4,1,2,2,1,1,1,1,1,1,1,1,1,2,2,1,1,,2,2,2,2,2,1,1,2,1,3,60,1,2,2,1,2,2,2,3,2,4,10,1,2,2,2,2,2,1,2,2,2,,,,,,,,,,,,,,,,,,,,,,1,20,2,,2,1,2,1,1,3,3,1,,2,1,1,1,1,1,1,2,1,1,2
456402,1,71,0,,2,7,2,1,1,1,1,2,2,1,1,2,1,1,1,2,1,1,1,2,1,1,1,1,1,1,2,2,2,2,2,2,2,2,2,1,,,,,,,,,,,,,,,,,,,,,,,,,,,,,,,,,,,,,,,,,,,,,,,,2,60,,,,,,,,,,,9,2,2,2,,2,,2,,,,
456503,2,42,3,3,1,3,1,1,1,1,1,2,2,1,1,2,4,1,1,2,2,1,1,1,2,1,1,1,1,2,2,2,2,2,2,2,2,2,2,1,,,,,,,,,,,,,,,,,,,,,,,,,,,,,,,,,,,,,,,,,,,,,,,,5,10,,,,,,,,,,,4,2,2,2,,2,,1,1,1,1,2
456604,1,18,2,6,2,4,0,1,2,2,,2,2,1,1,2,2,1,1,2,1,1,1,1,2,1,2,1,1,1,1,,2,2,2,2,2,2,2,1,14,1,2,2,60,1,2,2,2,2,1,2,2,,,,,,,,,,,,,,,,,,,,,,,,,,,,,,,,,,,3,30,2,,2,3,2,2,2,3,1,3,,2,2,1,2,1,1,1,2,2,2,2
456701,2,79,2,1,2,3,0,1,1,2,,2,2,1,1,2,2,1,1,2,2,3,1,3,3,1,1,1,2,2,2,2,2,2,2,2,2,2,2,2,,,,,,,,,,,,,,,,,,,,,,,,,,,,,,,,,,,,,,,,,,,,,,,,,,,,,,,,,,,,4,2,1,1,1,1,9,1,2,2,2,2
456802,1,65,2,4,2,4,1,2,1,2,,2,2,2,,,2,1,2,2,2,1,1,1,1,1,1,1,2,2,1,,2,2,2,2,2,2,2,2,3,2,1,3,120,1,2,2,1,2,2,2,2,,,,,,,,,,,,,,,,,,,,,,,,,,,,,,,,,,,,,1,4,1,4,2,2,2,3,3,1,,2,2,2,,2,,1,9,9,1,1
456903,2,40,2,6,1,1,0,1,1,2,,2,2,2,,,5,1,1,2,2,1,2,2,2,1,1,1,1,1,1,,2,2,2,2,1,,1,1,1,2,1,3,60,2,2,2,1,2,2,2,2,,,,,,,,,,,,,,,,,,,,,,,,,,,,2,40,2,1,2,60,2,1,30,1,3,1,1,2,1,2,3,1,1,,2,1,1,1,1,1,1,2,1,2,2
457004,1,47,3,1,3,4,0,2,1,2,,2,2,2,,,1,1,1,2,1,1,1,1,1,1,1,1,1,1,1,,2,2,2,2,1,,2,1,10,2,1,3,10,1,2,1,2,2,2,2,2,,,,,,,,,,,,,,,,,,,,,,,,,,,,5,60,2,1,,,,5,60,2,,1,2,2,1,3,3,3,1,,1,1,1,2,1,1,1,2,1,1,1
457101,1,43,8,5,1,4,1,1,1,1,1,2,2,2,,,2,1,2,2,1,1,1,1,1,1,1,1,2,1,1,,1,,1,,2,2,1,1,7,2,1,1,60,1,2,1,1,2,2,2,3,2,2,38,1,2,2,2,2,2,1,2,2,2,2,1,7,40,1,1,1,1,1,1,1,1,0,3,,,,,2,120,1,1,120,1,6,2,3,1,2,2,3,3,1,,2,1,1,1,1,5,1,9,1,1,1
457202,2,94,0,,1,2,0,1,1,2,,2,2,2,,,1,1,2,2,1,1,3,1,3,2,1,1,2,,,,,,,,,,,,,,,,,,,,,,,,,,,,,,,,,,,,,,,,,,,,,,,,,,,,,,,,,,,,,,,,,,,,,,,,,,,,,,,,,,
457303,1,57,2,6,1,4,0,1,1,2,,2,2,2,,,1,1,2,2,2,1,1,1,1,1,1,1,2,1,2,2,2,2,2,2,2,2,2,2,,,,,,,,,,,,,,,,,,,,,,,,,,,,,,,,,,,,,,,,,,,,,,,,,,,,,,,,,,,,9,2,2,2,,1,2,1,2,1,1,1
457404,1,13,3,1,3,4,1,1,1,2,,2,1,1,2,2,3,1,1,2,1,1,1,1,2,1,1,1,1,2,2,1,2,2,2,2,2,1,2,1,1,1,2,5,10,2,2,1,2,2,2,2,2,,,,,,,,,,,,,,,,,,,,,,,,,,,,2,5,2,1,,,,1,30,1,5,2,1,2,1,2,3,1,3,,2,1,1,2,1,1,1,2,2,2,2
457501,1,50,6,3,3,5,1,1,1,1,1,1,2,1,1,2,4,1,2,2,1,1,1,1,1,1,1,1,1,1,1,,2,2,1,,1,,2,1,2,2,1,3,60,2,1,2,2,2,2,2,2,,,,,,,,,,,,,,2,1,1,60,1,0,0,0,1,1,0,0,0,3,5,60,1,1,,,,1,60,2,,2,2,1,1,2,3,3,1,,2,2,2,,2,,1,1,2,9,2
457602,2,44,8,5,2,4,1,1,1,1,1,1,2,1,1,1,3,1,2,2,1,1,1,1,1,1,1,1,1,1,2,1,2,1,1,,2,1,1,1,10,1,2,2,30,2,1,1,1,1,1,2,1,1,4,60,1,1,1,1,1,1,1,1,1,2,2,1,2,15,1,1,1,1,1,0,1,1,0,3,3,15,1,2,2,15,1,1,60,2,,4,3,2,1,2,3,1,1,,1,1,1,2,1,1,1,1,1,1,1
457703,1,42,8,4,2,3,1,1,1,2,,1,2,1,1,2,3,1,2,2,2,1,1,1,3,1,1,1,1,1,2,1,2,2,2,2,2,2,2,1,1,1,2,4,30,2,1,1,1,1,1,2,1,,,,,,,,,,,,,,,,,,,,,,,,,,,,,,,,,,,1,60,2,,3,4,2,1,2,3,3,1,,1,1,1,3,1,1,1,1,1,1,1
457804,1,20,3,3,1,1,1,1,1,2,,2,2,2,,,3,1,2,2,1,1,1,1,1,1,1,1,1,1,1,,1,,1,,1,,1,1,1,1,1,2,40,1,2,2,2,1,2,2,2,3,2,30,1,1,2,1,2,2,2,1,2,2,2,1,2,20,1,0,1,0,0,1,0,1,0,3,5,30,1,1,2,20,1,1,300,2,,2,2,1,1,1,3,3,1,,2,2,2,,2,,1,1,1,1,1
457901,2,45,2,4,1,1,1,1,1,2,,2,2,2,,,2,1,2,1,1,1,1,1,1,1,1,1,1,1,1,,2,2,2,2,2,2,2,1,1,2,1,2,20,2,2,2,1,2,2,2,2,,,,,,,,,,,,,,,,,,,,,,,,,,,,,,,,,,,1,60,2,,4,1,1,2,3,3,3,1,,2,1,2,,2,,1,1,1,1,1
458002,2,18,3,3,2,3,2,1,1,2,,2,2,1,1,2,2,1,2,2,1,1,1,1,1,1,1,1,1,1,2,2,2,2,2,2,2,2,1,1,,,,,,,,,,,,,,,,,,,,,,,,,,,,,,,,,,,,,,,,,,,,,5,30,1,1,30,2,,2,2,2,2,2,3,3,1,,2,1,1,2,1,1,1,2,1,1,2
458103,1,49,2,6,1,1,0,2,2,2,,2,2,2,,,1,1,2,1,2,1,1,1,1,1,1,1,1,1,2,2,2,2,1,,2,2,2,2,,,,,,,,,,,,,,,,,,,,,,,,,,,2,1,1,20,1,0,0,0,0,1,0,0,0,3,,,,,,,,,,2,,1,2,2,2,2,3,3,1,,2,2,2,,2,,1,1,1,1,2
458204,1,13,2,5,1,2,0,2,2,2,,2,2,2,,,4,1,2,1,1,1,1,1,1,1,1,1,1,2,2,2,2,2,2,2,2,2,2,2,,,,,,,,,,,,,,,,,,,,,,,,,,,,,,,,,,,,,,,,,,,,,,,,,,,,,,,,,,,,1,2,2,2,,2,,1,1,2,2,2
458301,1,75,2,6,2,3,1,1,2,2,,2,2,2,,,2,1,2,2,2,3,1,3,1,1,1,2,1,1,2,2,2,2,1,,2,2,2,2,,,,,,,,,,,,,,,,,,,,,,,,,,,2,1,7,30,1,1,0,0,0,1,0,1,0,3,,,,,,,,,,2,,2,4,1,2,2,1,1,1,,2,1,2,,2,,1,1,1,1,2
458402,1,85,2,1,3,4,1,1,1,2,,2,2,1,1,2,2,1,2,2,3,3,1,3,2,1,1,2,1,,,,,,,,,,,,,,,,,,,,,,,,,,,,,,,,,,,,,,,,,,,,,,,,,,,,,,,,,,,,,,,,,,,,,,,,,,,,,,,,,,
458503,2,14,3,2,1,5,1,1,1,2,,2,2,1,1,2,4,1,2,2,1,1,1,1,2,1,1,2,2,1,2,2,1,,2,2,1,,1,1,,,,,,,,,,,,,,5,2,60,1,1,1,2,1,2,2,2,2,2,,,,,,,,,,,,,,,2,30,2,1,3,30,1,1,240,2,,1,3,1,1,2,3,3,1,,2,1,1,2,1,1,1,1,1,1,2
458604,1,24,3,3,2,5,1,1,1,1,1,2,2,1,1,1,4,1,2,2,1,1,1,1,1,1,1,1,2,1,2,2,2,2,2,2,2,2,2,1,,,,,,,,,,,,,,,,,,,,,,,,,,,,,,,,,,,,,,,,,,,,,,,,1,360,,,,,,,,,,,4,1,1,1,2,1,1,1,1,1,1,1
458701,2,28,3,3,1,1,1,2,1,2,,2,2,1,2,2,4,1,2,1,1,1,1,1,1,1,1,1,1,1,1,,2,2,2,2,2,2,1,1,1,2,1,1,30,1,2,2,1,2,2,2,2,,,,,,,,,,,,,,,,,,,,,,,,,,,,,,,,1,30,1,1,20,2,,2,1,1,2,2,3,1,1,,1,1,1,2,1,1,1,1,1,1,1
458802,2,34,3,3,2,5,1,1,2,2,,2,2,2,,,1,1,2,1,1,1,1,1,1,1,1,1,1,1,1,,1,,1,,2,2,1,1,4,2,1,1,60,1,2,2,1,2,2,2,2,1,1,20,1,2,2,2,2,2,2,2,1,2,2,1,1,20,1,0,0,1,0,1,0,1,0,3,,,,,1,60,1,1,180,1,5,4,1,1,1,1,3,3,1,,1,1,2,,1,1,1,2,1,1,1
458903,1,41,8,5,2,4,1,1,1,1,1,1,2,1,1,1,5,1,2,1,2,1,1,1,2,1,1,1,1,1,2,1,1,,2,1,2,1,1,1,6,1,1,4,30,1,1,1,1,2,1,2,1,4,4,60,2,1,1,2,2,1,2,1,2,2,1,2,1,30,1,0,0,0,0,1,1,1,0,1,5,30,1,2,1,30,1,1,120,1,6,3,3,1,1,1,3,3,1,,2,2,2,,1,1,1,1,2,2,2
459004,2,61,2,6,1,3,1,1,1,2,,2,2,2,,,1,1,2,1,1,1,1,1,1,1,1,1,1,1,1,,2,2,2,2,2,2,2,1,2,2,1,2,60,1,2,2,1,2,2,2,3,,,,,,,,,,,,,,,,,,,,,,,,,,,,,,,,,,,2,30,2,,1,2,2,2,2,3,3,1,,2,2,2,,2,,1,2,1,1,1
459101,2,27,6,3,2,2,1,1,1,2,,2,2,2,,,2,1,2,2,3,1,1,1,1,1,1,1,1,1,2,2,2,2,1,,1,,1,1,,,,,,,,,,,,,,,,,,,,,,,,,,,2,1,3,30,1,0,0,1,0,0,0,0,1,3,5,120,1,2,2,60,1,1,120,1,6,2,2,2,2,1,3,3,1,,1,1,2,,1,1,1,1,1,1,1
459202,1,72,2,1,1,3,1,1,1,2,,2,2,2,,,2,1,2,1,1,2,3,2,2,1,1,1,1,2,1,,2,2,2,2,2,2,2,2,10,2,1,2,30,1,2,2,1,2,2,2,3,,,,,,,,,,,,,,,,,,,,,,,,,,,,,,,,,,,,,2,,1,3,2,2,2,3,3,3,,2,2,2,,2,,1,2,1,1,2
459303,2,13,2,5,1,1,1,2,1,2,,2,2,2,,,8,1,2,2,1,1,1,1,1,1,1,1,1,1,1,,1,,2,2,2,2,2,2,3,2,1,1,15,1,1,1,1,1,1,2,2,2,3,15,1,2,2,2,2,1,2,2,2,2,,,,,,,,,,,,,,,,,,,,,,,,2,,3,2,2,2,3,3,3,1,,2,1,1,2,1,1,1,1,1,1,1
459404,2,30,6,3,1,2,0,1,2,2,,2,2,2,,,2,1,2,2,1,1,1,1,1,1,1,1,1,1,1,,2,2,1,,2,2,2,1,3,2,1,2,120,1,1,2,1,1,1,2,2,,,,,,,,,,,,,,2,1,2,30,1,0,0,1,1,0,0,1,0,3,,,,,,,,1,30,1,1,2,3,2,2,3,3,3,1,,1,2,2,,2,,1,1,1,1,1
459501,1,34,6,3,3,3,1,1,1,1,1,2,2,1,1,2,6,1,2,2,1,1,2,1,1,1,1,1,1,2,2,2,2,2,2,2,2,2,1,1,,,,,,,,,,,,,,,,,,,,,,,,,,,,,,,,,,,,,,,,,,,,,3,10,2,1,60,2,,2,4,2,1,3,2,1,1,,1,2,2,,2,,1,1,1,1,1
459703,2,16,3,1,1,1,0,1,1,2,,2,2,1,1,2,5,1,2,2,1,1,1,1,1,1,1,1,1,1,1,,2,2,2,2,2,1,2,1,5,2,1,3,60,1,2,2,2,1,2,2,2,,,,,,,,,,,,,,,,,,,,,,,,,,,,5,20,1,2,,,,1,120,1,5,2,3,2,1,3,3,3,1,,1,1,1,2,2,,1,1,1,1,1
459804,1,46,3,3,3,4,1,1,1,2,,1,2,1,1,2,5,1,2,1,1,1,1,1,1,1,1,1,1,1,1,,2,2,2,2,2,2,2,1,3,2,1,1,30,1,2,2,1,2,2,2,3,,,,,,,,,,,,,,,,,,,,,,,,,,,,,,,,,,,1,5,2,,2,3,2,1,2,3,3,1,,1,1,2,,1,1,1,1,1,1,1
460002,2,25,3,1,1,2,0,2,1,2,,2,2,2,,,4,1,1,2,1,1,1,1,1,1,1,1,1,1,2,2,2,2,1,,2,2,2,1,,,,,,,,,,,,,,,,,,,,,,,,,,,2,1,1,30,1,0,0,0,0,0,0,1,0,3,,,,,,,,1,20,2,,2,4,1,1,3,3,3,1,,2,1,2,,2,,1,1,1,1,1
460103,2,74,0,,1,4,1,2,1,2,,2,2,2,,,2,1,2,1,3,1,2,2,2,3,2,2,1,2,2,2,2,2,2,2,2,2,2,2,,,,,,,,,,,,,,,,,,,,,,,,,,,,,,,,,,,,,,,,,,,,,,,,,,,,,,,,,,,,6,2,2,2,,2,,2,,,,
460204,2,83,2,6,2,4,1,1,1,1,1,2,2,1,1,2,2,1,2,1,3,3,3,3,2,1,2,2,1,2,1,,2,2,2,2,2,2,2,2,12,2,1,1,60,1,2,2,1,2,2,2,3,,,,,,,,,,,,,,,,,,,,,,,,,,,,,,,,,,,,,1,4,2,2,2,2,3,3,1,1,,2,1,2,,2,,1,2,2,2,2
460301,1,36,8,5,1,1,1,1,1,2,,1,2,1,1,1,4,1,2,2,1,1,1,1,1,1,1,1,1,1,2,2,2,2,2,1,2,2,1,1,,,,,,,,,,,,,,,,,,,,,,,,,,,1,2,7,15,1,1,1,1,1,0,0,1,0,1,,,,,2,30,2,1,60,2,,3,4,2,1,2,3,3,1,,2,2,2,,2,,1,2,1,2,2
460402,1,36,2,6,2,3,1,1,1,1,1,1,2,1,1,1,4,1,2,2,1,1,1,1,1,1,1,1,1,2,2,1,2,2,2,2,2,2,1,1,1,2,1,3,30,2,2,2,2,2,2,1,4,,,,,,,,,,,,,,,,,,,,,,,,,,,,,,,,1,20,1,1,20,2,,1,2,2,1,2,3,3,1,,2,2,2,,1,1,1,1,1,1,1
460503,1,28,3,3,1,3,1,1,1,2,,1,2,1,1,1,3,1,1,2,2,1,1,2,1,1,1,1,1,2,2,1,1,,2,2,2,2,1,1,2,2,1,2,120,1,2,2,2,2,1,2,2,1,4,60,1,2,1,2,2,2,2,2,2,2,,,,,,,,,,,,,,,,,,,1,180,1,1,360,1,6,2,4,2,1,2,3,3,1,,2,2,2,,2,,1,1,1,2,2
460701,2,40,3,3,2,2,1,1,1,1,1,2,2,1,1,2,3,1,2,2,1,1,1,1,1,1,1,1,2,1,2,2,2,2,2,2,1,,1,1,,,,,,,,,,,,,,,,,,,,,,,,,,,,,,,,,,,,,,,,,5,60,1,2,1,320,1,1,30,2,,4,4,2,2,2,3,3,1,,1,1,1,2,1,1,1,1,1,1,1
460802,1,55,2,6,1,2,1,1,1,2,,2,2,2,,,1,1,2,2,1,1,1,3,1,1,1,1,1,2,2,2,2,2,2,2,2,2,2,1,,,,,,,,,,,,,,,,,,,,,,,,,,,,,,,,,,,,,,,,,,,,,,,,1,120,,,,,,,,,,,1,2,2,2,,2,,1,2,2,2,2
460903,2,28,8,4,2,4,1,1,1,1,1,2,2,1,1,1,7,1,2,2,2,1,1,1,1,1,1,1,2,1,1,,2,2,2,1,2,2,1,1,1,1,1,1,60,1,2,2,1,2,2,2,1,,,,,,,,,,,,,,1,2,2,20,1,0,0,0,0,0,0,1,0,1,,,,,2,20,1,1,60,1,8,2,3,2,1,2,3,3,1,,2,1,1,2,1,1,1,1,1,2,1
461004,2,13,2,6,2,4,1,1,1,2,,2,2,1,1,2,3,1,2,2,2,1,1,1,2,1,1,1,2,1,1,,2,2,2,2,2,2,2,1,3,2,1,3,15,1,1,1,1,2,1,2,2,,,,,,,,,,,,,,,,,,,,,,,,,,,,,,,,,,,1,240,1,5,4,2,1,1,2,3,1,1,,2,1,1,3,1,1,1,1,1,1,1
461101,1,25,3,3,3,3,0,1,1,2,,2,2,2,,,5,1,2,2,1,1,1,1,1,1,1,1,1,2,2,2,2,2,2,2,2,2,2,1,,,,,,,,,,,,,,,,,,,,,,,,,,,,,,,,,,,,,,,,,,,,,,,,1,120,,,,,,,,,,,1,2,2,2,,2,,1,2,2,2,2
461202,2,73,0,,2,2,1,2,1,2,,2,2,2,,,2,1,1,1,2,1,3,2,2,1,1,1,1,,,,,,,,,,,,,,,,,,,,,,,,,,,,,,,,,,,,,,,,,,,,,,,,,,,,,,,,,,,,,,,,,,,,,,,,,,,,,,,,,,
461303,1,45,2,6,2,3,2,1,1,2,,1,2,1,1,1,5,1,2,2,2,1,1,1,1,1,1,1,1,1,2,2,1,,1,,2,2,2,1,,,,,,,,,,,,,,3,2,30,1,1,1,2,1,1,2,2,2,2,1,2,3,48,1,0,1,1,1,1,1,0,0,3,,,,,,,,1,30,2,,1,2,1,1,3,3,1,1,,1,2,2,,2,,1,1,1,1,1
461501,2,78,3,3,3,6,1,1,1,1,1,1,2,1,1,2,2,1,2,2,2,1,2,2,1,1,1,1,1,1,1,,1,,1,,2,2,2,1,6,2,1,2,30,1,1,2,1,2,1,2,3,10,2,30,1,2,1,1,1,1,2,1,2,2,2,1,4,30,1,0,0,1,0,0,0,1,0,3,,,,,,,,1,60,2,,2,4,2,2,2,3,3,1,,2,1,1,1,2,,1,9,1,1,9
461602,1,15,3,2,4,8,5,1,1,1,2,1,1,1,1,1,6,1,2,2,1,1,1,1,1,1,1,1,2,2,2,1,2,2,2,2,2,2,1,1,15,1,2,4,30,2,1,1,2,1,2,2,1,,,,,,,,,,,,,,,,,,,,,,,,,,,,,,,,2,30,1,1,60,1,3,2,3,2,1,2,3,3,3,,2,2,1,2,1,1,1,2,2,2,2
461703,2,78,3,2,2,4,1,1,1,1,1,1,2,1,1,2,4,1,2,2,1,1,1,2,2,1,1,1,1,1,2,2,1,,1,,1,,2,2,,,,,,,,,,,,,,5,1,120,1,2,2,1,2,1,2,2,2,2,2,1,7,60,1,0,0,0,1,1,0,1,0,3,2,60,2,1,,,,,,2,,3,4,1,2,1,3,3,1,,2,1,2,,1,2,1,1,1,1,1
461804,1,84,8,5,1,3,1,1,2,1,1,1,2,1,1,2,1,1,2,2,1,1,1,1,1,1,1,1,2,1,1,,1,,2,1,2,2,1,1,40,1,2,1,180,1,2,2,2,1,1,2,1,20,2,30,1,2,1,2,2,2,2,1,2,2,1,2,7,60,1,1,0,0,0,0,1,0,0,1,,,,,1,60,1,1,30,2,,2,4,1,1,1,3,3,2,,2,2,2,,2,,1,2,2,2,2
461901,2,43,3,3,1,4,1,1,1,2,,2,2,1,1,2,2,1,2,2,3,1,1,2,3,1,1,1,1,1,2,2,2,2,2,2,2,2,1,1,,,,,,,,,,,,,,,,,,,,,,,,,,,,,,,,,,,,,,,,,,,,,5,10,1,1,240,1,6,1,1,2,1,3,3,1,1,,1,1,2,,1,1,1,2,2,2,2
462002,2,73,8,5,3,10,3,1,1,1,2,1,1,1,1,1,7,1,2,2,1,1,1,1,2,1,1,1,1,1,1,,1,,1,,2,2,1,1,6,2,1,2,60,1,2,1,1,2,1,2,3,3,1,60,1,2,2,1,2,2,2,1,2,2,2,1,2,30,1,0,0,1,1,0,0,1,0,3,,,,,2,15,1,1,30,2,,3,3,2,2,3,3,3,1,,2,1,1,1,1,1,1,1,1,1,1
462103,1,76,8,4,3,5,3,1,1,1,1,1,2,1,1,2,4,1,2,1,1,2,1,1,1,1,1,1,1,1,1,,1,,1,,2,2,2,1,3,2,1,2,30,1,2,2,2,2,1,2,2,1,3,20,1,2,2,2,2,2,2,1,2,2,2,1,7,30,1,1,1,1,1,1,0,0,0,3,,,,,,,,1,15,2,,2,3,1,2,2,3,3,1,,2,1,2,,1,1,1,1,1,1,2
462204,1,62,8,5,3,6,1,1,1,1,3,1,1,1,1,1,3,1,2,2,1,1,1,1,1,1,1,1,1,2,2,1,2,2,2,1,2,2,2,1,5,1,1,1,180,1,2,1,2,2,2,2,1,,,,,,,,,,,,,,2,1,1,20,1,1,1,1,1,1,1,1,0,3,,,,,,,,1,60,2,,2,4,2,1,1,3,1,1,,2,2,2,,2,,1,1,1,1,1
462301,2,64,5,3,1,4,1,1,1,2,,1,2,1,1,1,2,1,2,2,2,1,1,2,1,1,1,1,2,1,2,2,1,,1,,2,1,1,1,,,,,,,,,,,,,,2,3,20,1,1,2,1,1,1,2,2,1,2,2,1,3,60,1,0,0,1,0,0,0,1,0,3,5,60,2,1,1,90,1,1,180,2,,1,2,2,1,3,3,1,1,,2,1,1,2,1,1,1,1,1,1,1
462402,2,67,5,3,1,3,2,1,2,2,,2,2,1,1,2,1,1,2,2,1,1,1,2,1,1,1,1,1,2,2,2,2,2,2,2,2,2,2,2,,,,,,,,,,,,,,,,,,,,,,,,,,,,,,,,,,,,,,,,,,,,,,,,,,,,,,,,,,,,3,2,2,2,,2,,1,2,2,2,2
462604,1,37,8,5,2,4,2,1,1,1,1,2,2,1,1,2,6,1,2,2,1,1,1,1,1,1,1,1,2,1,1,,2,1,2,1,2,2,2,1,1,2,1,2,20,1,1,1,2,2,1,2,3,1,5,1,1,2,1,2,2,2,2,1,2,2,1,2,1,5,1,1,1,0,0,0,0,0,0,1,,,,,,,,1,10,2,,2,3,2,1,1,3,3,1,,2,2,2,,1,1,1,1,1,2,2
462701,2,15,3,3,1,2,1,1,1,2,,2,2,1,1,1,4,1,2,2,2,1,1,1,1,1,1,2,2,2,2,1,2,2,2,2,2,2,1,1,1,1,2,2,150,1,2,2,2,1,2,2,1,,,,,,,,,,,,,,,,,,,,,,,,,,,,,,,,1,60,1,1,300,1,8,2,2,2,1,2,3,3,1,,2,1,1,2,1,1,1,2,1,1,2
462903,1,26,2,6,2,2,1,1,1,2,,2,2,1,1,1,5,1,1,2,1,1,1,1,1,1,1,1,1,1,2,1,2,2,2,1,2,2,1,1,7,1,2,4,360,2,1,2,2,2,2,2,2,,,,,,,,,,,,,,1,2,7,60,1,0,0,0,0,0,0,1,1,1,,,,,1,60,1,1,90,2,,3,3,2,1,1,3,1,1,,2,2,2,,1,1,1,1,1,2,2
463004,2,31,3,3,2,4,1,1,1,2,,2,2,1,1,2,5,1,2,2,2,1,1,1,1,1,1,3,2,1,1,,2,2,1,,2,2,2,2,4,2,1,2,60,1,2,2,2,1,2,2,2,,,,,,,,,,,,,,2,1,7,60,1,1,1,1,1,1,1,1,0,2,,,,,,,,,,1,6,2,3,2,1,1,3,3,1,,1,1,1,2,1,1,1,1,1,1,1
463202,2,71,3,3,3,5,1,1,1,2,,1,2,1,1,1,3,1,2,2,1,2,2,2,2,1,1,1,1,1,2,1,1,,2,2,2,2,1,1,6,2,1,2,120,1,1,2,2,2,1,2,2,3,2,120,1,2,2,1,2,2,2,1,2,2,,,,,,,,,,,,,,,,,,,2,60,1,2,60,2,,3,3,1,2,3,3,3,1,,2,1,2,,2,,1,1,1,1,1
463404,2,75,8,5,2,4,3,1,2,1,1,2,2,1,1,2,1,1,2,2,1,1,1,2,1,1,1,1,2,1,1,,2,2,1,,2,2,2,1,3,2,1,2,60,1,2,2,2,1,2,2,3,,,,,,,,,,,,,,2,1,7,90,1,1,1,1,1,1,1,1,0,3,,,,,,,,1,60,2,,2,4,2,2,1,3,3,1,,2,1,2,,1,1,1,1,1,1,2
463501,2,53,5,2,4,6,2,1,1,1,2,1,2,1,1,1,6,2,2,2,2,1,1,1,2,1,1,1,1,1,2,2,2,2,2,2,2,2,1,1,,,,,,,,,,,,,,,,,,,,,,,,,,,,,,,,,,,,,,,,,,,,,2,30,1,2,60,1,8,2,3,1,1,1,3,3,1,,2,2,2,,2,,1,2,2,2,2
463602,2,74,5,3,3,6,2,1,1,1,1,2,2,1,1,2,1,1,2,2,3,1,2,3,1,1,1,1,1,1,2,2,2,2,2,2,2,2,2,1,,,,,,,,,,,,,,,,,,,,,,,,,,,,,,,,,,,,,,,,,,,,,,,,1,120,,,,,,,,,,,6,2,2,2,,2,,1,1,2,1,1
463703,2,24,8,5,3,7,3,1,1,1,1,1,1,1,1,1,4,1,2,2,1,1,1,1,1,1,1,1,2,1,2,1,1,,2,2,2,2,1,1,50,1,1,2,120,2,1,1,2,2,1,2,1,10,3,60,2,2,2,2,1,2,1,2,2,2,,,,,,,,,,,,,,,,,,,3,120,2,1,180,2,,3,3,1,1,1,3,3,1,,1,1,1,2,1,5,1,1,1,1,2
463804,2,78,8,4,3,6,2,1,1,2,,2,2,1,1,2,4,1,2,2,3,1,1,2,1,1,1,1,2,1,1,,1,,1,,2,2,2,2,10,2,1,2,60,1,1,2,1,1,1,2,2,3,2,60,1,2,2,2,1,1,2,2,1,2,2,1,3,30,1,0,0,0,1,1,0,1,0,3,,,,,,,,,,2,,1,2,1,2,3,3,3,1,,1,1,1,2,1,1,1,2,1,1,1
463901,1,41,8,5,2,4,1,1,1,1,2,1,1,1,1,1,3,1,2,2,1,1,1,1,1,1,1,1,2,2,2,1,2,2,2,2,2,2,1,1,1,2,1,2,60,1,2,2,2,1,2,2,3,,,,,,,,,,,,,,,,,,,,,,,,,,,,,,,,2,60,1,1,120,2,,2,3,2,1,2,3,3,1,,1,2,2,,1,1,1,2,1,2,1
464002,1,43,8,4,2,3,2,1,1,1,1,1,2,1,1,2,3,1,2,2,1,1,1,1,1,1,1,1,1,1,1,,2,2,1,,2,2,1,1,10,2,1,1,360,1,1,1,2,2,2,2,1,,,,,,,,,,,,,,1,2,5,30,1,0,0,0,0,0,0,0,1,1,,,,,5,60,1,1,60,1,6,3,3,1,1,2,3,3,1,,2,1,2,,2,,1,1,2,2,1
464103,1,27,8,4,3,4,1,1,1,2,,1,2,1,1,2,5,2,2,2,2,1,1,2,1,1,1,1,1,1,1,,2,2,2,2,1,,2,2,5,1,2,4,30,2,1,1,2,1,2,2,1,,,,,,,,,,,,,,,,,,,,,,,,,,,,1,60,1,2,,,,,,1,4,2,4,2,1,3,3,3,3,,2,2,2,,1,1,1,2,1,1,2
464204,1,51,6,3,2,3,1,1,1,2,,2,2,1,1,2,5,1,2,2,2,1,1,1,1,1,1,1,1,1,2,1,1,,2,1,1,,1,1,4,1,2,3,20,2,1,2,2,2,2,2,1,1,3,25,1,1,2,2,2,1,1,2,1,2,1,2,7,15,1,1,1,0,0,0,0,0,0,1,3,15,1,2,3,20,1,1,120,2,,2,4,1,1,2,3,3,1,,2,1,2,,1,1,1,1,1,1,1
464301,2,42,2,6,3,4,1,1,1,2,,2,2,1,1,2,8,2,1,1,2,1,1,1,1,1,1,2,1,2,2,1,2,2,2,2,2,1,2,1,1,2,1,3,30,2,2,1,2,2,2,2,2,,,,,,,,,,,,,,,,,,,,,,,,,,,,5,30,1,2,,,,1,30,2,,1,1,2,2,3,3,1,1,,2,2,2,,2,,1,1,1,2,1
464402,1,42,2,6,2,3,1,1,1,2,,2,2,1,1,2,4,1,2,1,2,1,1,3,1,1,1,1,1,1,1,,2,2,1,,1,,2,1,1,2,1,1,20,2,2,2,1,2,2,2,3,,,,,,,,,,,,,,2,1,7,60,1,0,1,0,0,0,0,1,0,3,3,30,2,1,,,,1,30,2,,2,4,2,2,2,3,3,1,,2,2,2,,2,,1,1,1,1,1
464503,1,39,3,3,1,1,1,1,2,2,,2,2,1,1,1,2,1,2,1,2,1,1,1,2,1,1,1,1,1,2,1,1,,2,2,1,,2,1,1,1,2,2,20,1,1,1,1,1,1,2,1,1,3,15,1,1,1,1,1,2,1,1,1,2,,,,,,,,,,,,,,,3,12,1,2,,,,1,20,2,,1,1,1,1,2,3,1,3,,2,2,2,,2,,1,1,1,1,1
464604,1,63,2,1,1,1,1,1,1,2,,2,2,2,,,1,1,2,1,1,1,1,2,1,1,1,1,1,,,,,,,,,,,,,,,,,,,,,,,,,,,,,,,,,,,,,,,,,,,,,,,,,,,,,,,,,,,,,,,,,,,,,,,,,,,,,,,,,,
464701,1,48,8,5,1,4,4,1,1,1,2,1,1,1,1,1,2,1,2,2,1,1,1,1,1,1,1,1,2,2,2,2,2,2,1,,2,2,2,1,,,,,,,,,,,,,,,,,,,,,,,,,,,2,1,3,20,1,1,1,0,1,1,1,1,0,3,,,,,,,,1,240,1,6,4,3,2,2,3,3,1,1,,2,2,1,2,1,3,1,2,1,2,1
464802,2,28,8,4,3,6,2,1,1,1,1,1,2,1,1,2,4,1,2,2,1,1,1,1,1,1,1,1,2,2,2,1,2,2,2,2,2,2,2,1,1,2,1,1,60,1,2,2,1,2,2,2,2,,,,,,,,,,,,,,,,,,,,,,,,,,,,,,,,,,,1,240,2,,2,2,2,2,3,3,1,1,,1,1,1,1,1,1,1,1,2,1,1
464903,1,55,8,4,2,7,5,1,1,1,2,1,1,1,1,1,3,1,2,2,1,1,1,1,1,1,1,1,2,1,2,1,2,2,2,1,1,,1,1,6,1,2,4,120,2,1,1,2,2,2,2,1,,,,,,,,,,,,,,1,2,7,20,1,0,1,1,0,1,1,1,0,1,3,20,1,2,1,40,1,1,40,2,,2,4,2,1,2,3,3,1,,1,1,1,2,1,2,1,1,1,1,1
465004,2,78,4,3,2,5,3,1,1,1,1,1,2,1,1,2,1,1,2,2,1,3,3,3,2,2,1,2,1,1,1,,1,,1,,2,2,1,1,4,2,1,3,120,1,2,2,1,1,1,2,2,3,2,45,1,2,2,1,1,1,2,1,1,2,2,1,7,90,1,1,0,1,1,1,1,1,0,3,,,,,1,5,1,1,5,2,,3,3,2,2,3,3,3,1,,2,2,2,,1,2,1,2,1,2,2
465101,1,19,7,2,2,5,1,1,1,1,1,1,1,1,1,1,3,1,2,2,2,1,1,1,2,1,1,1,2,2,2,2,2,2,2,2,2,2,1,1,,,,,,,,,,,,,,,,,,,,,,,,,,,,,,,,,,,,,,,,,,,,,2,240,1,1,120,1,8,3,3,1,1,2,3,1,1,,2,1,1,1,1,1,1,1,1,1,2
465202,1,76,8,3,3,4,3,1,1,1,1,2,2,1,1,2,2,1,2,1,1,1,1,2,1,1,1,1,1,1,1,,1,,2,2,2,2,1,1,8,2,1,2,90,1,2,1,1,2,1,2,2,10,1,60,1,1,2,2,1,1,1,1,1,2,,,,,,,,,,,,,,,,,,,1,60,1,1,60,2,,4,2,1,2,2,3,1,1,,2,2,2,,1,1,1,2,1,1,2
465303,2,13,3,1,2,4,1,1,1,1,2,1,1,1,1,1,4,1,2,2,1,1,1,1,2,1,2,2,2,1,1,,2,2,2,2,1,,1,1,6,2,1,2,240,1,2,2,2,1,2,2,3,,,,,,,,,,,,,,,,,,,,,,,,,,,,3,240,2,1,2,120,1,1,360,1,7,3,3,2,1,2,3,3,1,,1,2,1,1,1,1,1,1,2,1,2
465404,1,44,8,2,1,1,1,1,2,2,,1,2,1,1,1,1,1,2,2,1,1,1,1,1,1,1,1,1,1,1,,1,,2,1,2,1,1,1,2,1,1,3,60,1,2,2,1,2,2,2,3,1,3,20,1,2,2,2,2,2,2,2,1,2,1,2,2,15,1,0,0,0,1,0,0,1,0,2,3,5,1,2,1,20,1,1,20,1,6,2,4,2,1,1,3,3,3,,1,1,1,2,1,1,1,1,1,1,1
465501,1,59,2,6,1,2,1,1,1,2,,2,2,1,1,2,1,1,2,2,1,1,1,1,1,1,1,1,1,1,2,2,2,2,1,,2,2,2,1,,,,,,,,,,,,,,,,,,,,,,,,,,,2,1,1,4,1,0,0,0,0,1,0,0,0,3,,,,,,,,1,20,2,,2,1,2,2,2,3,3,1,,2,1,2,,1,1,1,2,1,1,1
465602,1,69,5,3,2,5,1,1,1,2,,2,2,1,1,2,2,1,2,1,2,1,4,4,1,4,1,4,1,2,1,,2,2,2,2,2,2,2,2,1,1,1,1,60,1,2,2,1,2,2,2,2,,,,,,,,,,,,,,,,,,,,,,,,,,,,,,,,,,,,,2,,3,4,1,2,2,3,3,1,,2,2,2,,2,,1,1,1,1,1
465703,1,64,5,3,3,4,3,1,1,2,,1,1,1,1,1,5,1,2,2,1,1,3,4,4,4,3,4,2,2,2,2,2,2,2,2,2,2,2,2,,,,,,,,,,,,,,,,,,,,,,,,,,,,,,,,,,,,,,,,,,,,,,,,,,,,,,,,,,,,6,2,2,2,,2,,1,1,1,1,1
465804,1,32,8,4,2,4,1,1,1,1,2,1,1,1,1,2,4,1,2,2,1,1,1,1,1,1,1,1,1,1,2,1,2,1,1,,1,,1,1,20,1,2,2,120,2,2,1,2,2,2,2,2,20,1,60,2,1,1,2,1,2,1,1,1,2,2,1,2,60,2,1,1,1,0,1,1,1,0,1,2,60,1,2,1,180,2,1,180,1,6,3,3,1,1,1,3,3,1,,1,1,1,2,1,2,1,1,1,1,1
466002,1,16,3,2,2,2,0,1,1,2,,2,2,1,1,2,6,1,1,1,1,1,1,1,1,1,1,1,1,1,1,,2,1,2,1,1,,1,1,5,1,1,1,120,1,2,2,1,2,1,2,1,3,2,60,1,2,2,2,1,2,2,1,1,2,1,2,1,60,1,0,0,1,1,0,0,0,0,2,3,60,1,2,2,60,1,1,240,2,,2,3,1,1,1,3,3,1,,2,1,2,,2,,1,2,1,1,1
466103,1,38,8,3,3,4,1,1,1,1,1,1,1,1,1,2,6,1,1,2,1,1,1,1,1,1,1,1,1,1,1,,1,,2,2,1,,1,1,5,1,2,1,180,1,1,1,1,2,1,2,2,2,3,60,1,2,2,2,2,2,1,1,2,2,,,,,,,,,,,,,,,5,30,1,2,2,60,1,1,180,2,,3,3,2,1,1,3,3,1,,1,1,1,1,1,2,1,2,1,1,1
466204,1,46,2,3,2,4,2,1,1,1,1,2,2,1,1,2,5,1,2,1,1,1,1,1,1,1,1,1,1,2,2,1,2,2,2,2,2,2,1,1,1,2,1,2,30,1,2,2,1,2,2,2,3,,,,,,,,,,,,,,,,,,,,,,,,,,,,,,,,1,10,1,1,15,2,,1,1,2,2,1,3,1,1,,2,2,2,,2,,1,2,1,1,2
466301,1,64,3,3,1,3,1,1,1,2,,2,2,1,1,2,1,1,2,1,2,2,2,1,2,1,1,1,1,2,2,2,2,2,1,,2,2,2,1,,,,,,,,,,,,,,,,,,,,,,,,,,,2,1,3,20,2,0,0,0,0,1,0,0,0,3,,,,,,,,1,120,2,,2,3,2,1,2,3,1,1,,2,2,2,,2,,1,2,1,1,2
466402,1,69,2,6,2,3,1,1,1,2,,2,2,2,,,4,1,2,2,1,1,1,3,1,1,1,1,1,1,1,,2,2,1,,2,2,2,1,3,2,1,1,120,1,2,2,1,2,2,2,2,,,,,,,,,,,,,,2,1,7,60,1,0,1,0,0,1,0,1,0,3,,,,,,,,1,30,2,,2,2,1,2,2,3,3,1,,2,2,2,,2,,1,2,1,2,2
466503,1,33,6,3,1,2,1,1,1,2,,1,2,1,1,1,3,1,2,2,1,1,1,1,1,1,1,1,1,2,2,2,2,2,2,2,2,1,2,1,,,,,,,,,,,,,,,,,,,,,,,,,,,,,,,,,,,,,,,,,3,30,1,1,,,,1,120,2,,2,4,2,1,1,3,3,1,,1,1,1,3,1,1,1,1,1,1,1
466604,1,26,6,1,1,3,1,1,1,2,,2,2,1,1,2,4,1,2,2,1,1,1,1,2,1,1,1,1,1,2,1,2,2,1,,2,1,1,1,1,1,2,4,60,2,2,1,2,2,2,2,2,,,,,,,,,,,,,,2,1,2,60,2,0,1,0,0,0,0,1,0,2,5,60,1,2,5,60,2,1,180,2,,2,2,1,1,3,3,1,1,,1,1,1,1,1,1,1,1,1,1,1
466701,1,45,6,3,1,3,1,1,1,1,1,1,2,1,1,2,2,1,2,1,2,1,1,1,1,1,1,1,1,1,1,,2,2,1,,2,2,2,1,4,1,2,2,60,1,2,2,2,1,2,2,1,,,,,,,,,,,,,,2,1,2,30,1,1,0,1,1,1,1,1,0,3,,,,,,,,1,120,1,8,1,3,2,1,3,3,3,1,,2,1,2,,1,1,1,2,2,2,2
466802,1,21,8,2,1,5,2,1,2,1,1,1,2,1,1,2,3,1,2,2,1,1,1,1,1,1,1,1,1,1,1,,2,2,2,2,2,1,1,1,6,2,1,3,40,2,2,1,2,1,2,2,1,,,,,,,,,,,,,,,,,,,,,,,,,,,,2,20,1,2,2,20,1,1,20,2,,2,3,2,1,2,3,3,1,,2,1,1,2,1,1,1,1,1,1,1
466903,1,18,6,1,2,3,1,1,2,2,,2,2,1,1,2,3,1,2,2,3,1,1,1,2,1,2,2,1,2,2,2,2,2,2,2,2,2,2,1,,,,,,,,,,,,,,,,,,,,,,,,,,,,,,,,,,,,,,,,,,,,,,,,2,60,,,,,,,,,,,3,2,1,1,2,2,,1,1,1,1,1
467004,1,39,2,6,2,2,1,1,1,2,,1,2,1,1,1,3,1,2,1,1,1,1,3,1,1,1,3,1,1,1,,2,1,1,,2,1,1,1,5,1,1,1,60,1,1,1,1,1,1,2,1,12,1,30,1,1,1,1,1,1,2,1,1,2,2,1,2,20,1,0,0,0,0,1,0,0,1,3,5,20,1,1,1,120,1,1,60,1,7,2,4,1,1,1,3,3,1,,1,1,1,2,2,,1,1,1,1,1
467101,2,40,6,1,1,4,1,1,1,2,,2,2,2,,,4,1,2,2,3,1,1,1,1,1,1,1,2,1,1,,1,,2,1,2,2,1,1,1,2,1,2,30,1,2,1,1,2,2,2,2,1,2,20,1,1,2,2,2,2,2,1,1,2,2,1,1,30,1,0,1,1,0,1,0,0,0,3,,,,,2,20,1,1,60,2,,2,3,1,1,2,3,3,1,,1,1,1,1,1,1,1,1,1,1,1
467202,1,43,6,3,2,2,1,1,1,2,,1,2,1,1,2,5,1,2,2,2,1,1,1,1,1,1,1,1,1,1,,2,2,1,,2,2,1,1,2,2,1,2,60,1,1,1,1,2,2,2,2,,,,,,,,,,,,,,2,1,1,20,1,1,1,0,0,1,1,0,0,2,,,,,3,20,1,2,20,2,,4,4,1,1,2,3,3,1,,1,1,2,,1,1,1,1,1,1,1
467303,2,44,6,3,2,3,1,1,1,2,,2,2,1,1,1,3,1,2,2,2,1,1,1,1,1,1,1,2,2,2,1,2,2,2,2,2,2,2,1,1,2,1,5,60,1,2,2,2,1,2,2,2,,,,,,,,,,,,,,,,,,,,,,,,,,,,,,,,,,,1,20,2,,2,3,2,1,1,3,3,1,,1,2,2,,1,1,1,1,1,1,1
467501,2,59,2,2,3,5,1,1,1,1,1,1,2,1,1,2,3,1,2,1,1,1,1,2,1,1,1,1,1,2,2,2,2,2,2,2,2,2,2,1,,,,,,,,,,,,,,,,,,,,,,,,,,,,,,,,,,,,,,,,,,,,,,,,1,10,,,,,,,,,,,7,2,2,1,1,1,1,1,2,2,2,2
467602,1,47,5,3,2,6,1,1,1,2,,2,2,1,1,2,1,1,2,2,1,1,1,1,2,2,1,2,1,2,2,1,2,2,2,2,2,2,2,1,3,2,1,4,30,1,1,2,1,2,1,2,4,,,,,,,,,,,,,,,,,,,,,,,,,,,,,,,,,,,1,90,2,,2,4,1,1,3,3,3,1,,1,2,2,,1,1,1,2,1,2,1
467703,1,15,3,3,2,3,1,1,1,2,,1,2,1,1,2,5,1,2,2,1,1,1,1,1,1,1,1,1,2,2,1,2,2,2,2,2,2,1,1,1,2,1,4,60,1,1,2,2,1,2,2,2,,,,,,,,,,,,,,,,,,,,,,,,,,,,,,,,4,60,1,1,240,2,,2,3,2,1,2,3,3,3,,2,2,1,3,1,1,1,1,1,1,1
467901,2,19,6,3,2,3,1,2,1,2,,2,2,2,,,4,1,2,1,1,1,1,1,1,1,1,1,1,2,2,2,1,,2,2,2,2,1,1,,,,,,,,,,,,,,2,4,15,1,2,2,1,2,2,2,2,1,2,,,,,,,,,,,,,,,,,,,4,20,1,1,60,2,,2,2,2,2,2,3,3,1,,2,1,2,,1,1,1,1,1,1,2
468002,2,67,2,1,1,1,1,2,2,2,,2,2,2,,,1,1,2,1,1,1,1,1,1,1,1,1,1,,,,,,,,,,,,,,,,,,,,,,,,,,,,,,,,,,,,,,,,,,,,,,,,,,,,,,,,,,,,,,,,,,,,,,,,,,,,,,,,,,
468103,2,23,7,2,1,1,0,1,2,2,,2,2,2,,,2,1,2,1,1,1,1,1,1,1,1,1,1,1,1,,1,,2,2,1,,1,1,1,1,2,2,60,1,1,2,2,2,2,2,1,1,2,240,1,2,2,1,2,2,2,2,2,2,,,,,,,,,,,,,,,3,120,1,2,2,60,1,1,120,1,8,2,1,1,1,2,3,3,1,,2,2,2,,2,,1,1,1,1,1
468204,1,53,2,6,3,3,1,2,1,2,,2,2,2,,,2,1,2,1,1,3,1,1,1,1,1,1,1,2,2,2,2,2,2,2,2,2,2,2,,,,,,,,,,,,,,,,,,,,,,,,,,,,,,,,,,,,,,,,,,,,,,,,,,,,,,,,,,,,5,2,2,2,,2,,1,2,1,1,2
468301,1,81,2,1,1,2,1,1,1,2,,2,2,2,,,2,1,2,2,3,2,1,2,1,1,1,1,1,2,2,1,2,2,2,2,2,2,2,2,3,2,1,3,60,1,2,1,2,2,2,2,2,,,,,,,,,,,,,,,,,,,,,,,,,,,,,,,,,,,,,2,,1,1,2,2,3,3,1,2,,2,1,1,1,1,1,1,2,2,2,2
468402,1,65,6,3,1,4,1,1,1,1,1,2,2,1,1,1,3,1,2,2,1,1,1,1,1,1,1,1,2,2,2,2,2,2,2,2,2,2,1,1,,,,,,,,,,,,,,,,,,,,,,,,,,,,,,,,,,,,,,,,,,,,,3,30,1,1,120,2,,2,3,2,1,1,3,3,1,,2,2,2,,2,,1,2,2,1,1
468503,1,58,3,1,2,3,1,1,1,2,,2,2,1,1,2,3,1,2,2,1,1,1,1,3,1,1,1,1,2,2,1,2,2,2,1,2,2,2,1,5,1,1,4,10,2,2,2,1,2,2,2,2,,,,,,,,,,,,,,1,2,3,30,1,0,0,0,0,0,0,1,0,1,,,,,,,,1,15,2,,4,3,2,2,2,3,3,3,,1,2,1,2,1,1,1,2,1,1,1
468604,2,33,8,4,1,1,1,1,1,2,,2,2,1,1,1,4,1,2,2,1,1,1,1,1,1,1,1,1,1,1,,2,2,1,,2,2,1,1,2,2,1,2,60,1,1,1,2,2,2,2,4,,,,,,,,,,,,,,1,2,1,30,1,0,0,0,1,0,0,1,0,1,,,,,2,60,1,2,60,1,8,2,1,2,2,3,3,3,1,,2,1,1,1,2,,1,1,1,1,1
468701,1,53,3,3,1,1,0,2,2,2,,2,2,2,,,1,1,2,1,2,1,1,1,1,1,1,1,1,1,2,2,2,2,1,,2,2,2,2,,,,,,,,,,,,,,,,,,,,,,,,,,,2,1,2,10,1,0,1,1,0,0,0,0,0,3,,,,,,,,,,1,5,1,2,1,2,3,3,3,1,,2,1,2,,1,1,1,1,1,1,1
468802,2,30,3,3,2,3,0,2,1,2,,2,2,2,,,4,1,2,2,2,1,1,1,2,1,1,1,1,1,1,,2,2,2,2,2,2,2,1,3,2,1,1,30,1,1,1,1,2,1,2,1,,,,,,,,,,,,,,,,,,,,,,,,,,,,,,,,,,,1,120,1,8,4,4,2,1,2,3,3,1,,2,2,1,1,2,,1,2,1,1,1
468903,2,39,6,2,3,5,1,1,1,1,1,1,2,1,1,2,5,1,2,2,2,1,1,1,1,1,1,1,2,2,2,1,2,2,2,1,2,1,2,1,1,2,1,2,60,1,2,2,1,2,2,2,3,,,,,,,,,,,,,,1,2,7,30,1,0,0,0,0,0,0,1,0,1,2,60,2,1,,,,1,60,2,,2,3,1,1,1,3,1,1,,1,1,2,,2,,1,1,1,1,1
469004,2,53,3,3,1,1,0,1,1,2,,2,2,1,1,2,2,1,2,2,3,1,1,3,2,1,1,1,1,2,2,2,2,2,2,2,2,2,2,1,,,,,,,,,,,,,,,,,,,,,,,,,,,,,,,,,,,,,,,,,,,,,,,,1,120,,,,,,,,,,,1,2,2,2,,2,,1,2,1,1,1
469101,1,46,6,3,1,5,1,1,2,2,,2,2,2,,,1,1,2,2,1,1,2,2,1,1,1,1,1,1,1,,2,2,1,,2,2,1,1,1,1,2,1,10,1,2,2,1,2,2,2,1,,,,,,,,,,,,,,2,1,7,15,1,1,1,1,1,1,1,1,0,3,,,,,2,10,1,1,20,2,,2,3,2,1,2,3,3,1,,2,1,1,1,1,1,1,9,1,1,2
469202,2,35,3,2,1,3,1,1,1,2,,2,2,1,1,1,3,1,2,2,1,1,1,1,1,1,1,1,1,2,2,2,2,2,2,2,2,2,2,1,,,,,,,,,,,,,,,,,,,,,,,,,,,,,,,,,,,,,,,,,,,,,,,,1,180,,,,,,,,,,,4,2,1,1,2,1,1,1,1,1,1,1
469303,1,63,7,3,1,1,1,1,1,1,1,1,2,1,1,2,3,1,2,2,3,1,1,1,1,1,1,1,1,2,2,2,2,2,1,,2,2,2,2,,,,,,,,,,,,,,,,,,,,,,,,,,,2,1,2,15,1,1,0,0,0,1,0,0,0,2,,,,,,,,,,2,,1,2,2,2,3,3,1,1,,2,1,2,,1,1,1,2,2,2,2
469404,2,53,2,6,2,5,1,1,1,1,1,2,2,1,1,2,4,1,2,2,1,1,1,1,1,1,1,1,1,2,2,2,2,2,2,2,2,2,2,1,,,,,,,,,,,,,,,,,,,,,,,,,,,,,,,,,,,,,,,,,,,,,,,,1,30,,,,,,,,,,,3,2,2,2,,2,,1,1,1,1,1
469501,2,30,3,3,1,3,1,1,2,2,,2,2,1,1,2,2,1,2,1,2,1,1,1,2,1,2,2,1,1,2,2,2,2,2,2,2,2,2,1,,,,,,,,,,,,,,,,,,,,,,,,,,,,,,,,,,,,,,,,,,,,,,,,2,90,,,,,,,,,,,4,2,2,2,,2,,1,1,1,1,1
469602,1,52,2,1,1,1,0,1,1,2,,2,2,1,1,2,2,1,2,1,1,1,3,2,1,1,1,1,1,,,,,,,,,,,,,,,,,,,,,,,,,,,,,,,,,,,,,,,,,,,,,,,,,,,,,,,,,,,,,,,,,,,,,,,,,,,,,,,,,,
469703,2,37,3,3,1,2,1,1,1,2,,2,2,1,1,2,5,1,2,1,1,1,1,1,1,1,1,1,1,2,2,1,2,2,2,2,2,2,2,1,1,2,1,3,30,1,2,2,1,2,2,2,3,,,,,,,,,,,,,,,,,,,,,,,,,,,,,,,,,,,1,45,1,8,1,1,2,2,3,3,1,1,,2,1,2,,2,,1,1,1,1,9
469804,1,27,3,3,2,4,1,1,1,2,,2,2,2,,,3,1,2,1,2,1,1,2,1,1,1,1,1,2,2,2,2,2,2,2,2,2,2,1,,,,,,,,,,,,,,,,,,,,,,,,,,,,,,,,,,,,,,,,,,,,,,,,1,5,,,,,,,,,,,1,2,1,1,1,2,,1,9,1,1,1
469901,2,25,3,3,1,2,1,1,1,2,,2,2,1,1,2,4,1,2,2,1,1,1,1,1,1,1,1,1,2,2,2,2,2,2,2,2,2,1,1,,,,,,,,,,,,,,,,,,,,,,,,,,,,,,,,,,,,,,,,,,,,,3,6,1,1,1,2,,2,1,2,1,3,3,1,1,,1,1,1,2,2,,1,1,1,2,1
470002,1,48,6,3,1,1,0,2,2,2,,2,2,1,1,2,1,1,2,2,1,1,1,1,1,1,1,1,2,1,1,,2,2,2,1,2,2,2,1,1,1,1,1,15,1,2,2,1,2,2,2,2,,,,,,,,,,,,,,1,2,3,10,2,0,0,0,0,1,0,1,0,1,,,,,,,,1,360,2,,2,3,2,1,2,3,1,1,,2,2,2,,2,,1,2,1,2,2
470103,1,44,3,3,1,2,0,2,2,2,,2,2,2,,,1,1,2,2,3,1,1,1,1,1,1,1,1,1,1,,1,,2,2,2,2,2,2,1,2,1,2,30,1,2,2,1,2,2,2,2,1,1,30,1,2,2,2,2,1,2,2,2,2,,,,,,,,,,,,,,,,,,,,,,,,2,,1,1,2,2,3,3,1,1,,2,2,2,,1,1,1,2,2,2,2
470204,1,18,6,3,2,4,1,1,1,2,,2,2,1,1,2,4,1,2,2,1,1,1,1,2,1,1,2,1,2,2,1,2,2,2,2,2,2,1,1,3,1,2,2,30,1,1,1,2,2,2,2,1,,,,,,,,,,,,,,,,,,,,,,,,,,,,,,,,3,60,1,1,60,2,,2,1,2,1,1,3,1,3,,2,1,1,2,1,1,1,1,1,1,1
470301,1,81,2,4,4,5,2,1,1,1,2,2,2,1,1,2,2,1,2,2,3,3,4,4,3,4,3,3,2,2,2,2,2,2,2,2,2,2,2,1,,,,,,,,,,,,,,,,,,,,,,,,,,,,,,,,,,,,,,,,,,,,,,,,1,240,,,,,,,,,,,6,2,2,2,,2,,1,2,1,1,2
470701,1,62,2,6,2,5,2,1,1,1,1,1,2,1,1,2,5,1,2,2,2,1,1,1,1,1,1,1,1,2,2,2,2,2,2,2,2,2,2,2,,,,,,,,,,,,,,,,,,,,,,,,,,,,,,,,,,,,,,,,,,,,,,,,,,,,,,,,,,,,7,2,2,2,,2,,1,2,2,2,2
470802,2,30,3,3,1,2,1,1,1,2,,2,2,1,1,2,3,1,2,2,1,1,1,1,1,1,1,1,2,2,2,2,2,2,2,2,2,2,2,1,,,,,,,,,,,,,,,,,,,,,,,,,,,,,,,,,,,,,,,,,,,,,,,,1,300,,,,,,,,,,,3,2,2,2,,2,,1,1,1,2,2
470903,1,44,3,3,2,4,0,2,1,2,,2,2,1,2,2,9,1,2,2,3,1,2,1,2,1,1,1,2,2,2,2,2,2,2,2,2,2,1,1,,,,,,,,,,,,,,,,,,,,,,,,,,,,,,,,,,,,,,,,,,,,,1,60,2,1,120,2,,2,4,1,1,1,3,3,1,,1,1,1,2,1,1,1,1,1,1,1
471004,2,69,99,9,3,4,1,1,1,1,1,1,1,1,1,2,4,1,2,2,2,1,4,4,4,2,1,1,2,2,1,,2,2,2,2,2,2,2,2,1,2,1,1,15,1,2,2,1,2,2,2,3,,,,,,,,,,,,,,,,,,,,,,,,,,,,,,,,,,,,,2,,4,4,2,2,3,3,3,1,,2,1,2,,2,,1,2,1,2,2
471101,2,50,8,5,4,6,2,1,1,1,1,1,1,1,1,1,5,1,2,2,2,1,1,2,1,1,1,2,2,1,1,,1,,1,,2,2,2,1,2,2,1,4,90,2,1,1,1,1,1,2,4,1,1,15,1,2,1,2,1,2,2,1,1,2,1,2,7,10,2,0,0,0,0,1,0,1,0,3,,,,,,,,1,15,2,,2,2,1,1,2,3,3,1,,2,2,2,,1,1,1,2,1,1,1
471202,1,26,8,5,3,4,1,1,1,1,1,1,2,1,1,2,3,1,2,2,2,1,1,1,2,1,1,2,2,1,1,,2,2,2,2,2,2,2,1,2,2,1,1,20,1,2,1,1,2,2,2,3,,,,,,,,,,,,,,,,,,,,,,,,,,,,,,,,,,,5,30,2,,4,3,2,1,1,3,3,1,,2,1,1,2,1,1,1,2,2,1,2
471303,1,58,8,5,3,4,2,1,1,1,1,1,2,1,1,1,3,1,2,2,2,2,1,2,2,1,1,1,2,2,2,1,2,2,2,1,2,2,1,1,20,2,1,2,30,2,1,2,2,2,1,2,1,,,,,,,,,,,,,,2,1,7,38,2,1,0,0,1,1,0,0,0,3,,,,,1,120,2,1,30,1,6,1,3,1,1,2,3,1,1,,2,2,2,,2,,1,1,1,1,1
471404,2,56,9,2,2,5,2,1,1,1,1,1,2,1,1,2,1,1,2,2,2,1,1,1,1,1,1,1,2,1,1,,2,2,2,2,1,,1,1,2,2,1,3,120,1,2,2,1,2,2,2,3,,,,,,,,,,,,,,,,,,,,,,,,,,,,5,20,1,2,1,20,1,1,60,1,8,2,3,1,1,3,2,2,1,,2,2,2,,1,1,1,1,1,1,1
471501,2,37,8,5,2,3,1,1,1,1,1,1,2,1,1,1,3,1,2,2,1,1,1,1,1,1,1,1,2,1,1,,2,2,2,2,2,2,2,1,3,2,1,2,20,1,2,1,2,2,2,2,2,,,,,,,,,,,,,,,,,,,,,,,,,,,,,,,,,,,1,30,2,,2,2,1,1,1,3,3,1,,2,1,2,,1,1,1,1,1,1,1
471602,1,47,8,4,3,4,2,1,1,1,2,1,1,1,1,2,5,1,2,2,2,1,1,1,2,1,1,1,2,1,1,,2,1,2,2,2,2,1,1,3,2,1,4,60,1,2,1,1,1,2,2,3,1,2,30,2,2,2,2,2,2,1,1,2,2,,,,,,,,,,,,,,,,,,,5,60,2,1,30,1,4,3,3,2,1,3,3,3,1,,2,1,2,,1,2,1,2,1,1,2
471703,2,35,8,5,2,3,1,1,1,1,1,1,2,1,1,1,3,1,2,2,1,1,1,1,1,1,1,1,2,2,2,2,2,2,2,2,2,2,2,1,,,,,,,,,,,,,,,,,,,,,,,,,,,,,,,,,,,,,,,,,,,,,,,,1,60,,,,,,,,,,,1,2,2,2,,1,1,1,1,1,1,1
471804,2,33,8,2,3,4,1,1,1,2,,2,2,1,1,2,1,1,2,2,1,1,1,2,3,1,1,1,2,2,2,1,2,2,2,2,2,2,1,1,2,2,1,1,120,1,2,2,2,1,1,2,3,,,,,,,,,,,,,,,,,,,,,,,,,,,,,,,,2,60,1,1,60,1,1,4,4,1,1,2,3,3,1,,1,1,1,2,1,5,1,1,1,1,1
471901,1,71,8,6,1,3,1,1,2,1,1,1,2,1,1,2,1,1,2,2,2,1,1,1,1,1,1,1,2,1,2,1,1,,2,2,2,2,1,1,8,2,1,1,30,2,1,1,1,1,1,2,2,15,1,10,2,1,1,1,1,1,1,1,1,2,,,,,,,,,,,,,,,,,,,1,50,1,1,60,2,,3,3,1,1,1,3,3,1,,1,1,1,2,1,2,1,2,1,1,1
472002,2,53,8,5,3,3,1,1,1,1,1,1,2,1,1,2,4,1,2,2,1,1,1,1,1,1,1,1,2,2,1,,2,2,2,2,2,2,2,2,10,2,1,1,380,2,1,1,2,2,2,2,1,,,,,,,,,,,,,,,,,,,,,,,,,,,,,,,,,,,,,2,,1,2,1,1,2,3,3,1,,1,1,1,2,1,1,1,1,2,1,1
472103,1,47,8,5,2,4,1,1,1,1,1,1,1,1,1,1,4,1,2,2,1,1,1,1,1,1,1,1,2,1,1,,1,,1,,2,2,1,1,2,1,1,5,30,2,2,1,2,2,2,2,1,2,4,20,1,2,2,2,2,2,1,2,2,2,1,1,1,10,1,0,0,0,0,0,0,1,1,1,,,,,1,10,1,1,10,1,6,2,4,2,1,1,3,3,1,,1,1,1,1,1,3,1,1,1,1,1
472204,2,61,6,2,2,3,1,1,1,2,,2,2,1,1,2,2,1,2,2,1,3,1,1,1,1,1,1,2,2,2,2,2,2,2,2,2,2,2,1,,,,,,,,,,,,,,,,,,,,,,,,,,,,,,,,,,,,,,,,,,,,,,,,1,15,,,,,,,,,,,1,2,1,1,2,2,,1,1,1,1,1
472301,2,64,8,5,4,8,2,1,1,1,1,1,2,1,1,2,8,1,2,2,1,1,2,1,1,1,1,1,2,2,2,2,1,,2,2,2,2,2,1,,,,,,,,,,,,,,3,4,30,1,2,2,2,1,1,2,2,2,2,,,,,,,,,,,,,,,,,,,,,,1,10,2,,2,2,2,1,2,3,3,1,,2,2,2,,2,,1,9,9,9,9
472402,1,30,3,3,2,4,1,1,1,2,,2,2,1,1,2,2,1,2,2,1,1,1,1,1,1,1,1,2,2,2,2,2,2,2,2,2,2,2,1,,,,,,,,,,,,,,,,,,,,,,,,,,,,,,,,,,,,,,,,,,,,,,,,1,30,,,,,,,,,,,1,2,2,2,,1,1,1,2,1,1,1
472503,1,72,2,6,4,5,2,1,1,1,1,1,2,1,1,1,8,1,2,2,2,1,2,2,2,1,2,1,1,1,1,,2,2,2,2,2,2,1,1,1,2,1,5,60,1,2,2,1,2,2,2,4,,,,,,,,,,,,,,,,,,,,,,,,,,,,,,,,5,30,1,5,30,2,,2,3,2,2,1,3,3,1,,2,2,1,2,1,1,1,2,1,1,2
472604,2,30,8,4,3,4,1,1,1,1,1,1,2,1,1,2,5,1,2,2,1,1,1,1,1,1,1,1,2,1,1,,1,,2,2,2,2,1,1,2,2,1,1,140,1,2,2,1,2,2,2,2,1,2,28,1,2,2,1,2,2,2,2,2,2,,,,,,,,,,,,,,,,,,,2,90,2,1,240,1,3,3,3,2,1,3,3,3,1,,1,2,1,2,1,2,1,1,1,1,1
472701,2,18,6,3,2,3,1,1,1,2,,1,2,1,1,1,3,1,2,2,1,1,1,2,2,1,1,1,2,2,2,1,2,2,2,2,1,,2,1,2,1,1,3,60,2,2,2,2,1,2,2,1,,,,,,,,,,,,,,,,,,,,,,,,,,,,5,10,1,2,,,,1,360,2,,2,3,2,2,2,3,2,1,,2,2,2,,1,1,1,2,1,2,2
472802,2,49,6,3,2,4,1,1,1,2,,1,2,1,1,1,2,1,2,2,2,1,1,1,1,1,1,1,2,1,1,,2,2,2,2,2,2,1,1,3,2,1,1,60,2,1,1,1,1,1,2,1,,,,,,,,,,,,,,,,,,,,,,,,,,,,,,,,1,10,1,1,120,2,,3,3,2,1,1,3,3,1,,2,1,2,,2,,1,2,1,2,2
472903,2,24,8,3,2,5,1,1,1,2,,2,2,1,1,2,2,1,2,2,2,1,1,1,2,1,1,2,2,1,1,,2,1,2,2,1,,1,1,2,2,1,2,60,1,2,1,2,2,1,2,2,10,2,120,1,1,1,1,1,2,1,1,1,2,,,,,,,,,,,,,,,3,120,2,1,1,180,1,1,180,2,,4,3,2,1,2,3,3,1,,1,1,1,2,1,1,1,1,1,1,1
473004,1,23,3,3,2,4,1,1,1,2,,2,2,1,1,2,4,1,2,2,2,1,1,1,2,1,1,1,2,2,2,2,2,2,2,2,2,2,1,1,,,,,,,,,,,,,,,,,,,,,,,,,,,,,,,,,,,,,,,,,,,,,5,15,1,1,20,2,,2,4,2,2,2,3,1,3,,2,1,1,2,1,1,1,1,1,1,2
473101,1,26,6,1,1,3,1,1,1,1,1,2,2,1,1,1,3,1,2,2,3,1,1,1,1,1,1,1,2,2,2,1,2,1,2,2,1,,1,1,3,1,2,3,60,2,1,2,2,2,2,2,1,1,2,60,2,1,2,2,2,2,2,2,1,2,,,,,,,,,,,,,,,3,60,1,2,1,99,1,1,60,1,6,2,2,2,2,2,3,1,3,,1,1,1,2,2,,1,2,1,1,2
473202,2,26,6,3,4,5,1,1,1,1,1,2,2,1,1,1,7,1,2,2,2,1,1,1,1,1,1,1,2,1,2,1,1,,2,1,2,2,1,1,2,1,2,2,60,1,2,2,2,1,1,2,1,3,2,5,1,2,2,1,1,2,1,1,1,2,1,2,1,10,1,0,0,0,0,1,0,0,0,1,,,,,1,5,1,1,180,2,,2,4,2,2,2,3,3,1,,2,2,1,2,1,1,1,1,1,1,1
473303,2,35,6,3,2,3,1,1,1,2,,2,1,1,1,2,5,1,2,2,1,1,1,1,1,1,1,1,2,1,2,2,2,2,2,2,2,2,1,1,,,,,,,,,,,,,,,,,,,,,,,,,,,,,,,,,,,,,,,,,,,,,5,30,1,1,60,2,,2,4,2,1,3,3,3,1,,1,2,2,,1,1,1,2,1,1,1
473501,1,33,3,3,2,3,1,1,1,2,,2,2,1,1,1,4,1,2,2,1,1,1,1,1,1,1,1,2,2,1,,2,2,2,2,2,2,2,2,3,1,2,3,90,1,2,2,2,2,1,2,1,,,,,,,,,,,,,,,,,,,,,,,,,,,,,,,,,,,,,2,,4,4,2,2,2,3,1,1,,1,1,1,1,1,1,1,1,1,1,1
473602,1,36,6,3,3,4,1,1,1,1,1,1,1,1,1,1,1,1,2,2,1,1,1,1,1,1,1,1,2,1,2,1,1,,2,1,1,,1,1,2,2,1,2,60,1,2,1,1,1,1,2,4,2,2,120,1,1,1,2,1,1,2,1,1,2,2,1,2,30,1,0,1,1,1,0,0,0,0,3,2,60,2,1,1,60,1,1,60,2,,2,4,2,1,1,3,3,1,,1,1,2,,1,1,1,2,1,2,1
473804,2,59,2,4,1,2,1,1,1,2,,2,2,1,1,2,1,1,2,2,1,1,3,1,3,1,1,3,2,2,2,2,2,2,2,2,2,2,2,1,,,,,,,,,,,,,,,,,,,,,,,,,,,,,,,,,,,,,,,,,,,,,,,,2,30,,,,,,,,,,,2,2,2,2,,1,1,1,1,1,2,2
474103,2,24,8,5,4,7,1,1,1,2,,2,2,2,,,6,1,2,2,3,2,1,1,1,1,1,1,2,1,2,2,2,2,2,2,2,2,2,1,,,,,,,,,,,,,,,,,,,,,,,,,,,,,,,,,,,,,,,,,,,,,,,,1,30,,,,,,,,,,,3,2,2,2,,2,,1,2,1,2,2
474204,2,66,4,3,4,5,2,1,1,2,,2,2,1,1,2,3,2,2,2,1,1,3,2,3,1,1,1,2,2,2,1,2,1,2,1,2,2,2,1,8,2,1,3,60,1,2,2,1,2,1,2,2,2,2,30,1,2,2,2,2,1,2,2,1,2,2,1,2,30,1,0,0,1,0,0,0,0,0,2,,,,,,,,1,120,2,,2,3,2,2,1,3,3,1,,2,2,2,,2,,1,9,1,1,2
474402,2,12,2,5,3,5,1,1,1,2,,2,2,2,,,3,1,2,2,1,1,1,1,1,1,1,1,2,2,2,1,2,2,2,2,1,,1,1,2,2,1,2,180,1,2,2,2,1,2,2,2,,,,,,,,,,,,,,,,,,,,,,,,,,,,1,60,1,2,2,60,1,1,180,2,,3,4,2,1,1,3,1,1,,2,2,1,2,1,3,1,1,1,1,1
474503,1,30,6,3,2,3,1,1,1,1,1,2,2,1,1,2,5,1,2,2,1,1,1,1,1,1,1,1,2,2,2,1,1,,2,2,2,2,2,1,20,2,1,2,30,2,1,2,2,2,2,2,2,10,2,30,2,1,2,2,1,2,2,1,1,2,,,,,,,,,,,,,,,,,,,,,,1,180,2,,2,4,2,1,1,3,3,1,,1,1,1,2,1,1,1,1,1,1,1
474604,1,35,8,5,4,5,4,1,1,1,1,1,1,1,1,1,5,1,2,2,1,1,1,1,2,1,1,2,2,1,1,,2,1,2,2,2,2,1,1,3,2,1,2,90,1,2,2,1,1,2,2,3,15,2,60,1,2,1,2,2,2,1,1,2,2,,,,,,,,,,,,,,,,,,,1,60,1,1,120,1,6,1,3,2,1,3,3,3,1,,1,2,2,,1,2,1,1,1,1,1
474701,1,37,3,3,3,6,1,1,1,2,,2,2,1,1,1,5,1,2,2,1,1,1,1,1,1,1,1,2,2,2,2,2,2,2,2,2,2,1,1,,,,,,,,,,,,,,,,,,,,,,,,,,,,,,,,,,,,,,,,,,,,,1,30,1,1,30,2,,2,2,2,1,2,3,3,1,,2,2,2,,2,,1,2,1,2,2
474802,2,53,6,3,1,2,1,2,2,2,,2,2,2,,,2,1,2,2,2,4,4,2,2,4,4,4,2,2,2,1,2,2,2,2,2,2,1,1,3,1,2,5,30,1,1,2,1,2,2,2,1,,,,,,,,,,,,,,,,,,,,,,,,,,,,,,,,2,30,1,1,120,2,,4,2,2,1,2,3,1,1,,1,1,1,2,1,2,1,2,1,1,1
474903,1,31,3,3,2,4,1,1,1,2,,1,2,1,1,2,4,1,2,2,1,1,1,2,1,1,1,2,2,1,2,1,2,2,2,2,2,2,1,1,8,1,1,2,60,2,1,1,2,2,2,2,4,,,,,,,,,,,,,,,,,,,,,,,,,,,,,,,,1,30,1,1,60,1,6,4,3,2,1,2,3,3,1,,2,2,2,,1,1,1,2,2,1,1
475101,1,51,2,6,4,6,2,1,1,1,1,1,2,1,1,2,3,1,2,2,2,1,1,2,2,1,1,1,2,2,2,2,2,2,2,2,2,2,2,1,,,,,,,,,,,,,,,,,,,,,,,,,,,,,,,,,,,,,,,,,,,,,,,,1,30,,,,,,,,,,,1,2,2,2,,2,,1,2,2,2,2
475202,1,47,3,3,3,5,1,1,1,1,2,1,2,1,1,2,4,1,2,2,1,1,1,1,1,1,1,1,2,2,2,2,2,2,2,2,2,2,2,1,,,,,,,,,,,,,,,,,,,,,,,,,,,,,,,,,,,,,,,,,,,,,,,,1,20,,,,,,,,,,,1,2,2,2,,1,1,1,1,1,2,2
475303,2,28,7,3,1,1,1,1,1,2,,2,2,1,1,2,4,1,2,2,1,1,1,1,1,1,1,1,2,1,1,,2,2,2,1,2,2,1,1,2,2,1,4,60,1,1,1,2,1,2,2,2,,,,,,,,,,,,,,1,2,1,48,1,1,0,0,0,0,0,0,0,1,,,,,2,30,1,1,120,1,3,3,3,2,1,3,3,3,3,,1,1,1,2,1,1,1,1,1,1,1
475404,2,41,3,3,2,3,1,1,1,1,1,2,2,2,,,5,1,2,2,1,1,1,1,1,1,1,1,2,1,2,2,2,2,2,2,2,2,2,1,,,,,,,,,,,,,,,,,,,,,,,,,,,,,,,,,,,,,,,,,,,,,,,,1,10,,,,,,,,,,,2,2,2,2,,2,,1,1,2,1,2
475501,2,51,3,3,4,5,2,1,1,2,,1,2,1,1,2,7,1,2,2,2,1,1,1,3,1,1,3,2,2,2,1,1,,1,,2,2,1,2,3,2,1,2,120,1,2,2,1,2,2,2,2,2,2,90,1,2,2,2,2,1,2,2,1,2,2,1,3,120,1,0,1,0,0,0,0,0,0,2,,,,,2,90,2,,,1,4,1,4,1,1,1,3,3,1,,1,1,2,,1,1,1,2,1,2,1
475602,1,63,0,,3,5,2,1,1,1,2,2,2,1,1,2,2,1,2,2,1,1,1,1,1,1,1,1,2,2,2,2,2,2,2,2,2,2,2,2,,,,,,,,,,,,,,,,,,,,,,,,,,,,,,,,,,,,,,,,,,,,,,,,,,,,,,,,,,,,3,2,2,2,,2,,2,,,,
475703,1,76,2,4,1,5,1,1,1,2,,2,2,2,,,1,1,2,2,3,1,3,3,2,2,3,1,2,,,,,,,,,,,,,,,,,,,,,,,,,,,,,,,,,,,,,,,,,,,,,,,,,,,,,,,,,,,,,,,,,,,,,,,,,,,,,,,,,,
475804,1,68,8,5,3,5,2,1,1,1,1,1,2,1,1,2,2,1,2,2,2,2,1,1,2,1,1,1,2,1,2,2,2,2,2,2,2,2,1,1,,,,,,,,,,,,,,,,,,,,,,,,,,,,,,,,,,,,,,,,,,,,,2,40,2,1,60,2,,2,3,2,1,2,3,3,1,,2,1,2,,2,,1,2,1,1,1
475901,2,42,3,3,2,3,1,1,1,2,,2,2,1,1,2,8,1,2,2,1,2,1,1,2,1,3,1,1,1,1,,1,,2,2,2,2,2,1,1,2,1,2,180,1,2,2,1,2,2,2,2,12,2,60,1,2,2,2,2,1,2,2,2,2,,,,,,,,,,,,,,,,,,,,,,2,30,2,,2,1,2,1,1,3,3,1,,1,1,1,1,1,1,1,1,1,1,1
476002,1,18,6,3,2,4,1,1,1,1,1,1,2,1,1,2,3,1,2,2,1,1,1,1,1,1,1,1,2,2,2,1,1,,2,1,2,2,1,1,10,1,2,1,120,1,1,1,1,2,1,2,1,5,2,60,1,2,1,2,1,2,1,1,2,2,2,1,1,10,1,1,1,0,0,0,0,0,0,2,,,,,2,60,1,1,480,1,3,2,3,1,1,1,3,3,1,,1,1,1,2,1,1,1,1,1,1,1
476204,2,13,3,1,2,4,1,1,1,1,1,2,2,1,1,2,3,1,2,2,3,1,1,2,2,1,2,2,2,1,1,,2,2,2,2,1,,1,1,2,2,1,2,60,2,2,1,2,1,1,2,4,,,,,,,,,,,,,,,,,,,,,,,,,,,,4,38,1,2,1,120,1,1,240,1,3,3,3,2,1,3,3,1,1,,2,1,1,2,1,2,1,1,1,1,2
476301,2,30,6,2,1,2,1,1,1,1,1,2,2,2,,,3,1,2,2,1,1,1,1,1,1,1,1,2,2,2,2,2,2,2,2,2,2,2,1,,,,,,,,,,,,,,,,,,,,,,,,,,,,,,,,,,,,,,,,,,,,,,,,1,120,,,,,,,,,,,1,1,2,2,,1,1,1,1,1,9,1
476503,2,20,8,2,2,3,1,1,2,1,1,2,2,2,,,2,1,2,2,2,2,1,1,2,1,1,2,2,2,2,1,2,2,2,2,2,2,2,1,1,2,1,2,30,2,2,1,2,2,2,2,2,,,,,,,,,,,,,,,,,,,,,,,,,,,,,,,,,,,1,140,2,,2,3,2,2,3,3,3,1,,2,2,2,,2,,1,1,1,2,1
476604,1,32,8,2,3,4,1,1,1,1,2,1,2,1,1,2,5,1,2,2,1,1,1,1,1,1,1,1,2,1,1,,2,2,2,2,2,2,2,1,1,2,1,2,120,1,2,2,1,2,2,2,2,,,,,,,,,,,,,,,,,,,,,,,,,,,,,,,,,,,1,120,2,,2,3,2,1,3,3,3,1,,2,2,2,,1,1,1,2,1,1,1
476802,2,60,6,3,4,7,1,1,1,1,1,2,2,1,1,2,1,1,2,2,2,1,2,2,1,1,1,1,2,2,2,2,2,2,2,2,2,2,2,1,,,,,,,,,,,,,,,,,,,,,,,,,,,,,,,,,,,,,,,,,,,,,,,,5,10,,,,,,,,,,,1,1,1,2,,1,1,1,2,1,1,1
476903,2,40,2,6,1,2,1,1,2,2,,2,2,2,,,6,1,2,2,1,2,1,1,1,1,1,1,2,1,2,2,2,2,2,2,2,2,2,1,,,,,,,,,,,,,,,,,,,,,,,,,,,,,,,,,,,,,,,,,,,,,,,,2,20,,,,,,,,,,,1,2,2,2,,2,,1,2,2,2,2
477004,1,34,8,5,4,5,1,1,1,1,2,1,2,1,1,2,6,1,2,2,1,1,1,1,1,1,1,1,2,2,2,1,1,,1,,1,,1,1,2,2,1,5,120,1,2,2,1,1,1,2,3,10,1,20,1,1,1,1,1,1,2,1,1,2,1,2,3,10,1,0,1,0,0,0,0,1,0,1,2,30,1,1,1,60,1,1,60,1,6,4,4,1,1,1,3,3,1,,1,1,1,1,1,3,1,1,1,1,1
477101,1,72,8,5,5,7,2,1,1,1,1,1,2,1,1,2,6,1,1,2,1,1,2,1,2,1,1,2,1,1,1,,2,2,2,2,2,2,2,1,1,2,1,1,20,1,2,2,1,2,2,2,3,,,,,,,,,,,,,,,,,,,,,,,,,,,,,,,,,,,1,120,2,,2,3,1,1,3,3,3,1,,2,1,2,,1,1,1,2,1,1,2
477202,1,79,2,1,1,3,1,1,1,2,,2,2,2,,,1,1,2,2,1,1,1,1,1,1,1,1,2,,,,,,,,,,,,,,,,,,,,,,,,,,,,,,,,,,,,,,,,,,,,,,,,,,,,,,,,,,,,,,,,,,,,,,,,,,,,,,,,,,
477303,1,35,2,6,1,5,2,1,1,2,,2,2,1,1,2,2,1,2,2,2,1,1,1,1,1,1,1,2,1,1,,2,2,2,2,2,2,1,2,1,2,1,2,60,2,2,2,1,2,2,2,3,,,,,,,,,,,,,,,,,,,,,,,,,,,,,,,,2,20,1,,,2,,4,4,2,1,3,3,3,1,,1,1,1,2,1,1,1,2,1,2,2
477404,1,48,8,5,3,6,2,1,1,1,1,1,2,1,1,1,4,2,2,2,3,1,1,1,1,1,1,1,1,2,2,2,2,2,2,2,2,2,2,2,,,,,,,,,,,,,,,,,,,,,,,,,,,,,,,,,,,,,,,,,,,,,,,,,,,,,,,,,,,,3,1,1,2,,2,,1,2,1,2,2
477501,1,64,8,5,3,5,2,1,1,1,2,2,2,1,1,1,2,1,2,2,2,1,1,1,1,1,1,1,2,1,2,2,2,2,2,2,2,2,2,1,,,,,,,,,,,,,,,,,,,,,,,,,,,,,,,,,,,,,,,,,,,,,,,,1,30,,,,,,,,,,,1,2,2,2,,2,,1,1,1,1,1
477602,2,30,8,1,2,3,1,2,1,2,,1,2,1,1,2,6,1,2,2,1,1,1,1,2,1,1,1,2,2,2,2,2,2,2,2,2,2,2,1,,,,,,,,,,,,,,,,,,,,,,,,,,,,,,,,,,,,,,,,,,,,,,,,1,60,,,,,,,,,,,1,1,1,1,2,1,1,1,1,1,1,1
477804,1,29,8,5,3,5,2,1,1,1,1,1,2,1,1,2,4,1,2,2,1,2,1,1,2,1,2,2,2,2,2,2,2,2,2,2,2,2,1,1,,,,,,,,,,,,,,,,,,,,,,,,,,,,,,,,,,,,,,,,,,,,,2,120,2,1,180,1,6,3,1,2,1,1,3,3,1,,1,1,2,,1,3,1,1,1,1,1
477901,2,70,4,3,3,5,1,1,1,1,1,1,2,1,1,2,3,1,2,2,1,1,1,2,1,2,1,1,2,1,2,2,1,,2,2,2,2,1,1,,,,,,,,,,,,,,3,4,60,1,1,1,1,1,1,1,1,2,2,,,,,,,,,,,,,,,,,,,1,60,1,1,60,2,,2,3,2,1,3,3,3,1,,2,1,1,1,1,1,1,1,1,1,2
478002,1,63,2,6,1,4,1,1,2,2,,2,2,2,,,2,1,2,2,1,1,1,1,1,1,1,1,1,1,1,,1,,2,1,1,,2,2,1,2,1,5,30,1,2,2,1,2,2,2,2,2,3,30,1,2,2,1,2,2,2,2,2,2,2,1,1,30,2,1,0,1,1,0,0,0,0,2,5,60,2,1,,,,,,2,,3,2,1,2,3,3,3,1,,1,2,1,2,2,,1,1,1,1,1
478301,1,13,3,2,4,6,2,1,1,1,2,2,2,1,1,1,7,1,2,2,1,1,1,1,1,1,1,1,2,2,2,1,2,2,2,2,1,,2,1,5,1,2,2,10,2,2,1,2,2,2,2,2,,,,,,,,,,,,,,,,,,,,,,,,,,,,3,15,1,2,,,,1,60,1,5,3,2,2,1,1,3,3,1,,2,1,1,2,2,,1,1,1,1,1
478402,2,37,3,3,3,4,1,1,1,1,2,2,2,1,1,2,6,1,2,2,2,2,1,2,2,1,1,2,2,1,1,,2,2,2,2,2,2,2,1,1,2,1,1,5,2,2,2,2,1,2,2,2,,,,,,,,,,,,,,,,,,,,,,,,,,,,,,,,,,,1,60,1,8,2,1,1,1,2,3,1,1,,2,1,2,,2,,1,1,1,1,1
478503,2,54,3,3,2,3,1,1,2,2,,2,2,2,,,4,1,2,2,2,1,1,1,1,1,1,1,2,2,2,2,2,2,2,2,2,2,2,2,,,,,,,,,,,,,,,,,,,,,,,,,,,,,,,,,,,,,,,,,,,,,,,,,,,,,,,,,,,,3,2,2,2,,2,,1,2,1,2,2
478604,1,44,3,3,1,2,0,2,2,2,,2,2,2,,,1,1,2,2,1,1,2,2,2,1,1,1,2,2,2,1,2,2,2,2,2,2,2,1,1,2,1,5,60,1,1,1,1,1,2,2,2,,,,,,,,,,,,,,,,,,,,,,,,,,,,,,,,,,,5,60,1,8,2,4,1,2,2,3,3,1,,2,1,1,2,2,,1,1,1,1,1
478701,2,32,3,3,2,3,1,1,2,2,,2,2,1,1,2,5,1,2,2,1,1,1,1,1,1,1,1,2,1,2,2,2,2,2,2,2,2,2,1,,,,,,,,,,,,,,,,,,,,,,,,,,,,,,,,,,,,,,,,,,,,,,,,1,30,,,,,,,,,,,1,1,1,1,2,2,,1,1,1,1,1
478802,2,68,2,3,1,2,2,1,1,1,1,2,2,2,,,2,1,2,2,2,2,1,2,1,1,1,1,2,1,2,2,2,2,2,2,2,2,2,2,,,,,,,,,,,,,,,,,,,,,,,,,,,,,,,,,,,,,,,,,,,,,,,,,,,,,,,,,,,,1,2,2,2,,2,,1,2,2,2,2
478903,2,49,2,5,1,3,1,1,1,2,,2,2,1,1,2,3,1,2,2,2,1,1,1,1,1,1,1,2,2,2,2,2,2,2,2,2,2,2,1,,,,,,,,,,,,,,,,,,,,,,,,,,,,,,,,,,,,,,,,,,,,,,,,1,30,,,,,,,,,,,1,2,2,2,,1,1,1,2,1,2,2
479004,1,60,2,1,2,4,0,1,1,2,,2,2,2,,,2,1,2,2,1,1,1,1,1,1,1,1,2,,,,,,,,,,,,,,,,,,,,,,,,,,,,,,,,,,,,,,,,,,,,,,,,,,,,,,,,,,,,,,,,,,,,,,,,,,,,,,,,,,
479202,2,31,3,3,1,2,1,1,1,2,,2,2,1,1,2,4,1,2,2,1,1,1,1,1,1,1,1,2,2,2,2,2,2,2,2,2,2,2,1,,,,,,,,,,,,,,,,,,,,,,,,,,,,,,,,,,,,,,,,,,,,,,,,1,20,,,,,,,,,,,4,1,1,1,2,2,,1,2,1,2,2
479303,2,30,6,3,3,5,1,1,1,1,2,1,2,1,1,2,5,1,2,2,2,2,2,1,1,1,1,1,2,2,2,2,1,,2,2,2,2,2,1,,,,,,,,,,,,,,3,1,30,1,2,2,2,2,1,2,2,2,2,,,,,,,,,,,,,,,,,,,,,,1,100,2,,3,2,2,2,3,3,1,2,,1,1,1,2,1,1,1,1,1,1,1
479404,2,55,0,,1,2,1,1,1,2,,1,2,1,1,1,4,1,2,2,3,2,1,2,2,1,1,1,2,,,,,,,,,,,,,,,,,,,,,,,,,,,,,,,,,,,,,,,,,,,,,,,,,,,,,,,,,,,,,,,,,,,,,,,,,,,,,,,,,,
479602,2,43,2,6,2,4,0,1,1,1,1,2,2,1,1,2,3,1,2,2,1,1,1,1,1,1,1,1,2,2,2,1,2,2,2,2,2,2,1,1,2,2,1,5,5,2,2,2,2,2,2,1,2,,,,,,,,,,,,,,,,,,,,,,,,,,,,,,,,1,60,1,1,60,2,,2,1,2,1,2,3,3,1,,2,2,2,,2,,1,2,1,1,2
479703,2,56,2,6,1,2,1,1,2,1,1,2,2,1,1,2,2,1,2,2,3,1,1,2,2,1,1,1,2,1,2,2,2,2,2,2,2,2,2,1,,,,,,,,,,,,,,,,,,,,,,,,,,,,,,,,,,,,,,,,,,,,,,,,2,5,,,,,,,,,,,4,2,2,2,,2,,1,2,1,9,2
479804,2,58,0,,3,4,0,1,1,1,1,2,2,1,1,2,3,1,2,2,1,1,1,1,1,1,1,1,1,,,,,,,,,,,,,,,,,,,,,,,,,,,,,,,,,,,,,,,,,,,,,,,,,,,,,,,,,,,,,,,,,,,,,,,,,,,,,,,,,,
479901,2,49,3,3,3,5,2,1,1,1,1,2,2,1,1,2,3,1,2,2,2,1,1,1,1,1,1,1,2,2,1,,2,2,2,2,2,2,2,2,2,2,1,2,30,1,2,1,2,2,2,2,2,,,,,,,,,,,,,,,,,,,,,,,,,,,,,,,,,,,,,2,,2,2,1,2,3,3,3,1,,2,1,2,,2,,1,2,1,1,2
480002,2,53,3,3,2,3,1,1,1,2,,2,2,1,1,2,3,1,2,2,2,2,2,2,3,2,2,3,2,2,2,2,1,,2,2,2,2,2,1,,,,,,,,,,,,,,20,5,10,1,2,2,2,2,1,2,2,2,2,,,,,,,,,,,,,,,,,,,,,,1,10,2,,1,2,2,2,3,3,3,1,,2,2,2,,2,,1,1,2,2,2
480103,2,66,2,4,1,2,1,1,2,2,,2,2,1,1,2,1,1,2,2,2,1,1,2,1,1,1,1,2,2,2,2,2,2,2,2,2,2,2,2,,,,,,,,,,,,,,,,,,,,,,,,,,,,,,,,,,,,,,,,,,,,,,,,,,,,,,,,,,,,4,2,1,1,1,2,,1,2,2,2,2
480204,1,67,3,3,1,2,1,2,1,1,2,2,2,2,,,1,1,2,2,1,1,1,1,2,1,1,1,2,2,2,1,1,,1,,1,,2,1,1,2,1,2,60,1,2,2,2,1,2,2,2,2,2,30,1,2,1,2,2,2,2,2,2,2,2,1,2,30,1,1,0,1,1,1,1,1,0,1,5,20,2,1,,,,1,30,2,,2,2,2,1,2,3,3,1,,2,2,2,,1,1,1,2,1,1,1
480301,1,71,2,3,3,4,1,1,1,1,2,2,2,1,1,2,1,1,2,2,2,2,1,1,1,1,1,1,2,1,2,1,2,2,2,2,2,2,2,2,2,1,1,2,15,1,2,2,2,1,2,2,2,,,,,,,,,,,,,,,,,,,,,,,,,,,,,,,,,,,,,2,,1,1,2,2,2,3,1,1,,2,2,2,,2,,1,2,2,1,2
480402,1,13,2,6,2,4,1,1,2,2,,2,2,1,1,2,4,1,2,2,1,1,1,1,1,1,1,1,2,1,1,,2,1,2,2,1,,2,2,4,1,2,2,30,1,2,1,2,1,1,2,2,4,2,60,2,2,2,2,1,2,2,1,1,2,,,,,,,,,,,,,,,2,30,2,1,,,,,,2,,3,3,1,1,1,3,3,3,,2,1,1,2,1,1,1,1,1,1,1
480503,2,37,3,3,3,5,2,1,1,1,2,2,2,1,1,2,4,1,2,2,1,1,1,1,2,1,1,2,2,2,2,2,2,2,2,2,2,2,2,1,,,,,,,,,,,,,,,,,,,,,,,,,,,,,,,,,,,,,,,,,,,,,,,,1,30,,,,,,,,,,,5,2,2,2,,2,,1,2,1,1,2
480604,2,13,3,1,2,3,2,1,1,1,1,2,2,1,1,2,5,1,2,2,1,1,1,1,1,1,1,2,2,1,1,,2,1,2,2,2,2,1,1,2,1,2,2,10,2,1,1,1,1,1,2,2,2,2,10,2,1,1,2,1,1,2,1,1,2,,,,,,,,,,,,,,,,,,,5,30,1,5,90,2,,4,1,1,1,2,3,3,1,,2,1,2,,2,,1,1,1,1,2
480701,2,33,3,3,2,4,1,1,1,1,1,2,2,1,1,2,4,1,2,2,1,1,1,2,2,1,1,1,2,2,2,2,2,2,2,2,2,2,2,1,,,,,,,,,,,,,,,,,,,,,,,,,,,,,,,,,,,,,,,,,,,,,,,,1,15,,,,,,,,,,,1,2,1,2,,2,,1,2,1,1,2
480903,2,56,7,3,2,3,1,1,1,1,1,2,2,1,1,2,2,1,2,2,2,1,1,1,1,1,1,1,2,1,1,,1,,2,2,2,2,2,1,1,2,1,2,30,1,2,1,2,2,2,2,2,1,2,45,1,2,2,2,1,2,2,2,2,2,,,,,,,,,,,,,,,,,,,,,,1,20,2,,4,4,2,1,2,3,3,1,,2,1,1,1,1,1,1,2,1,1,2
481101,2,77,0,,2,4,2,1,1,1,1,2,2,1,1,2,1,1,2,2,2,1,2,2,2,1,1,1,2,2,2,2,2,2,2,2,2,2,2,2,,,,,,,,,,,,,,,,,,,,,,,,,,,,,,,,,,,,,,,,,,,,,,,,,,,,,,,,,,,,5,2,2,2,,2,,2,,,,
481303,1,18,6,3,3,6,2,1,1,1,2,1,2,1,1,2,3,1,2,2,1,1,1,2,2,1,1,1,2,2,2,2,2,2,2,2,2,2,1,1,,,,,,,,,,,,,,,,,,,,,,,,,,,,,,,,,,,,,,,,,,,,,2,30,1,1,180,2,,2,3,2,1,1,3,1,1,,2,1,1,3,1,4,1,1,1,2,2
481404,2,23,6,3,1,2,1,1,1,2,,2,2,1,1,2,3,1,2,2,1,1,1,1,1,1,1,1,2,1,2,1,2,1,2,1,2,1,1,1,3,1,2,4,30,1,1,2,2,1,2,2,1,1,5,60,1,2,2,1,1,2,2,1,2,2,1,2,1,20,1,0,1,0,1,0,0,0,0,1,5,30,1,2,5,120,1,1,150,2,,2,3,2,1,1,3,3,1,,1,1,1,2,1,1,1,1,1,1,1
481501,2,76,2,4,2,3,0,1,1,2,,2,2,1,1,2,1,1,2,2,2,1,1,3,2,2,1,1,2,2,2,2,2,2,2,2,2,2,2,1,,,,,,,,,,,,,,,,,,,,,,,,,,,,,,,,,,,,,,,,,,,,,,,,5,10,,,,,,,,,,,1,2,2,2,,2,,1,2,2,2,2
481602,1,66,0,,1,4,1,1,1,1,1,2,2,1,1,2,1,1,2,2,1,1,1,1,1,1,1,1,2,,,,,,,,,,,,,,,,,,,,,,,,,,,,,,,,,,,,,,,,,,,,,,,,,,,,,,,,,,,,,,,,,,,,,,,,,,,,,,,,,,
481703,1,19,6,3,3,4,1,1,1,2,,1,1,1,1,2,3,1,2,2,1,1,1,1,1,1,1,1,2,2,2,2,2,2,2,2,2,2,2,1,,,,,,,,,,,,,,,,,,,,,,,,,,,,,,,,,,,,,,,,,,,,,,,,1,120,,,,,,,,,,,1,2,2,2,,2,,1,1,1,1,1
481804,2,63,0,,2,3,0,1,1,2,,2,2,1,1,2,3,1,2,2,1,1,2,1,1,1,1,1,2,,,,,,,,,,,,,,,,,,,,,,,,,,,,,,,,,,,,,,,,,,,,,,,,,,,,,,,,,,,,,,,,,,,,,,,,,,,,,,,,,,
